__attribute__((section(".xdata"))) uint16_t  ref1[640*80*2] ={
	0x15F9, 0x820F, 0x1694, 0x826F, 0x16EF, 0x820F, 0x16C6, 0x8248, 0x161A, 0x8193, 0x1671, 0x81E9, 0x15FF, 0x8135, 0x15D1, 0x81B0, 
	0x1626, 0x819D, 0x1648, 0x81B9, 0x16F4, 0x815A, 0x166B, 0x8164, 0x1671, 0x8164, 0x16EC, 0x82F6, 0x15E7, 0x8147, 0x159B, 0x8135, 
	0x1776, 0x816D, 0x1701, 0x8151, 0x16E1, 0x815A, 0x169F, 0x816D, 0x15D3, 0x8135, 0x164D, 0x8118, 0x161A, 0x80E0, 0x16FB, 0x810F, 
	0x167D, 0x8135, 0x1691, 0x809E, 0x164C, 0x8082, 0x170B, 0x80E9, 0x15BD, 0x8118, 0x16ED, 0x8118, 0x15A9, 0x80C4, 0x15AD, 0x8095, 
	0x16E7, 0x802E, 0x1699, 0x80FC, 0x1557, 0x80CD, 0x161B, 0x8082, 0x161E, 0x8013, 0x1670, 0x8070, 0x15ED, 0x8054, 0x152A, 0x8082, 
	0x15B6, 0x802E, 0x165F, 0x804A, 0x158D, 0x802E, 0x161A, 0x80E9, 0x152E, 0x8041, 0x14AE, 0x8079, 0x1485, 0x8070, 0x15C6, 0x7FB6, 
	0x14C2, 0x802E, 0x14D2, 0x8070, 0x14F3, 0x8025, 0x15E1, 0x801C, 0x15FA, 0x8009, 0x159D, 0x805D, 0x14DC, 0x8041, 0x1571, 0x808C, 
	0x1469, 0x808C, 0x14A6, 0x8009, 0x1547, 0x8070, 0x13D6, 0x8025, 0x13EA, 0x7FDB, 0x1551, 0x8038, 0x1514, 0x8079, 0x1549, 0x8000, 
	0x1391, 0x8013, 0x14C1, 0x8000, 0x14A6, 0x8038, 0x13E2, 0x802E, 0x1424, 0x7FE4, 0x13EE, 0x8070, 0x13B4, 0x7FC9, 0x1305, 0x801C, 
	0x1422, 0x7FED, 0x141E, 0x801C, 0x1317, 0x801C, 0x1406, 0x7FED, 0x12C6, 0x7FED, 0x1423, 0x8041, 0x13EB, 0x8000, 0x1212, 0x7FC9, 
	0x1308, 0x7F76, 0x132C, 0x8009, 0x1383, 0x7FDB, 0x133F, 0x8038, 0x11C0, 0x7F9A, 0x1307, 0x7F5A, 0x11CB, 0x7FBF, 0x12E0, 0x7F91, 
	0x11D4, 0x7FED, 0x11A1, 0x7F63, 0x12E8, 0x7F36, 0x1229, 0x7FA4, 0x12EC, 0x7F5A, 0x12A4, 0x804A, 0x120C, 0x7F51, 0x1320, 0x7F48, 
	0x11C7, 0x7F3F, 0x12FD, 0x7EF6, 0x11B0, 0x7FD2, 0x1327, 0x7FB6, 0x1282, 0x7F7F, 0x1335, 0x7FA4, 0x1297, 0x7F48, 0x1224, 0x7F5A, 
	0x12AE, 0x7F7F, 0x12E3, 0x7F08, 0x12CE, 0x7F88, 0x1259, 0x7F2C, 0x126B, 0x7F7F, 0x12B6, 0x7F9A, 0x1349, 0x7F08, 0x1329, 0x7FA4, 
	0x12DE, 0x7EE3, 0x1279, 0x7F7F, 0x1280, 0x7FA4, 0x1363, 0x7F11, 0x12BA, 0x7EF6, 0x1352, 0x7F23, 0x12F6, 0x7EB6, 0x1359, 0x7F11, 
	0x1357, 0x7F2C, 0x132C, 0x7EF6, 0x138D, 0x7EC8, 0x13A5, 0x7F3F, 0x132D, 0x7F23, 0x12AD, 0x7EFF, 0x1369, 0x7F23, 0x1403, 0x7EFF, 
	0x12A5, 0x7F08, 0x12EF, 0x7EDA, 0x1352, 0x7EF6, 0x1380, 0x7EE3, 0x1408, 0x7EDA, 0x142A, 0x7ED1, 0x1324, 0x7EBF, 0x1486, 0x7F11, 
	0x14CF, 0x7EFF, 0x1492, 0x7EFF, 0x1495, 0x7EDA, 0x14B7, 0x7EBF, 0x14AC, 0x7E9B, 0x1435, 0x7F36, 0x1450, 0x7E9B, 0x142D, 0x7EC8, 
	0x14D5, 0x7E25, 0x1493, 0x7E92, 0x14C9, 0x7F2C, 0x14B7, 0x7EAD, 0x1520, 0x7EEC, 0x1471, 0x7E6D, 0x14AF, 0x7E80, 0x1569, 0x7EFF, 
	0x1446, 0x7E80, 0x142C, 0x7F08, 0x1516, 0x7EDA, 0x1577, 0x7ED1, 0x14C7, 0x7F6C, 0x14D3, 0x7EE3, 0x130F, 0x7EA4, 0x1414, 0x7E92, 
	0x14D1, 0x7EC8, 0x1499, 0x7EE3, 0x1543, 0x7EA4, 0x13C2, 0x7EB6, 0x14C0, 0x7E49, 0x1375, 0x7E9B, 0x14BC, 0x7F51, 0x151D, 0x7F11, 
	0x14BC, 0x7ED1, 0x14F1, 0x7E89, 0x14AA, 0x7E80, 0x14F9, 0x7ED1, 0x157D, 0x7EFF, 0x144F, 0x7ED1, 0x1404, 0x7ED1, 0x1534, 0x7F08, 
	0x14E9, 0x7EE3, 0x13DF, 0x7EB6, 0x1478, 0x7EE3, 0x14D6, 0x7EA4, 0x1462, 0x7EAD, 0x1473, 0x7EEC, 0x142E, 0x7F3F, 0x1330, 0x7F11, 
	0x13BC, 0x7E9B, 0x136E, 0x7F3F, 0x148D, 0x7EF6, 0x14B7, 0x7F63, 0x13A5, 0x7F08, 0x1326, 0x7EFF, 0x140D, 0x7EFF, 0x13E5, 0x7F1A, 
	0x131F, 0x7F63, 0x14B5, 0x7F36, 0x1381, 0x7F23, 0x13E3, 0x7F88, 0x12C0, 0x7F51, 0x1367, 0x7F63, 0x1353, 0x7F23, 0x1416, 0x7F5A, 
	0x13AF, 0x7F88, 0x140B, 0x7F36, 0x1376, 0x7F36, 0x1368, 0x7F63, 0x12D1, 0x7F6C, 0x1428, 0x7FE4, 0x1322, 0x7F88, 0x12AB, 0x7F5A, 
	0x145C, 0x7F48, 0x1312, 0x7F91, 0x134F, 0x7FB6, 0x12D0, 0x7FE4, 0x11E6, 0x7F51, 0x1367, 0x7F36, 0x12F3, 0x7F88, 0x1358, 0x7FA4, 
	0x129C, 0x7FED, 0x1156, 0x7FAD, 0x11BC, 0x7FA4, 0x12A6, 0x7F9A, 0x1247, 0x7F63, 0x12AA, 0x7FED, 0x12A6, 0x8000, 0x124E, 0x7FA4, 
	0x1240, 0x7F91, 0x135B, 0x7FD2, 0x112E, 0x804A, 0x11B0, 0x801C, 0x12DA, 0x7F2C, 0x125F, 0x7FBF, 0x12A5, 0x7FBF, 0x1205, 0x801C, 
	0x120D, 0x8025, 0x123C, 0x7F91, 0x1240, 0x8013, 0x11A5, 0x8013, 0x114B, 0x7FD2, 0x1241, 0x7FED, 0x11CB, 0x7F88, 0x10A0, 0x801C, 
	0x122B, 0x8013, 0x11A7, 0x7FE4, 0x1118, 0x8038, 0x110F, 0x802E, 0x1090, 0x8009, 0x11D7, 0x8066, 0x107D, 0x7FB6, 0x11A4, 0x80BA, 
	0x10AD, 0x805D, 0x10E2, 0x8054, 0x1108, 0x802E, 0x1061, 0x7FD2, 0x107A, 0x805D, 0x1157, 0x8038, 0x1107, 0x8082, 0x1130, 0x8070, 
	0x10BB, 0x8038, 0x11B2, 0x8082, 0x1150, 0x80B1, 0x1094, 0x8082, 0x10F3, 0x804A, 0x1096, 0x80A8, 0x1119, 0x80D6, 0x116A, 0x80C4, 
	0x118F, 0x8105, 0x10C3, 0x80BA, 0x1121, 0x80CD, 0x116C, 0x808C, 0x1292, 0x80FC, 0x11C9, 0x810F, 0x119F, 0x80D6, 0x10F5, 0x80E9, 
	0x1092, 0x80CD, 0x111C, 0x8122, 0x1144, 0x8151, 0x11C2, 0x80C4, 0x1126, 0x80CD, 0x121F, 0x808C, 0x1258, 0x80D6, 0x120F, 0x80E9, 
	0x10DE, 0x808C, 0x108C, 0x80F3, 0x12AB, 0x80D6, 0x1185, 0x80D6, 0x11BC, 0x813E, 0x1159, 0x815A, 0x1107, 0x80FC, 0x1102, 0x80A8, 
	0x112F, 0x80C4, 0x120A, 0x8118, 0x1308, 0x816D, 0x11B1, 0x8105, 0x11CB, 0x8105, 0x11AF, 0x80F3, 0x1241, 0x8118, 0x1133, 0x80F3, 
	0x1152, 0x8180, 0x1200, 0x80A8, 0x1262, 0x810F, 0x123E, 0x813E, 0x11DC, 0x8122, 0x10DA, 0x80FC, 0x1288, 0x810F, 0x11DF, 0x8122, 
	0x122E, 0x8122, 0x10E0, 0x8177, 0x10AB, 0x819D, 0x1135, 0x8193, 0x11C8, 0x810F, 0x1183, 0x812B, 0x1150, 0x819D, 0x11B0, 0x81D6, 
	0x1344, 0x81CC, 0x1215, 0x818A, 0x1262, 0x81C3, 0x1224, 0x8122, 0x115E, 0x8180, 0x12EC, 0x81D6, 0x12A1, 0x815A, 0x12FC, 0x8151, 
	0x1207, 0x81A6, 0x123A, 0x80E0, 0x12CF, 0x81C3, 0x127A, 0x81A6, 0x123A, 0x81F2, 0x122C, 0x8177, 0x11FE, 0x812B, 0x12F1, 0x81B9, 
	0x130A, 0x81CC, 0x12EC, 0x816D, 0x1137, 0x81DF, 0x1279, 0x8164, 0x1345, 0x81A6, 0x127A, 0x8222, 0x1368, 0x81C3, 0x136C, 0x81C3, 
	0x138A, 0x81B9, 0x134A, 0x8135, 0x12B1, 0x81CC, 0x1387, 0x8205, 0x1232, 0x81FC, 0x1316, 0x81A6, 0x12CD, 0x81C3, 0x13B1, 0x81CC, 
	0x138C, 0x8235, 0x1349, 0x826F, 0x13D7, 0x81CC, 0x1382, 0x81CC, 0x13B5, 0x81F2, 0x12D2, 0x8279, 0x13EB, 0x8193, 0x134E, 0x81B0, 
	0x13A8, 0x81F2, 0x1409, 0x815A, 0x13B1, 0x820F, 0x13FA, 0x81FC, 0x13CE, 0x81A6, 0x1419, 0x818A, 0x13DF, 0x826F, 0x135D, 0x8219, 
	0x133B, 0x825C, 0x13E4, 0x81B9, 0x13B2, 0x81FC, 0x147E, 0x8235, 0x13E0, 0x8222, 0x1400, 0x825C, 0x1399, 0x81B0, 0x11F0, 0x8282, 
	0x140D, 0x82BC, 0x1479, 0x82BC, 0x13B4, 0x8300, 0x147D, 0x8252, 0x142C, 0x82C6, 0x13A0, 0x829F, 0x13B6, 0x82E3, 0x14A9, 0x831D, 
	0x14FC, 0x8295, 0x1488, 0x8309, 0x1597, 0x8327, 0x14FC, 0x8313, 0x14FB, 0x83EA, 0x1475, 0x842F, 0x15F9, 0x820F, 0x1694, 0x826F, 
	0x16EF, 0x820F, 0x16C6, 0x8248, 0x161A, 0x8193, 0x1671, 0x81E9, 0x15FF, 0x8135, 0x15D1, 0x81B0, 0x1626, 0x819D, 0x1648, 0x81B9, 
	0x16F4, 0x815A, 0x166B, 0x8164, 0x1671, 0x8164, 0x16EC, 0x82F6, 0x15E7, 0x8147, 0x159B, 0x8135, 0x1776, 0x816D, 0x1701, 0x8151, 
	0x16E1, 0x815A, 0x169F, 0x816D, 0x15D3, 0x8135, 0x164D, 0x8118, 0x161A, 0x80E0, 0x16FB, 0x810F, 0x167D, 0x8135, 0x1691, 0x809E, 
	0x164C, 0x8082, 0x170B, 0x80E9, 0x15BD, 0x8118, 0x16ED, 0x8118, 0x15A9, 0x80C4, 0x15AD, 0x8095, 0x16E7, 0x802E, 0x1699, 0x80FC, 
	0x1557, 0x80CD, 0x161B, 0x8082, 0x161E, 0x8013, 0x1670, 0x8070, 0x15ED, 0x8054, 0x152A, 0x8082, 0x15B6, 0x802E, 0x165F, 0x804A, 
	0x158D, 0x802E, 0x161A, 0x80E9, 0x152E, 0x8041, 0x14AE, 0x8079, 0x1485, 0x8070, 0x15C6, 0x7FB6, 0x14C2, 0x802E, 0x14D2, 0x8070, 
	0x14F3, 0x8025, 0x15E1, 0x801C, 0x15FA, 0x8009, 0x159D, 0x805D, 0x14DC, 0x8041, 0x1571, 0x808C, 0x1469, 0x808C, 0x14A6, 0x8009, 
	0x1547, 0x8070, 0x13D6, 0x8025, 0x13EA, 0x7FDB, 0x1551, 0x8038, 0x1514, 0x8079, 0x1549, 0x8000, 0x1391, 0x8013, 0x14C1, 0x8000, 
	0x14A6, 0x8038, 0x13E2, 0x802E, 0x1424, 0x7FE4, 0x13EE, 0x8070, 0x13B4, 0x7FC9, 0x1305, 0x801C, 0x1422, 0x7FED, 0x141E, 0x801C, 
	0x1317, 0x801C, 0x1406, 0x7FED, 0x12C6, 0x7FED, 0x1423, 0x8041, 0x13EB, 0x8000, 0x1212, 0x7FC9, 0x1308, 0x7F76, 0x132C, 0x8009, 
	0x1383, 0x7FDB, 0x133F, 0x8038, 0x11C0, 0x7F9A, 0x1307, 0x7F5A, 0x11CB, 0x7FBF, 0x12E0, 0x7F91, 0x11D4, 0x7FED, 0x11A1, 0x7F63, 
	0x12E8, 0x7F36, 0x1229, 0x7FA4, 0x12EC, 0x7F5A, 0x12A4, 0x804A, 0x120C, 0x7F51, 0x1320, 0x7F48, 0x11C7, 0x7F3F, 0x12FD, 0x7EF6, 
	0x11B0, 0x7FD2, 0x1327, 0x7FB6, 0x1282, 0x7F7F, 0x1335, 0x7FA4, 0x1297, 0x7F48, 0x1224, 0x7F5A, 0x12AE, 0x7F7F, 0x12E3, 0x7F08, 
	0x12CE, 0x7F88, 0x1259, 0x7F2C, 0x126B, 0x7F7F, 0x12B6, 0x7F9A, 0x1349, 0x7F08, 0x1329, 0x7FA4, 0x12DE, 0x7EE3, 0x1279, 0x7F7F, 
	0x1280, 0x7FA4, 0x1363, 0x7F11, 0x12BA, 0x7EF6, 0x1352, 0x7F23, 0x12F6, 0x7EB6, 0x1359, 0x7F11, 0x1357, 0x7F2C, 0x132C, 0x7EF6, 
	0x138D, 0x7EC8, 0x13A5, 0x7F3F, 0x132D, 0x7F23, 0x12AD, 0x7EFF, 0x1369, 0x7F23, 0x1403, 0x7EFF, 0x12A5, 0x7F08, 0x12EF, 0x7EDA, 
	0x1352, 0x7EF6, 0x1380, 0x7EE3, 0x1408, 0x7EDA, 0x142A, 0x7ED1, 0x1324, 0x7EBF, 0x1486, 0x7F11, 0x14CF, 0x7EFF, 0x1492, 0x7EFF, 
	0x1495, 0x7EDA, 0x14B7, 0x7EBF, 0x14AC, 0x7E9B, 0x1435, 0x7F36, 0x1450, 0x7E9B, 0x142D, 0x7EC8, 0x14D5, 0x7E25, 0x1493, 0x7E92, 
	0x14C9, 0x7F2C, 0x14B7, 0x7EAD, 0x1520, 0x7EEC, 0x1471, 0x7E6D, 0x14AF, 0x7E80, 0x1569, 0x7EFF, 0x1446, 0x7E80, 0x142C, 0x7F08, 
	0x1516, 0x7EDA, 0x1577, 0x7ED1, 0x14C7, 0x7F6C, 0x14D3, 0x7EE3, 0x130F, 0x7EA4, 0x1414, 0x7E92, 0x14D1, 0x7EC8, 0x1499, 0x7EE3, 
	0x1543, 0x7EA4, 0x13C2, 0x7EB6, 0x14C0, 0x7E49, 0x1375, 0x7E9B, 0x14BC, 0x7F51, 0x151D, 0x7F11, 0x14BC, 0x7ED1, 0x14F1, 0x7E89, 
	0x14AA, 0x7E80, 0x14F9, 0x7ED1, 0x157D, 0x7EFF, 0x144F, 0x7ED1, 0x1404, 0x7ED1, 0x1534, 0x7F08, 0x14E9, 0x7EE3, 0x13DF, 0x7EB6, 
	0x1478, 0x7EE3, 0x14D6, 0x7EA4, 0x1462, 0x7EAD, 0x1473, 0x7EEC, 0x142E, 0x7F3F, 0x1330, 0x7F11, 0x13BC, 0x7E9B, 0x136E, 0x7F3F, 
	0x148D, 0x7EF6, 0x14B7, 0x7F63, 0x13A5, 0x7F08, 0x1326, 0x7EFF, 0x140D, 0x7EFF, 0x13E5, 0x7F1A, 0x131F, 0x7F63, 0x14B5, 0x7F36, 
	0x1381, 0x7F23, 0x13E3, 0x7F88, 0x12C0, 0x7F51, 0x1367, 0x7F63, 0x1353, 0x7F23, 0x1416, 0x7F5A, 0x13AF, 0x7F88, 0x140B, 0x7F36, 
	0x1376, 0x7F36, 0x1368, 0x7F63, 0x12D1, 0x7F6C, 0x1428, 0x7FE4, 0x1322, 0x7F88, 0x12AB, 0x7F5A, 0x145C, 0x7F48, 0x1312, 0x7F91, 
	0x134F, 0x7FB6, 0x12D0, 0x7FE4, 0x11E6, 0x7F51, 0x1367, 0x7F36, 0x12F3, 0x7F88, 0x1358, 0x7FA4, 0x129C, 0x7FED, 0x1156, 0x7FAD, 
	0x11BC, 0x7FA4, 0x12A6, 0x7F9A, 0x1247, 0x7F63, 0x12AA, 0x7FED, 0x12A6, 0x8000, 0x124E, 0x7FA4, 0x1240, 0x7F91, 0x135B, 0x7FD2, 
	0x112E, 0x804A, 0x11B0, 0x801C, 0x12DA, 0x7F2C, 0x125F, 0x7FBF, 0x12A5, 0x7FBF, 0x1205, 0x801C, 0x120D, 0x8025, 0x123C, 0x7F91, 
	0x1240, 0x8013, 0x11A5, 0x8013, 0x114B, 0x7FD2, 0x1241, 0x7FED, 0x11CB, 0x7F88, 0x10A0, 0x801C, 0x122B, 0x8013, 0x11A7, 0x7FE4, 
	0x1118, 0x8038, 0x110F, 0x802E, 0x1090, 0x8009, 0x11D7, 0x8066, 0x107D, 0x7FB6, 0x11A4, 0x80BA, 0x10AD, 0x805D, 0x10E2, 0x8054, 
	0x1108, 0x802E, 0x1061, 0x7FD2, 0x107A, 0x805D, 0x1157, 0x8038, 0x1107, 0x8082, 0x1130, 0x8070, 0x10BB, 0x8038, 0x11B2, 0x8082, 
	0x1684, 0x8265, 0x16E1, 0x828C, 0x1717, 0x816D, 0x171F, 0x822C, 0x162E, 0x819D, 0x167C, 0x81DF, 0x1624, 0x81D6, 0x1661, 0x81D6, 
	0x163C, 0x81C3, 0x1755, 0x816D, 0x16FE, 0x8135, 0x170D, 0x818A, 0x1718, 0x8177, 0x1784, 0x8222, 0x16EA, 0x812B, 0x16B8, 0x8151, 
	0x17C8, 0x81B9, 0x17F8, 0x815A, 0x16E9, 0x8164, 0x1748, 0x81B9, 0x16B0, 0x80C4, 0x168E, 0x8147, 0x16AB, 0x8177, 0x171D, 0x810F, 
	0x1650, 0x8147, 0x173E, 0x80A8, 0x16A8, 0x810F, 0x1700, 0x813E, 0x1683, 0x8122, 0x17BB, 0x8135, 0x166D, 0x8095, 0x1653, 0x80F3, 
	0x1727, 0x80A8, 0x16EC, 0x80B1, 0x15E4, 0x8066, 0x16A8, 0x809E, 0x16D8, 0x8070, 0x16EA, 0x809E, 0x169A, 0x801C, 0x1573, 0x80A8, 
	0x15E4, 0x8013, 0x16A6, 0x80A8, 0x15E3, 0x8082, 0x1614, 0x80B1, 0x1610, 0x809E, 0x159B, 0x80CD, 0x1507, 0x8041, 0x166A, 0x8025, 
	0x14E7, 0x8082, 0x1562, 0x8025, 0x15DC, 0x802E, 0x1657, 0x802E, 0x15F4, 0x808C, 0x15FE, 0x804A, 0x1500, 0x802E, 0x15D2, 0x8095, 
	0x1550, 0x8025, 0x1554, 0x8009, 0x15AB, 0x802E, 0x13E9, 0x805D, 0x140E, 0x7FB6, 0x1588, 0x8009, 0x1547, 0x801C, 0x150E, 0x7FBF, 
	0x1411, 0x8025, 0x152A, 0x8000, 0x1535, 0x7FBF, 0x1434, 0x8038, 0x149E, 0x8009, 0x1412, 0x8013, 0x13FB, 0x7FA4, 0x1394, 0x8025, 
	0x144A, 0x805D, 0x14D3, 0x8013, 0x13A5, 0x8009, 0x1531, 0x7F9A, 0x131C, 0x7F91, 0x1474, 0x8082, 0x147A, 0x7FF7, 0x1287, 0x7FED, 
	0x12EF, 0x7F7F, 0x13AC, 0x8013, 0x1354, 0x7F88, 0x135D, 0x8009, 0x123F, 0x7FC9, 0x137A, 0x7FC9, 0x1305, 0x7FED, 0x1348, 0x7FC9, 
	0x12B7, 0x7FED, 0x11F3, 0x7F23, 0x1358, 0x7F9A, 0x12A8, 0x8000, 0x138B, 0x7F51, 0x1320, 0x8009, 0x1289, 0x7FAD, 0x1378, 0x7EFF, 
	0x1190, 0x7F51, 0x1342, 0x7F2C, 0x121B, 0x7F5A, 0x12F6, 0x7F3F, 0x12DA, 0x7F5A, 0x12EF, 0x7F91, 0x12D6, 0x7F63, 0x12B9, 0x7F36, 
	0x12FB, 0x7F91, 0x13A7, 0x7F23, 0x135F, 0x7FB6, 0x1287, 0x7F3F, 0x12CD, 0x7F48, 0x1328, 0x7F2C, 0x13F2, 0x7EE3, 0x12CE, 0x7F2C, 
	0x12B7, 0x7EFF, 0x12EC, 0x7F08, 0x133A, 0x7F48, 0x138F, 0x7F2C, 0x13A9, 0x7F11, 0x13C6, 0x7F08, 0x139B, 0x7F23, 0x13FE, 0x7EDA, 
	0x1387, 0x7ED1, 0x13B5, 0x7F6C, 0x1489, 0x7F1A, 0x1430, 0x7EE3, 0x1388, 0x7EEC, 0x1324, 0x7F11, 0x13B1, 0x7EEC, 0x1493, 0x7F23, 
	0x1312, 0x7EBF, 0x1321, 0x7EE3, 0x13B6, 0x7EF6, 0x13E1, 0x7EFF, 0x1441, 0x7EBF, 0x14E6, 0x7F11, 0x1378, 0x7EA4, 0x1466, 0x7E9B, 
	0x1526, 0x7EF6, 0x14E8, 0x7EC8, 0x14E5, 0x7EA4, 0x14F5, 0x7EEC, 0x14D3, 0x7EE3, 0x14C3, 0x7EB6, 0x14F4, 0x7EB6, 0x147B, 0x7EF6, 
	0x1557, 0x7EE3, 0x150D, 0x7E92, 0x14E6, 0x7E9B, 0x151C, 0x7DF8, 0x1527, 0x7E9B, 0x14E3, 0x7EB6, 0x1551, 0x7EA4, 0x1595, 0x7EEC, 
	0x14A8, 0x7E89, 0x1501, 0x7EE3, 0x150A, 0x7EC8, 0x15FF, 0x7EE3, 0x14C3, 0x7EEC, 0x1557, 0x7EF6, 0x13C9, 0x7EB6, 0x14E3, 0x7EDA, 
	0x1572, 0x7EB6, 0x14EA, 0x7EC8, 0x1513, 0x7EFF, 0x1460, 0x7F1A, 0x14EB, 0x7E25, 0x148B, 0x7E77, 0x14CD, 0x7EDA, 0x1504, 0x7ED1, 
	0x1509, 0x7EDA, 0x15AF, 0x7E9B, 0x1514, 0x7EC8, 0x1558, 0x7EAD, 0x159D, 0x7EBF, 0x146A, 0x7E9B, 0x14B4, 0x7EDA, 0x15A6, 0x7F11, 
	0x152A, 0x7EBF, 0x1424, 0x7E89, 0x14F6, 0x7EDA, 0x156B, 0x7ED1, 0x1476, 0x7EFF, 0x148C, 0x7EBF, 0x1447, 0x7F23, 0x13D5, 0x7EBF, 
	0x14B7, 0x7EBF, 0x147A, 0x7F5A, 0x14A3, 0x7EE3, 0x154D, 0x7F5A, 0x1398, 0x7EFF, 0x13FF, 0x7F11, 0x151C, 0x7F9A, 0x1438, 0x7F7F, 
	0x13AA, 0x7F6C, 0x14E2, 0x7F1A, 0x132C, 0x7F23, 0x1468, 0x7F2C, 0x137A, 0x7F2C, 0x1453, 0x7F6C, 0x13F6, 0x7F6C, 0x13EE, 0x7F51, 
	0x13CB, 0x7F36, 0x145A, 0x7F3F, 0x1361, 0x7F11, 0x1422, 0x7F9A, 0x13B8, 0x7F5A, 0x14A6, 0x7FDB, 0x136A, 0x7FDB, 0x12C8, 0x7FC9, 
	0x141B, 0x7F76, 0x13A0, 0x7F7F, 0x138E, 0x7F7F, 0x13CF, 0x7FA4, 0x129E, 0x7F88, 0x13D9, 0x7FB6, 0x13DD, 0x7F7F, 0x1308, 0x7FA4, 
	0x13AC, 0x7FC9, 0x11D4, 0x7F9A, 0x11A2, 0x7F48, 0x133E, 0x7F51, 0x12E7, 0x7F63, 0x13BD, 0x8009, 0x12D4, 0x8025, 0x1358, 0x7FD2, 
	0x131A, 0x7FBF, 0x1388, 0x8000, 0x1126, 0x8025, 0x11EF, 0x804A, 0x137C, 0x7F88, 0x1318, 0x7FD2, 0x1329, 0x8013, 0x1271, 0x8025, 
	0x11A1, 0x801C, 0x12BE, 0x7FB6, 0x127B, 0x8054, 0x128E, 0x7FC9, 0x11F2, 0x7F91, 0x127C, 0x8013, 0x1180, 0x7FD2, 0x10D0, 0x805D, 
	0x1222, 0x8013, 0x1249, 0x7FBF, 0x115E, 0x802E, 0x116B, 0x7FE4, 0x109F, 0x8082, 0x11AA, 0x80B1, 0x1177, 0x804A, 0x119B, 0x809E, 
	0x1122, 0x802E, 0x112A, 0x8054, 0x1161, 0x8095, 0x10DF, 0x8025, 0x1083, 0x8095, 0x11AB, 0x801C, 0x11C7, 0x805D, 0x11B7, 0x8066, 
	0x10B4, 0x8038, 0x122D, 0x80FC, 0x119C, 0x8038, 0x11B2, 0x8079, 0x116C, 0x808C, 0x1108, 0x80D6, 0x1206, 0x80FC, 0x11B2, 0x80BA, 
	0x1206, 0x80E9, 0x1163, 0x80E0, 0x114E, 0x8135, 0x11C3, 0x809E, 0x1298, 0x80C4, 0x122F, 0x80C4, 0x1208, 0x80BA, 0x119C, 0x80C4, 
	0x116C, 0x8105, 0x1144, 0x812B, 0x116A, 0x80E0, 0x11E5, 0x809E, 0x1119, 0x80BA, 0x1248, 0x80BA, 0x1269, 0x810F, 0x11B8, 0x80F3, 
	0x114D, 0x8095, 0x10E5, 0x80C4, 0x1331, 0x8122, 0x1233, 0x8118, 0x11D2, 0x80E0, 0x118E, 0x80E9, 0x11BD, 0x8135, 0x11ED, 0x80C4, 
	0x11C7, 0x812B, 0x1260, 0x8105, 0x12C5, 0x8118, 0x12BF, 0x80E9, 0x1261, 0x80FC, 0x11FD, 0x8151, 0x12C2, 0x813E, 0x110D, 0x810F, 
	0x1209, 0x81C3, 0x1274, 0x8135, 0x125F, 0x8180, 0x1299, 0x8177, 0x11F2, 0x812B, 0x117E, 0x810F, 0x1308, 0x8151, 0x1299, 0x81B9, 
	0x12C4, 0x812B, 0x10F6, 0x813E, 0x116C, 0x816D, 0x125E, 0x8135, 0x1169, 0x8118, 0x11C3, 0x8193, 0x1253, 0x81B9, 0x120B, 0x815A, 
	0x144B, 0x8193, 0x122F, 0x8147, 0x1331, 0x8180, 0x1223, 0x81DF, 0x11A7, 0x8118, 0x1304, 0x81B9, 0x12E3, 0x8180, 0x12DA, 0x8164, 
	0x127A, 0x81FC, 0x124C, 0x8118, 0x1313, 0x816D, 0x12DD, 0x81C3, 0x1259, 0x818A, 0x12BB, 0x8193, 0x124B, 0x81A6, 0x12AE, 0x81B9, 
	0x1306, 0x8205, 0x13A5, 0x81B0, 0x11A6, 0x81F2, 0x12B5, 0x8177, 0x1339, 0x81B0, 0x136E, 0x81A6, 0x1387, 0x81DF, 0x136F, 0x81CC, 
	0x1399, 0x81FC, 0x1316, 0x8177, 0x12D3, 0x81B9, 0x139F, 0x818A, 0x1286, 0x81A6, 0x1333, 0x820F, 0x12BA, 0x81B9, 0x142F, 0x8205, 
	0x13BD, 0x820F, 0x140B, 0x819D, 0x1451, 0x81F2, 0x13A4, 0x81DF, 0x1445, 0x81B9, 0x1349, 0x8252, 0x1480, 0x8164, 0x1400, 0x81FC, 
	0x1405, 0x81E9, 0x13D6, 0x8180, 0x13F4, 0x81FC, 0x1488, 0x8248, 0x145B, 0x819D, 0x14A1, 0x8180, 0x146D, 0x823F, 0x135E, 0x8222, 
	0x1402, 0x8222, 0x1463, 0x81E9, 0x1408, 0x81A6, 0x14B6, 0x8205, 0x13C1, 0x8282, 0x142A, 0x825C, 0x142F, 0x822C, 0x12B1, 0x8248, 
	0x146A, 0x82EC, 0x14D4, 0x82BC, 0x13F2, 0x82E3, 0x1493, 0x8235, 0x148E, 0x825C, 0x1402, 0x82B2, 0x13B2, 0x82B2, 0x1529, 0x82E3, 
	0x156D, 0x82B2, 0x1480, 0x82BC, 0x15EF, 0x82D9, 0x15AD, 0x831D, 0x15E4, 0x83E0, 0x14E9, 0x83F4, 0x1684, 0x8265, 0x16E1, 0x828C, 
	0x1717, 0x816D, 0x171F, 0x822C, 0x162E, 0x819D, 0x167C, 0x81DF, 0x1624, 0x81D6, 0x1661, 0x81D6, 0x163C, 0x81C3, 0x1755, 0x816D, 
	0x16FE, 0x8135, 0x170D, 0x818A, 0x1718, 0x8177, 0x1784, 0x8222, 0x16EA, 0x812B, 0x16B8, 0x8151, 0x17C8, 0x81B9, 0x17F8, 0x815A, 
	0x16E9, 0x8164, 0x1748, 0x81B9, 0x16B0, 0x80C4, 0x168E, 0x8147, 0x16AB, 0x8177, 0x171D, 0x810F, 0x1650, 0x8147, 0x173E, 0x80A8, 
	0x16A8, 0x810F, 0x1700, 0x813E, 0x1683, 0x8122, 0x17BB, 0x8135, 0x166D, 0x8095, 0x1653, 0x80F3, 0x1727, 0x80A8, 0x16EC, 0x80B1, 
	0x15E4, 0x8066, 0x16A8, 0x809E, 0x16D8, 0x8070, 0x16EA, 0x809E, 0x169A, 0x801C, 0x1573, 0x80A8, 0x15E4, 0x8013, 0x16A6, 0x80A8, 
	0x15E3, 0x8082, 0x1614, 0x80B1, 0x1610, 0x809E, 0x159B, 0x80CD, 0x1507, 0x8041, 0x166A, 0x8025, 0x14E7, 0x8082, 0x1562, 0x8025, 
	0x15DC, 0x802E, 0x1657, 0x802E, 0x15F4, 0x808C, 0x15FE, 0x804A, 0x1500, 0x802E, 0x15D2, 0x8095, 0x1550, 0x8025, 0x1554, 0x8009, 
	0x15AB, 0x802E, 0x13E9, 0x805D, 0x140E, 0x7FB6, 0x1588, 0x8009, 0x1547, 0x801C, 0x150E, 0x7FBF, 0x1411, 0x8025, 0x152A, 0x8000, 
	0x1535, 0x7FBF, 0x1434, 0x8038, 0x149E, 0x8009, 0x1412, 0x8013, 0x13FB, 0x7FA4, 0x1394, 0x8025, 0x144A, 0x805D, 0x14D3, 0x8013, 
	0x13A5, 0x8009, 0x1531, 0x7F9A, 0x131C, 0x7F91, 0x1474, 0x8082, 0x147A, 0x7FF7, 0x1287, 0x7FED, 0x12EF, 0x7F7F, 0x13AC, 0x8013, 
	0x1354, 0x7F88, 0x135D, 0x8009, 0x123F, 0x7FC9, 0x137A, 0x7FC9, 0x1305, 0x7FED, 0x1348, 0x7FC9, 0x12B7, 0x7FED, 0x11F3, 0x7F23, 
	0x1358, 0x7F9A, 0x12A8, 0x8000, 0x138B, 0x7F51, 0x1320, 0x8009, 0x1289, 0x7FAD, 0x1378, 0x7EFF, 0x1190, 0x7F51, 0x1342, 0x7F2C, 
	0x121B, 0x7F5A, 0x12F6, 0x7F3F, 0x12DA, 0x7F5A, 0x12EF, 0x7F91, 0x12D6, 0x7F63, 0x12B9, 0x7F36, 0x12FB, 0x7F91, 0x13A7, 0x7F23, 
	0x135F, 0x7FB6, 0x1287, 0x7F3F, 0x12CD, 0x7F48, 0x1328, 0x7F2C, 0x13F2, 0x7EE3, 0x12CE, 0x7F2C, 0x12B7, 0x7EFF, 0x12EC, 0x7F08, 
	0x133A, 0x7F48, 0x138F, 0x7F2C, 0x13A9, 0x7F11, 0x13C6, 0x7F08, 0x139B, 0x7F23, 0x13FE, 0x7EDA, 0x1387, 0x7ED1, 0x13B5, 0x7F6C, 
	0x1489, 0x7F1A, 0x1430, 0x7EE3, 0x1388, 0x7EEC, 0x1324, 0x7F11, 0x13B1, 0x7EEC, 0x1493, 0x7F23, 0x1312, 0x7EBF, 0x1321, 0x7EE3, 
	0x13B6, 0x7EF6, 0x13E1, 0x7EFF, 0x1441, 0x7EBF, 0x14E6, 0x7F11, 0x1378, 0x7EA4, 0x1466, 0x7E9B, 0x1526, 0x7EF6, 0x14E8, 0x7EC8, 
	0x14E5, 0x7EA4, 0x14F5, 0x7EEC, 0x14D3, 0x7EE3, 0x14C3, 0x7EB6, 0x14F4, 0x7EB6, 0x147B, 0x7EF6, 0x1557, 0x7EE3, 0x150D, 0x7E92, 
	0x14E6, 0x7E9B, 0x151C, 0x7DF8, 0x1527, 0x7E9B, 0x14E3, 0x7EB6, 0x1551, 0x7EA4, 0x1595, 0x7EEC, 0x14A8, 0x7E89, 0x1501, 0x7EE3, 
	0x150A, 0x7EC8, 0x15FF, 0x7EE3, 0x14C3, 0x7EEC, 0x1557, 0x7EF6, 0x13C9, 0x7EB6, 0x14E3, 0x7EDA, 0x1572, 0x7EB6, 0x14EA, 0x7EC8, 
	0x1513, 0x7EFF, 0x1460, 0x7F1A, 0x14EB, 0x7E25, 0x148B, 0x7E77, 0x14CD, 0x7EDA, 0x1504, 0x7ED1, 0x1509, 0x7EDA, 0x15AF, 0x7E9B, 
	0x1514, 0x7EC8, 0x1558, 0x7EAD, 0x159D, 0x7EBF, 0x146A, 0x7E9B, 0x14B4, 0x7EDA, 0x15A6, 0x7F11, 0x152A, 0x7EBF, 0x1424, 0x7E89, 
	0x14F6, 0x7EDA, 0x156B, 0x7ED1, 0x1476, 0x7EFF, 0x148C, 0x7EBF, 0x1447, 0x7F23, 0x13D5, 0x7EBF, 0x14B7, 0x7EBF, 0x147A, 0x7F5A, 
	0x14A3, 0x7EE3, 0x154D, 0x7F5A, 0x1398, 0x7EFF, 0x13FF, 0x7F11, 0x151C, 0x7F9A, 0x1438, 0x7F7F, 0x13AA, 0x7F6C, 0x14E2, 0x7F1A, 
	0x132C, 0x7F23, 0x1468, 0x7F2C, 0x137A, 0x7F2C, 0x1453, 0x7F6C, 0x13F6, 0x7F6C, 0x13EE, 0x7F51, 0x13CB, 0x7F36, 0x145A, 0x7F3F, 
	0x1361, 0x7F11, 0x1422, 0x7F9A, 0x13B8, 0x7F5A, 0x14A6, 0x7FDB, 0x136A, 0x7FDB, 0x12C8, 0x7FC9, 0x141B, 0x7F76, 0x13A0, 0x7F7F, 
	0x138E, 0x7F7F, 0x13CF, 0x7FA4, 0x129E, 0x7F88, 0x13D9, 0x7FB6, 0x13DD, 0x7F7F, 0x1308, 0x7FA4, 0x13AC, 0x7FC9, 0x11D4, 0x7F9A, 
	0x11A2, 0x7F48, 0x133E, 0x7F51, 0x12E7, 0x7F63, 0x13BD, 0x8009, 0x12D4, 0x8025, 0x1358, 0x7FD2, 0x131A, 0x7FBF, 0x1388, 0x8000, 
	0x1126, 0x8025, 0x11EF, 0x804A, 0x137C, 0x7F88, 0x1318, 0x7FD2, 0x1329, 0x8013, 0x1271, 0x8025, 0x11A1, 0x801C, 0x12BE, 0x7FB6, 
	0x127B, 0x8054, 0x128E, 0x7FC9, 0x11F2, 0x7F91, 0x127C, 0x8013, 0x1180, 0x7FD2, 0x10D0, 0x805D, 0x1222, 0x8013, 0x1249, 0x7FBF, 
	0x115E, 0x802E, 0x116B, 0x7FE4, 0x109F, 0x8082, 0x11AA, 0x80B1, 0x1177, 0x804A, 0x119B, 0x809E, 0x1122, 0x802E, 0x112A, 0x8054, 
	0x1161, 0x8095, 0x10DF, 0x8025, 0x1083, 0x8095, 0x11AB, 0x801C, 0x11C7, 0x805D, 0x11B7, 0x8066, 0x10B4, 0x8038, 0x122D, 0x80FC, 
	0x15DE, 0x822C, 0x1603, 0x8279, 0x16A1, 0x8164, 0x16A8, 0x8222, 0x15B1, 0x81A6, 0x15C2, 0x81CC, 0x1652, 0x8164, 0x15D0, 0x80FC, 
	0x15E3, 0x819D, 0x166E, 0x81B9, 0x16AC, 0x8151, 0x164D, 0x81C3, 0x15E2, 0x8105, 0x163D, 0x81C3, 0x1601, 0x8164, 0x15EC, 0x810F, 
	0x1674, 0x8193, 0x174D, 0x810F, 0x16F4, 0x812B, 0x16F9, 0x8151, 0x1611, 0x80D6, 0x1659, 0x8177, 0x1562, 0x815A, 0x16C3, 0x812B, 
	0x167F, 0x8135, 0x166C, 0x8122, 0x1631, 0x80E9, 0x1676, 0x80C4, 0x16A5, 0x8122, 0x1689, 0x80E0, 0x15D9, 0x80CD, 0x162E, 0x8082, 
	0x168D, 0x80C4, 0x1667, 0x809E, 0x15A2, 0x808C, 0x1609, 0x809E, 0x16AD, 0x8054, 0x1687, 0x809E, 0x1657, 0x8025, 0x1501, 0x8041, 
	0x15C2, 0x8041, 0x15C2, 0x8054, 0x14F8, 0x8038, 0x1518, 0x80A8, 0x15B3, 0x8079, 0x1522, 0x8095, 0x158A, 0x804A, 0x15C6, 0x8066, 
	0x148C, 0x805D, 0x153E, 0x804A, 0x15C5, 0x805D, 0x167A, 0x8000, 0x15DC, 0x8095, 0x1540, 0x802E, 0x158F, 0x8041, 0x14A7, 0x8038, 
	0x1525, 0x8038, 0x14ED, 0x8082, 0x1500, 0x8038, 0x140E, 0x801C, 0x146A, 0x7FC9, 0x153E, 0x8013, 0x1444, 0x805D, 0x13E3, 0x7FB6, 
	0x13BA, 0x8070, 0x152E, 0x801C, 0x140C, 0x7FA4, 0x144C, 0x80A8, 0x145B, 0x7FDB, 0x13E9, 0x802E, 0x13C3, 0x7FBF, 0x1333, 0x8000, 
	0x1370, 0x808C, 0x147C, 0x7FDB, 0x1319, 0x802E, 0x14CE, 0x7FF7, 0x12B3, 0x7F91, 0x13FB, 0x7FDB, 0x137D, 0x7FF7, 0x122A, 0x7FC9, 
	0x12E0, 0x7FB6, 0x130D, 0x7FED, 0x12F5, 0x7FB6, 0x1252, 0x7F9A, 0x11C2, 0x7F76, 0x12B8, 0x7F9A, 0x12B6, 0x7FED, 0x12F9, 0x7FA4, 
	0x11E4, 0x7FBF, 0x11CE, 0x7F48, 0x12D0, 0x7F7F, 0x12A6, 0x7FF7, 0x133E, 0x7FA4, 0x12AE, 0x7FBF, 0x12E2, 0x7F91, 0x137A, 0x7F51, 
	0x11DB, 0x7FBF, 0x130D, 0x7F9A, 0x1264, 0x7F6C, 0x1354, 0x7F7F, 0x12B1, 0x7F91, 0x131E, 0x7FA4, 0x125E, 0x7F3F, 0x1232, 0x7F48, 
	0x122F, 0x7F6C, 0x12C3, 0x7F3F, 0x1262, 0x7F7F, 0x1317, 0x7F88, 0x12CC, 0x7F48, 0x11E5, 0x7EE3, 0x13E5, 0x7F08, 0x12A2, 0x7F6C, 
	0x12D1, 0x7F76, 0x12B6, 0x7F11, 0x12A0, 0x7F23, 0x139F, 0x7EEC, 0x1311, 0x7F08, 0x12EF, 0x7F36, 0x125A, 0x7F2C, 0x13CE, 0x7EEC, 
	0x12DC, 0x7EBF, 0x133D, 0x7EF6, 0x13C8, 0x7F3F, 0x1371, 0x7EDA, 0x139E, 0x7EEC, 0x128C, 0x7EEC, 0x1398, 0x7E89, 0x1364, 0x7F48, 
	0x133D, 0x7EC8, 0x133A, 0x7F11, 0x12C9, 0x7E52, 0x13AE, 0x7EEC, 0x13EB, 0x7EBF, 0x13A1, 0x7E9B, 0x13FE, 0x7E6D, 0x1407, 0x7E40, 
	0x1437, 0x7E6D, 0x13E9, 0x7EEC, 0x13DD, 0x7F08, 0x1481, 0x7F1A, 0x145C, 0x7F08, 0x13DD, 0x7EF6, 0x1468, 0x7F11, 0x1411, 0x7ED1, 
	0x1527, 0x7EAD, 0x14F1, 0x7F2C, 0x1447, 0x7EDA, 0x14E7, 0x7E2E, 0x1515, 0x7EA4, 0x149B, 0x7EA4, 0x13CA, 0x7EA4, 0x14D5, 0x7EDA, 
	0x14D8, 0x7EA4, 0x14E8, 0x7EE3, 0x14E2, 0x7EB6, 0x14AD, 0x7EFF, 0x1498, 0x7E89, 0x148C, 0x7E89, 0x13C9, 0x7ED1, 0x14C0, 0x7E52, 
	0x140B, 0x7EF6, 0x14B6, 0x7EEC, 0x14D3, 0x7E9B, 0x13C7, 0x7EAD, 0x14D5, 0x7E6D, 0x1302, 0x7EDA, 0x1532, 0x7EDA, 0x1555, 0x7EC8, 
	0x14DF, 0x7EF6, 0x1637, 0x7EE3, 0x14AC, 0x7F2C, 0x14FF, 0x7E89, 0x149C, 0x7EA4, 0x1470, 0x7EE3, 0x1442, 0x7ED1, 0x13DD, 0x7EEC, 
	0x13CE, 0x7F2C, 0x139E, 0x7ED1, 0x1451, 0x7EAD, 0x14AC, 0x7F08, 0x1446, 0x7F36, 0x1420, 0x7EE3, 0x140B, 0x7F48, 0x13E7, 0x7E89, 
	0x1398, 0x7EFF, 0x1406, 0x7F23, 0x1506, 0x7F11, 0x153C, 0x7F76, 0x13C7, 0x7EE3, 0x13EC, 0x7EEC, 0x1423, 0x7F51, 0x141A, 0x7ED1, 
	0x13A5, 0x7F11, 0x1514, 0x7F23, 0x13C8, 0x7F51, 0x1326, 0x7F88, 0x12A3, 0x7F3F, 0x12FA, 0x7F3F, 0x13C3, 0x7F51, 0x13B3, 0x7F23, 
	0x1338, 0x7FA4, 0x13C9, 0x7F23, 0x1371, 0x7F3F, 0x13F6, 0x7FBF, 0x131B, 0x7FAD, 0x13F3, 0x7FF7, 0x1366, 0x7F6C, 0x1299, 0x7F76, 
	0x13BD, 0x7F51, 0x138E, 0x7F88, 0x12DE, 0x7FA4, 0x1378, 0x7FB6, 0x122E, 0x7F7F, 0x13E0, 0x7F9A, 0x1397, 0x7FAD, 0x12B0, 0x7FDB, 
	0x1371, 0x7FD2, 0x11B7, 0x7FBF, 0x1246, 0x7F9A, 0x12A6, 0x7F88, 0x12CA, 0x7FB6, 0x1274, 0x7FB6, 0x12B3, 0x7FDB, 0x127C, 0x7F76, 
	0x121A, 0x7FDB, 0x1330, 0x802E, 0x10F3, 0x7FDB, 0x10E5, 0x8009, 0x132A, 0x7FED, 0x1266, 0x7FE4, 0x1248, 0x8038, 0x114D, 0x7FE4, 
	0x112B, 0x7FBF, 0x11F8, 0x7FE4, 0x1262, 0x8054, 0x11F3, 0x7FE4, 0x11A9, 0x8038, 0x1285, 0x8009, 0x1163, 0x8009, 0x10DC, 0x7FF7, 
	0x11B7, 0x7FD2, 0x1117, 0x7F9A, 0x10F0, 0x801C, 0x111C, 0x7FED, 0x1095, 0x805D, 0x1182, 0x802E, 0x108F, 0x8054, 0x10C9, 0x8013, 
	0x1064, 0x8013, 0x1067, 0x7FA4, 0x1122, 0x8025, 0x0FF6, 0x802E, 0x100B, 0x8066, 0x1199, 0x7FED, 0x1147, 0x801C, 0x1139, 0x8066, 
	0x10E0, 0x8013, 0x118A, 0x8070, 0x112B, 0x7FDB, 0x10DF, 0x8082, 0x1097, 0x8070, 0x1095, 0x80C4, 0x119E, 0x80E0, 0x10D9, 0x80D6, 
	0x1122, 0x80B1, 0x115B, 0x8118, 0x1155, 0x80E0, 0x119E, 0x80B1, 0x1248, 0x8105, 0x10E0, 0x80BA, 0x1209, 0x8122, 0x1095, 0x8095, 
	0x1120, 0x80A8, 0x110F, 0x80D6, 0x1182, 0x80FC, 0x1280, 0x80FC, 0x10DA, 0x80C4, 0x11A0, 0x80A8, 0x1243, 0x8105, 0x11D9, 0x80C4, 
	0x112D, 0x8082, 0x1159, 0x810F, 0x1240, 0x80C4, 0x11B6, 0x8147, 0x1177, 0x80F3, 0x11BA, 0x8122, 0x1125, 0x81A6, 0x114F, 0x80C4, 
	0x1226, 0x813E, 0x1234, 0x80A8, 0x121A, 0x8118, 0x1212, 0x812B, 0x11A7, 0x8105, 0x10D4, 0x8147, 0x11B4, 0x80E9, 0x118B, 0x8118, 
	0x1150, 0x8180, 0x12A0, 0x8151, 0x1199, 0x80FC, 0x11B8, 0x8177, 0x11E2, 0x8177, 0x11EB, 0x8122, 0x11D1, 0x815A, 0x1254, 0x81B9, 
	0x1146, 0x813E, 0x10B9, 0x815A, 0x11FC, 0x80E9, 0x11F6, 0x8151, 0x10E2, 0x8135, 0x11D9, 0x813E, 0x11B0, 0x8118, 0x11AD, 0x8151, 
	0x1335, 0x819D, 0x1247, 0x816D, 0x125C, 0x8147, 0x1205, 0x815A, 0x10EE, 0x8135, 0x11DD, 0x81B0, 0x1212, 0x818A, 0x12E6, 0x8177, 
	0x1297, 0x81D6, 0x118B, 0x813E, 0x1258, 0x816D, 0x12B4, 0x819D, 0x11C2, 0x819D, 0x11DF, 0x81A6, 0x1230, 0x8180, 0x129C, 0x8177, 
	0x1264, 0x81F2, 0x1470, 0x81D6, 0x111C, 0x81B0, 0x1266, 0x813E, 0x12BA, 0x8205, 0x12C5, 0x81A6, 0x1391, 0x8219, 0x12E7, 0x81DF, 
	0x1300, 0x81CC, 0x12DA, 0x81B9, 0x121C, 0x8205, 0x13A1, 0x8193, 0x11B7, 0x8205, 0x1303, 0x81DF, 0x12C5, 0x81B9, 0x131E, 0x8235, 
	0x13BA, 0x8222, 0x13A9, 0x81D6, 0x13AD, 0x81E9, 0x12E9, 0x820F, 0x1385, 0x81FC, 0x1285, 0x81A6, 0x13BA, 0x81DF, 0x13C0, 0x81B9, 
	0x13C1, 0x81C3, 0x135E, 0x819D, 0x1362, 0x81CC, 0x13E7, 0x81F2, 0x13D4, 0x8193, 0x1427, 0x81DF, 0x1478, 0x81D6, 0x12D2, 0x818A, 
	0x137C, 0x8164, 0x1423, 0x819D, 0x13D3, 0x820F, 0x145F, 0x81D6, 0x13D7, 0x8282, 0x13FE, 0x825C, 0x1388, 0x825C, 0x126D, 0x82B2, 
	0x13EE, 0x8344, 0x13C5, 0x82D9, 0x13AB, 0x826F, 0x13E6, 0x8282, 0x1467, 0x8295, 0x13AD, 0x82B2, 0x139D, 0x82D9, 0x1486, 0x8309, 
	0x14B8, 0x8265, 0x1423, 0x82D9, 0x15A6, 0x8357, 0x1479, 0x834E, 0x14E3, 0x8439, 0x14B2, 0x83FE, 0x15DE, 0x822C, 0x1603, 0x8279, 
	0x16A1, 0x8164, 0x16A8, 0x8222, 0x15B1, 0x81A6, 0x15C2, 0x81CC, 0x1652, 0x8164, 0x15D0, 0x80FC, 0x15E3, 0x819D, 0x166E, 0x81B9, 
	0x16AC, 0x8151, 0x164D, 0x81C3, 0x15E2, 0x8105, 0x163D, 0x81C3, 0x1601, 0x8164, 0x15EC, 0x810F, 0x1674, 0x8193, 0x174D, 0x810F, 
	0x16F4, 0x812B, 0x16F9, 0x8151, 0x1611, 0x80D6, 0x1659, 0x8177, 0x1562, 0x815A, 0x16C3, 0x812B, 0x167F, 0x8135, 0x166C, 0x8122, 
	0x1631, 0x80E9, 0x1676, 0x80C4, 0x16A5, 0x8122, 0x1689, 0x80E0, 0x15D9, 0x80CD, 0x162E, 0x8082, 0x168D, 0x80C4, 0x1667, 0x809E, 
	0x15A2, 0x808C, 0x1609, 0x809E, 0x16AD, 0x8054, 0x1687, 0x809E, 0x1657, 0x8025, 0x1501, 0x8041, 0x15C2, 0x8041, 0x15C2, 0x8054, 
	0x14F8, 0x8038, 0x1518, 0x80A8, 0x15B3, 0x8079, 0x1522, 0x8095, 0x158A, 0x804A, 0x15C6, 0x8066, 0x148C, 0x805D, 0x153E, 0x804A, 
	0x15C5, 0x805D, 0x167A, 0x8000, 0x15DC, 0x8095, 0x1540, 0x802E, 0x158F, 0x8041, 0x14A7, 0x8038, 0x1525, 0x8038, 0x14ED, 0x8082, 
	0x1500, 0x8038, 0x140E, 0x801C, 0x146A, 0x7FC9, 0x153E, 0x8013, 0x1444, 0x805D, 0x13E3, 0x7FB6, 0x13BA, 0x8070, 0x152E, 0x801C, 
	0x140C, 0x7FA4, 0x144C, 0x80A8, 0x145B, 0x7FDB, 0x13E9, 0x802E, 0x13C3, 0x7FBF, 0x1333, 0x8000, 0x1370, 0x808C, 0x147C, 0x7FDB, 
	0x1319, 0x802E, 0x14CE, 0x7FF7, 0x12B3, 0x7F91, 0x13FB, 0x7FDB, 0x137D, 0x7FF7, 0x122A, 0x7FC9, 0x12E0, 0x7FB6, 0x130D, 0x7FED, 
	0x12F5, 0x7FB6, 0x1252, 0x7F9A, 0x11C2, 0x7F76, 0x12B8, 0x7F9A, 0x12B6, 0x7FED, 0x12F9, 0x7FA4, 0x11E4, 0x7FBF, 0x11CE, 0x7F48, 
	0x12D0, 0x7F7F, 0x12A6, 0x7FF7, 0x133E, 0x7FA4, 0x12AE, 0x7FBF, 0x12E2, 0x7F91, 0x137A, 0x7F51, 0x11DB, 0x7FBF, 0x130D, 0x7F9A, 
	0x1264, 0x7F6C, 0x1354, 0x7F7F, 0x12B1, 0x7F91, 0x131E, 0x7FA4, 0x125E, 0x7F3F, 0x1232, 0x7F48, 0x122F, 0x7F6C, 0x12C3, 0x7F3F, 
	0x1262, 0x7F7F, 0x1317, 0x7F88, 0x12CC, 0x7F48, 0x11E5, 0x7EE3, 0x13E5, 0x7F08, 0x12A2, 0x7F6C, 0x12D1, 0x7F76, 0x12B6, 0x7F11, 
	0x12A0, 0x7F23, 0x139F, 0x7EEC, 0x1311, 0x7F08, 0x12EF, 0x7F36, 0x125A, 0x7F2C, 0x13CE, 0x7EEC, 0x12DC, 0x7EBF, 0x133D, 0x7EF6, 
	0x13C8, 0x7F3F, 0x1371, 0x7EDA, 0x139E, 0x7EEC, 0x128C, 0x7EEC, 0x1398, 0x7E89, 0x1364, 0x7F48, 0x133D, 0x7EC8, 0x133A, 0x7F11, 
	0x12C9, 0x7E52, 0x13AE, 0x7EEC, 0x13EB, 0x7EBF, 0x13A1, 0x7E9B, 0x13FE, 0x7E6D, 0x1407, 0x7E40, 0x1437, 0x7E6D, 0x13E9, 0x7EEC, 
	0x13DD, 0x7F08, 0x1481, 0x7F1A, 0x145C, 0x7F08, 0x13DD, 0x7EF6, 0x1468, 0x7F11, 0x1411, 0x7ED1, 0x1527, 0x7EAD, 0x14F1, 0x7F2C, 
	0x1447, 0x7EDA, 0x14E7, 0x7E2E, 0x1515, 0x7EA4, 0x149B, 0x7EA4, 0x13CA, 0x7EA4, 0x14D5, 0x7EDA, 0x14D8, 0x7EA4, 0x14E8, 0x7EE3, 
	0x14E2, 0x7EB6, 0x14AD, 0x7EFF, 0x1498, 0x7E89, 0x148C, 0x7E89, 0x13C9, 0x7ED1, 0x14C0, 0x7E52, 0x140B, 0x7EF6, 0x14B6, 0x7EEC, 
	0x14D3, 0x7E9B, 0x13C7, 0x7EAD, 0x14D5, 0x7E6D, 0x1302, 0x7EDA, 0x1532, 0x7EDA, 0x1555, 0x7EC8, 0x14DF, 0x7EF6, 0x1637, 0x7EE3, 
	0x14AC, 0x7F2C, 0x14FF, 0x7E89, 0x149C, 0x7EA4, 0x1470, 0x7EE3, 0x1442, 0x7ED1, 0x13DD, 0x7EEC, 0x13CE, 0x7F2C, 0x139E, 0x7ED1, 
	0x1451, 0x7EAD, 0x14AC, 0x7F08, 0x1446, 0x7F36, 0x1420, 0x7EE3, 0x140B, 0x7F48, 0x13E7, 0x7E89, 0x1398, 0x7EFF, 0x1406, 0x7F23, 
	0x1506, 0x7F11, 0x153C, 0x7F76, 0x13C7, 0x7EE3, 0x13EC, 0x7EEC, 0x1423, 0x7F51, 0x141A, 0x7ED1, 0x13A5, 0x7F11, 0x1514, 0x7F23, 
	0x13C8, 0x7F51, 0x1326, 0x7F88, 0x12A3, 0x7F3F, 0x12FA, 0x7F3F, 0x13C3, 0x7F51, 0x13B3, 0x7F23, 0x1338, 0x7FA4, 0x13C9, 0x7F23, 
	0x1371, 0x7F3F, 0x13F6, 0x7FBF, 0x131B, 0x7FAD, 0x13F3, 0x7FF7, 0x1366, 0x7F6C, 0x1299, 0x7F76, 0x13BD, 0x7F51, 0x138E, 0x7F88, 
	0x12DE, 0x7FA4, 0x1378, 0x7FB6, 0x122E, 0x7F7F, 0x13E0, 0x7F9A, 0x1397, 0x7FAD, 0x12B0, 0x7FDB, 0x1371, 0x7FD2, 0x11B7, 0x7FBF, 
	0x1246, 0x7F9A, 0x12A6, 0x7F88, 0x12CA, 0x7FB6, 0x1274, 0x7FB6, 0x12B3, 0x7FDB, 0x127C, 0x7F76, 0x121A, 0x7FDB, 0x1330, 0x802E, 
	0x10F3, 0x7FDB, 0x10E5, 0x8009, 0x132A, 0x7FED, 0x1266, 0x7FE4, 0x1248, 0x8038, 0x114D, 0x7FE4, 0x112B, 0x7FBF, 0x11F8, 0x7FE4, 
	0x1262, 0x8054, 0x11F3, 0x7FE4, 0x11A9, 0x8038, 0x1285, 0x8009, 0x1163, 0x8009, 0x10DC, 0x7FF7, 0x11B7, 0x7FD2, 0x1117, 0x7F9A, 
	0x10F0, 0x801C, 0x111C, 0x7FED, 0x1095, 0x805D, 0x1182, 0x802E, 0x108F, 0x8054, 0x10C9, 0x8013, 0x1064, 0x8013, 0x1067, 0x7FA4, 
	0x1122, 0x8025, 0x0FF6, 0x802E, 0x100B, 0x8066, 0x1199, 0x7FED, 0x1147, 0x801C, 0x1139, 0x8066, 0x10E0, 0x8013, 0x118A, 0x8070, 
	0x15C7, 0x820F, 0x15CC, 0x8279, 0x15F2, 0x8279, 0x1610, 0x819D, 0x1634, 0x81E9, 0x15D8, 0x81C3, 0x1692, 0x81D6, 0x15D0, 0x81B9, 
	0x1549, 0x81B0, 0x1604, 0x8219, 0x167B, 0x81A6, 0x16B4, 0x81B0, 0x15D9, 0x8164, 0x166F, 0x81CC, 0x15BA, 0x8164, 0x15C5, 0x80FC, 
	0x16A7, 0x816D, 0x1729, 0x8193, 0x16EB, 0x8135, 0x1705, 0x815A, 0x15C7, 0x816D, 0x166C, 0x8135, 0x158C, 0x8135, 0x166E, 0x810F, 
	0x166E, 0x815A, 0x1655, 0x80C4, 0x16C1, 0x8122, 0x1670, 0x812B, 0x15F8, 0x808C, 0x1650, 0x80BA, 0x15DA, 0x8164, 0x15B7, 0x809E, 
	0x1646, 0x809E, 0x164B, 0x8082, 0x15A9, 0x80BA, 0x161A, 0x809E, 0x168C, 0x8025, 0x15FD, 0x805D, 0x163D, 0x804A, 0x15D7, 0x809E, 
	0x1560, 0x8013, 0x15F9, 0x805D, 0x1507, 0x8038, 0x1574, 0x8095, 0x15A9, 0x80C4, 0x150F, 0x808C, 0x14FE, 0x7FF7, 0x1563, 0x808C, 
	0x1412, 0x8054, 0x153B, 0x804A, 0x1596, 0x80BA, 0x1626, 0x8079, 0x1553, 0x8066, 0x1542, 0x7FD2, 0x1510, 0x8079, 0x152A, 0x8038, 
	0x14DE, 0x8070, 0x1509, 0x8082, 0x1523, 0x8164, 0x142F, 0x8054, 0x1425, 0x7FD2, 0x1515, 0x7FAD, 0x13CD, 0x8013, 0x1425, 0x801C, 
	0x1370, 0x7FC9, 0x1510, 0x7F9A, 0x142B, 0x8000, 0x1402, 0x8082, 0x1494, 0x7FA4, 0x141C, 0x8041, 0x1379, 0x8041, 0x1346, 0x8009, 
	0x12E8, 0x8038, 0x1474, 0x8041, 0x132F, 0x7FA4, 0x1451, 0x8013, 0x1325, 0x7FAD, 0x141C, 0x804A, 0x135F, 0x802E, 0x121F, 0x7F91, 
	0x1286, 0x7FB6, 0x1305, 0x7FC9, 0x1316, 0x7FF7, 0x128E, 0x8000, 0x11B0, 0x7FE4, 0x12B4, 0x7F23, 0x12A2, 0x8000, 0x129E, 0x7FAD, 
	0x1214, 0x7FA4, 0x1229, 0x7F63, 0x12C3, 0x7F91, 0x12C1, 0x7FF7, 0x132E, 0x7FD2, 0x126B, 0x7F91, 0x12C8, 0x7FA4, 0x1311, 0x7F88, 
	0x11D5, 0x802E, 0x129F, 0x7FA4, 0x1207, 0x7FB6, 0x12E9, 0x7F9A, 0x12BB, 0x7F08, 0x12D7, 0x7F63, 0x12AF, 0x7FD2, 0x1243, 0x7F91, 
	0x122F, 0x7EFF, 0x1246, 0x7F76, 0x120D, 0x7F88, 0x12FE, 0x7F11, 0x125E, 0x7F2C, 0x126C, 0x7F51, 0x13EA, 0x7EF6, 0x1330, 0x7F08, 
	0x12ED, 0x7F3F, 0x1245, 0x7F23, 0x12CC, 0x7EEC, 0x13BE, 0x7EFF, 0x12F4, 0x7EDA, 0x1352, 0x7F7F, 0x128D, 0x7F5A, 0x13BB, 0x7F1A, 
	0x128A, 0x7ED1, 0x133D, 0x7F08, 0x13F3, 0x7F23, 0x1366, 0x7F63, 0x1300, 0x7EDA, 0x122F, 0x7EBF, 0x133D, 0x7EB6, 0x12E3, 0x7F5A, 
	0x129A, 0x7EC8, 0x12AF, 0x7EC8, 0x12D3, 0x7EAD, 0x1366, 0x7EEC, 0x13CC, 0x7EC8, 0x134A, 0x7E5B, 0x137B, 0x7EBF, 0x1403, 0x7EAD, 
	0x13B0, 0x7EEC, 0x1415, 0x7EEC, 0x1373, 0x7EB6, 0x13D7, 0x7EEC, 0x1432, 0x7ED1, 0x141C, 0x7E6D, 0x1466, 0x7F2C, 0x1426, 0x7EF6, 
	0x14C9, 0x7E77, 0x1457, 0x7EB6, 0x1413, 0x7E01, 0x14B0, 0x7E77, 0x1490, 0x7E92, 0x1425, 0x7E37, 0x13B6, 0x7EDA, 0x14CF, 0x7F1A, 
	0x14A3, 0x7ED1, 0x14DE, 0x7E9B, 0x14D2, 0x7EAD, 0x1534, 0x7F48, 0x149E, 0x7EAD, 0x14CF, 0x7E77, 0x1399, 0x7EAD, 0x14C0, 0x7EA4, 
	0x13C8, 0x7EFF, 0x151C, 0x7EE3, 0x149C, 0x7EBF, 0x13F1, 0x7E77, 0x14E0, 0x7EAD, 0x13AE, 0x7FB6, 0x149B, 0x7EC8, 0x154C, 0x7F23, 
	0x148C, 0x7EC8, 0x15AA, 0x7EAD, 0x149E, 0x7F48, 0x1544, 0x7EAD, 0x147F, 0x7EE3, 0x148A, 0x7EB6, 0x1410, 0x7F1A, 0x14F7, 0x7EE3, 
	0x1413, 0x7F08, 0x13ED, 0x7F11, 0x14B5, 0x7ED1, 0x14A4, 0x7F11, 0x14A0, 0x7F6C, 0x14AB, 0x7F36, 0x1423, 0x7F23, 0x1425, 0x7EC8, 
	0x13D5, 0x7E77, 0x1426, 0x7FB6, 0x1551, 0x7EE3, 0x14CA, 0x7F9A, 0x140B, 0x7F11, 0x13E0, 0x7EF6, 0x13ED, 0x7FA4, 0x13CE, 0x7F3F, 
	0x13A4, 0x7F1A, 0x1493, 0x7FAD, 0x13E7, 0x7F51, 0x1378, 0x7FAD, 0x133E, 0x7F48, 0x12E2, 0x7F6C, 0x13BA, 0x7F9A, 0x13B0, 0x7EEC, 
	0x138C, 0x7FB6, 0x13D1, 0x7F88, 0x1381, 0x7FDB, 0x13E5, 0x7FC9, 0x13A4, 0x7F2C, 0x141D, 0x7FBF, 0x1340, 0x7FBF, 0x12F0, 0x7F76, 
	0x13CD, 0x7FAD, 0x1369, 0x7FED, 0x1297, 0x7FF7, 0x133B, 0x7FDB, 0x1253, 0x7F5A, 0x139B, 0x7F51, 0x1333, 0x7FD2, 0x1231, 0x7FE4, 
	0x1339, 0x8009, 0x11DE, 0x7FA4, 0x12AB, 0x7FD2, 0x131D, 0x7FB6, 0x126C, 0x7FE4, 0x123F, 0x8009, 0x12B9, 0x808C, 0x12C9, 0x7F9A, 
	0x124E, 0x7FED, 0x1351, 0x8025, 0x1120, 0x8082, 0x10E0, 0x802E, 0x12AC, 0x7FC9, 0x12D1, 0x7FD2, 0x1220, 0x805D, 0x11B7, 0x7FED, 
	0x118B, 0x8079, 0x11AD, 0x8038, 0x1285, 0x8054, 0x10F3, 0x7FD2, 0x11B4, 0x8025, 0x12B3, 0x802E, 0x1169, 0x8025, 0x1102, 0x802E, 
	0x1199, 0x8082, 0x10FA, 0x7FDB, 0x10C1, 0x801C, 0x1159, 0x7FF7, 0x112B, 0x8066, 0x10F1, 0x8038, 0x108D, 0x8079, 0x1055, 0x802E, 
	0x1025, 0x8025, 0x10B0, 0x8041, 0x1140, 0x8095, 0x103D, 0x804A, 0x1085, 0x8066, 0x1160, 0x801C, 0x113C, 0x8095, 0x1114, 0x8054, 
	0x1127, 0x8054, 0x1161, 0x804A, 0x1089, 0x802E, 0x10BA, 0x80BA, 0x10D1, 0x80E9, 0x103E, 0x80A8, 0x1152, 0x80C4, 0x10C0, 0x8054, 
	0x110D, 0x80FC, 0x111A, 0x80D6, 0x10AD, 0x810F, 0x1197, 0x805D, 0x1195, 0x8118, 0x1166, 0x80C4, 0x11C6, 0x8122, 0x1117, 0x809E, 
	0x111F, 0x80A8, 0x10CF, 0x8147, 0x1178, 0x80CD, 0x1209, 0x8122, 0x10C2, 0x80E9, 0x115F, 0x804A, 0x11B6, 0x80C4, 0x11D6, 0x80C4, 
	0x10F8, 0x8041, 0x1092, 0x80C4, 0x11BA, 0x8066, 0x11C7, 0x80FC, 0x11DB, 0x80CD, 0x11D9, 0x8180, 0x10DC, 0x813E, 0x10F2, 0x80F3, 
	0x11FB, 0x8147, 0x1273, 0x80FC, 0x11D1, 0x813E, 0x1192, 0x819D, 0x11C1, 0x80F3, 0x114D, 0x8164, 0x11CE, 0x8164, 0x1171, 0x8151, 
	0x1130, 0x81B0, 0x125D, 0x8135, 0x115A, 0x812B, 0x11FA, 0x8151, 0x11D5, 0x8193, 0x11B6, 0x8135, 0x121C, 0x8151, 0x11DB, 0x81E9, 
	0x11ED, 0x8105, 0x106F, 0x815A, 0x1176, 0x816D, 0x11CC, 0x816D, 0x1093, 0x8164, 0x1162, 0x813E, 0x1154, 0x816D, 0x11C4, 0x815A, 
	0x1327, 0x818A, 0x1256, 0x81B0, 0x1222, 0x813E, 0x1224, 0x81F2, 0x1175, 0x816D, 0x118D, 0x81C3, 0x1205, 0x81D6, 0x1298, 0x8147, 
	0x123E, 0x81D6, 0x114C, 0x810F, 0x1240, 0x8177, 0x12BA, 0x81A6, 0x11CD, 0x816D, 0x11A5, 0x818A, 0x1253, 0x8164, 0x125E, 0x81A6, 
	0x1224, 0x819D, 0x1349, 0x81D6, 0x113E, 0x8164, 0x128C, 0x8193, 0x12DF, 0x815A, 0x12C7, 0x81F2, 0x129A, 0x8205, 0x1309, 0x819D, 
	0x1361, 0x8205, 0x1288, 0x8193, 0x1281, 0x820F, 0x1324, 0x81DF, 0x11ED, 0x81B0, 0x128E, 0x81B0, 0x12E1, 0x81FC, 0x133E, 0x822C, 
	0x13E7, 0x81F2, 0x1406, 0x819D, 0x1393, 0x81DF, 0x137D, 0x8222, 0x137B, 0x8222, 0x12AE, 0x825C, 0x1373, 0x81E9, 0x138D, 0x81FC, 
	0x138D, 0x8235, 0x12E1, 0x822C, 0x130C, 0x8205, 0x137D, 0x820F, 0x13B3, 0x81B0, 0x146F, 0x8205, 0x14CD, 0x8265, 0x136E, 0x81E9, 
	0x1374, 0x8252, 0x136E, 0x81E9, 0x1420, 0x8252, 0x1465, 0x820F, 0x13DC, 0x8265, 0x13B9, 0x81D6, 0x1375, 0x825C, 0x12FD, 0x82BC, 
	0x136A, 0x82B2, 0x138D, 0x82E3, 0x13B6, 0x8309, 0x1435, 0x828C, 0x149A, 0x8248, 0x13B1, 0x823F, 0x13A8, 0x826F, 0x143F, 0x82F6, 
	0x14BC, 0x823F, 0x1489, 0x8361, 0x1538, 0x8388, 0x1435, 0x836B, 0x1536, 0x850A, 0x1432, 0x83E0, 0x15C7, 0x820F, 0x15CC, 0x8279, 
	0x15F2, 0x8279, 0x1610, 0x819D, 0x1634, 0x81E9, 0x15D8, 0x81C3, 0x1692, 0x81D6, 0x15D0, 0x81B9, 0x1549, 0x81B0, 0x1604, 0x8219, 
	0x167B, 0x81A6, 0x16B4, 0x81B0, 0x15D9, 0x8164, 0x166F, 0x81CC, 0x15BA, 0x8164, 0x15C5, 0x80FC, 0x16A7, 0x816D, 0x1729, 0x8193, 
	0x16EB, 0x8135, 0x1705, 0x815A, 0x15C7, 0x816D, 0x166C, 0x8135, 0x158C, 0x8135, 0x166E, 0x810F, 0x166E, 0x815A, 0x1655, 0x80C4, 
	0x16C1, 0x8122, 0x1670, 0x812B, 0x15F8, 0x808C, 0x1650, 0x80BA, 0x15DA, 0x8164, 0x15B7, 0x809E, 0x1646, 0x809E, 0x164B, 0x8082, 
	0x15A9, 0x80BA, 0x161A, 0x809E, 0x168C, 0x8025, 0x15FD, 0x805D, 0x163D, 0x804A, 0x15D7, 0x809E, 0x1560, 0x8013, 0x15F9, 0x805D, 
	0x1507, 0x8038, 0x1574, 0x8095, 0x15A9, 0x80C4, 0x150F, 0x808C, 0x14FE, 0x7FF7, 0x1563, 0x808C, 0x1412, 0x8054, 0x153B, 0x804A, 
	0x1596, 0x80BA, 0x1626, 0x8079, 0x1553, 0x8066, 0x1542, 0x7FD2, 0x1510, 0x8079, 0x152A, 0x8038, 0x14DE, 0x8070, 0x1509, 0x8082, 
	0x1523, 0x8164, 0x142F, 0x8054, 0x1425, 0x7FD2, 0x1515, 0x7FAD, 0x13CD, 0x8013, 0x1425, 0x801C, 0x1370, 0x7FC9, 0x1510, 0x7F9A, 
	0x142B, 0x8000, 0x1402, 0x8082, 0x1494, 0x7FA4, 0x141C, 0x8041, 0x1379, 0x8041, 0x1346, 0x8009, 0x12E8, 0x8038, 0x1474, 0x8041, 
	0x132F, 0x7FA4, 0x1451, 0x8013, 0x1325, 0x7FAD, 0x141C, 0x804A, 0x135F, 0x802E, 0x121F, 0x7F91, 0x1286, 0x7FB6, 0x1305, 0x7FC9, 
	0x1316, 0x7FF7, 0x128E, 0x8000, 0x11B0, 0x7FE4, 0x12B4, 0x7F23, 0x12A2, 0x8000, 0x129E, 0x7FAD, 0x1214, 0x7FA4, 0x1229, 0x7F63, 
	0x12C3, 0x7F91, 0x12C1, 0x7FF7, 0x132E, 0x7FD2, 0x126B, 0x7F91, 0x12C8, 0x7FA4, 0x1311, 0x7F88, 0x11D5, 0x802E, 0x129F, 0x7FA4, 
	0x1207, 0x7FB6, 0x12E9, 0x7F9A, 0x12BB, 0x7F08, 0x12D7, 0x7F63, 0x12AF, 0x7FD2, 0x1243, 0x7F91, 0x122F, 0x7EFF, 0x1246, 0x7F76, 
	0x120D, 0x7F88, 0x12FE, 0x7F11, 0x125E, 0x7F2C, 0x126C, 0x7F51, 0x13EA, 0x7EF6, 0x1330, 0x7F08, 0x12ED, 0x7F3F, 0x1245, 0x7F23, 
	0x12CC, 0x7EEC, 0x13BE, 0x7EFF, 0x12F4, 0x7EDA, 0x1352, 0x7F7F, 0x128D, 0x7F5A, 0x13BB, 0x7F1A, 0x128A, 0x7ED1, 0x133D, 0x7F08, 
	0x13F3, 0x7F23, 0x1366, 0x7F63, 0x1300, 0x7EDA, 0x122F, 0x7EBF, 0x133D, 0x7EB6, 0x12E3, 0x7F5A, 0x129A, 0x7EC8, 0x12AF, 0x7EC8, 
	0x12D3, 0x7EAD, 0x1366, 0x7EEC, 0x13CC, 0x7EC8, 0x134A, 0x7E5B, 0x137B, 0x7EBF, 0x1403, 0x7EAD, 0x13B0, 0x7EEC, 0x1415, 0x7EEC, 
	0x1373, 0x7EB6, 0x13D7, 0x7EEC, 0x1432, 0x7ED1, 0x141C, 0x7E6D, 0x1466, 0x7F2C, 0x1426, 0x7EF6, 0x14C9, 0x7E77, 0x1457, 0x7EB6, 
	0x1413, 0x7E01, 0x14B0, 0x7E77, 0x1490, 0x7E92, 0x1425, 0x7E37, 0x13B6, 0x7EDA, 0x14CF, 0x7F1A, 0x14A3, 0x7ED1, 0x14DE, 0x7E9B, 
	0x14D2, 0x7EAD, 0x1534, 0x7F48, 0x149E, 0x7EAD, 0x14CF, 0x7E77, 0x1399, 0x7EAD, 0x14C0, 0x7EA4, 0x13C8, 0x7EFF, 0x151C, 0x7EE3, 
	0x149C, 0x7EBF, 0x13F1, 0x7E77, 0x14E0, 0x7EAD, 0x13AE, 0x7FB6, 0x149B, 0x7EC8, 0x154C, 0x7F23, 0x148C, 0x7EC8, 0x15AA, 0x7EAD, 
	0x149E, 0x7F48, 0x1544, 0x7EAD, 0x147F, 0x7EE3, 0x148A, 0x7EB6, 0x1410, 0x7F1A, 0x14F7, 0x7EE3, 0x1413, 0x7F08, 0x13ED, 0x7F11, 
	0x14B5, 0x7ED1, 0x14A4, 0x7F11, 0x14A0, 0x7F6C, 0x14AB, 0x7F36, 0x1423, 0x7F23, 0x1425, 0x7EC8, 0x13D5, 0x7E77, 0x1426, 0x7FB6, 
	0x1551, 0x7EE3, 0x14CA, 0x7F9A, 0x140B, 0x7F11, 0x13E0, 0x7EF6, 0x13ED, 0x7FA4, 0x13CE, 0x7F3F, 0x13A4, 0x7F1A, 0x1493, 0x7FAD, 
	0x13E7, 0x7F51, 0x1378, 0x7FAD, 0x133E, 0x7F48, 0x12E2, 0x7F6C, 0x13BA, 0x7F9A, 0x13B0, 0x7EEC, 0x138C, 0x7FB6, 0x13D1, 0x7F88, 
	0x1381, 0x7FDB, 0x13E5, 0x7FC9, 0x13A4, 0x7F2C, 0x141D, 0x7FBF, 0x1340, 0x7FBF, 0x12F0, 0x7F76, 0x13CD, 0x7FAD, 0x1369, 0x7FED, 
	0x1297, 0x7FF7, 0x133B, 0x7FDB, 0x1253, 0x7F5A, 0x139B, 0x7F51, 0x1333, 0x7FD2, 0x1231, 0x7FE4, 0x1339, 0x8009, 0x11DE, 0x7FA4, 
	0x12AB, 0x7FD2, 0x131D, 0x7FB6, 0x126C, 0x7FE4, 0x123F, 0x8009, 0x12B9, 0x808C, 0x12C9, 0x7F9A, 0x124E, 0x7FED, 0x1351, 0x8025, 
	0x1120, 0x8082, 0x10E0, 0x802E, 0x12AC, 0x7FC9, 0x12D1, 0x7FD2, 0x1220, 0x805D, 0x11B7, 0x7FED, 0x118B, 0x8079, 0x11AD, 0x8038, 
	0x1285, 0x8054, 0x10F3, 0x7FD2, 0x11B4, 0x8025, 0x12B3, 0x802E, 0x1169, 0x8025, 0x1102, 0x802E, 0x1199, 0x8082, 0x10FA, 0x7FDB, 
	0x10C1, 0x801C, 0x1159, 0x7FF7, 0x112B, 0x8066, 0x10F1, 0x8038, 0x108D, 0x8079, 0x1055, 0x802E, 0x1025, 0x8025, 0x10B0, 0x8041, 
	0x1140, 0x8095, 0x103D, 0x804A, 0x1085, 0x8066, 0x1160, 0x801C, 0x113C, 0x8095, 0x1114, 0x8054, 0x1127, 0x8054, 0x1161, 0x804A, 
	0x15DE, 0x823F, 0x1691, 0x820F, 0x15A9, 0x81D6, 0x16ED, 0x81D6, 0x1529, 0x820F, 0x1608, 0x81C3, 0x1608, 0x810F, 0x1567, 0x8147, 
	0x1528, 0x8193, 0x15B0, 0x822C, 0x1612, 0x81DF, 0x1637, 0x81A6, 0x15E1, 0x8180, 0x15DB, 0x8151, 0x1560, 0x8164, 0x15F3, 0x8164, 
	0x166D, 0x80D6, 0x1784, 0x8180, 0x1589, 0x8151, 0x1618, 0x815A, 0x1687, 0x813E, 0x15A6, 0x80FC, 0x1586, 0x80E0, 0x16A8, 0x80B1, 
	0x158A, 0x815A, 0x1699, 0x8135, 0x15DE, 0x80BA, 0x15E4, 0x80BA, 0x158A, 0x80D6, 0x1693, 0x80CD, 0x1627, 0x80D6, 0x151C, 0x808C, 
	0x1657, 0x801C, 0x1612, 0x8095, 0x154A, 0x80CD, 0x151B, 0x8095, 0x1691, 0x80B1, 0x15CD, 0x8082, 0x159C, 0x805D, 0x14A6, 0x80C4, 
	0x14FA, 0x8000, 0x14C5, 0x8066, 0x1521, 0x804A, 0x1530, 0x805D, 0x1550, 0x8066, 0x147B, 0x8054, 0x1512, 0x8025, 0x15AC, 0x8082, 
	0x1457, 0x8066, 0x14FA, 0x80C4, 0x151C, 0x8066, 0x15C0, 0x8025, 0x14CF, 0x8054, 0x1597, 0x8041, 0x14D3, 0x808C, 0x1474, 0x808C, 
	0x14CE, 0x804A, 0x146F, 0x8095, 0x147D, 0x8025, 0x136A, 0x8054, 0x139A, 0x7FDB, 0x1440, 0x7FB6, 0x13A4, 0x801C, 0x15DA, 0x8013, 
	0x1354, 0x8000, 0x149D, 0x8038, 0x147C, 0x7FD2, 0x1451, 0x804A, 0x13AE, 0x7F7F, 0x147F, 0x7FE4, 0x13AE, 0x802E, 0x1412, 0x7FA4, 
	0x13EE, 0x8009, 0x13BB, 0x804A, 0x132E, 0x7FED, 0x13C8, 0x80BA, 0x1306, 0x8009, 0x1408, 0x805D, 0x1390, 0x8038, 0x129A, 0x7FDB, 
	0x1295, 0x7F6C, 0x130B, 0x7FD2, 0x138E, 0x7FB6, 0x121C, 0x8000, 0x11BB, 0x7FD2, 0x12BE, 0x7F51, 0x12D9, 0x7F91, 0x12BE, 0x7F88, 
	0x121C, 0x7F76, 0x11E6, 0x7F51, 0x12A5, 0x7F51, 0x129A, 0x7FA4, 0x1360, 0x7FA4, 0x121E, 0x7FB6, 0x12F0, 0x7F88, 0x132A, 0x7F76, 
	0x1234, 0x7F88, 0x128E, 0x7F7F, 0x1228, 0x7FDB, 0x1345, 0x7F76, 0x127F, 0x7F1A, 0x12F8, 0x7F51, 0x12A4, 0x7F6C, 0x119C, 0x7F3F, 
	0x1246, 0x7EFF, 0x1286, 0x7F2C, 0x1280, 0x7F3F, 0x12EC, 0x7F6C, 0x1319, 0x7F48, 0x12A6, 0x7F51, 0x13BF, 0x7F6C, 0x1320, 0x7EDA, 
	0x1284, 0x7EF6, 0x12A6, 0x7F36, 0x122D, 0x7F23, 0x1371, 0x7EFF, 0x129D, 0x7F3F, 0x12A4, 0x7EE3, 0x12B8, 0x7F76, 0x1350, 0x7E80, 
	0x1313, 0x7EF6, 0x1358, 0x7EEC, 0x131C, 0x7F2C, 0x1255, 0x7F1A, 0x13A6, 0x7EE3, 0x11EB, 0x7EA4, 0x1372, 0x7EDA, 0x13E3, 0x7F23, 
	0x1281, 0x7EB6, 0x1376, 0x7EDA, 0x12C2, 0x7F6C, 0x13C7, 0x7EEC, 0x1411, 0x7ED1, 0x140F, 0x7E77, 0x1394, 0x7E13, 0x1412, 0x7EAD, 
	0x141C, 0x7EA4, 0x1413, 0x7F51, 0x13E0, 0x7F08, 0x148D, 0x7E64, 0x1435, 0x7EDA, 0x1486, 0x7EC8, 0x13E9, 0x7F08, 0x1426, 0x7EF6, 
	0x14D4, 0x7E40, 0x13BA, 0x7E9B, 0x1455, 0x7E77, 0x1443, 0x7EEC, 0x145C, 0x7EC8, 0x143A, 0x7E40, 0x14AA, 0x7EC8, 0x14DB, 0x7EB6, 
	0x14B5, 0x7EFF, 0x14A8, 0x7F1A, 0x14EF, 0x7E9B, 0x151D, 0x7ED1, 0x15A1, 0x7EA4, 0x14CD, 0x7EA4, 0x13D7, 0x7ED1, 0x1491, 0x7E77, 
	0x1461, 0x7E9B, 0x1557, 0x7EE3, 0x1520, 0x7EE3, 0x13E6, 0x7EB6, 0x14AD, 0x7E2E, 0x1397, 0x7EB6, 0x1521, 0x7EBF, 0x1562, 0x7F08, 
	0x148F, 0x7E92, 0x152B, 0x7EA4, 0x142D, 0x7EC8, 0x1541, 0x7E9B, 0x14E6, 0x7ED1, 0x1453, 0x7EB6, 0x14BB, 0x7E9B, 0x145E, 0x7EBF, 
	0x14B3, 0x7EF6, 0x144E, 0x7E92, 0x1449, 0x7ED1, 0x14EC, 0x7F11, 0x146C, 0x7F1A, 0x144E, 0x7EC8, 0x13DB, 0x7F1A, 0x1356, 0x7F36, 
	0x13A6, 0x7EF6, 0x13B5, 0x7FAD, 0x150E, 0x7EEC, 0x14E8, 0x7F91, 0x13AC, 0x7EF6, 0x1379, 0x7E92, 0x1404, 0x7F5A, 0x1447, 0x7F76, 
	0x1316, 0x7FB6, 0x1486, 0x7F51, 0x13C2, 0x7F51, 0x13A2, 0x7F76, 0x1266, 0x7F2C, 0x1301, 0x7F9A, 0x12EC, 0x7F63, 0x1407, 0x7EEC, 
	0x1311, 0x7F7F, 0x13F3, 0x7F1A, 0x1459, 0x7F9A, 0x1391, 0x7F91, 0x13C1, 0x7FAD, 0x13CB, 0x7FED, 0x13A1, 0x7F63, 0x125A, 0x7F9A, 
	0x13D1, 0x7FAD, 0x12C1, 0x7FB6, 0x1390, 0x7FB6, 0x1318, 0x7FBF, 0x1300, 0x7FD2, 0x13EF, 0x7F6C, 0x131B, 0x7FA4, 0x128B, 0x7FBF, 
	0x1420, 0x8013, 0x1209, 0x7FB6, 0x125C, 0x7FAD, 0x133A, 0x7F76, 0x123A, 0x7FAD, 0x1353, 0x7FD2, 0x12B1, 0x7FF7, 0x1348, 0x801C, 
	0x1281, 0x7F9A, 0x1323, 0x8025, 0x10DF, 0x801C, 0x10ED, 0x8038, 0x1245, 0x7FB6, 0x1247, 0x7FF7, 0x128B, 0x8054, 0x1196, 0x8070, 
	0x11C1, 0x801C, 0x1220, 0x805D, 0x11CA, 0x7FA4, 0x10FD, 0x8009, 0x115E, 0x7FE4, 0x1272, 0x7FB6, 0x119B, 0x8025, 0x10F4, 0x8038, 
	0x1201, 0x8025, 0x115D, 0x7FC9, 0x10FC, 0x7FF7, 0x10FD, 0x801C, 0x10FD, 0x8025, 0x110B, 0x8038, 0x109D, 0x80B1, 0x1101, 0x8000, 
	0x1070, 0x8009, 0x10BF, 0x8038, 0x116C, 0x8095, 0x0FD1, 0x8066, 0x10CB, 0x8070, 0x118C, 0x804A, 0x1148, 0x805D, 0x1098, 0x8054, 
	0x1041, 0x8041, 0x1112, 0x8079, 0x10EF, 0x8013, 0x113B, 0x80F3, 0x10F2, 0x80B1, 0x1058, 0x80A8, 0x1187, 0x818A, 0x10FC, 0x805D, 
	0x110A, 0x80BA, 0x10FE, 0x80D6, 0x10B8, 0x809E, 0x11A8, 0x8066, 0x1227, 0x812B, 0x1051, 0x80A8, 0x11EC, 0x812B, 0x10FD, 0x80A8, 
	0x1117, 0x8070, 0x10B3, 0x8105, 0x11AA, 0x80FC, 0x11DD, 0x8151, 0x110E, 0x80E0, 0x1176, 0x802E, 0x123C, 0x80E0, 0x11D7, 0x80D6, 
	0x10F4, 0x809E, 0x10A5, 0x8135, 0x1252, 0x8082, 0x117E, 0x80E0, 0x1216, 0x80FC, 0x115D, 0x8180, 0x10EF, 0x818A, 0x1079, 0x80E9, 
	0x11DD, 0x80FC, 0x126A, 0x80CD, 0x126B, 0x816D, 0x11E6, 0x816D, 0x1175, 0x810F, 0x11BD, 0x80E9, 0x117D, 0x813E, 0x1183, 0x816D, 
	0x1122, 0x813E, 0x11B0, 0x80D6, 0x114F, 0x816D, 0x1227, 0x8135, 0x10D6, 0x8180, 0x1151, 0x815A, 0x11EA, 0x812B, 0x115C, 0x81F2, 
	0x121D, 0x812B, 0x10C6, 0x816D, 0x112A, 0x8164, 0x1174, 0x8177, 0x113E, 0x8151, 0x1206, 0x8193, 0x11ED, 0x81E9, 0x1193, 0x815A, 
	0x130D, 0x8135, 0x1215, 0x816D, 0x124F, 0x8177, 0x1158, 0x8164, 0x120F, 0x8118, 0x12B2, 0x8180, 0x12C2, 0x81DF, 0x1312, 0x8122, 
	0x11A5, 0x8180, 0x11AA, 0x8122, 0x1274, 0x819D, 0x132E, 0x81A6, 0x1252, 0x8180, 0x1242, 0x8151, 0x11E3, 0x8164, 0x122C, 0x818A, 
	0x1212, 0x818A, 0x1400, 0x81FC, 0x10AF, 0x8164, 0x12A4, 0x81B0, 0x1381, 0x816D, 0x121F, 0x81B9, 0x13AF, 0x823F, 0x133F, 0x8164, 
	0x13A4, 0x81B0, 0x1342, 0x819D, 0x1237, 0x81F2, 0x12BC, 0x81F2, 0x11DF, 0x81C3, 0x12F5, 0x818A, 0x12DB, 0x820F, 0x1351, 0x81D6, 
	0x13DB, 0x8248, 0x1466, 0x81D6, 0x13C5, 0x81FC, 0x1370, 0x8205, 0x1387, 0x81C3, 0x124F, 0x81A6, 0x135A, 0x819D, 0x1356, 0x823F, 
	0x1381, 0x81A6, 0x133D, 0x8248, 0x13A6, 0x8205, 0x13D6, 0x8205, 0x1331, 0x8222, 0x13DB, 0x81FC, 0x1363, 0x8235, 0x1313, 0x81E9, 
	0x136B, 0x8235, 0x13C3, 0x81B9, 0x1309, 0x834E, 0x131B, 0x81F2, 0x136A, 0x8265, 0x138B, 0x8219, 0x1313, 0x81DF, 0x1360, 0x8295, 
	0x13B2, 0x829F, 0x1374, 0x82A9, 0x1389, 0x829F, 0x13F6, 0x8295, 0x13E2, 0x8344, 0x1342, 0x829F, 0x13BD, 0x829F, 0x14CC, 0x8265, 
	0x14D2, 0x828C, 0x1477, 0x8388, 0x148C, 0x8330, 0x13C7, 0x83B9, 0x1562, 0x83B9, 0x1448, 0x83E0, 0x15DE, 0x823F, 0x1691, 0x820F, 
	0x15A9, 0x81D6, 0x16ED, 0x81D6, 0x1529, 0x820F, 0x1608, 0x81C3, 0x1608, 0x810F, 0x1567, 0x8147, 0x1528, 0x8193, 0x15B0, 0x822C, 
	0x1612, 0x81DF, 0x1637, 0x81A6, 0x15E1, 0x8180, 0x15DB, 0x8151, 0x1560, 0x8164, 0x15F3, 0x8164, 0x166D, 0x80D6, 0x1784, 0x8180, 
	0x1589, 0x8151, 0x1618, 0x815A, 0x1687, 0x813E, 0x15A6, 0x80FC, 0x1586, 0x80E0, 0x16A8, 0x80B1, 0x158A, 0x815A, 0x1699, 0x8135, 
	0x15DE, 0x80BA, 0x15E4, 0x80BA, 0x158A, 0x80D6, 0x1693, 0x80CD, 0x1627, 0x80D6, 0x151C, 0x808C, 0x1657, 0x801C, 0x1612, 0x8095, 
	0x154A, 0x80CD, 0x151B, 0x8095, 0x1691, 0x80B1, 0x15CD, 0x8082, 0x159C, 0x805D, 0x14A6, 0x80C4, 0x14FA, 0x8000, 0x14C5, 0x8066, 
	0x1521, 0x804A, 0x1530, 0x805D, 0x1550, 0x8066, 0x147B, 0x8054, 0x1512, 0x8025, 0x15AC, 0x8082, 0x1457, 0x8066, 0x14FA, 0x80C4, 
	0x151C, 0x8066, 0x15C0, 0x8025, 0x14CF, 0x8054, 0x1597, 0x8041, 0x14D3, 0x808C, 0x1474, 0x808C, 0x14CE, 0x804A, 0x146F, 0x8095, 
	0x147D, 0x8025, 0x136A, 0x8054, 0x139A, 0x7FDB, 0x1440, 0x7FB6, 0x13A4, 0x801C, 0x15DA, 0x8013, 0x1354, 0x8000, 0x149D, 0x8038, 
	0x147C, 0x7FD2, 0x1451, 0x804A, 0x13AE, 0x7F7F, 0x147F, 0x7FE4, 0x13AE, 0x802E, 0x1412, 0x7FA4, 0x13EE, 0x8009, 0x13BB, 0x804A, 
	0x132E, 0x7FED, 0x13C8, 0x80BA, 0x1306, 0x8009, 0x1408, 0x805D, 0x1390, 0x8038, 0x129A, 0x7FDB, 0x1295, 0x7F6C, 0x130B, 0x7FD2, 
	0x138E, 0x7FB6, 0x121C, 0x8000, 0x11BB, 0x7FD2, 0x12BE, 0x7F51, 0x12D9, 0x7F91, 0x12BE, 0x7F88, 0x121C, 0x7F76, 0x11E6, 0x7F51, 
	0x12A5, 0x7F51, 0x129A, 0x7FA4, 0x1360, 0x7FA4, 0x121E, 0x7FB6, 0x12F0, 0x7F88, 0x132A, 0x7F76, 0x1234, 0x7F88, 0x128E, 0x7F7F, 
	0x1228, 0x7FDB, 0x1345, 0x7F76, 0x127F, 0x7F1A, 0x12F8, 0x7F51, 0x12A4, 0x7F6C, 0x119C, 0x7F3F, 0x1246, 0x7EFF, 0x1286, 0x7F2C, 
	0x1280, 0x7F3F, 0x12EC, 0x7F6C, 0x1319, 0x7F48, 0x12A6, 0x7F51, 0x13BF, 0x7F6C, 0x1320, 0x7EDA, 0x1284, 0x7EF6, 0x12A6, 0x7F36, 
	0x122D, 0x7F23, 0x1371, 0x7EFF, 0x129D, 0x7F3F, 0x12A4, 0x7EE3, 0x12B8, 0x7F76, 0x1350, 0x7E80, 0x1313, 0x7EF6, 0x1358, 0x7EEC, 
	0x131C, 0x7F2C, 0x1255, 0x7F1A, 0x13A6, 0x7EE3, 0x11EB, 0x7EA4, 0x1372, 0x7EDA, 0x13E3, 0x7F23, 0x1281, 0x7EB6, 0x1376, 0x7EDA, 
	0x12C2, 0x7F6C, 0x13C7, 0x7EEC, 0x1411, 0x7ED1, 0x140F, 0x7E77, 0x1394, 0x7E13, 0x1412, 0x7EAD, 0x141C, 0x7EA4, 0x1413, 0x7F51, 
	0x13E0, 0x7F08, 0x148D, 0x7E64, 0x1435, 0x7EDA, 0x1486, 0x7EC8, 0x13E9, 0x7F08, 0x1426, 0x7EF6, 0x14D4, 0x7E40, 0x13BA, 0x7E9B, 
	0x1455, 0x7E77, 0x1443, 0x7EEC, 0x145C, 0x7EC8, 0x143A, 0x7E40, 0x14AA, 0x7EC8, 0x14DB, 0x7EB6, 0x14B5, 0x7EFF, 0x14A8, 0x7F1A, 
	0x14EF, 0x7E9B, 0x151D, 0x7ED1, 0x15A1, 0x7EA4, 0x14CD, 0x7EA4, 0x13D7, 0x7ED1, 0x1491, 0x7E77, 0x1461, 0x7E9B, 0x1557, 0x7EE3, 
	0x1520, 0x7EE3, 0x13E6, 0x7EB6, 0x14AD, 0x7E2E, 0x1397, 0x7EB6, 0x1521, 0x7EBF, 0x1562, 0x7F08, 0x148F, 0x7E92, 0x152B, 0x7EA4, 
	0x142D, 0x7EC8, 0x1541, 0x7E9B, 0x14E6, 0x7ED1, 0x1453, 0x7EB6, 0x14BB, 0x7E9B, 0x145E, 0x7EBF, 0x14B3, 0x7EF6, 0x144E, 0x7E92, 
	0x1449, 0x7ED1, 0x14EC, 0x7F11, 0x146C, 0x7F1A, 0x144E, 0x7EC8, 0x13DB, 0x7F1A, 0x1356, 0x7F36, 0x13A6, 0x7EF6, 0x13B5, 0x7FAD, 
	0x150E, 0x7EEC, 0x14E8, 0x7F91, 0x13AC, 0x7EF6, 0x1379, 0x7E92, 0x1404, 0x7F5A, 0x1447, 0x7F76, 0x1316, 0x7FB6, 0x1486, 0x7F51, 
	0x13C2, 0x7F51, 0x13A2, 0x7F76, 0x1266, 0x7F2C, 0x1301, 0x7F9A, 0x12EC, 0x7F63, 0x1407, 0x7EEC, 0x1311, 0x7F7F, 0x13F3, 0x7F1A, 
	0x1459, 0x7F9A, 0x1391, 0x7F91, 0x13C1, 0x7FAD, 0x13CB, 0x7FED, 0x13A1, 0x7F63, 0x125A, 0x7F9A, 0x13D1, 0x7FAD, 0x12C1, 0x7FB6, 
	0x1390, 0x7FB6, 0x1318, 0x7FBF, 0x1300, 0x7FD2, 0x13EF, 0x7F6C, 0x131B, 0x7FA4, 0x128B, 0x7FBF, 0x1420, 0x8013, 0x1209, 0x7FB6, 
	0x125C, 0x7FAD, 0x133A, 0x7F76, 0x123A, 0x7FAD, 0x1353, 0x7FD2, 0x12B1, 0x7FF7, 0x1348, 0x801C, 0x1281, 0x7F9A, 0x1323, 0x8025, 
	0x10DF, 0x801C, 0x10ED, 0x8038, 0x1245, 0x7FB6, 0x1247, 0x7FF7, 0x128B, 0x8054, 0x1196, 0x8070, 0x11C1, 0x801C, 0x1220, 0x805D, 
	0x11CA, 0x7FA4, 0x10FD, 0x8009, 0x115E, 0x7FE4, 0x1272, 0x7FB6, 0x119B, 0x8025, 0x10F4, 0x8038, 0x1201, 0x8025, 0x115D, 0x7FC9, 
	0x10FC, 0x7FF7, 0x10FD, 0x801C, 0x10FD, 0x8025, 0x110B, 0x8038, 0x109D, 0x80B1, 0x1101, 0x8000, 0x1070, 0x8009, 0x10BF, 0x8038, 
	0x116C, 0x8095, 0x0FD1, 0x8066, 0x10CB, 0x8070, 0x118C, 0x804A, 0x1148, 0x805D, 0x1098, 0x8054, 0x1041, 0x8041, 0x1112, 0x8079, 
	0x158A, 0x81E9, 0x1621, 0x8252, 0x15A4, 0x8279, 0x15D9, 0x8282, 0x15C2, 0x820F, 0x1580, 0x81C3, 0x15DB, 0x813E, 0x1531, 0x81CC, 
	0x1523, 0x8180, 0x15E4, 0x81D6, 0x15DD, 0x813E, 0x15D4, 0x8180, 0x159E, 0x8177, 0x1609, 0x81C3, 0x160A, 0x818A, 0x1547, 0x8147, 
	0x1613, 0x80FC, 0x1713, 0x8164, 0x1583, 0x8122, 0x1634, 0x81CC, 0x15FD, 0x8193, 0x1622, 0x809E, 0x1580, 0x8105, 0x16A0, 0x812B, 
	0x15FB, 0x8151, 0x15E1, 0x8118, 0x15DA, 0x80E0, 0x1632, 0x80BA, 0x1529, 0x80CD, 0x1648, 0x80D6, 0x1608, 0x80FC, 0x1534, 0x8095, 
	0x1658, 0x805D, 0x1583, 0x80D6, 0x1531, 0x80CD, 0x14CC, 0x80D6, 0x15DE, 0x8025, 0x15A8, 0x8079, 0x15BA, 0x8025, 0x14B9, 0x8054, 
	0x14DE, 0x80A8, 0x1571, 0x8054, 0x1571, 0x8066, 0x1530, 0x8070, 0x14CA, 0x8066, 0x14DC, 0x80E0, 0x149E, 0x7FF7, 0x157B, 0x8095, 
	0x1436, 0x8013, 0x142E, 0x8066, 0x14EF, 0x801C, 0x159B, 0x802E, 0x14B3, 0x8082, 0x1520, 0x802E, 0x1476, 0x7FE4, 0x148A, 0x8054, 
	0x1419, 0x8013, 0x144A, 0x8054, 0x1463, 0x8079, 0x12FB, 0x8025, 0x13D4, 0x7FE4, 0x13EF, 0x7FE4, 0x13A1, 0x8095, 0x157F, 0x802E, 
	0x13D6, 0x7FC9, 0x1468, 0x8038, 0x1466, 0x8009, 0x1436, 0x8066, 0x1270, 0x7FE4, 0x1457, 0x7FED, 0x13A2, 0x8025, 0x1384, 0x8025, 
	0x13A8, 0x801C, 0x1442, 0x8009, 0x132C, 0x8009, 0x13E7, 0x8013, 0x12E9, 0x7FDB, 0x13DF, 0x8025, 0x137D, 0x8009, 0x12C1, 0x7FE4, 
	0x12F1, 0x7F9A, 0x1268, 0x7FBF, 0x1354, 0x7FBF, 0x11BA, 0x8000, 0x1226, 0x7FB6, 0x1260, 0x7FA4, 0x1265, 0x7F7F, 0x1295, 0x7F7F, 
	0x119F, 0x7FED, 0x1256, 0x8009, 0x12B4, 0x7FBF, 0x12A7, 0x7F51, 0x12DB, 0x7FBF, 0x1231, 0x7FDB, 0x12EF, 0x7FBF, 0x12FB, 0x7FE4, 
	0x11BA, 0x7FBF, 0x123D, 0x7FAD, 0x1232, 0x8000, 0x12EB, 0x7F5A, 0x12B4, 0x7F91, 0x1361, 0x7FED, 0x1254, 0x7F5A, 0x1190, 0x7F88, 
	0x122F, 0x7F3F, 0x123A, 0x7F76, 0x1220, 0x7EFF, 0x12B9, 0x7F2C, 0x1324, 0x7F48, 0x125C, 0x7F36, 0x13CB, 0x7F76, 0x12B4, 0x7F1A, 
	0x1246, 0x7EC8, 0x125B, 0x7F3F, 0x1289, 0x7F1A, 0x12E0, 0x7F48, 0x12DE, 0x7F11, 0x12D1, 0x7EE3, 0x1203, 0x7EE3, 0x137D, 0x7EA4, 
	0x1280, 0x7EDA, 0x129D, 0x7F6C, 0x12DF, 0x7F23, 0x12DA, 0x7ED1, 0x135A, 0x7F23, 0x124F, 0x7F2C, 0x1364, 0x7F51, 0x1372, 0x7F3F, 
	0x122B, 0x7E64, 0x1312, 0x7EB6, 0x1249, 0x7EB6, 0x1310, 0x7EF6, 0x1397, 0x7EFF, 0x13E2, 0x7E92, 0x1373, 0x7E25, 0x141E, 0x7EA4, 
	0x13E6, 0x7EF6, 0x139B, 0x7F3F, 0x1380, 0x7E92, 0x1457, 0x7E2E, 0x143A, 0x7E92, 0x146E, 0x7E64, 0x1438, 0x7F2C, 0x13C3, 0x7EDA, 
	0x1428, 0x7E13, 0x13E4, 0x7E92, 0x1486, 0x7EF6, 0x13EA, 0x7E92, 0x148E, 0x7EFF, 0x1422, 0x7DF8, 0x1433, 0x7E25, 0x14E7, 0x7EA4, 
	0x14C2, 0x7EEC, 0x14A2, 0x7EEC, 0x13AC, 0x7E9B, 0x1578, 0x7E52, 0x1576, 0x7E9B, 0x150A, 0x7EF6, 0x13D9, 0x7F08, 0x1422, 0x7E77, 
	0x13FD, 0x7E80, 0x14D9, 0x7EFF, 0x151F, 0x7E40, 0x142E, 0x7E89, 0x142F, 0x7E77, 0x1395, 0x7E9B, 0x147A, 0x7EA4, 0x158C, 0x7ED1, 
	0x1402, 0x7E9B, 0x14D2, 0x7EA4, 0x14D8, 0x7EEC, 0x14C1, 0x7EDA, 0x149C, 0x7ED1, 0x13D7, 0x7ED1, 0x143C, 0x7EA4, 0x1481, 0x7F48, 
	0x1472, 0x7EB6, 0x13C7, 0x7EA4, 0x13F6, 0x7ED1, 0x14EA, 0x7F08, 0x148C, 0x7F36, 0x1410, 0x7ED1, 0x13D5, 0x7EFF, 0x13BC, 0x7F23, 
	0x138C, 0x7E6D, 0x13FE, 0x7F9A, 0x150A, 0x7F2C, 0x1521, 0x7F23, 0x1397, 0x7F1A, 0x130E, 0x7F88, 0x13C5, 0x7F7F, 0x1368, 0x7FC9, 
	0x12F3, 0x7F9A, 0x144B, 0x7F3F, 0x139C, 0x7F88, 0x1406, 0x7F1A, 0x1240, 0x7F48, 0x1344, 0x7F76, 0x12F3, 0x7EEC, 0x1415, 0x7F63, 
	0x12F5, 0x7F91, 0x1333, 0x7FAD, 0x1411, 0x7F63, 0x139F, 0x7F9A, 0x1318, 0x7FBF, 0x13AB, 0x7FBF, 0x13B6, 0x7F91, 0x125B, 0x7FB6, 
	0x1351, 0x7FB6, 0x1329, 0x7FBF, 0x1312, 0x7FAD, 0x12FB, 0x7FB6, 0x1288, 0x7F91, 0x1391, 0x7F63, 0x1349, 0x7FD2, 0x12B1, 0x7F91, 
	0x134D, 0x7FED, 0x1225, 0x8009, 0x1271, 0x7FBF, 0x12CC, 0x7FAD, 0x1223, 0x7F63, 0x12F6, 0x802E, 0x129E, 0x801C, 0x1355, 0x8070, 
	0x11B6, 0x7F7F, 0x12D6, 0x7FD2, 0x1059, 0x805D, 0x11C6, 0x8000, 0x12D9, 0x8038, 0x121B, 0x802E, 0x122D, 0x7FC9, 0x11B3, 0x809E, 
	0x11E8, 0x7FD2, 0x126E, 0x8041, 0x1244, 0x801C, 0x10C8, 0x7FA4, 0x11D7, 0x801C, 0x1220, 0x801C, 0x1197, 0x8054, 0x1083, 0x805D, 
	0x11F5, 0x8009, 0x1152, 0x7FDB, 0x1155, 0x808C, 0x10D8, 0x8000, 0x113D, 0x80E9, 0x10E3, 0x802E, 0x10D4, 0x8082, 0x1141, 0x801C, 
	0x105C, 0x804A, 0x104A, 0x80A8, 0x1128, 0x80A8, 0x0F7E, 0x8135, 0x10AB, 0x8054, 0x1195, 0x8079, 0x1043, 0x804A, 0x10A0, 0x8070, 
	0x0F73, 0x804A, 0x1106, 0x808C, 0x10CD, 0x80E9, 0x10F1, 0x809E, 0x10B1, 0x80B1, 0x105E, 0x8095, 0x11B2, 0x8095, 0x11A5, 0x80BA, 
	0x112C, 0x80FC, 0x1098, 0x812B, 0x1060, 0x80C4, 0x1193, 0x802E, 0x1218, 0x80E9, 0x1137, 0x80F3, 0x11F6, 0x810F, 0x106D, 0x80CD, 
	0x11C3, 0x804A, 0x107C, 0x80F3, 0x1117, 0x80FC, 0x1165, 0x80F3, 0x108B, 0x8105, 0x1185, 0x801C, 0x123E, 0x80A8, 0x11AA, 0x80F3, 
	0x10D2, 0x80E0, 0x109B, 0x813E, 0x122C, 0x808C, 0x113A, 0x80BA, 0x1194, 0x80FC, 0x10E2, 0x8135, 0x109F, 0x8151, 0x1089, 0x80D6, 
	0x11DE, 0x80E0, 0x1268, 0x8105, 0x1244, 0x812B, 0x11EF, 0x8151, 0x1119, 0x808C, 0x1185, 0x815A, 0x10DA, 0x8147, 0x1190, 0x8164, 
	0x1139, 0x8180, 0x1173, 0x8105, 0x11D2, 0x813E, 0x11DF, 0x812B, 0x1131, 0x8193, 0x1179, 0x8177, 0x1197, 0x8180, 0x11CD, 0x81A6, 
	0x11EF, 0x815A, 0x10CA, 0x8151, 0x1146, 0x819D, 0x1163, 0x81C3, 0x10C9, 0x8177, 0x11C2, 0x816D, 0x1181, 0x81C3, 0x11A2, 0x8177, 
	0x12A5, 0x8151, 0x11D4, 0x81B9, 0x1225, 0x8135, 0x121A, 0x818A, 0x1165, 0x813E, 0x12F0, 0x8193, 0x1251, 0x81D6, 0x131E, 0x813E, 
	0x1231, 0x8164, 0x11CC, 0x813E, 0x125B, 0x81B0, 0x12B1, 0x81A6, 0x1247, 0x81C3, 0x1249, 0x81A6, 0x125B, 0x8135, 0x1280, 0x8180, 
	0x1200, 0x8205, 0x1394, 0x81DF, 0x1155, 0x8205, 0x11FF, 0x81A6, 0x12E8, 0x8118, 0x1239, 0x81D6, 0x1343, 0x81E9, 0x132D, 0x81B0, 
	0x12E0, 0x8164, 0x12CC, 0x819D, 0x125E, 0x81D6, 0x129D, 0x823F, 0x1225, 0x81E9, 0x12E9, 0x8205, 0x1245, 0x81B0, 0x136C, 0x81B9, 
	0x13AF, 0x8222, 0x1361, 0x825C, 0x1445, 0x81D6, 0x1336, 0x8205, 0x13BF, 0x81F2, 0x12BA, 0x8222, 0x1360, 0x820F, 0x13B7, 0x8222, 
	0x1351, 0x8222, 0x135B, 0x81FC, 0x13DC, 0x81FC, 0x13BC, 0x81FC, 0x1307, 0x822C, 0x13FB, 0x8265, 0x13E3, 0x8222, 0x1361, 0x822C, 
	0x133D, 0x820F, 0x137C, 0x81FC, 0x133D, 0x825C, 0x131E, 0x81C3, 0x1350, 0x822C, 0x13BE, 0x826F, 0x12D5, 0x828C, 0x1347, 0x828C, 
	0x1381, 0x82D9, 0x133E, 0x8252, 0x13A5, 0x82D9, 0x1352, 0x82D9, 0x13EC, 0x82E3, 0x1370, 0x829F, 0x13E0, 0x82A9, 0x153A, 0x82CF, 
	0x1481, 0x8300, 0x13E9, 0x837E, 0x146D, 0x831D, 0x13C7, 0x833A, 0x1554, 0x8412, 0x144F, 0x8439, 0x158A, 0x81E9, 0x1621, 0x8252, 
	0x15A4, 0x8279, 0x15D9, 0x8282, 0x15C2, 0x820F, 0x1580, 0x81C3, 0x15DB, 0x813E, 0x1531, 0x81CC, 0x1523, 0x8180, 0x15E4, 0x81D6, 
	0x15DD, 0x813E, 0x15D4, 0x8180, 0x159E, 0x8177, 0x1609, 0x81C3, 0x160A, 0x818A, 0x1547, 0x8147, 0x1613, 0x80FC, 0x1713, 0x8164, 
	0x1583, 0x8122, 0x1634, 0x81CC, 0x15FD, 0x8193, 0x1622, 0x809E, 0x1580, 0x8105, 0x16A0, 0x812B, 0x15FB, 0x8151, 0x15E1, 0x8118, 
	0x15DA, 0x80E0, 0x1632, 0x80BA, 0x1529, 0x80CD, 0x1648, 0x80D6, 0x1608, 0x80FC, 0x1534, 0x8095, 0x1658, 0x805D, 0x1583, 0x80D6, 
	0x1531, 0x80CD, 0x14CC, 0x80D6, 0x15DE, 0x8025, 0x15A8, 0x8079, 0x15BA, 0x8025, 0x14B9, 0x8054, 0x14DE, 0x80A8, 0x1571, 0x8054, 
	0x1571, 0x8066, 0x1530, 0x8070, 0x14CA, 0x8066, 0x14DC, 0x80E0, 0x149E, 0x7FF7, 0x157B, 0x8095, 0x1436, 0x8013, 0x142E, 0x8066, 
	0x14EF, 0x801C, 0x159B, 0x802E, 0x14B3, 0x8082, 0x1520, 0x802E, 0x1476, 0x7FE4, 0x148A, 0x8054, 0x1419, 0x8013, 0x144A, 0x8054, 
	0x1463, 0x8079, 0x12FB, 0x8025, 0x13D4, 0x7FE4, 0x13EF, 0x7FE4, 0x13A1, 0x8095, 0x157F, 0x802E, 0x13D6, 0x7FC9, 0x1468, 0x8038, 
	0x1466, 0x8009, 0x1436, 0x8066, 0x1270, 0x7FE4, 0x1457, 0x7FED, 0x13A2, 0x8025, 0x1384, 0x8025, 0x13A8, 0x801C, 0x1442, 0x8009, 
	0x132C, 0x8009, 0x13E7, 0x8013, 0x12E9, 0x7FDB, 0x13DF, 0x8025, 0x137D, 0x8009, 0x12C1, 0x7FE4, 0x12F1, 0x7F9A, 0x1268, 0x7FBF, 
	0x1354, 0x7FBF, 0x11BA, 0x8000, 0x1226, 0x7FB6, 0x1260, 0x7FA4, 0x1265, 0x7F7F, 0x1295, 0x7F7F, 0x119F, 0x7FED, 0x1256, 0x8009, 
	0x12B4, 0x7FBF, 0x12A7, 0x7F51, 0x12DB, 0x7FBF, 0x1231, 0x7FDB, 0x12EF, 0x7FBF, 0x12FB, 0x7FE4, 0x11BA, 0x7FBF, 0x123D, 0x7FAD, 
	0x1232, 0x8000, 0x12EB, 0x7F5A, 0x12B4, 0x7F91, 0x1361, 0x7FED, 0x1254, 0x7F5A, 0x1190, 0x7F88, 0x122F, 0x7F3F, 0x123A, 0x7F76, 
	0x1220, 0x7EFF, 0x12B9, 0x7F2C, 0x1324, 0x7F48, 0x125C, 0x7F36, 0x13CB, 0x7F76, 0x12B4, 0x7F1A, 0x1246, 0x7EC8, 0x125B, 0x7F3F, 
	0x1289, 0x7F1A, 0x12E0, 0x7F48, 0x12DE, 0x7F11, 0x12D1, 0x7EE3, 0x1203, 0x7EE3, 0x137D, 0x7EA4, 0x1280, 0x7EDA, 0x129D, 0x7F6C, 
	0x12DF, 0x7F23, 0x12DA, 0x7ED1, 0x135A, 0x7F23, 0x124F, 0x7F2C, 0x1364, 0x7F51, 0x1372, 0x7F3F, 0x122B, 0x7E64, 0x1312, 0x7EB6, 
	0x1249, 0x7EB6, 0x1310, 0x7EF6, 0x1397, 0x7EFF, 0x13E2, 0x7E92, 0x1373, 0x7E25, 0x141E, 0x7EA4, 0x13E6, 0x7EF6, 0x139B, 0x7F3F, 
	0x1380, 0x7E92, 0x1457, 0x7E2E, 0x143A, 0x7E92, 0x146E, 0x7E64, 0x1438, 0x7F2C, 0x13C3, 0x7EDA, 0x1428, 0x7E13, 0x13E4, 0x7E92, 
	0x1486, 0x7EF6, 0x13EA, 0x7E92, 0x148E, 0x7EFF, 0x1422, 0x7DF8, 0x1433, 0x7E25, 0x14E7, 0x7EA4, 0x14C2, 0x7EEC, 0x14A2, 0x7EEC, 
	0x13AC, 0x7E9B, 0x1578, 0x7E52, 0x1576, 0x7E9B, 0x150A, 0x7EF6, 0x13D9, 0x7F08, 0x1422, 0x7E77, 0x13FD, 0x7E80, 0x14D9, 0x7EFF, 
	0x151F, 0x7E40, 0x142E, 0x7E89, 0x142F, 0x7E77, 0x1395, 0x7E9B, 0x147A, 0x7EA4, 0x158C, 0x7ED1, 0x1402, 0x7E9B, 0x14D2, 0x7EA4, 
	0x14D8, 0x7EEC, 0x14C1, 0x7EDA, 0x149C, 0x7ED1, 0x13D7, 0x7ED1, 0x143C, 0x7EA4, 0x1481, 0x7F48, 0x1472, 0x7EB6, 0x13C7, 0x7EA4, 
	0x13F6, 0x7ED1, 0x14EA, 0x7F08, 0x148C, 0x7F36, 0x1410, 0x7ED1, 0x13D5, 0x7EFF, 0x13BC, 0x7F23, 0x138C, 0x7E6D, 0x13FE, 0x7F9A, 
	0x150A, 0x7F2C, 0x1521, 0x7F23, 0x1397, 0x7F1A, 0x130E, 0x7F88, 0x13C5, 0x7F7F, 0x1368, 0x7FC9, 0x12F3, 0x7F9A, 0x144B, 0x7F3F, 
	0x139C, 0x7F88, 0x1406, 0x7F1A, 0x1240, 0x7F48, 0x1344, 0x7F76, 0x12F3, 0x7EEC, 0x1415, 0x7F63, 0x12F5, 0x7F91, 0x1333, 0x7FAD, 
	0x1411, 0x7F63, 0x139F, 0x7F9A, 0x1318, 0x7FBF, 0x13AB, 0x7FBF, 0x13B6, 0x7F91, 0x125B, 0x7FB6, 0x1351, 0x7FB6, 0x1329, 0x7FBF, 
	0x1312, 0x7FAD, 0x12FB, 0x7FB6, 0x1288, 0x7F91, 0x1391, 0x7F63, 0x1349, 0x7FD2, 0x12B1, 0x7F91, 0x134D, 0x7FED, 0x1225, 0x8009, 
	0x1271, 0x7FBF, 0x12CC, 0x7FAD, 0x1223, 0x7F63, 0x12F6, 0x802E, 0x129E, 0x801C, 0x1355, 0x8070, 0x11B6, 0x7F7F, 0x12D6, 0x7FD2, 
	0x1059, 0x805D, 0x11C6, 0x8000, 0x12D9, 0x8038, 0x121B, 0x802E, 0x122D, 0x7FC9, 0x11B3, 0x809E, 0x11E8, 0x7FD2, 0x126E, 0x8041, 
	0x1244, 0x801C, 0x10C8, 0x7FA4, 0x11D7, 0x801C, 0x1220, 0x801C, 0x1197, 0x8054, 0x1083, 0x805D, 0x11F5, 0x8009, 0x1152, 0x7FDB, 
	0x1155, 0x808C, 0x10D8, 0x8000, 0x113D, 0x80E9, 0x10E3, 0x802E, 0x10D4, 0x8082, 0x1141, 0x801C, 0x105C, 0x804A, 0x104A, 0x80A8, 
	0x1128, 0x80A8, 0x0F7E, 0x8135, 0x10AB, 0x8054, 0x1195, 0x8079, 0x1043, 0x804A, 0x10A0, 0x8070, 0x0F73, 0x804A, 0x1106, 0x808C, 
	0x15D2, 0x8295, 0x162B, 0x8205, 0x1618, 0x81FC, 0x152E, 0x822C, 0x15D1, 0x8177, 0x15D6, 0x81DF, 0x15F0, 0x813E, 0x155A, 0x8219, 
	0x1551, 0x81CC, 0x15C2, 0x81C3, 0x15CF, 0x8135, 0x163A, 0x812B, 0x15B5, 0x818A, 0x15D9, 0x81CC, 0x159C, 0x819D, 0x1553, 0x8177, 
	0x1720, 0x8122, 0x16E1, 0x812B, 0x154A, 0x8135, 0x15A7, 0x813E, 0x1518, 0x80FC, 0x1557, 0x80D6, 0x153E, 0x80F3, 0x1686, 0x813E, 
	0x1648, 0x8164, 0x156C, 0x80F3, 0x15CE, 0x80C4, 0x1644, 0x80BA, 0x1551, 0x8118, 0x169C, 0x80B1, 0x161F, 0x80BA, 0x1589, 0x80A8, 
	0x15EA, 0x8013, 0x157C, 0x8095, 0x14B7, 0x80A8, 0x152E, 0x801C, 0x1566, 0x8082, 0x15A7, 0x8038, 0x1579, 0x804A, 0x14C1, 0x8082, 
	0x1585, 0x802E, 0x1555, 0x8025, 0x1538, 0x8041, 0x1515, 0x8000, 0x14B5, 0x8066, 0x1514, 0x808C, 0x1487, 0x804A, 0x14FE, 0x80F3, 
	0x148D, 0x8013, 0x13FF, 0x8041, 0x14F2, 0x8095, 0x1515, 0x7FED, 0x14B1, 0x802E, 0x15E7, 0x801C, 0x14B2, 0x8041, 0x146A, 0x8054, 
	0x1459, 0x8054, 0x1463, 0x8041, 0x14C5, 0x804A, 0x1341, 0x7FF7, 0x1375, 0x7FC9, 0x13B8, 0x8009, 0x13D9, 0x8009, 0x14A7, 0x8041, 
	0x13EE, 0x7FE4, 0x14E3, 0x801C, 0x1479, 0x7FC9, 0x1364, 0x8013, 0x1335, 0x7F91, 0x1389, 0x8000, 0x1458, 0x7F91, 0x1399, 0x8038, 
	0x133F, 0x7F9A, 0x13E2, 0x8082, 0x1334, 0x8038, 0x13D7, 0x7FDB, 0x12BD, 0x7FD2, 0x13A8, 0x8041, 0x136D, 0x7F9A, 0x129D, 0x7FED, 
	0x133B, 0x7F7F, 0x120F, 0x8000, 0x12F3, 0x7FDB, 0x11C3, 0x8025, 0x11CB, 0x7F6C, 0x12C2, 0x7F48, 0x123E, 0x7FC9, 0x1359, 0x7F7F, 
	0x11EE, 0x7FC9, 0x1238, 0x7F7F, 0x131F, 0x7FBF, 0x128E, 0x7F88, 0x133D, 0x7F48, 0x1200, 0x7FE4, 0x12FD, 0x7F51, 0x12DB, 0x7F88, 
	0x118B, 0x7F2C, 0x1261, 0x7F7F, 0x12D5, 0x7F51, 0x1350, 0x7F51, 0x1246, 0x7F48, 0x12AE, 0x7F76, 0x127D, 0x7F23, 0x123F, 0x7F76, 
	0x126C, 0x7F9A, 0x132F, 0x7F76, 0x1220, 0x7F51, 0x12BB, 0x7EF6, 0x12B7, 0x7F9A, 0x1372, 0x7F23, 0x13AB, 0x7F23, 0x1322, 0x7F9A, 
	0x1235, 0x7EF6, 0x12EB, 0x7F2C, 0x12D5, 0x7F36, 0x1337, 0x7F3F, 0x120F, 0x7FAD, 0x127F, 0x7EF6, 0x125B, 0x7E80, 0x1359, 0x7F1A, 
	0x12C6, 0x7EDA, 0x1327, 0x7F23, 0x1362, 0x7EFF, 0x1350, 0x7E80, 0x12FF, 0x7ED1, 0x12BE, 0x7F11, 0x134B, 0x7F36, 0x137B, 0x7F36, 
	0x123A, 0x7EB6, 0x12C2, 0x7E77, 0x12BF, 0x7ED1, 0x1349, 0x7F2C, 0x12DF, 0x7E89, 0x1373, 0x7E2E, 0x12D1, 0x7E1C, 0x1366, 0x7E80, 
	0x1382, 0x7E9B, 0x1424, 0x7EB6, 0x13D1, 0x7E9B, 0x13DD, 0x7E80, 0x1413, 0x7E6D, 0x147A, 0x7EAD, 0x1409, 0x7EC8, 0x144D, 0x7F08, 
	0x1524, 0x7E5B, 0x1453, 0x7EBF, 0x1439, 0x7F11, 0x13DC, 0x7E77, 0x1457, 0x7EF6, 0x141B, 0x7E6D, 0x1462, 0x7EAD, 0x1453, 0x7EEC, 
	0x14FB, 0x7EDA, 0x1468, 0x7F23, 0x14F6, 0x7EAD, 0x156A, 0x7E89, 0x1489, 0x7EDA, 0x153D, 0x7E92, 0x13AD, 0x7EA4, 0x14AF, 0x7E77, 
	0x13E7, 0x7DD5, 0x1490, 0x7EF6, 0x13F6, 0x7E89, 0x1446, 0x7EEC, 0x1430, 0x7EB6, 0x1357, 0x7EA4, 0x13CF, 0x7EA4, 0x1588, 0x7ED1, 
	0x144D, 0x7F1A, 0x14F4, 0x7EAD, 0x141A, 0x7E77, 0x14E9, 0x7E9B, 0x143B, 0x7EA4, 0x13BE, 0x7EF6, 0x1476, 0x7EEC, 0x146A, 0x7EC8, 
	0x13E6, 0x7EAD, 0x139E, 0x7EA4, 0x13BF, 0x7F08, 0x1499, 0x7EBF, 0x1424, 0x7F11, 0x1473, 0x7EAD, 0x13D7, 0x7ED1, 0x1426, 0x7F08, 
	0x13F7, 0x7EC8, 0x13B0, 0x7F3F, 0x1495, 0x7F5A, 0x143D, 0x7F1A, 0x13C7, 0x7EEC, 0x1352, 0x7F48, 0x13DA, 0x7F6C, 0x13B1, 0x7F7F, 
	0x12A7, 0x7F5A, 0x14B1, 0x7F5A, 0x13EF, 0x7F9A, 0x13A5, 0x7F5A, 0x12BE, 0x7F2C, 0x1353, 0x7F11, 0x1329, 0x7F48, 0x13DF, 0x7FAD, 
	0x133F, 0x7F51, 0x1341, 0x7F36, 0x1423, 0x7F63, 0x13D7, 0x7F08, 0x1394, 0x7F91, 0x135F, 0x7F88, 0x12B2, 0x8013, 0x1309, 0x7F88, 
	0x1400, 0x7F7F, 0x1350, 0x7F91, 0x1311, 0x7FDB, 0x124C, 0x7FB6, 0x11F3, 0x7F88, 0x131C, 0x7FD2, 0x1269, 0x7FAD, 0x1284, 0x7FB6, 
	0x13AB, 0x8025, 0x11D2, 0x7FC9, 0x123E, 0x7F3F, 0x12BA, 0x7FAD, 0x1262, 0x7FE4, 0x126F, 0x8009, 0x12CD, 0x801C, 0x12D0, 0x8009, 
	0x128B, 0x7FBF, 0x1323, 0x7FED, 0x10E4, 0x8095, 0x1189, 0x7FED, 0x12BF, 0x7FF7, 0x12B6, 0x802E, 0x1285, 0x7FF7, 0x11A3, 0x8054, 
	0x11E9, 0x7FED, 0x1276, 0x7FDB, 0x11DF, 0x8000, 0x1158, 0x7F91, 0x110E, 0x802E, 0x11E8, 0x8070, 0x117B, 0x8009, 0x1049, 0x8082, 
	0x114B, 0x808C, 0x1110, 0x7FC9, 0x10F8, 0x8066, 0x1128, 0x8070, 0x109F, 0x8079, 0x1169, 0x8013, 0x10B7, 0x8000, 0x1127, 0x8054, 
	0x1086, 0x8000, 0x1044, 0x8082, 0x11DF, 0x8066, 0x1015, 0x7F91, 0x10BC, 0x809E, 0x11AF, 0x8054, 0x108B, 0x80A8, 0x10E4, 0x8079, 
	0x0FAC, 0x8013, 0x114B, 0x80CD, 0x1118, 0x80A8, 0x1038, 0x80FC, 0x1050, 0x80CD, 0x10F6, 0x8082, 0x10A5, 0x8079, 0x1170, 0x80E9, 
	0x1071, 0x8118, 0x107C, 0x8095, 0x1101, 0x8079, 0x116A, 0x8038, 0x1229, 0x80CD, 0x1148, 0x8151, 0x11FB, 0x8135, 0x10EE, 0x808C, 
	0x1145, 0x8082, 0x10CF, 0x80F3, 0x10EE, 0x8135, 0x1137, 0x80E9, 0x1098, 0x80D6, 0x11BC, 0x8041, 0x11C6, 0x808C, 0x1107, 0x815A, 
	0x1188, 0x80E0, 0x10F4, 0x812B, 0x1226, 0x809E, 0x11BF, 0x8095, 0x11E8, 0x80E9, 0x11D0, 0x8118, 0x10C5, 0x810F, 0x1149, 0x80BA, 
	0x1187, 0x8122, 0x11A9, 0x809E, 0x11F4, 0x818A, 0x11CE, 0x8147, 0x10E2, 0x80CD, 0x11B0, 0x8147, 0x1106, 0x80BA, 0x1138, 0x8164, 
	0x1131, 0x818A, 0x1183, 0x80E0, 0x1118, 0x8151, 0x11EC, 0x8151, 0x10E8, 0x8193, 0x10BF, 0x8151, 0x1200, 0x8180, 0x11EB, 0x816D, 
	0x11AF, 0x8147, 0x10E2, 0x80E9, 0x1164, 0x8135, 0x1179, 0x8122, 0x10A5, 0x8177, 0x118D, 0x8151, 0x1127, 0x815A, 0x1169, 0x8164, 
	0x125D, 0x8151, 0x119E, 0x8177, 0x125C, 0x81A6, 0x121C, 0x818A, 0x117F, 0x818A, 0x12DC, 0x81CC, 0x1282, 0x8147, 0x1363, 0x819D, 
	0x126E, 0x819D, 0x117F, 0x8105, 0x1254, 0x8151, 0x123A, 0x80E9, 0x1159, 0x8180, 0x11B0, 0x81A6, 0x1264, 0x8151, 0x12DC, 0x8177, 
	0x1293, 0x81D6, 0x1379, 0x820F, 0x1174, 0x8205, 0x1259, 0x8177, 0x1321, 0x8177, 0x12C1, 0x81DF, 0x135A, 0x81DF, 0x1333, 0x820F, 
	0x12BB, 0x815A, 0x1268, 0x81D6, 0x1218, 0x8205, 0x12D9, 0x819D, 0x12CC, 0x8205, 0x12A2, 0x81E9, 0x12DC, 0x8147, 0x13B3, 0x815A, 
	0x13C9, 0x81A6, 0x13EA, 0x8235, 0x143E, 0x81A6, 0x13DA, 0x820F, 0x1404, 0x81D6, 0x13BC, 0x820F, 0x1393, 0x81D6, 0x13C3, 0x8219, 
	0x12D8, 0x81FC, 0x1366, 0x8193, 0x1301, 0x823F, 0x12E8, 0x822C, 0x132A, 0x8252, 0x1480, 0x81CC, 0x13A7, 0x8222, 0x1306, 0x820F, 
	0x136D, 0x8265, 0x13A5, 0x81F2, 0x1325, 0x8295, 0x1307, 0x819D, 0x1315, 0x8222, 0x1388, 0x826F, 0x1379, 0x826F, 0x12A5, 0x82D9, 
	0x133D, 0x82A9, 0x13D0, 0x8265, 0x1379, 0x83C3, 0x13C2, 0x82D9, 0x1330, 0x82EC, 0x13E6, 0x82A9, 0x13CE, 0x8265, 0x14E2, 0x82F6, 
	0x1540, 0x82F6, 0x13FD, 0x833A, 0x14E1, 0x83A6, 0x13F5, 0x8300, 0x1574, 0x8408, 0x14A9, 0x8408, 0x15D2, 0x8295, 0x162B, 0x8205, 
	0x1618, 0x81FC, 0x152E, 0x822C, 0x15D1, 0x8177, 0x15D6, 0x81DF, 0x15F0, 0x813E, 0x155A, 0x8219, 0x1551, 0x81CC, 0x15C2, 0x81C3, 
	0x15CF, 0x8135, 0x163A, 0x812B, 0x15B5, 0x818A, 0x15D9, 0x81CC, 0x159C, 0x819D, 0x1553, 0x8177, 0x1720, 0x8122, 0x16E1, 0x812B, 
	0x154A, 0x8135, 0x15A7, 0x813E, 0x1518, 0x80FC, 0x1557, 0x80D6, 0x153E, 0x80F3, 0x1686, 0x813E, 0x1648, 0x8164, 0x156C, 0x80F3, 
	0x15CE, 0x80C4, 0x1644, 0x80BA, 0x1551, 0x8118, 0x169C, 0x80B1, 0x161F, 0x80BA, 0x1589, 0x80A8, 0x15EA, 0x8013, 0x157C, 0x8095, 
	0x14B7, 0x80A8, 0x152E, 0x801C, 0x1566, 0x8082, 0x15A7, 0x8038, 0x1579, 0x804A, 0x14C1, 0x8082, 0x1585, 0x802E, 0x1555, 0x8025, 
	0x1538, 0x8041, 0x1515, 0x8000, 0x14B5, 0x8066, 0x1514, 0x808C, 0x1487, 0x804A, 0x14FE, 0x80F3, 0x148D, 0x8013, 0x13FF, 0x8041, 
	0x14F2, 0x8095, 0x1515, 0x7FED, 0x14B1, 0x802E, 0x15E7, 0x801C, 0x14B2, 0x8041, 0x146A, 0x8054, 0x1459, 0x8054, 0x1463, 0x8041, 
	0x14C5, 0x804A, 0x1341, 0x7FF7, 0x1375, 0x7FC9, 0x13B8, 0x8009, 0x13D9, 0x8009, 0x14A7, 0x8041, 0x13EE, 0x7FE4, 0x14E3, 0x801C, 
	0x1479, 0x7FC9, 0x1364, 0x8013, 0x1335, 0x7F91, 0x1389, 0x8000, 0x1458, 0x7F91, 0x1399, 0x8038, 0x133F, 0x7F9A, 0x13E2, 0x8082, 
	0x1334, 0x8038, 0x13D7, 0x7FDB, 0x12BD, 0x7FD2, 0x13A8, 0x8041, 0x136D, 0x7F9A, 0x129D, 0x7FED, 0x133B, 0x7F7F, 0x120F, 0x8000, 
	0x12F3, 0x7FDB, 0x11C3, 0x8025, 0x11CB, 0x7F6C, 0x12C2, 0x7F48, 0x123E, 0x7FC9, 0x1359, 0x7F7F, 0x11EE, 0x7FC9, 0x1238, 0x7F7F, 
	0x131F, 0x7FBF, 0x128E, 0x7F88, 0x133D, 0x7F48, 0x1200, 0x7FE4, 0x12FD, 0x7F51, 0x12DB, 0x7F88, 0x118B, 0x7F2C, 0x1261, 0x7F7F, 
	0x12D5, 0x7F51, 0x1350, 0x7F51, 0x1246, 0x7F48, 0x12AE, 0x7F76, 0x127D, 0x7F23, 0x123F, 0x7F76, 0x126C, 0x7F9A, 0x132F, 0x7F76, 
	0x1220, 0x7F51, 0x12BB, 0x7EF6, 0x12B7, 0x7F9A, 0x1372, 0x7F23, 0x13AB, 0x7F23, 0x1322, 0x7F9A, 0x1235, 0x7EF6, 0x12EB, 0x7F2C, 
	0x12D5, 0x7F36, 0x1337, 0x7F3F, 0x120F, 0x7FAD, 0x127F, 0x7EF6, 0x125B, 0x7E80, 0x1359, 0x7F1A, 0x12C6, 0x7EDA, 0x1327, 0x7F23, 
	0x1362, 0x7EFF, 0x1350, 0x7E80, 0x12FF, 0x7ED1, 0x12BE, 0x7F11, 0x134B, 0x7F36, 0x137B, 0x7F36, 0x123A, 0x7EB6, 0x12C2, 0x7E77, 
	0x12BF, 0x7ED1, 0x1349, 0x7F2C, 0x12DF, 0x7E89, 0x1373, 0x7E2E, 0x12D1, 0x7E1C, 0x1366, 0x7E80, 0x1382, 0x7E9B, 0x1424, 0x7EB6, 
	0x13D1, 0x7E9B, 0x13DD, 0x7E80, 0x1413, 0x7E6D, 0x147A, 0x7EAD, 0x1409, 0x7EC8, 0x144D, 0x7F08, 0x1524, 0x7E5B, 0x1453, 0x7EBF, 
	0x1439, 0x7F11, 0x13DC, 0x7E77, 0x1457, 0x7EF6, 0x141B, 0x7E6D, 0x1462, 0x7EAD, 0x1453, 0x7EEC, 0x14FB, 0x7EDA, 0x1468, 0x7F23, 
	0x14F6, 0x7EAD, 0x156A, 0x7E89, 0x1489, 0x7EDA, 0x153D, 0x7E92, 0x13AD, 0x7EA4, 0x14AF, 0x7E77, 0x13E7, 0x7DD5, 0x1490, 0x7EF6, 
	0x13F6, 0x7E89, 0x1446, 0x7EEC, 0x1430, 0x7EB6, 0x1357, 0x7EA4, 0x13CF, 0x7EA4, 0x1588, 0x7ED1, 0x144D, 0x7F1A, 0x14F4, 0x7EAD, 
	0x141A, 0x7E77, 0x14E9, 0x7E9B, 0x143B, 0x7EA4, 0x13BE, 0x7EF6, 0x1476, 0x7EEC, 0x146A, 0x7EC8, 0x13E6, 0x7EAD, 0x139E, 0x7EA4, 
	0x13BF, 0x7F08, 0x1499, 0x7EBF, 0x1424, 0x7F11, 0x1473, 0x7EAD, 0x13D7, 0x7ED1, 0x1426, 0x7F08, 0x13F7, 0x7EC8, 0x13B0, 0x7F3F, 
	0x1495, 0x7F5A, 0x143D, 0x7F1A, 0x13C7, 0x7EEC, 0x1352, 0x7F48, 0x13DA, 0x7F6C, 0x13B1, 0x7F7F, 0x12A7, 0x7F5A, 0x14B1, 0x7F5A, 
	0x13EF, 0x7F9A, 0x13A5, 0x7F5A, 0x12BE, 0x7F2C, 0x1353, 0x7F11, 0x1329, 0x7F48, 0x13DF, 0x7FAD, 0x133F, 0x7F51, 0x1341, 0x7F36, 
	0x1423, 0x7F63, 0x13D7, 0x7F08, 0x1394, 0x7F91, 0x135F, 0x7F88, 0x12B2, 0x8013, 0x1309, 0x7F88, 0x1400, 0x7F7F, 0x1350, 0x7F91, 
	0x1311, 0x7FDB, 0x124C, 0x7FB6, 0x11F3, 0x7F88, 0x131C, 0x7FD2, 0x1269, 0x7FAD, 0x1284, 0x7FB6, 0x13AB, 0x8025, 0x11D2, 0x7FC9, 
	0x123E, 0x7F3F, 0x12BA, 0x7FAD, 0x1262, 0x7FE4, 0x126F, 0x8009, 0x12CD, 0x801C, 0x12D0, 0x8009, 0x128B, 0x7FBF, 0x1323, 0x7FED, 
	0x10E4, 0x8095, 0x1189, 0x7FED, 0x12BF, 0x7FF7, 0x12B6, 0x802E, 0x1285, 0x7FF7, 0x11A3, 0x8054, 0x11E9, 0x7FED, 0x1276, 0x7FDB, 
	0x11DF, 0x8000, 0x1158, 0x7F91, 0x110E, 0x802E, 0x11E8, 0x8070, 0x117B, 0x8009, 0x1049, 0x8082, 0x114B, 0x808C, 0x1110, 0x7FC9, 
	0x10F8, 0x8066, 0x1128, 0x8070, 0x109F, 0x8079, 0x1169, 0x8013, 0x10B7, 0x8000, 0x1127, 0x8054, 0x1086, 0x8000, 0x1044, 0x8082, 
	0x11DF, 0x8066, 0x1015, 0x7F91, 0x10BC, 0x809E, 0x11AF, 0x8054, 0x108B, 0x80A8, 0x10E4, 0x8079, 0x0FAC, 0x8013, 0x114B, 0x80CD, 
	0x1605, 0x823F, 0x15E2, 0x8265, 0x1608, 0x8279, 0x155C, 0x81DF, 0x1565, 0x81C3, 0x1533, 0x81FC, 0x162B, 0x819D, 0x15EE, 0x81FC, 
	0x14DB, 0x81B9, 0x1556, 0x820F, 0x1573, 0x8193, 0x1664, 0x813E, 0x15DF, 0x816D, 0x15D3, 0x822C, 0x154C, 0x8147, 0x14F8, 0x81A6, 
	0x174A, 0x8147, 0x171E, 0x8151, 0x15FD, 0x81F2, 0x15AD, 0x81A6, 0x15CE, 0x80C4, 0x1558, 0x815A, 0x1539, 0x8118, 0x162F, 0x81D6, 
	0x164C, 0x8164, 0x15E9, 0x8135, 0x1551, 0x80BA, 0x1666, 0x8105, 0x1538, 0x813E, 0x164D, 0x8118, 0x1593, 0x80E0, 0x1583, 0x8066, 
	0x1650, 0x809E, 0x15C8, 0x80FC, 0x152C, 0x815A, 0x1545, 0x804A, 0x15B6, 0x7FED, 0x15C3, 0x8070, 0x1576, 0x80D6, 0x154A, 0x80E9, 
	0x157C, 0x8066, 0x1537, 0x8013, 0x154C, 0x8066, 0x1589, 0x80C4, 0x1512, 0x804A, 0x14EB, 0x80F3, 0x13F6, 0x804A, 0x152E, 0x802E, 
	0x1446, 0x8066, 0x148D, 0x804A, 0x1464, 0x809E, 0x1535, 0x8066, 0x14FB, 0x8009, 0x15CB, 0x8000, 0x148A, 0x8009, 0x1454, 0x8066, 
	0x1462, 0x804A, 0x13AE, 0x8025, 0x1485, 0x805D, 0x137A, 0x8013, 0x13A1, 0x7FAD, 0x132B, 0x809E, 0x140B, 0x8041, 0x1444, 0x8041, 
	0x136D, 0x8038, 0x14A4, 0x8025, 0x13D2, 0x7FD2, 0x1396, 0x802E, 0x133E, 0x7FD2, 0x13CD, 0x7FDB, 0x1401, 0x7FF7, 0x1346, 0x7F88, 
	0x12A3, 0x7FB6, 0x13ED, 0x8041, 0x1303, 0x7FD2, 0x13E7, 0x7FDB, 0x12A5, 0x7FE4, 0x1388, 0x805D, 0x1361, 0x7FBF, 0x11FC, 0x801C, 
	0x12C6, 0x7F7F, 0x12DA, 0x7FBF, 0x12ED, 0x7FBF, 0x11C4, 0x8013, 0x11CA, 0x7FDB, 0x1271, 0x7F88, 0x1287, 0x7FC9, 0x1331, 0x8025, 
	0x121F, 0x8009, 0x11DE, 0x7F23, 0x1255, 0x7FB6, 0x1258, 0x7FC9, 0x1322, 0x7F6C, 0x1219, 0x7FF7, 0x12A7, 0x7F2C, 0x12B2, 0x7FA4, 
	0x11C7, 0x7F6C, 0x1320, 0x7F36, 0x1241, 0x7FD2, 0x12F9, 0x7F7F, 0x121B, 0x804A, 0x12DC, 0x7F76, 0x1270, 0x7F76, 0x1200, 0x7FE4, 
	0x1212, 0x7F2C, 0x12D8, 0x7F36, 0x12E2, 0x7F76, 0x12C3, 0x7F3F, 0x1322, 0x7F91, 0x129F, 0x7F51, 0x1397, 0x7F3F, 0x123D, 0x7F9A, 
	0x123F, 0x7EAD, 0x1296, 0x7FC9, 0x121F, 0x7F6C, 0x1301, 0x7F88, 0x1266, 0x7F91, 0x12B7, 0x7F1A, 0x12BA, 0x7F36, 0x1341, 0x7F48, 
	0x12AC, 0x7ED1, 0x12F8, 0x7F1A, 0x135D, 0x7F08, 0x1373, 0x7EF6, 0x12DB, 0x7F1A, 0x128C, 0x7EFF, 0x12BA, 0x7EF6, 0x139B, 0x7EE3, 
	0x12C8, 0x7EE3, 0x126D, 0x7F23, 0x12E4, 0x7F6C, 0x134A, 0x7F9A, 0x12ED, 0x7E89, 0x1316, 0x7E80, 0x129A, 0x7E13, 0x136B, 0x7EC8, 
	0x1411, 0x7EC8, 0x13C1, 0x7EEC, 0x13DA, 0x7EA4, 0x1401, 0x7E40, 0x1433, 0x7EBF, 0x13F3, 0x7ED1, 0x13FB, 0x7EEC, 0x13B4, 0x7EF6, 
	0x147B, 0x7E92, 0x146F, 0x7EA4, 0x1496, 0x7F48, 0x13B2, 0x7E40, 0x13F9, 0x7EAD, 0x1448, 0x7E64, 0x13D0, 0x7EB6, 0x13FE, 0x7F2C, 
	0x1478, 0x7F36, 0x1474, 0x7E9B, 0x1495, 0x7EB6, 0x15BC, 0x7E92, 0x1482, 0x7F1A, 0x14EA, 0x7EF6, 0x1396, 0x7EB6, 0x1482, 0x7EA4, 
	0x14AA, 0x7EC8, 0x14A6, 0x7EEC, 0x1436, 0x7EF6, 0x13E1, 0x7F08, 0x13F2, 0x7E5B, 0x131D, 0x7EAD, 0x1448, 0x7EBF, 0x1521, 0x7F1A, 
	0x1457, 0x7F11, 0x1462, 0x7EDA, 0x14A5, 0x7EFF, 0x144B, 0x7F36, 0x1446, 0x7EB6, 0x13D8, 0x7EF6, 0x14AB, 0x7E9B, 0x1434, 0x7EC8, 
	0x143D, 0x7F11, 0x13D8, 0x7EF6, 0x1494, 0x7F9A, 0x1504, 0x7F11, 0x141E, 0x7EB6, 0x1472, 0x7E9B, 0x13F2, 0x7F11, 0x1424, 0x7F11, 
	0x137A, 0x7ED1, 0x13F7, 0x7F1A, 0x14C4, 0x7F11, 0x146E, 0x7F51, 0x139F, 0x7F48, 0x1328, 0x7FB6, 0x13F0, 0x7F63, 0x139C, 0x7F76, 
	0x1295, 0x7F51, 0x143A, 0x7F08, 0x13B9, 0x7FBF, 0x13B0, 0x7F63, 0x12EA, 0x7F3F, 0x12CD, 0x7F11, 0x132F, 0x7EFF, 0x13B3, 0x7F7F, 
	0x1344, 0x7FA4, 0x12F2, 0x7FD2, 0x1328, 0x7FA4, 0x130E, 0x7F7F, 0x130A, 0x7F51, 0x136B, 0x7F91, 0x127D, 0x7FB6, 0x131E, 0x7FC9, 
	0x13EC, 0x7F5A, 0x12AA, 0x8025, 0x1314, 0x7FD2, 0x1288, 0x7FDB, 0x11B9, 0x7F36, 0x1357, 0x7F7F, 0x132B, 0x7FED, 0x12A0, 0x8009, 
	0x13B2, 0x8066, 0x1220, 0x7FD2, 0x120C, 0x7F76, 0x12AD, 0x8009, 0x1204, 0x8038, 0x12E6, 0x8041, 0x12AF, 0x809E, 0x1322, 0x7FED, 
	0x1295, 0x7FE4, 0x1325, 0x8013, 0x114C, 0x80A8, 0x1136, 0x8025, 0x136D, 0x801C, 0x12AB, 0x8054, 0x1285, 0x804A, 0x122F, 0x8041, 
	0x11B1, 0x802E, 0x1211, 0x7FED, 0x11C5, 0x802E, 0x1116, 0x7FB6, 0x1133, 0x805D, 0x11E5, 0x8054, 0x10F2, 0x8025, 0x10A6, 0x801C, 
	0x1186, 0x8054, 0x111A, 0x802E, 0x10CC, 0x80BA, 0x113C, 0x801C, 0x1001, 0x808C, 0x1179, 0x801C, 0x107A, 0x8013, 0x11C0, 0x80E0, 
	0x1069, 0x8038, 0x0FF3, 0x8079, 0x1210, 0x8054, 0x10CD, 0x802E, 0x10B3, 0x80F3, 0x1158, 0x8054, 0x10AD, 0x8038, 0x1062, 0x801C, 
	0x0F79, 0x801C, 0x10B5, 0x808C, 0x10D7, 0x80B1, 0x107B, 0x80FC, 0x0FDE, 0x809E, 0x10F5, 0x809E, 0x1079, 0x80F3, 0x113B, 0x80CD, 
	0x1124, 0x8105, 0x112D, 0x80C4, 0x1130, 0x815A, 0x1124, 0x80D6, 0x123C, 0x8105, 0x111C, 0x80FC, 0x11C1, 0x80C4, 0x110B, 0x80D6, 
	0x10B3, 0x809E, 0x1098, 0x80FC, 0x10FE, 0x8180, 0x1174, 0x8122, 0x1049, 0x80C4, 0x117B, 0x8066, 0x11FE, 0x8105, 0x113E, 0x8135, 
	0x10F0, 0x8118, 0x1099, 0x80F3, 0x11CF, 0x809E, 0x11E9, 0x80BA, 0x11FF, 0x8135, 0x1211, 0x8105, 0x1081, 0x8135, 0x10E2, 0x8105, 
	0x11F3, 0x810F, 0x119A, 0x8118, 0x122A, 0x81C3, 0x11CC, 0x8147, 0x1160, 0x80D6, 0x11C0, 0x80D6, 0x113A, 0x812B, 0x1131, 0x813E, 
	0x10D9, 0x818A, 0x11B1, 0x80FC, 0x116D, 0x8135, 0x122A, 0x819D, 0x10EA, 0x819D, 0x1116, 0x81B9, 0x117F, 0x8135, 0x11D6, 0x8180, 
	0x11FD, 0x8164, 0x10B4, 0x8122, 0x1139, 0x81D6, 0x113F, 0x8177, 0x1101, 0x8180, 0x1157, 0x8177, 0x1124, 0x8177, 0x1147, 0x81B0, 
	0x12B0, 0x8180, 0x11E9, 0x8177, 0x1254, 0x820F, 0x11C9, 0x8219, 0x1166, 0x818A, 0x124E, 0x81A6, 0x1293, 0x81E9, 0x12FE, 0x812B, 
	0x1193, 0x819D, 0x117E, 0x813E, 0x127F, 0x81D6, 0x128A, 0x81A6, 0x1175, 0x8219, 0x11E7, 0x8164, 0x121D, 0x819D, 0x12E7, 0x81B0, 
	0x12D4, 0x8193, 0x1346, 0x8205, 0x11AC, 0x81FC, 0x12A9, 0x8147, 0x12CF, 0x81CC, 0x12BF, 0x81CC, 0x138B, 0x820F, 0x1392, 0x82F6, 
	0x1314, 0x81DF, 0x1242, 0x8219, 0x1271, 0x8252, 0x12D3, 0x81FC, 0x122D, 0x8222, 0x1324, 0x81B0, 0x1328, 0x81D6, 0x137D, 0x81D6, 
	0x1398, 0x8282, 0x13F7, 0x81F2, 0x1418, 0x81E9, 0x13A3, 0x820F, 0x136B, 0x8219, 0x1310, 0x8265, 0x13F2, 0x81DF, 0x13DC, 0x81D6, 
	0x1300, 0x8222, 0x12DA, 0x8205, 0x132C, 0x8252, 0x128F, 0x8248, 0x1306, 0x81A6, 0x146C, 0x81E9, 0x13BE, 0x8205, 0x1396, 0x82C6, 
	0x1291, 0x828C, 0x1376, 0x813E, 0x1384, 0x8219, 0x138A, 0x818A, 0x1304, 0x823F, 0x132C, 0x823F, 0x1371, 0x8235, 0x123D, 0x8309, 
	0x1372, 0x8327, 0x13A8, 0x829F, 0x1340, 0x83F4, 0x143B, 0x8295, 0x1393, 0x8300, 0x1412, 0x82BC, 0x1425, 0x82C6, 0x1482, 0x8327, 
	0x152F, 0x82B2, 0x1413, 0x8309, 0x1539, 0x833A, 0x13F8, 0x8330, 0x1504, 0x8439, 0x1484, 0x846B, 0x1605, 0x823F, 0x15E2, 0x8265, 
	0x1608, 0x8279, 0x155C, 0x81DF, 0x1565, 0x81C3, 0x1533, 0x81FC, 0x162B, 0x819D, 0x15EE, 0x81FC, 0x14DB, 0x81B9, 0x1556, 0x820F, 
	0x1573, 0x8193, 0x1664, 0x813E, 0x15DF, 0x816D, 0x15D3, 0x822C, 0x154C, 0x8147, 0x14F8, 0x81A6, 0x174A, 0x8147, 0x171E, 0x8151, 
	0x15FD, 0x81F2, 0x15AD, 0x81A6, 0x15CE, 0x80C4, 0x1558, 0x815A, 0x1539, 0x8118, 0x162F, 0x81D6, 0x164C, 0x8164, 0x15E9, 0x8135, 
	0x1551, 0x80BA, 0x1666, 0x8105, 0x1538, 0x813E, 0x164D, 0x8118, 0x1593, 0x80E0, 0x1583, 0x8066, 0x1650, 0x809E, 0x15C8, 0x80FC, 
	0x152C, 0x815A, 0x1545, 0x804A, 0x15B6, 0x7FED, 0x15C3, 0x8070, 0x1576, 0x80D6, 0x154A, 0x80E9, 0x157C, 0x8066, 0x1537, 0x8013, 
	0x154C, 0x8066, 0x1589, 0x80C4, 0x1512, 0x804A, 0x14EB, 0x80F3, 0x13F6, 0x804A, 0x152E, 0x802E, 0x1446, 0x8066, 0x148D, 0x804A, 
	0x1464, 0x809E, 0x1535, 0x8066, 0x14FB, 0x8009, 0x15CB, 0x8000, 0x148A, 0x8009, 0x1454, 0x8066, 0x1462, 0x804A, 0x13AE, 0x8025, 
	0x1485, 0x805D, 0x137A, 0x8013, 0x13A1, 0x7FAD, 0x132B, 0x809E, 0x140B, 0x8041, 0x1444, 0x8041, 0x136D, 0x8038, 0x14A4, 0x8025, 
	0x13D2, 0x7FD2, 0x1396, 0x802E, 0x133E, 0x7FD2, 0x13CD, 0x7FDB, 0x1401, 0x7FF7, 0x1346, 0x7F88, 0x12A3, 0x7FB6, 0x13ED, 0x8041, 
	0x1303, 0x7FD2, 0x13E7, 0x7FDB, 0x12A5, 0x7FE4, 0x1388, 0x805D, 0x1361, 0x7FBF, 0x11FC, 0x801C, 0x12C6, 0x7F7F, 0x12DA, 0x7FBF, 
	0x12ED, 0x7FBF, 0x11C4, 0x8013, 0x11CA, 0x7FDB, 0x1271, 0x7F88, 0x1287, 0x7FC9, 0x1331, 0x8025, 0x121F, 0x8009, 0x11DE, 0x7F23, 
	0x1255, 0x7FB6, 0x1258, 0x7FC9, 0x1322, 0x7F6C, 0x1219, 0x7FF7, 0x12A7, 0x7F2C, 0x12B2, 0x7FA4, 0x11C7, 0x7F6C, 0x1320, 0x7F36, 
	0x1241, 0x7FD2, 0x12F9, 0x7F7F, 0x121B, 0x804A, 0x12DC, 0x7F76, 0x1270, 0x7F76, 0x1200, 0x7FE4, 0x1212, 0x7F2C, 0x12D8, 0x7F36, 
	0x12E2, 0x7F76, 0x12C3, 0x7F3F, 0x1322, 0x7F91, 0x129F, 0x7F51, 0x1397, 0x7F3F, 0x123D, 0x7F9A, 0x123F, 0x7EAD, 0x1296, 0x7FC9, 
	0x121F, 0x7F6C, 0x1301, 0x7F88, 0x1266, 0x7F91, 0x12B7, 0x7F1A, 0x12BA, 0x7F36, 0x1341, 0x7F48, 0x12AC, 0x7ED1, 0x12F8, 0x7F1A, 
	0x135D, 0x7F08, 0x1373, 0x7EF6, 0x12DB, 0x7F1A, 0x128C, 0x7EFF, 0x12BA, 0x7EF6, 0x139B, 0x7EE3, 0x12C8, 0x7EE3, 0x126D, 0x7F23, 
	0x12E4, 0x7F6C, 0x134A, 0x7F9A, 0x12ED, 0x7E89, 0x1316, 0x7E80, 0x129A, 0x7E13, 0x136B, 0x7EC8, 0x1411, 0x7EC8, 0x13C1, 0x7EEC, 
	0x13DA, 0x7EA4, 0x1401, 0x7E40, 0x1433, 0x7EBF, 0x13F3, 0x7ED1, 0x13FB, 0x7EEC, 0x13B4, 0x7EF6, 0x147B, 0x7E92, 0x146F, 0x7EA4, 
	0x1496, 0x7F48, 0x13B2, 0x7E40, 0x13F9, 0x7EAD, 0x1448, 0x7E64, 0x13D0, 0x7EB6, 0x13FE, 0x7F2C, 0x1478, 0x7F36, 0x1474, 0x7E9B, 
	0x1495, 0x7EB6, 0x15BC, 0x7E92, 0x1482, 0x7F1A, 0x14EA, 0x7EF6, 0x1396, 0x7EB6, 0x1482, 0x7EA4, 0x14AA, 0x7EC8, 0x14A6, 0x7EEC, 
	0x1436, 0x7EF6, 0x13E1, 0x7F08, 0x13F2, 0x7E5B, 0x131D, 0x7EAD, 0x1448, 0x7EBF, 0x1521, 0x7F1A, 0x1457, 0x7F11, 0x1462, 0x7EDA, 
	0x14A5, 0x7EFF, 0x144B, 0x7F36, 0x1446, 0x7EB6, 0x13D8, 0x7EF6, 0x14AB, 0x7E9B, 0x1434, 0x7EC8, 0x143D, 0x7F11, 0x13D8, 0x7EF6, 
	0x1494, 0x7F9A, 0x1504, 0x7F11, 0x141E, 0x7EB6, 0x1472, 0x7E9B, 0x13F2, 0x7F11, 0x1424, 0x7F11, 0x137A, 0x7ED1, 0x13F7, 0x7F1A, 
	0x14C4, 0x7F11, 0x146E, 0x7F51, 0x139F, 0x7F48, 0x1328, 0x7FB6, 0x13F0, 0x7F63, 0x139C, 0x7F76, 0x1295, 0x7F51, 0x143A, 0x7F08, 
	0x13B9, 0x7FBF, 0x13B0, 0x7F63, 0x12EA, 0x7F3F, 0x12CD, 0x7F11, 0x132F, 0x7EFF, 0x13B3, 0x7F7F, 0x1344, 0x7FA4, 0x12F2, 0x7FD2, 
	0x1328, 0x7FA4, 0x130E, 0x7F7F, 0x130A, 0x7F51, 0x136B, 0x7F91, 0x127D, 0x7FB6, 0x131E, 0x7FC9, 0x13EC, 0x7F5A, 0x12AA, 0x8025, 
	0x1314, 0x7FD2, 0x1288, 0x7FDB, 0x11B9, 0x7F36, 0x1357, 0x7F7F, 0x132B, 0x7FED, 0x12A0, 0x8009, 0x13B2, 0x8066, 0x1220, 0x7FD2, 
	0x120C, 0x7F76, 0x12AD, 0x8009, 0x1204, 0x8038, 0x12E6, 0x8041, 0x12AF, 0x809E, 0x1322, 0x7FED, 0x1295, 0x7FE4, 0x1325, 0x8013, 
	0x114C, 0x80A8, 0x1136, 0x8025, 0x136D, 0x801C, 0x12AB, 0x8054, 0x1285, 0x804A, 0x122F, 0x8041, 0x11B1, 0x802E, 0x1211, 0x7FED, 
	0x11C5, 0x802E, 0x1116, 0x7FB6, 0x1133, 0x805D, 0x11E5, 0x8054, 0x10F2, 0x8025, 0x10A6, 0x801C, 0x1186, 0x8054, 0x111A, 0x802E, 
	0x10CC, 0x80BA, 0x113C, 0x801C, 0x1001, 0x808C, 0x1179, 0x801C, 0x107A, 0x8013, 0x11C0, 0x80E0, 0x1069, 0x8038, 0x0FF3, 0x8079, 
	0x1210, 0x8054, 0x10CD, 0x802E, 0x10B3, 0x80F3, 0x1158, 0x8054, 0x10AD, 0x8038, 0x1062, 0x801C, 0x0F79, 0x801C, 0x10B5, 0x808C, 
	0x1653, 0x820F, 0x15F1, 0x8265, 0x1615, 0x81E9, 0x1597, 0x8222, 0x15A2, 0x8193, 0x1576, 0x81C3, 0x15D7, 0x81CC, 0x14C8, 0x81DF, 
	0x1557, 0x818A, 0x14FC, 0x81C3, 0x157B, 0x8151, 0x1676, 0x816D, 0x159A, 0x813E, 0x15F7, 0x81E9, 0x1576, 0x8135, 0x154B, 0x8180, 
	0x168C, 0x812B, 0x16E3, 0x8205, 0x1592, 0x818A, 0x162B, 0x816D, 0x156B, 0x80C4, 0x15BB, 0x8105, 0x1599, 0x8180, 0x1618, 0x813E, 
	0x159E, 0x80D6, 0x1591, 0x8118, 0x154F, 0x80E0, 0x1672, 0x8118, 0x156C, 0x8105, 0x16ED, 0x80F3, 0x14C1, 0x8079, 0x14E6, 0x8025, 
	0x1614, 0x80B1, 0x158E, 0x808C, 0x1513, 0x80F3, 0x152C, 0x8082, 0x14BE, 0x7FC9, 0x1592, 0x8082, 0x1544, 0x8079, 0x145F, 0x80C4, 
	0x14DA, 0x8070, 0x1585, 0x804A, 0x14E1, 0x8025, 0x14C3, 0x8054, 0x1578, 0x7FF7, 0x1482, 0x80D6, 0x1455, 0x804A, 0x14E4, 0x8025, 
	0x1498, 0x8079, 0x143E, 0x802E, 0x151B, 0x8079, 0x1561, 0x802E, 0x14CB, 0x804A, 0x157D, 0x7FD2, 0x146E, 0x8041, 0x14E5, 0x8013, 
	0x146B, 0x8038, 0x138B, 0x8054, 0x14AA, 0x8079, 0x1374, 0x8054, 0x1358, 0x8000, 0x1485, 0x8041, 0x14C9, 0x801C, 0x14C6, 0x8041, 
	0x1359, 0x805D, 0x1440, 0x7FF7, 0x1493, 0x7F91, 0x141F, 0x7FBF, 0x136B, 0x7FA4, 0x1377, 0x7FED, 0x1363, 0x7F9A, 0x1353, 0x7FDB, 
	0x137C, 0x7FF7, 0x140D, 0x8038, 0x1342, 0x8009, 0x1455, 0x7FF7, 0x1268, 0x7FD2, 0x13B3, 0x8000, 0x13B3, 0x7FB6, 0x12BC, 0x7F91, 
	0x12B8, 0x7F1A, 0x131C, 0x7F9A, 0x1365, 0x7FA4, 0x12C3, 0x801C, 0x1145, 0x7FA4, 0x132A, 0x7F36, 0x1251, 0x7FB6, 0x12E1, 0x7FAD, 
	0x1286, 0x7FED, 0x11D7, 0x7EE3, 0x1324, 0x7F11, 0x12BE, 0x7FB6, 0x1304, 0x7F51, 0x12D0, 0x7FE4, 0x121D, 0x7F91, 0x1277, 0x7F6C, 
	0x1261, 0x7F76, 0x11CC, 0x7F36, 0x11E0, 0x7F5A, 0x12AE, 0x7F88, 0x1312, 0x7ED1, 0x1374, 0x7FF7, 0x127A, 0x7F08, 0x11BF, 0x7FAD, 
	0x11A8, 0x7F76, 0x132D, 0x7EDA, 0x127D, 0x7F5A, 0x1315, 0x7F5A, 0x12C6, 0x7F2C, 0x1293, 0x7F6C, 0x137F, 0x7EBF, 0x11FD, 0x7F3F, 
	0x12BD, 0x7F51, 0x12AD, 0x7F6C, 0x122B, 0x7F51, 0x1346, 0x7EC8, 0x12EB, 0x7EB6, 0x1291, 0x7F3F, 0x12DF, 0x7F2C, 0x1388, 0x7F5A, 
	0x1359, 0x7EBF, 0x12F4, 0x7EF6, 0x1311, 0x7EF6, 0x133F, 0x7E9B, 0x132D, 0x7EF6, 0x12A2, 0x7EF6, 0x136B, 0x7F08, 0x137A, 0x7EEC, 
	0x1376, 0x7EAD, 0x1306, 0x7EF6, 0x12EF, 0x7E92, 0x12EA, 0x7EF6, 0x132C, 0x7E92, 0x139A, 0x7EA4, 0x12F0, 0x7EAD, 0x1375, 0x7E49, 
	0x1392, 0x7E9B, 0x1422, 0x7EE3, 0x13F7, 0x7EAD, 0x1436, 0x7EE3, 0x13C9, 0x7E6D, 0x1372, 0x7EA4, 0x1459, 0x7EC8, 0x1414, 0x7EDA, 
	0x14BA, 0x7EC8, 0x142B, 0x7E80, 0x13FE, 0x7EEC, 0x140A, 0x7EBF, 0x1464, 0x7EAD, 0x1438, 0x7E5B, 0x1418, 0x7E6D, 0x14D5, 0x7E89, 
	0x13F2, 0x7EF6, 0x14DD, 0x7E92, 0x14D9, 0x7EB6, 0x15B1, 0x7EDA, 0x139A, 0x7EFF, 0x14AD, 0x7F11, 0x13F3, 0x7EAD, 0x14E8, 0x7E52, 
	0x1487, 0x7E6D, 0x1453, 0x7EBF, 0x1438, 0x7F08, 0x13A8, 0x7EAD, 0x1480, 0x7E5B, 0x1307, 0x7E80, 0x14E5, 0x7EC8, 0x1514, 0x7F11, 
	0x1445, 0x7F11, 0x14F9, 0x7EBF, 0x141C, 0x7EFF, 0x156A, 0x7F51, 0x14F8, 0x7E92, 0x1475, 0x7ED1, 0x1457, 0x7E9B, 0x1470, 0x7E92, 
	0x1499, 0x7EDA, 0x13C6, 0x7EF6, 0x145C, 0x7EC8, 0x14C7, 0x7EAD, 0x140D, 0x7EAD, 0x13E0, 0x7F11, 0x1378, 0x7ED1, 0x1347, 0x7F08, 
	0x1390, 0x7EDA, 0x13A9, 0x7EB6, 0x14A3, 0x7F11, 0x1432, 0x7F36, 0x134F, 0x7F08, 0x1381, 0x7F76, 0x139C, 0x7F36, 0x13BE, 0x7F76, 
	0x12FE, 0x7F91, 0x13D8, 0x7F51, 0x1356, 0x7F7F, 0x1392, 0x7FAD, 0x1226, 0x7F5A, 0x1330, 0x7F76, 0x1364, 0x7EC8, 0x1334, 0x7F7F, 
	0x1388, 0x7FD2, 0x13A8, 0x7F88, 0x133D, 0x7F23, 0x1306, 0x7F7F, 0x1276, 0x7F63, 0x1379, 0x7F88, 0x1305, 0x7FAD, 0x1255, 0x7F5A, 
	0x1427, 0x7FDB, 0x1312, 0x7FA4, 0x135D, 0x7FBF, 0x1303, 0x7FD2, 0x11E1, 0x7F63, 0x13C0, 0x7F88, 0x131F, 0x7FB6, 0x1233, 0x7F76, 
	0x133A, 0x8095, 0x114C, 0x7FDB, 0x1205, 0x7FA4, 0x134D, 0x7FF7, 0x12AC, 0x8009, 0x134A, 0x8082, 0x1231, 0x8066, 0x12C8, 0x7FA4, 
	0x124A, 0x7FC9, 0x135A, 0x7FE4, 0x1191, 0x8070, 0x1111, 0x7FDB, 0x12C8, 0x7F9A, 0x12BF, 0x8013, 0x12CC, 0x801C, 0x1218, 0x802E, 
	0x119D, 0x8038, 0x11CC, 0x7FB6, 0x121C, 0x80A8, 0x11A2, 0x7FA4, 0x116D, 0x801C, 0x1205, 0x8070, 0x10CC, 0x8009, 0x109E, 0x8038, 
	0x1180, 0x8025, 0x1193, 0x801C, 0x1087, 0x8079, 0x1098, 0x802E, 0x0FF2, 0x7FED, 0x1182, 0x8066, 0x1107, 0x8066, 0x10EE, 0x8079, 
	0x10E8, 0x802E, 0x1027, 0x801C, 0x10FA, 0x8082, 0x1090, 0x7FED, 0x103A, 0x80C4, 0x116E, 0x80B1, 0x10AD, 0x802E, 0x113C, 0x80B1, 
	0x0FB0, 0x8066, 0x1101, 0x80A8, 0x1070, 0x8082, 0x10D0, 0x80E0, 0x10D8, 0x8079, 0x1029, 0x80FC, 0x1042, 0x80D6, 0x10F9, 0x810F, 
	0x1187, 0x812B, 0x104E, 0x80A8, 0x113B, 0x8105, 0x11F7, 0x80A8, 0x12A8, 0x8105, 0x1174, 0x8105, 0x1144, 0x80F3, 0x1048, 0x80D6, 
	0x10F8, 0x80F3, 0x108D, 0x810F, 0x1157, 0x8151, 0x11BF, 0x80FC, 0x10CE, 0x80FC, 0x10E3, 0x80C4, 0x11C1, 0x8118, 0x110F, 0x8105, 
	0x10FD, 0x80E9, 0x10D9, 0x809E, 0x124F, 0x80CD, 0x11A1, 0x8135, 0x115E, 0x80BA, 0x11F0, 0x8180, 0x112A, 0x8118, 0x1131, 0x813E, 
	0x11A6, 0x80F3, 0x125D, 0x8135, 0x11A6, 0x81B9, 0x11EA, 0x812B, 0x113B, 0x808C, 0x113F, 0x8122, 0x10D3, 0x80FC, 0x11AF, 0x8122, 
	0x1103, 0x815A, 0x11C3, 0x80F3, 0x11BF, 0x8180, 0x129D, 0x818A, 0x1188, 0x8164, 0x11A8, 0x8147, 0x11C8, 0x812B, 0x11AA, 0x81B0, 
	0x1274, 0x8122, 0x1078, 0x8164, 0x111F, 0x813E, 0x1146, 0x8177, 0x110E, 0x8135, 0x1168, 0x8164, 0x1204, 0x81B0, 0x1131, 0x8151, 
	0x12FD, 0x8164, 0x11B4, 0x8177, 0x1177, 0x816D, 0x11B2, 0x818A, 0x118F, 0x8193, 0x1211, 0x81B0, 0x12CE, 0x8193, 0x1337, 0x815A, 
	0x11F5, 0x81CC, 0x1281, 0x812B, 0x1288, 0x8222, 0x12D3, 0x81D6, 0x11C3, 0x81D6, 0x11E7, 0x8151, 0x1207, 0x8135, 0x1301, 0x8205, 
	0x12AA, 0x81F2, 0x1382, 0x81FC, 0x1186, 0x815A, 0x1264, 0x8164, 0x12F2, 0x818A, 0x12B5, 0x81F2, 0x13B2, 0x0000, 0x133A, 0x0000, 
	0x1335, 0x8265, 0x1274, 0x81CC, 0x12DF, 0x81FC, 0x13CA, 0x8222, 0x1215, 0x819D, 0x12E9, 0x81A6, 0x12F1, 0x81A6, 0x13D3, 0x81F2, 
	0x13EF, 0x8282, 0x1416, 0x81DF, 0x1497, 0x825C, 0x1336, 0x8219, 0x138E, 0x81B9, 0x12C0, 0x8252, 0x1398, 0x81B0, 0x132D, 0x8235, 
	0x1378, 0x81D6, 0x13C0, 0x81CC, 0x133B, 0x8248, 0x13B2, 0x822C, 0x1313, 0x8193, 0x1469, 0x8279, 0x140B, 0x81F2, 0x1353, 0x8265, 
	0x12D7, 0x829F, 0x13A6, 0x81CC, 0x1395, 0x82B2, 0x13CA, 0x8248, 0x12F9, 0x8252, 0x12DF, 0x826F, 0x1327, 0x8252, 0x12AF, 0x829F, 
	0x13AA, 0x82EC, 0x13DF, 0x82D9, 0x1327, 0x831D, 0x13B6, 0x82C6, 0x137C, 0x82E3, 0x1395, 0x82B2, 0x13CC, 0x8300, 0x1483, 0x82EC, 
	0x1486, 0x8279, 0x1462, 0x837E, 0x14E2, 0x82E3, 0x1484, 0x83CD, 0x14A0, 0x841B, 0x14EC, 0x8412, 0x1653, 0x820F, 0x15F1, 0x8265, 
	0x1615, 0x81E9, 0x1597, 0x8222, 0x15A2, 0x8193, 0x1576, 0x81C3, 0x15D7, 0x81CC, 0x14C8, 0x81DF, 0x1557, 0x818A, 0x14FC, 0x81C3, 
	0x157B, 0x8151, 0x1676, 0x816D, 0x159A, 0x813E, 0x15F7, 0x81E9, 0x1576, 0x8135, 0x154B, 0x8180, 0x168C, 0x812B, 0x16E3, 0x8205, 
	0x1592, 0x818A, 0x162B, 0x816D, 0x156B, 0x80C4, 0x15BB, 0x8105, 0x1599, 0x8180, 0x1618, 0x813E, 0x159E, 0x80D6, 0x1591, 0x8118, 
	0x154F, 0x80E0, 0x1672, 0x8118, 0x156C, 0x8105, 0x16ED, 0x80F3, 0x14C1, 0x8079, 0x14E6, 0x8025, 0x1614, 0x80B1, 0x158E, 0x808C, 
	0x1513, 0x80F3, 0x152C, 0x8082, 0x14BE, 0x7FC9, 0x1592, 0x8082, 0x1544, 0x8079, 0x145F, 0x80C4, 0x14DA, 0x8070, 0x1585, 0x804A, 
	0x14E1, 0x8025, 0x14C3, 0x8054, 0x1578, 0x7FF7, 0x1482, 0x80D6, 0x1455, 0x804A, 0x14E4, 0x8025, 0x1498, 0x8079, 0x143E, 0x802E, 
	0x151B, 0x8079, 0x1561, 0x802E, 0x14CB, 0x804A, 0x157D, 0x7FD2, 0x146E, 0x8041, 0x14E5, 0x8013, 0x146B, 0x8038, 0x138B, 0x8054, 
	0x14AA, 0x8079, 0x1374, 0x8054, 0x1358, 0x8000, 0x1485, 0x8041, 0x14C9, 0x801C, 0x14C6, 0x8041, 0x1359, 0x805D, 0x1440, 0x7FF7, 
	0x1493, 0x7F91, 0x141F, 0x7FBF, 0x136B, 0x7FA4, 0x1377, 0x7FED, 0x1363, 0x7F9A, 0x1353, 0x7FDB, 0x137C, 0x7FF7, 0x140D, 0x8038, 
	0x1342, 0x8009, 0x1455, 0x7FF7, 0x1268, 0x7FD2, 0x13B3, 0x8000, 0x13B3, 0x7FB6, 0x12BC, 0x7F91, 0x12B8, 0x7F1A, 0x131C, 0x7F9A, 
	0x1365, 0x7FA4, 0x12C3, 0x801C, 0x1145, 0x7FA4, 0x132A, 0x7F36, 0x1251, 0x7FB6, 0x12E1, 0x7FAD, 0x1286, 0x7FED, 0x11D7, 0x7EE3, 
	0x1324, 0x7F11, 0x12BE, 0x7FB6, 0x1304, 0x7F51, 0x12D0, 0x7FE4, 0x121D, 0x7F91, 0x1277, 0x7F6C, 0x1261, 0x7F76, 0x11CC, 0x7F36, 
	0x11E0, 0x7F5A, 0x12AE, 0x7F88, 0x1312, 0x7ED1, 0x1374, 0x7FF7, 0x127A, 0x7F08, 0x11BF, 0x7FAD, 0x11A8, 0x7F76, 0x132D, 0x7EDA, 
	0x127D, 0x7F5A, 0x1315, 0x7F5A, 0x12C6, 0x7F2C, 0x1293, 0x7F6C, 0x137F, 0x7EBF, 0x11FD, 0x7F3F, 0x12BD, 0x7F51, 0x12AD, 0x7F6C, 
	0x122B, 0x7F51, 0x1346, 0x7EC8, 0x12EB, 0x7EB6, 0x1291, 0x7F3F, 0x12DF, 0x7F2C, 0x1388, 0x7F5A, 0x1359, 0x7EBF, 0x12F4, 0x7EF6, 
	0x1311, 0x7EF6, 0x133F, 0x7E9B, 0x132D, 0x7EF6, 0x12A2, 0x7EF6, 0x136B, 0x7F08, 0x137A, 0x7EEC, 0x1376, 0x7EAD, 0x1306, 0x7EF6, 
	0x12EF, 0x7E92, 0x12EA, 0x7EF6, 0x132C, 0x7E92, 0x139A, 0x7EA4, 0x12F0, 0x7EAD, 0x1375, 0x7E49, 0x1392, 0x7E9B, 0x1422, 0x7EE3, 
	0x13F7, 0x7EAD, 0x1436, 0x7EE3, 0x13C9, 0x7E6D, 0x1372, 0x7EA4, 0x1459, 0x7EC8, 0x1414, 0x7EDA, 0x14BA, 0x7EC8, 0x142B, 0x7E80, 
	0x13FE, 0x7EEC, 0x140A, 0x7EBF, 0x1464, 0x7EAD, 0x1438, 0x7E5B, 0x1418, 0x7E6D, 0x14D5, 0x7E89, 0x13F2, 0x7EF6, 0x14DD, 0x7E92, 
	0x14D9, 0x7EB6, 0x15B1, 0x7EDA, 0x139A, 0x7EFF, 0x14AD, 0x7F11, 0x13F3, 0x7EAD, 0x14E8, 0x7E52, 0x1487, 0x7E6D, 0x1453, 0x7EBF, 
	0x1438, 0x7F08, 0x13A8, 0x7EAD, 0x1480, 0x7E5B, 0x1307, 0x7E80, 0x14E5, 0x7EC8, 0x1514, 0x7F11, 0x1445, 0x7F11, 0x14F9, 0x7EBF, 
	0x141C, 0x7EFF, 0x156A, 0x7F51, 0x14F8, 0x7E92, 0x1475, 0x7ED1, 0x1457, 0x7E9B, 0x1470, 0x7E92, 0x1499, 0x7EDA, 0x13C6, 0x7EF6, 
	0x145C, 0x7EC8, 0x14C7, 0x7EAD, 0x140D, 0x7EAD, 0x13E0, 0x7F11, 0x1378, 0x7ED1, 0x1347, 0x7F08, 0x1390, 0x7EDA, 0x13A9, 0x7EB6, 
	0x14A3, 0x7F11, 0x1432, 0x7F36, 0x134F, 0x7F08, 0x1381, 0x7F76, 0x139C, 0x7F36, 0x13BE, 0x7F76, 0x12FE, 0x7F91, 0x13D8, 0x7F51, 
	0x1356, 0x7F7F, 0x1392, 0x7FAD, 0x1226, 0x7F5A, 0x1330, 0x7F76, 0x1364, 0x7EC8, 0x1334, 0x7F7F, 0x1388, 0x7FD2, 0x13A8, 0x7F88, 
	0x133D, 0x7F23, 0x1306, 0x7F7F, 0x1276, 0x7F63, 0x1379, 0x7F88, 0x1305, 0x7FAD, 0x1255, 0x7F5A, 0x1427, 0x7FDB, 0x1312, 0x7FA4, 
	0x135D, 0x7FBF, 0x1303, 0x7FD2, 0x11E1, 0x7F63, 0x13C0, 0x7F88, 0x131F, 0x7FB6, 0x1233, 0x7F76, 0x133A, 0x8095, 0x114C, 0x7FDB, 
	0x1205, 0x7FA4, 0x134D, 0x7FF7, 0x12AC, 0x8009, 0x134A, 0x8082, 0x1231, 0x8066, 0x12C8, 0x7FA4, 0x124A, 0x7FC9, 0x135A, 0x7FE4, 
	0x1191, 0x8070, 0x1111, 0x7FDB, 0x12C8, 0x7F9A, 0x12BF, 0x8013, 0x12CC, 0x801C, 0x1218, 0x802E, 0x119D, 0x8038, 0x11CC, 0x7FB6, 
	0x121C, 0x80A8, 0x11A2, 0x7FA4, 0x116D, 0x801C, 0x1205, 0x8070, 0x10CC, 0x8009, 0x109E, 0x8038, 0x1180, 0x8025, 0x1193, 0x801C, 
	0x1087, 0x8079, 0x1098, 0x802E, 0x0FF2, 0x7FED, 0x1182, 0x8066, 0x1107, 0x8066, 0x10EE, 0x8079, 0x10E8, 0x802E, 0x1027, 0x801C, 
	0x10FA, 0x8082, 0x1090, 0x7FED, 0x103A, 0x80C4, 0x116E, 0x80B1, 0x10AD, 0x802E, 0x113C, 0x80B1, 0x0FB0, 0x8066, 0x1101, 0x80A8, 
	0x15C6, 0x8279, 0x15AC, 0x8295, 0x1670, 0x823F, 0x159D, 0x822C, 0x157F, 0x81DF, 0x1562, 0x81E9, 0x15AF, 0x81A6, 0x14A9, 0x81CC, 
	0x14C6, 0x819D, 0x1522, 0x823F, 0x1586, 0x81E9, 0x164C, 0x818A, 0x151E, 0x80FC, 0x158C, 0x815A, 0x1529, 0x8122, 0x152D, 0x819D, 
	0x164E, 0x8164, 0x1682, 0x81B9, 0x15AE, 0x80FC, 0x1638, 0x81B9, 0x14F4, 0x8135, 0x1527, 0x812B, 0x1508, 0x810F, 0x15EA, 0x8135, 
	0x15B4, 0x815A, 0x15FD, 0x8164, 0x1531, 0x813E, 0x15DF, 0x80FC, 0x155D, 0x813E, 0x1634, 0x810F, 0x1547, 0x809E, 0x1542, 0x80FC, 
	0x15DF, 0x8082, 0x1591, 0x80B1, 0x14E8, 0x808C, 0x153F, 0x80C4, 0x15D0, 0x80E9, 0x157A, 0x80C4, 0x15C1, 0x8082, 0x14CD, 0x80E0, 
	0x150F, 0x8041, 0x157F, 0x8066, 0x14F2, 0x8079, 0x153C, 0x8070, 0x14E0, 0x801C, 0x1473, 0x8070, 0x144F, 0x8066, 0x148B, 0x8041, 
	0x142C, 0x8041, 0x13BA, 0x804A, 0x14CE, 0x8082, 0x1594, 0x8038, 0x14B6, 0x8066, 0x158F, 0x8041, 0x13C3, 0x8079, 0x14F5, 0x8000, 
	0x14B1, 0x805D, 0x1410, 0x8054, 0x1434, 0x808C, 0x134D, 0x805D, 0x1365, 0x8013, 0x1470, 0x8070, 0x1453, 0x8038, 0x14E8, 0x7F91, 
	0x139F, 0x8066, 0x146A, 0x802E, 0x1483, 0x8013, 0x1431, 0x804A, 0x133C, 0x7F9A, 0x1302, 0x8013, 0x139A, 0x7FE4, 0x13C7, 0x7FDB, 
	0x1373, 0x7FF7, 0x13D9, 0x7FD2, 0x1373, 0x8038, 0x1450, 0x7F9A, 0x1283, 0x7FDB, 0x13B9, 0x8082, 0x1321, 0x7FC9, 0x12B3, 0x7FD2, 
	0x1202, 0x7F88, 0x1304, 0x7FC9, 0x1290, 0x7FA4, 0x1216, 0x7FD2, 0x125D, 0x7F9A, 0x12AC, 0x7F51, 0x1266, 0x7FE4, 0x12F9, 0x7F91, 
	0x11F2, 0x7FA4, 0x11E6, 0x7F5A, 0x12FB, 0x7F1A, 0x1234, 0x7FDB, 0x12CD, 0x7F76, 0x12C7, 0x8013, 0x1256, 0x7F48, 0x12C4, 0x7F63, 
	0x10E3, 0x7F88, 0x1232, 0x7EFF, 0x1255, 0x7F23, 0x12F5, 0x7F9A, 0x12E0, 0x7F2C, 0x1360, 0x7FA4, 0x1260, 0x7F91, 0x1245, 0x7F7F, 
	0x114E, 0x7F6C, 0x12E7, 0x7EEC, 0x1293, 0x7F88, 0x130E, 0x7FAD, 0x127C, 0x7FAD, 0x127B, 0x7F5A, 0x131B, 0x7EEC, 0x123C, 0x7F63, 
	0x1340, 0x0000, 0x1287, 0x0000, 0x11C3, 0x7FB6, 0x12D4, 0x7F23, 0x12E1, 0x7F63, 0x12FF, 0x7F51, 0x1286, 0x7F48, 0x13AF, 0x7F51, 
	0x12BF, 0x7F11, 0x13D6, 0x7F23, 0x1337, 0x7F76, 0x1300, 0x7EE3, 0x1330, 0x7F2C, 0x11EF, 0x7EA4, 0x131A, 0x7F3F, 0x1315, 0x7F36, 
	0x12DC, 0x7F1A, 0x12D4, 0x7F3F, 0x12A8, 0x7EB6, 0x12F0, 0x7F11, 0x1375, 0x7EEC, 0x13A7, 0x7ED1, 0x1365, 0x7E89, 0x1348, 0x7EEC, 
	0x13A3, 0x7EFF, 0x13BE, 0x7F51, 0x140D, 0x7ED1, 0x13CA, 0x7EE3, 0x13C0, 0x7ED1, 0x1394, 0x7EDA, 0x144C, 0x7EB6, 0x141B, 0x7EB6, 
	0x14B8, 0x7E9B, 0x142C, 0x7E77, 0x136A, 0x7EE3, 0x1410, 0x7E9B, 0x145A, 0x7EFF, 0x13F5, 0x7EBF, 0x13FC, 0x7EC8, 0x14AE, 0x7EDA, 
	0x1438, 0x7F23, 0x151B, 0x7EFF, 0x1510, 0x7EAD, 0x1572, 0x7EEC, 0x139E, 0x7F36, 0x1433, 0x7F23, 0x141F, 0x7EBF, 0x1465, 0x7EAD, 
	0x13DA, 0x7EE3, 0x1386, 0x7E89, 0x1432, 0x7EC8, 0x137F, 0x7F08, 0x1494, 0x7E9B, 0x13E9, 0x7EE3, 0x1479, 0x7F48, 0x154E, 0x7EF6, 
	0x144B, 0x7EC8, 0x1574, 0x7EA4, 0x13C8, 0x7EFF, 0x1554, 0x7EFF, 0x1500, 0x7EEC, 0x1440, 0x7EB6, 0x1467, 0x7EEC, 0x14E9, 0x7EF6, 
	0x13E6, 0x7EFF, 0x13A9, 0x7EB6, 0x14D6, 0x7EE3, 0x14CC, 0x7EE3, 0x1440, 0x7F3F, 0x13D9, 0x7F1A, 0x13AA, 0x7EEC, 0x1306, 0x7F11, 
	0x132B, 0x7F1A, 0x1386, 0x7F08, 0x14FF, 0x7F36, 0x144F, 0x7FBF, 0x135D, 0x7F11, 0x138A, 0x7F9A, 0x137E, 0x7F7F, 0x13BE, 0x7F5A, 
	0x1346, 0x7F36, 0x1428, 0x7F11, 0x136E, 0x7F91, 0x1375, 0x7F5A, 0x126C, 0x7F1A, 0x12E2, 0x7F91, 0x1360, 0x7F23, 0x1359, 0x7F5A, 
	0x1349, 0x7F9A, 0x1359, 0x7F08, 0x133F, 0x7F5A, 0x132C, 0x7F9A, 0x12BA, 0x7F88, 0x139E, 0x8000, 0x1326, 0x7F9A, 0x1277, 0x7F91, 
	0x13F9, 0x7FA4, 0x12E1, 0x8000, 0x12D2, 0x8000, 0x132F, 0x7FB6, 0x1229, 0x7FE4, 0x1401, 0x7FB6, 0x132D, 0x7FC9, 0x11D9, 0x7FC9, 
	0x1347, 0x801C, 0x1145, 0x7F91, 0x122D, 0x802E, 0x134B, 0x8066, 0x1250, 0x8000, 0x12C1, 0x8009, 0x12B3, 0x802E, 0x1291, 0x7F9A, 
	0x1283, 0x7FDB, 0x13AC, 0x8038, 0x1122, 0x804A, 0x111C, 0x7FE4, 0x129F, 0x7F91, 0x1254, 0x8041, 0x1299, 0x8013, 0x11C2, 0x8082, 
	0x11DE, 0x8079, 0x11A8, 0x7FC9, 0x11EF, 0x80E0, 0x11AF, 0x801C, 0x119E, 0x8038, 0x11D7, 0x8079, 0x1127, 0x8009, 0x108B, 0x802E, 
	0x11BC, 0x80A8, 0x115A, 0x8038, 0x108C, 0x805D, 0x10D2, 0x8013, 0x107C, 0x80BA, 0x1154, 0x8082, 0x112C, 0x8095, 0x1121, 0x8041, 
	0x10CF, 0x8041, 0x1068, 0x8041, 0x10F5, 0x80F3, 0x104B, 0x809E, 0x1002, 0x80B1, 0x114A, 0x8041, 0x1106, 0x8041, 0x1176, 0x8105, 
	0x1054, 0x804A, 0x10E5, 0x813E, 0x1070, 0x8082, 0x10DE, 0x80D6, 0x109D, 0x81CC, 0x1040, 0x8135, 0x1071, 0x8147, 0x1111, 0x809E, 
	0x119D, 0x80F3, 0x10DD, 0x80E0, 0x10CF, 0x8118, 0x1215, 0x80F3, 0x1274, 0x813E, 0x1116, 0x80A8, 0x117A, 0x8147, 0x107E, 0x80B1, 
	0x1113, 0x813E, 0x10AF, 0x816D, 0x1128, 0x80F3, 0x1140, 0x80F3, 0x10F8, 0x8118, 0x108D, 0x80E0, 0x11F2, 0x8135, 0x1092, 0x8122, 
	0x10A3, 0x80CD, 0x10AB, 0x8122, 0x127F, 0x8118, 0x11AD, 0x80FC, 0x1170, 0x809E, 0x118F, 0x818A, 0x112B, 0x813E, 0x1121, 0x8105, 
	0x1153, 0x80C4, 0x120A, 0x80FC, 0x11E6, 0x8135, 0x1209, 0x8180, 0x1110, 0x812B, 0x1157, 0x81C3, 0x117C, 0x80F3, 0x115A, 0x8118, 
	0x1094, 0x816D, 0x11B2, 0x813E, 0x113D, 0x81B9, 0x1196, 0x8180, 0x114B, 0x8135, 0x11A5, 0x815A, 0x11BA, 0x818A, 0x1206, 0x81E9, 
	0x1209, 0x81A6, 0x108D, 0x81E9, 0x117F, 0x8177, 0x1119, 0x8193, 0x105D, 0x816D, 0x1164, 0x8164, 0x11B8, 0x819D, 0x115F, 0x810F, 
	0x12BB, 0x81B0, 0x11FD, 0x81B0, 0x120A, 0x81B0, 0x11E4, 0x81C3, 0x11AA, 0x81A6, 0x125E, 0x8180, 0x12DA, 0x81FC, 0x12EA, 0x8164, 
	0x122B, 0x820F, 0x1278, 0x818A, 0x122E, 0x81B9, 0x1258, 0x81F2, 0x11EE, 0x81B9, 0x1220, 0x8222, 0x11DC, 0x8177, 0x1277, 0x8248, 
	0x1290, 0x81F2, 0x13C5, 0x823F, 0x110C, 0x8180, 0x12AF, 0x81CC, 0x1334, 0x81FC, 0x126D, 0x81F2, 0x130A, 0x8235, 0x12E8, 0x8330, 
	0x1365, 0x81A6, 0x1289, 0x81C3, 0x126C, 0x8235, 0x1377, 0x81A6, 0x1237, 0x81DF, 0x131E, 0x81F2, 0x134E, 0x8222, 0x1434, 0x81B9, 
	0x1453, 0x8222, 0x13A1, 0x8219, 0x14C9, 0x8219, 0x13CB, 0x820F, 0x13EF, 0x826F, 0x130E, 0x823F, 0x13D1, 0x8222, 0x1300, 0x820F, 
	0x1348, 0x8235, 0x13FE, 0x8205, 0x1357, 0x8265, 0x139F, 0x8295, 0x131D, 0x8248, 0x1472, 0x822C, 0x1435, 0x8252, 0x1322, 0x81DF, 
	0x1337, 0x8282, 0x1336, 0x8219, 0x1301, 0x82C6, 0x1422, 0x8252, 0x12AE, 0x82A9, 0x12FC, 0x823F, 0x1343, 0x8295, 0x12A5, 0x83A6, 
	0x1390, 0x8344, 0x13E5, 0x82CF, 0x1345, 0x82F6, 0x1390, 0x826F, 0x13C9, 0x82F6, 0x1398, 0x8300, 0x1414, 0x8313, 0x147F, 0x834E, 
	0x14D6, 0x82CF, 0x146A, 0x8344, 0x14E7, 0x8375, 0x1457, 0x8330, 0x1471, 0x8439, 0x149C, 0x847E, 0x15C6, 0x8279, 0x15AC, 0x8295, 
	0x1670, 0x823F, 0x159D, 0x822C, 0x157F, 0x81DF, 0x1562, 0x81E9, 0x15AF, 0x81A6, 0x14A9, 0x81CC, 0x14C6, 0x819D, 0x1522, 0x823F, 
	0x1586, 0x81E9, 0x164C, 0x818A, 0x151E, 0x80FC, 0x158C, 0x815A, 0x1529, 0x8122, 0x152D, 0x819D, 0x164E, 0x8164, 0x1682, 0x81B9, 
	0x15AE, 0x80FC, 0x1638, 0x81B9, 0x14F4, 0x8135, 0x1527, 0x812B, 0x1508, 0x810F, 0x15EA, 0x8135, 0x15B4, 0x815A, 0x15FD, 0x8164, 
	0x1531, 0x813E, 0x15DF, 0x80FC, 0x155D, 0x813E, 0x1634, 0x810F, 0x1547, 0x809E, 0x1542, 0x80FC, 0x15DF, 0x8082, 0x1591, 0x80B1, 
	0x14E8, 0x808C, 0x153F, 0x80C4, 0x15D0, 0x80E9, 0x157A, 0x80C4, 0x15C1, 0x8082, 0x14CD, 0x80E0, 0x150F, 0x8041, 0x157F, 0x8066, 
	0x14F2, 0x8079, 0x153C, 0x8070, 0x14E0, 0x801C, 0x1473, 0x8070, 0x144F, 0x8066, 0x148B, 0x8041, 0x142C, 0x8041, 0x13BA, 0x804A, 
	0x14CE, 0x8082, 0x1594, 0x8038, 0x14B6, 0x8066, 0x158F, 0x8041, 0x13C3, 0x8079, 0x14F5, 0x8000, 0x14B1, 0x805D, 0x1410, 0x8054, 
	0x1434, 0x808C, 0x134D, 0x805D, 0x1365, 0x8013, 0x1470, 0x8070, 0x1453, 0x8038, 0x14E8, 0x7F91, 0x139F, 0x8066, 0x146A, 0x802E, 
	0x1483, 0x8013, 0x1431, 0x804A, 0x133C, 0x7F9A, 0x1302, 0x8013, 0x139A, 0x7FE4, 0x13C7, 0x7FDB, 0x1373, 0x7FF7, 0x13D9, 0x7FD2, 
	0x1373, 0x8038, 0x1450, 0x7F9A, 0x1283, 0x7FDB, 0x13B9, 0x8082, 0x1321, 0x7FC9, 0x12B3, 0x7FD2, 0x1202, 0x7F88, 0x1304, 0x7FC9, 
	0x1290, 0x7FA4, 0x1216, 0x7FD2, 0x125D, 0x7F9A, 0x12AC, 0x7F51, 0x1266, 0x7FE4, 0x12F9, 0x7F91, 0x11F2, 0x7FA4, 0x11E6, 0x7F5A, 
	0x12FB, 0x7F1A, 0x1234, 0x7FDB, 0x12CD, 0x7F76, 0x12C7, 0x8013, 0x1256, 0x7F48, 0x12C4, 0x7F63, 0x10E3, 0x7F88, 0x1232, 0x7EFF, 
	0x1255, 0x7F23, 0x12F5, 0x7F9A, 0x12E0, 0x7F2C, 0x1360, 0x7FA4, 0x1260, 0x7F91, 0x1245, 0x7F7F, 0x114E, 0x7F6C, 0x12E7, 0x7EEC, 
	0x1293, 0x7F88, 0x130E, 0x7FAD, 0x127C, 0x7FAD, 0x127B, 0x7F5A, 0x131B, 0x7EEC, 0x123C, 0x7F63, 0x1340, 0x0000, 0x1287, 0x0000, 
	0x11C3, 0x7FB6, 0x12D4, 0x7F23, 0x12E1, 0x7F63, 0x12FF, 0x7F51, 0x1286, 0x7F48, 0x13AF, 0x7F51, 0x12BF, 0x7F11, 0x13D6, 0x7F23, 
	0x1337, 0x7F76, 0x1300, 0x7EE3, 0x1330, 0x7F2C, 0x11EF, 0x7EA4, 0x131A, 0x7F3F, 0x1315, 0x7F36, 0x12DC, 0x7F1A, 0x12D4, 0x7F3F, 
	0x12A8, 0x7EB6, 0x12F0, 0x7F11, 0x1375, 0x7EEC, 0x13A7, 0x7ED1, 0x1365, 0x7E89, 0x1348, 0x7EEC, 0x13A3, 0x7EFF, 0x13BE, 0x7F51, 
	0x140D, 0x7ED1, 0x13CA, 0x7EE3, 0x13C0, 0x7ED1, 0x1394, 0x7EDA, 0x144C, 0x7EB6, 0x141B, 0x7EB6, 0x14B8, 0x7E9B, 0x142C, 0x7E77, 
	0x136A, 0x7EE3, 0x1410, 0x7E9B, 0x145A, 0x7EFF, 0x13F5, 0x7EBF, 0x13FC, 0x7EC8, 0x14AE, 0x7EDA, 0x1438, 0x7F23, 0x151B, 0x7EFF, 
	0x1510, 0x7EAD, 0x1572, 0x7EEC, 0x139E, 0x7F36, 0x1433, 0x7F23, 0x141F, 0x7EBF, 0x1465, 0x7EAD, 0x13DA, 0x7EE3, 0x1386, 0x7E89, 
	0x1432, 0x7EC8, 0x137F, 0x7F08, 0x1494, 0x7E9B, 0x13E9, 0x7EE3, 0x1479, 0x7F48, 0x154E, 0x7EF6, 0x144B, 0x7EC8, 0x1574, 0x7EA4, 
	0x13C8, 0x7EFF, 0x1554, 0x7EFF, 0x1500, 0x7EEC, 0x1440, 0x7EB6, 0x1467, 0x7EEC, 0x14E9, 0x7EF6, 0x13E6, 0x7EFF, 0x13A9, 0x7EB6, 
	0x14D6, 0x7EE3, 0x14CC, 0x7EE3, 0x1440, 0x7F3F, 0x13D9, 0x7F1A, 0x13AA, 0x7EEC, 0x1306, 0x7F11, 0x132B, 0x7F1A, 0x1386, 0x7F08, 
	0x14FF, 0x7F36, 0x144F, 0x7FBF, 0x135D, 0x7F11, 0x138A, 0x7F9A, 0x137E, 0x7F7F, 0x13BE, 0x7F5A, 0x1346, 0x7F36, 0x1428, 0x7F11, 
	0x136E, 0x7F91, 0x1375, 0x7F5A, 0x126C, 0x7F1A, 0x12E2, 0x7F91, 0x1360, 0x7F23, 0x1359, 0x7F5A, 0x1349, 0x7F9A, 0x1359, 0x7F08, 
	0x133F, 0x7F5A, 0x132C, 0x7F9A, 0x12BA, 0x7F88, 0x139E, 0x8000, 0x1326, 0x7F9A, 0x1277, 0x7F91, 0x13F9, 0x7FA4, 0x12E1, 0x8000, 
	0x12D2, 0x8000, 0x132F, 0x7FB6, 0x1229, 0x7FE4, 0x1401, 0x7FB6, 0x132D, 0x7FC9, 0x11D9, 0x7FC9, 0x1347, 0x801C, 0x1145, 0x7F91, 
	0x122D, 0x802E, 0x134B, 0x8066, 0x1250, 0x8000, 0x12C1, 0x8009, 0x12B3, 0x802E, 0x1291, 0x7F9A, 0x1283, 0x7FDB, 0x13AC, 0x8038, 
	0x1122, 0x804A, 0x111C, 0x7FE4, 0x129F, 0x7F91, 0x1254, 0x8041, 0x1299, 0x8013, 0x11C2, 0x8082, 0x11DE, 0x8079, 0x11A8, 0x7FC9, 
	0x11EF, 0x80E0, 0x11AF, 0x801C, 0x119E, 0x8038, 0x11D7, 0x8079, 0x1127, 0x8009, 0x108B, 0x802E, 0x11BC, 0x80A8, 0x115A, 0x8038, 
	0x108C, 0x805D, 0x10D2, 0x8013, 0x107C, 0x80BA, 0x1154, 0x8082, 0x112C, 0x8095, 0x1121, 0x8041, 0x10CF, 0x8041, 0x1068, 0x8041, 
	0x10F5, 0x80F3, 0x104B, 0x809E, 0x1002, 0x80B1, 0x114A, 0x8041, 0x1106, 0x8041, 0x1176, 0x8105, 0x1054, 0x804A, 0x10E5, 0x813E, 
	0x154C, 0x825C, 0x1629, 0x828C, 0x156D, 0x81E9, 0x15CF, 0x8205, 0x151F, 0x81DF, 0x1586, 0x81CC, 0x1596, 0x820F, 0x154A, 0x81D6, 
	0x156D, 0x8164, 0x15C8, 0x81CC, 0x1627, 0x8135, 0x1662, 0x81D6, 0x15E8, 0x81B0, 0x1621, 0x818A, 0x163D, 0x810F, 0x1554, 0x81DF, 
	0x1635, 0x8122, 0x16ED, 0x816D, 0x15A8, 0x812B, 0x1641, 0x819D, 0x157B, 0x8177, 0x15BE, 0x80E0, 0x15FD, 0x8105, 0x1620, 0x80E9, 
	0x15F0, 0x80CD, 0x15B3, 0x80FC, 0x1623, 0x80D6, 0x15A5, 0x8105, 0x1560, 0x80BA, 0x165E, 0x80B1, 0x15E4, 0x80B1, 0x1514, 0x808C, 
	0x15ED, 0x805D, 0x15F1, 0x80C4, 0x1510, 0x80CD, 0x1545, 0x80CD, 0x15FF, 0x804A, 0x15E0, 0x8070, 0x1622, 0x808C, 0x1543, 0x809E, 
	0x158C, 0x805D, 0x164A, 0x8066, 0x14AC, 0x8070, 0x154B, 0x80BA, 0x1514, 0x804A, 0x1469, 0x804A, 0x145F, 0x8070, 0x154A, 0x809E, 
	0x1443, 0x8013, 0x1488, 0x8041, 0x1523, 0x802E, 0x1603, 0x8054, 0x14BB, 0x8041, 0x1544, 0x7FF7, 0x1494, 0x8038, 0x14C8, 0x8054, 
	0x14FC, 0x802E, 0x14EE, 0x801C, 0x14DF, 0x7FC9, 0x1381, 0x8095, 0x1460, 0x7FDB, 0x14FE, 0x8013, 0x145B, 0x7FE4, 0x14FD, 0x8025, 
	0x135E, 0x7FF7, 0x1540, 0x8041, 0x14A7, 0x7FDB, 0x14A9, 0x8038, 0x1429, 0x7FAD, 0x1419, 0x7FD2, 0x13F5, 0x7FF7, 0x1385, 0x7FE4, 
	0x132D, 0x7FB6, 0x1494, 0x7FD2, 0x13B4, 0x7FE4, 0x144C, 0x7FE4, 0x1362, 0x7FE4, 0x13F7, 0x8009, 0x13B3, 0x7FE4, 0x12B6, 0x7FB6, 
	0x1290, 0x7F7F, 0x1435, 0x801C, 0x1388, 0x7FDB, 0x1326, 0x7FE4, 0x1267, 0x7FBF, 0x1319, 0x7F88, 0x12E7, 0x7FC9, 0x1364, 0x7F9A, 
	0x1330, 0x7F88, 0x1220, 0x7F5A, 0x139D, 0x7F6C, 0x12EC, 0x7FC9, 0x1428, 0x7F51, 0x12B7, 0x7FC9, 0x1347, 0x7EFF, 0x1331, 0x7F91, 
	0x1220, 0x7FBF, 0x12F6, 0x7F63, 0x1217, 0x7F5A, 0x136A, 0x7FAD, 0x13BC, 0x7EF6, 0x137E, 0x7F11, 0x12BB, 0x7F7F, 0x1252, 0x7FBF, 
	0x12E3, 0x7F1A, 0x1311, 0x7F36, 0x1250, 0x7F63, 0x131E, 0x7FE4, 0x12E6, 0x7EF6, 0x12B7, 0x7F36, 0x1386, 0x7F63, 0x1306, 0x7F63, 
	0x1376, 0x7F63, 0x12FB, 0x7FBF, 0x1265, 0x7F36, 0x1341, 0x7F36, 0x130D, 0x7F7F, 0x12E4, 0x7FA4, 0x12CD, 0x7F11, 0x1341, 0x7EF6, 
	0x12AE, 0x7ED1, 0x13A4, 0x7EEC, 0x1398, 0x7F11, 0x12FF, 0x7E80, 0x1413, 0x7F36, 0x12D6, 0x7E77, 0x13A8, 0x7EF6, 0x13E6, 0x7EB6, 
	0x1291, 0x7EDA, 0x1369, 0x7ED1, 0x12D6, 0x7EBF, 0x13D9, 0x7ED1, 0x12ED, 0x7EBF, 0x13D7, 0x7EB6, 0x1327, 0x7E89, 0x13B0, 0x7E89, 
	0x14CF, 0x7EAD, 0x13EB, 0x7EC8, 0x1424, 0x7EE3, 0x13C9, 0x7EDA, 0x1429, 0x7EA4, 0x13F6, 0x7E80, 0x1496, 0x7EC8, 0x1430, 0x7EAD, 
	0x14C8, 0x7EA4, 0x1518, 0x7EC8, 0x1413, 0x7E6D, 0x14DE, 0x7E92, 0x1595, 0x7E92, 0x14BD, 0x7EEC, 0x13F3, 0x7EC8, 0x14F3, 0x7E77, 
	0x14AD, 0x7EAD, 0x14DE, 0x7EEC, 0x14FF, 0x7E5B, 0x1635, 0x7F11, 0x14E9, 0x7E49, 0x151D, 0x7EB6, 0x1453, 0x7EFF, 0x14C8, 0x7EDA, 
	0x1474, 0x7E92, 0x14AE, 0x7EE3, 0x1470, 0x7E9B, 0x14C9, 0x7EFF, 0x149E, 0x7EB6, 0x1379, 0x7EAD, 0x1468, 0x7EC8, 0x15A5, 0x7E40, 
	0x14F5, 0x7F23, 0x158A, 0x7ED1, 0x145F, 0x7F2C, 0x15BB, 0x7EF6, 0x14BA, 0x7EAD, 0x148F, 0x7F1A, 0x1476, 0x7EB6, 0x14E1, 0x7ED1, 
	0x1404, 0x7EAD, 0x143C, 0x7F51, 0x1447, 0x7EFF, 0x1518, 0x7EEC, 0x1479, 0x7F9A, 0x1460, 0x7EAD, 0x144D, 0x7EDA, 0x145F, 0x7E80, 
	0x14F9, 0x7F11, 0x13DF, 0x7F11, 0x154C, 0x7F2C, 0x1491, 0x7F48, 0x13F9, 0x7F1A, 0x1385, 0x7F2C, 0x13BC, 0x7FB6, 0x13A1, 0x7F2C, 
	0x1367, 0x7F48, 0x140F, 0x7F7F, 0x13A4, 0x7F76, 0x1365, 0x7F36, 0x1257, 0x7F1A, 0x1336, 0x7F48, 0x13F8, 0x7F08, 0x1383, 0x7F5A, 
	0x1332, 0x8066, 0x143D, 0x7F5A, 0x13E6, 0x7F88, 0x1309, 0x7F6C, 0x13EC, 0x7FA4, 0x134D, 0x7FC9, 0x133C, 0x7F9A, 0x12E7, 0x7FE4, 
	0x1444, 0x7FB6, 0x13FA, 0x7FED, 0x13B9, 0x7FB6, 0x1352, 0x7FAD, 0x1283, 0x7F5A, 0x140A, 0x7F9A, 0x13CC, 0x7FED, 0x1367, 0x7F91, 
	0x13C0, 0x8013, 0x127E, 0x7FB6, 0x123F, 0x801C, 0x1337, 0x8070, 0x1284, 0x8025, 0x137B, 0x805D, 0x1342, 0x8009, 0x132C, 0x8000, 
	0x12EA, 0x8013, 0x1399, 0x805D, 0x11EE, 0x805D, 0x119B, 0x804A, 0x1301, 0x7FC9, 0x12F1, 0x8009, 0x12C6, 0x8070, 0x126A, 0x804A, 
	0x116F, 0x8070, 0x1220, 0x8013, 0x121E, 0x8009, 0x11BB, 0x8013, 0x11FB, 0x805D, 0x1272, 0x80A8, 0x118D, 0x8151, 0x110C, 0x801C, 
	0x11E5, 0x802E, 0x1179, 0x804A, 0x116D, 0x8025, 0x1152, 0x8009, 0x1127, 0x802E, 0x1197, 0x80A8, 0x11EB, 0x8025, 0x1181, 0x7FD2, 
	0x1117, 0x8038, 0x10AD, 0x8009, 0x10D8, 0x8082, 0x1042, 0x809E, 0x10B1, 0x8041, 0x118D, 0x808C, 0x1108, 0x8066, 0x10F1, 0x80E0, 
	0x1062, 0x8054, 0x1166, 0x80D6, 0x1151, 0x80BA, 0x117D, 0x8038, 0x116F, 0x80B1, 0x1080, 0x80CD, 0x10DF, 0x82E3, 0x11DA, 0x816D, 
	0x10F1, 0x8079, 0x10C6, 0x812B, 0x11A0, 0x8151, 0x118A, 0x80FC, 0x127D, 0x8177, 0x11DB, 0x8082, 0x11ED, 0x80FC, 0x110A, 0x80C4, 
	0x1106, 0x80FC, 0x10D3, 0x8135, 0x10E3, 0x810F, 0x11CE, 0x80F3, 0x1099, 0x8147, 0x11B5, 0x809E, 0x11F6, 0x8105, 0x114B, 0x813E, 
	0x10D7, 0x80E0, 0x10FE, 0x8151, 0x131E, 0x8070, 0x1292, 0x8147, 0x1157, 0x80BA, 0x11CE, 0x813E, 0x117B, 0x8135, 0x1194, 0x80A8, 
	0x1115, 0x816D, 0x1195, 0x8122, 0x1234, 0x80F3, 0x1281, 0x8151, 0x1145, 0x8122, 0x1169, 0x8147, 0x11B0, 0x8147, 0x11B0, 0x8177, 
	0x1147, 0x818A, 0x128D, 0x8118, 0x1254, 0x81B0, 0x1275, 0x8193, 0x1191, 0x8151, 0x1181, 0x8147, 0x12A4, 0x815A, 0x120F, 0x81FC, 
	0x11E9, 0x8193, 0x114F, 0x8135, 0x11FA, 0x8177, 0x11B2, 0x81A6, 0x1104, 0x81A6, 0x122F, 0x810F, 0x1228, 0x81C3, 0x11D2, 0x816D, 
	0x12EF, 0x8180, 0x11FC, 0x819D, 0x122B, 0x813E, 0x1297, 0x8180, 0x11F2, 0x8164, 0x12BE, 0x8180, 0x12F0, 0x8205, 0x131E, 0x8177, 
	0x1227, 0x81D6, 0x12C5, 0x8193, 0x1285, 0x8177, 0x124D, 0x81E9, 0x1307, 0x818A, 0x1291, 0x81CC, 0x12AA, 0x81CC, 0x12F3, 0x81C3, 
	0x12AC, 0x81DF, 0x1408, 0x81B0, 0x11F1, 0x8147, 0x130A, 0x81DF, 0x13DA, 0x81A6, 0x1366, 0x81DF, 0x1422, 0x81DF, 0x1339, 0x81E9, 
	0x13BE, 0x81B0, 0x1340, 0x81D6, 0x12B8, 0x823F, 0x13ED, 0x81D6, 0x12A3, 0x81CC, 0x12F3, 0x81B0, 0x1343, 0x81FC, 0x148F, 0x81E9, 
	0x1469, 0x822C, 0x1459, 0x8222, 0x1449, 0x81FC, 0x14A1, 0x8248, 0x13F8, 0x81F2, 0x13E4, 0x8205, 0x14B8, 0x81E9, 0x13EB, 0x81E9, 
	0x1335, 0x8222, 0x13D4, 0x823F, 0x13C4, 0x81CC, 0x143D, 0x8265, 0x1378, 0x820F, 0x1470, 0x8279, 0x13DE, 0x8282, 0x12FC, 0x8235, 
	0x136B, 0x8279, 0x1414, 0x822C, 0x1379, 0x8248, 0x13FF, 0x8265, 0x131D, 0x82A9, 0x135A, 0x825C, 0x13C5, 0x8252, 0x133B, 0x82C6, 
	0x1338, 0x82BC, 0x1443, 0x8330, 0x13D8, 0x82B2, 0x1425, 0x82A9, 0x143E, 0x8330, 0x138C, 0x834E, 0x13C2, 0x8309, 0x1437, 0x8344, 
	0x14B1, 0x82A9, 0x1491, 0x8357, 0x14DC, 0x8392, 0x1507, 0x837E, 0x14FF, 0x841B, 0x1439, 0x83F4, 0x154C, 0x825C, 0x1629, 0x828C, 
	0x156D, 0x81E9, 0x15CF, 0x8205, 0x151F, 0x81DF, 0x1586, 0x81CC, 0x1596, 0x820F, 0x154A, 0x81D6, 0x156D, 0x8164, 0x15C8, 0x81CC, 
	0x1627, 0x8135, 0x1662, 0x81D6, 0x15E8, 0x81B0, 0x1621, 0x818A, 0x163D, 0x810F, 0x1554, 0x81DF, 0x1635, 0x8122, 0x16ED, 0x816D, 
	0x15A8, 0x812B, 0x1641, 0x819D, 0x157B, 0x8177, 0x15BE, 0x80E0, 0x15FD, 0x8105, 0x1620, 0x80E9, 0x15F0, 0x80CD, 0x15B3, 0x80FC, 
	0x1623, 0x80D6, 0x15A5, 0x8105, 0x1560, 0x80BA, 0x165E, 0x80B1, 0x15E4, 0x80B1, 0x1514, 0x808C, 0x15ED, 0x805D, 0x15F1, 0x80C4, 
	0x1510, 0x80CD, 0x1545, 0x80CD, 0x15FF, 0x804A, 0x15E0, 0x8070, 0x1622, 0x808C, 0x1543, 0x809E, 0x158C, 0x805D, 0x164A, 0x8066, 
	0x14AC, 0x8070, 0x154B, 0x80BA, 0x1514, 0x804A, 0x1469, 0x804A, 0x145F, 0x8070, 0x154A, 0x809E, 0x1443, 0x8013, 0x1488, 0x8041, 
	0x1523, 0x802E, 0x1603, 0x8054, 0x14BB, 0x8041, 0x1544, 0x7FF7, 0x1494, 0x8038, 0x14C8, 0x8054, 0x14FC, 0x802E, 0x14EE, 0x801C, 
	0x14DF, 0x7FC9, 0x1381, 0x8095, 0x1460, 0x7FDB, 0x14FE, 0x8013, 0x145B, 0x7FE4, 0x14FD, 0x8025, 0x135E, 0x7FF7, 0x1540, 0x8041, 
	0x14A7, 0x7FDB, 0x14A9, 0x8038, 0x1429, 0x7FAD, 0x1419, 0x7FD2, 0x13F5, 0x7FF7, 0x1385, 0x7FE4, 0x132D, 0x7FB6, 0x1494, 0x7FD2, 
	0x13B4, 0x7FE4, 0x144C, 0x7FE4, 0x1362, 0x7FE4, 0x13F7, 0x8009, 0x13B3, 0x7FE4, 0x12B6, 0x7FB6, 0x1290, 0x7F7F, 0x1435, 0x801C, 
	0x1388, 0x7FDB, 0x1326, 0x7FE4, 0x1267, 0x7FBF, 0x1319, 0x7F88, 0x12E7, 0x7FC9, 0x1364, 0x7F9A, 0x1330, 0x7F88, 0x1220, 0x7F5A, 
	0x139D, 0x7F6C, 0x12EC, 0x7FC9, 0x1428, 0x7F51, 0x12B7, 0x7FC9, 0x1347, 0x7EFF, 0x1331, 0x7F91, 0x1220, 0x7FBF, 0x12F6, 0x7F63, 
	0x1217, 0x7F5A, 0x136A, 0x7FAD, 0x13BC, 0x7EF6, 0x137E, 0x7F11, 0x12BB, 0x7F7F, 0x1252, 0x7FBF, 0x12E3, 0x7F1A, 0x1311, 0x7F36, 
	0x1250, 0x7F63, 0x131E, 0x7FE4, 0x12E6, 0x7EF6, 0x12B7, 0x7F36, 0x1386, 0x7F63, 0x1306, 0x7F63, 0x1376, 0x7F63, 0x12FB, 0x7FBF, 
	0x1265, 0x7F36, 0x1341, 0x7F36, 0x130D, 0x7F7F, 0x12E4, 0x7FA4, 0x12CD, 0x7F11, 0x1341, 0x7EF6, 0x12AE, 0x7ED1, 0x13A4, 0x7EEC, 
	0x1398, 0x7F11, 0x12FF, 0x7E80, 0x1413, 0x7F36, 0x12D6, 0x7E77, 0x13A8, 0x7EF6, 0x13E6, 0x7EB6, 0x1291, 0x7EDA, 0x1369, 0x7ED1, 
	0x12D6, 0x7EBF, 0x13D9, 0x7ED1, 0x12ED, 0x7EBF, 0x13D7, 0x7EB6, 0x1327, 0x7E89, 0x13B0, 0x7E89, 0x14CF, 0x7EAD, 0x13EB, 0x7EC8, 
	0x1424, 0x7EE3, 0x13C9, 0x7EDA, 0x1429, 0x7EA4, 0x13F6, 0x7E80, 0x1496, 0x7EC8, 0x1430, 0x7EAD, 0x14C8, 0x7EA4, 0x1518, 0x7EC8, 
	0x1413, 0x7E6D, 0x14DE, 0x7E92, 0x1595, 0x7E92, 0x14BD, 0x7EEC, 0x13F3, 0x7EC8, 0x14F3, 0x7E77, 0x14AD, 0x7EAD, 0x14DE, 0x7EEC, 
	0x14FF, 0x7E5B, 0x1635, 0x7F11, 0x14E9, 0x7E49, 0x151D, 0x7EB6, 0x1453, 0x7EFF, 0x14C8, 0x7EDA, 0x1474, 0x7E92, 0x14AE, 0x7EE3, 
	0x1470, 0x7E9B, 0x14C9, 0x7EFF, 0x149E, 0x7EB6, 0x1379, 0x7EAD, 0x1468, 0x7EC8, 0x15A5, 0x7E40, 0x14F5, 0x7F23, 0x158A, 0x7ED1, 
	0x145F, 0x7F2C, 0x15BB, 0x7EF6, 0x14BA, 0x7EAD, 0x148F, 0x7F1A, 0x1476, 0x7EB6, 0x14E1, 0x7ED1, 0x1404, 0x7EAD, 0x143C, 0x7F51, 
	0x1447, 0x7EFF, 0x1518, 0x7EEC, 0x1479, 0x7F9A, 0x1460, 0x7EAD, 0x144D, 0x7EDA, 0x145F, 0x7E80, 0x14F9, 0x7F11, 0x13DF, 0x7F11, 
	0x154C, 0x7F2C, 0x1491, 0x7F48, 0x13F9, 0x7F1A, 0x1385, 0x7F2C, 0x13BC, 0x7FB6, 0x13A1, 0x7F2C, 0x1367, 0x7F48, 0x140F, 0x7F7F, 
	0x13A4, 0x7F76, 0x1365, 0x7F36, 0x1257, 0x7F1A, 0x1336, 0x7F48, 0x13F8, 0x7F08, 0x1383, 0x7F5A, 0x1332, 0x8066, 0x143D, 0x7F5A, 
	0x13E6, 0x7F88, 0x1309, 0x7F6C, 0x13EC, 0x7FA4, 0x134D, 0x7FC9, 0x133C, 0x7F9A, 0x12E7, 0x7FE4, 0x1444, 0x7FB6, 0x13FA, 0x7FED, 
	0x13B9, 0x7FB6, 0x1352, 0x7FAD, 0x1283, 0x7F5A, 0x140A, 0x7F9A, 0x13CC, 0x7FED, 0x1367, 0x7F91, 0x13C0, 0x8013, 0x127E, 0x7FB6, 
	0x123F, 0x801C, 0x1337, 0x8070, 0x1284, 0x8025, 0x137B, 0x805D, 0x1342, 0x8009, 0x132C, 0x8000, 0x12EA, 0x8013, 0x1399, 0x805D, 
	0x11EE, 0x805D, 0x119B, 0x804A, 0x1301, 0x7FC9, 0x12F1, 0x8009, 0x12C6, 0x8070, 0x126A, 0x804A, 0x116F, 0x8070, 0x1220, 0x8013, 
	0x121E, 0x8009, 0x11BB, 0x8013, 0x11FB, 0x805D, 0x1272, 0x80A8, 0x118D, 0x8151, 0x110C, 0x801C, 0x11E5, 0x802E, 0x1179, 0x804A, 
	0x116D, 0x8025, 0x1152, 0x8009, 0x1127, 0x802E, 0x1197, 0x80A8, 0x11EB, 0x8025, 0x1181, 0x7FD2, 0x1117, 0x8038, 0x10AD, 0x8009, 
	0x10D8, 0x8082, 0x1042, 0x809E, 0x10B1, 0x8041, 0x118D, 0x808C, 0x1108, 0x8066, 0x10F1, 0x80E0, 0x1062, 0x8054, 0x1166, 0x80D6, 
	0x14D9, 0x8248, 0x1561, 0x825C, 0x14F9, 0x81FC, 0x1586, 0x8265, 0x1512, 0x81D6, 0x14EA, 0x81D6, 0x1540, 0x81C3, 0x14B7, 0x81C3, 
	0x155C, 0x818A, 0x1508, 0x8235, 0x154D, 0x816D, 0x165B, 0x81CC, 0x1544, 0x8147, 0x15A8, 0x8177, 0x1576, 0x8193, 0x14DD, 0x822C, 
	0x15F0, 0x8193, 0x1696, 0x818A, 0x1571, 0x8122, 0x154F, 0x819D, 0x14B6, 0x815A, 0x1540, 0x8151, 0x155A, 0x813E, 0x153C, 0x8164, 
	0x15D3, 0x80E9, 0x1534, 0x8122, 0x15CC, 0x812B, 0x1628, 0x80F3, 0x153D, 0x80E9, 0x1604, 0x80C4, 0x15F1, 0x80B1, 0x1501, 0x804A, 
	0x1575, 0x8054, 0x15C2, 0x80E9, 0x1495, 0x80CD, 0x14B3, 0x80B1, 0x155E, 0x805D, 0x14C7, 0x80CD, 0x157B, 0x808C, 0x14B3, 0x80C4, 
	0x14CE, 0x8025, 0x150B, 0x8054, 0x142C, 0x805D, 0x14BF, 0x80A8, 0x14BB, 0x810F, 0x140E, 0x80F3, 0x1429, 0x8038, 0x14E5, 0x80A8, 
	0x1386, 0x8066, 0x142D, 0x80B1, 0x147E, 0x802E, 0x156C, 0x8013, 0x14CC, 0x8079, 0x1436, 0x7FAD, 0x1468, 0x80A8, 0x14E6, 0x8054, 
	0x1452, 0x8041, 0x1419, 0x8079, 0x1431, 0x805D, 0x1340, 0x804A, 0x1380, 0x8038, 0x142E, 0x7FDB, 0x13F5, 0x8041, 0x148F, 0x8041, 
	0x1332, 0x8054, 0x1443, 0x805D, 0x1422, 0x7FAD, 0x140D, 0x8079, 0x1393, 0x7FE4, 0x13BE, 0x8009, 0x1376, 0x7FD2, 0x1301, 0x8038, 
	0x12E6, 0x8025, 0x1441, 0x8013, 0x136C, 0x8066, 0x1472, 0x7FD2, 0x131B, 0x7FDB, 0x1354, 0x8095, 0x130A, 0x8000, 0x128C, 0x7F9A, 
	0x11E6, 0x7F6C, 0x1332, 0x8000, 0x1313, 0x7FD2, 0x1261, 0x7F91, 0x1287, 0x7FE4, 0x130D, 0x7F9A, 0x129D, 0x7FA4, 0x1256, 0x7FDB, 
	0x1250, 0x7F9A, 0x123C, 0x7F91, 0x13A6, 0x7F91, 0x12CD, 0x8009, 0x1335, 0x7F91, 0x12A5, 0x7F9A, 0x1279, 0x7FB6, 0x1235, 0x7F51, 
	0x11B0, 0x7F3F, 0x12E7, 0x7FED, 0x11C2, 0x7FBF, 0x132C, 0x7F5A, 0x1296, 0x7F48, 0x1304, 0x7EEC, 0x127B, 0x8009, 0x1261, 0x7F7F, 
	0x121B, 0x7EF6, 0x1267, 0x7F48, 0x1229, 0x7FB6, 0x1248, 0x7F48, 0x128B, 0x7F2C, 0x11F1, 0x7F1A, 0x133E, 0x7F5A, 0x1265, 0x7F51, 
	0x12B9, 0x7F48, 0x124C, 0x7F5A, 0x1214, 0x7EF6, 0x1279, 0x7EEC, 0x12AA, 0x7F2C, 0x12B3, 0x7FA4, 0x1245, 0x7F2C, 0x1303, 0x7EDA, 
	0x1274, 0x7EBF, 0x1382, 0x7F6C, 0x12EB, 0x7F3F, 0x1232, 0x7EAD, 0x1346, 0x7EFF, 0x1248, 0x7EC8, 0x1316, 0x7EFF, 0x1363, 0x7F23, 
	0x1232, 0x7ED1, 0x12AE, 0x7F1A, 0x1249, 0x7E13, 0x1347, 0x7EA4, 0x12EA, 0x7F1A, 0x139D, 0x7EBF, 0x127D, 0x7E80, 0x13A6, 0x7EF6, 
	0x1475, 0x7E92, 0x1422, 0x7F23, 0x13BF, 0x7EAD, 0x133D, 0x7ED1, 0x1426, 0x7EA4, 0x13AD, 0x7EA4, 0x13B1, 0x7E92, 0x13C8, 0x7F08, 
	0x147E, 0x7E89, 0x1468, 0x7EC8, 0x141E, 0x7E9B, 0x14A5, 0x7E92, 0x14B0, 0x7E6D, 0x13D7, 0x7EAD, 0x140F, 0x7F08, 0x147C, 0x7EB6, 
	0x1423, 0x7EB6, 0x14CB, 0x7ED1, 0x14EA, 0x7E89, 0x1512, 0x7EFF, 0x14D5, 0x7E92, 0x149E, 0x7EFF, 0x13B6, 0x7EEC, 0x1476, 0x7EDA, 
	0x1379, 0x7F36, 0x1479, 0x7E89, 0x13AD, 0x7E89, 0x1485, 0x7EBF, 0x145A, 0x7E64, 0x1373, 0x7ED1, 0x1412, 0x7EAD, 0x1547, 0x7F08, 
	0x141D, 0x7EFF, 0x151B, 0x7EBF, 0x1417, 0x7F48, 0x153B, 0x7F23, 0x1427, 0x7EF6, 0x1420, 0x7EF6, 0x13C1, 0x7F1A, 0x148C, 0x7EF6, 
	0x1398, 0x7EEC, 0x13DD, 0x7F23, 0x13F3, 0x7EF6, 0x14D4, 0x7ED1, 0x1427, 0x7F36, 0x143D, 0x7EB6, 0x1468, 0x7EB6, 0x1405, 0x7ED1, 
	0x1444, 0x7EFF, 0x1310, 0x7F48, 0x14EF, 0x7F51, 0x1450, 0x7F63, 0x1394, 0x7F23, 0x1306, 0x7F88, 0x1317, 0x7FED, 0x1326, 0x7F9A, 
	0x130B, 0x7F7F, 0x140A, 0x7F51, 0x1330, 0x7F88, 0x137A, 0x7FBF, 0x126C, 0x7F7F, 0x12FD, 0x7F51, 0x130D, 0x7FA4, 0x12DF, 0x808C, 
	0x12F5, 0x801C, 0x137F, 0x7F91, 0x1351, 0x7F91, 0x12A2, 0x7F9A, 0x131D, 0x8038, 0x13DC, 0x801C, 0x12B0, 0x7FDB, 0x12F7, 0x7F9A, 
	0x13D6, 0x7FC9, 0x1383, 0x7FF7, 0x1355, 0x7FDB, 0x12C3, 0x7FD2, 0x118A, 0x7FED, 0x1376, 0x7F91, 0x132B, 0x801C, 0x1308, 0x805D, 
	0x1336, 0x8054, 0x11D8, 0x7FC9, 0x11B0, 0x8000, 0x1322, 0x7FF7, 0x1264, 0x801C, 0x133B, 0x7FD2, 0x12C8, 0x805D, 0x1296, 0x801C, 
	0x1291, 0x8070, 0x12F9, 0x804A, 0x1106, 0x8025, 0x1146, 0x805D, 0x1331, 0x8000, 0x123E, 0x804A, 0x1248, 0x805D, 0x1282, 0x8054, 
	0x11D6, 0x8054, 0x11B4, 0x8038, 0x1223, 0x8066, 0x10D3, 0x80A8, 0x1182, 0x8054, 0x11A3, 0x8079, 0x1169, 0x8013, 0x10CC, 0x8066, 
	0x1141, 0x805D, 0x114F, 0x8025, 0x10E0, 0x804A, 0x10EF, 0x8079, 0x10F4, 0x80A8, 0x1171, 0x8095, 0x10A0, 0x808C, 0x1147, 0x805D, 
	0x1043, 0x801C, 0x107C, 0x8095, 0x1139, 0x8095, 0x102C, 0x80A8, 0x101A, 0x8079, 0x1164, 0x809E, 0x10EB, 0x80B1, 0x1064, 0x808C, 
	0x1005, 0x8070, 0x10F8, 0x80D6, 0x10AC, 0x80A8, 0x10A4, 0x801C, 0x1145, 0x80CD, 0x1060, 0x80B1, 0x106A, 0x813E, 0x1178, 0x80B1, 
	0x1079, 0x8122, 0x1072, 0x815A, 0x1055, 0x80B1, 0x1154, 0x8070, 0x11D7, 0x8118, 0x116F, 0x8082, 0x1136, 0x8147, 0x10B8, 0x80F3, 
	0x110D, 0x8122, 0x10C4, 0x8122, 0x111A, 0x8105, 0x1125, 0x8122, 0x1057, 0x816D, 0x116A, 0x8066, 0x116A, 0x8147, 0x1150, 0x8164, 
	0x10C9, 0x8118, 0x1115, 0x8177, 0x12CA, 0x80E9, 0x124D, 0x8118, 0x11C2, 0x80D6, 0x11C2, 0x8193, 0x1138, 0x81A6, 0x1142, 0x80FC, 
	0x119C, 0x813E, 0x11D4, 0x818A, 0x11B8, 0x8164, 0x1192, 0x819D, 0x1105, 0x815A, 0x1076, 0x8118, 0x1152, 0x818A, 0x11FA, 0x8180, 
	0x10AA, 0x8177, 0x1250, 0x80FC, 0x11DC, 0x81B9, 0x11E8, 0x813E, 0x1159, 0x81F2, 0x10CD, 0x8147, 0x1235, 0x815A, 0x116F, 0x81C3, 
	0x11A3, 0x816D, 0x10FF, 0x8193, 0x1136, 0x8180, 0x10FD, 0x8164, 0x1162, 0x820F, 0x119B, 0x80D6, 0x116A, 0x81A6, 0x1110, 0x81A6, 
	0x1307, 0x81CC, 0x11A8, 0x81E9, 0x11E9, 0x8151, 0x11A8, 0x81A6, 0x1146, 0x81DF, 0x1294, 0x81B9, 0x1281, 0x8205, 0x1263, 0x815A, 
	0x1240, 0x81D6, 0x1200, 0x81C3, 0x121A, 0x8193, 0x1250, 0x81E9, 0x1249, 0x81D6, 0x123E, 0x8222, 0x12AA, 0x81F2, 0x1322, 0x81B0, 
	0x1284, 0x820F, 0x13E1, 0x8222, 0x112D, 0x8222, 0x1276, 0x81E9, 0x1309, 0x81F2, 0x12FA, 0x81E9, 0x137D, 0x826F, 0x13AB, 0x8222, 
	0x1380, 0x81D6, 0x1354, 0x81B0, 0x12A9, 0x820F, 0x13E1, 0x8279, 0x124C, 0x81D6, 0x12A5, 0x81DF, 0x131A, 0x8252, 0x1403, 0x825C, 
	0x141F, 0x8235, 0x13CD, 0x8248, 0x1487, 0x8222, 0x1459, 0x8248, 0x1366, 0x828C, 0x139A, 0x829F, 0x13B9, 0x8248, 0x133F, 0x8265, 
	0x137A, 0x822C, 0x13B6, 0x82BC, 0x141F, 0x8295, 0x13A0, 0x825C, 0x133B, 0x822C, 0x1401, 0x8248, 0x134F, 0x82BC, 0x12A4, 0x8279, 
	0x12F6, 0x8265, 0x13CE, 0x8279, 0x131B, 0x8295, 0x1399, 0x823F, 0x12F3, 0x82A9, 0x12E3, 0x8235, 0x1304, 0x8282, 0x130D, 0x82CF, 
	0x1358, 0x82F6, 0x1385, 0x82F6, 0x1364, 0x82CF, 0x135E, 0x831D, 0x135A, 0x82EC, 0x1302, 0x836B, 0x1366, 0x82CF, 0x1465, 0x8330, 
	0x145B, 0x82F6, 0x1460, 0x8375, 0x1409, 0x837E, 0x141A, 0x83FE, 0x14E7, 0x84C4, 0x13DC, 0x8492, 0x14D9, 0x8248, 0x1561, 0x825C, 
	0x14F9, 0x81FC, 0x1586, 0x8265, 0x1512, 0x81D6, 0x14EA, 0x81D6, 0x1540, 0x81C3, 0x14B7, 0x81C3, 0x155C, 0x818A, 0x1508, 0x8235, 
	0x154D, 0x816D, 0x165B, 0x81CC, 0x1544, 0x8147, 0x15A8, 0x8177, 0x1576, 0x8193, 0x14DD, 0x822C, 0x15F0, 0x8193, 0x1696, 0x818A, 
	0x1571, 0x8122, 0x154F, 0x819D, 0x14B6, 0x815A, 0x1540, 0x8151, 0x155A, 0x813E, 0x153C, 0x8164, 0x15D3, 0x80E9, 0x1534, 0x8122, 
	0x15CC, 0x812B, 0x1628, 0x80F3, 0x153D, 0x80E9, 0x1604, 0x80C4, 0x15F1, 0x80B1, 0x1501, 0x804A, 0x1575, 0x8054, 0x15C2, 0x80E9, 
	0x1495, 0x80CD, 0x14B3, 0x80B1, 0x155E, 0x805D, 0x14C7, 0x80CD, 0x157B, 0x808C, 0x14B3, 0x80C4, 0x14CE, 0x8025, 0x150B, 0x8054, 
	0x142C, 0x805D, 0x14BF, 0x80A8, 0x14BB, 0x810F, 0x140E, 0x80F3, 0x1429, 0x8038, 0x14E5, 0x80A8, 0x1386, 0x8066, 0x142D, 0x80B1, 
	0x147E, 0x802E, 0x156C, 0x8013, 0x14CC, 0x8079, 0x1436, 0x7FAD, 0x1468, 0x80A8, 0x14E6, 0x8054, 0x1452, 0x8041, 0x1419, 0x8079, 
	0x1431, 0x805D, 0x1340, 0x804A, 0x1380, 0x8038, 0x142E, 0x7FDB, 0x13F5, 0x8041, 0x148F, 0x8041, 0x1332, 0x8054, 0x1443, 0x805D, 
	0x1422, 0x7FAD, 0x140D, 0x8079, 0x1393, 0x7FE4, 0x13BE, 0x8009, 0x1376, 0x7FD2, 0x1301, 0x8038, 0x12E6, 0x8025, 0x1441, 0x8013, 
	0x136C, 0x8066, 0x1472, 0x7FD2, 0x131B, 0x7FDB, 0x1354, 0x8095, 0x130A, 0x8000, 0x128C, 0x7F9A, 0x11E6, 0x7F6C, 0x1332, 0x8000, 
	0x1313, 0x7FD2, 0x1261, 0x7F91, 0x1287, 0x7FE4, 0x130D, 0x7F9A, 0x129D, 0x7FA4, 0x1256, 0x7FDB, 0x1250, 0x7F9A, 0x123C, 0x7F91, 
	0x13A6, 0x7F91, 0x12CD, 0x8009, 0x1335, 0x7F91, 0x12A5, 0x7F9A, 0x1279, 0x7FB6, 0x1235, 0x7F51, 0x11B0, 0x7F3F, 0x12E7, 0x7FED, 
	0x11C2, 0x7FBF, 0x132C, 0x7F5A, 0x1296, 0x7F48, 0x1304, 0x7EEC, 0x127B, 0x8009, 0x1261, 0x7F7F, 0x121B, 0x7EF6, 0x1267, 0x7F48, 
	0x1229, 0x7FB6, 0x1248, 0x7F48, 0x128B, 0x7F2C, 0x11F1, 0x7F1A, 0x133E, 0x7F5A, 0x1265, 0x7F51, 0x12B9, 0x7F48, 0x124C, 0x7F5A, 
	0x1214, 0x7EF6, 0x1279, 0x7EEC, 0x12AA, 0x7F2C, 0x12B3, 0x7FA4, 0x1245, 0x7F2C, 0x1303, 0x7EDA, 0x1274, 0x7EBF, 0x1382, 0x7F6C, 
	0x12EB, 0x7F3F, 0x1232, 0x7EAD, 0x1346, 0x7EFF, 0x1248, 0x7EC8, 0x1316, 0x7EFF, 0x1363, 0x7F23, 0x1232, 0x7ED1, 0x12AE, 0x7F1A, 
	0x1249, 0x7E13, 0x1347, 0x7EA4, 0x12EA, 0x7F1A, 0x139D, 0x7EBF, 0x127D, 0x7E80, 0x13A6, 0x7EF6, 0x1475, 0x7E92, 0x1422, 0x7F23, 
	0x13BF, 0x7EAD, 0x133D, 0x7ED1, 0x1426, 0x7EA4, 0x13AD, 0x7EA4, 0x13B1, 0x7E92, 0x13C8, 0x7F08, 0x147E, 0x7E89, 0x1468, 0x7EC8, 
	0x141E, 0x7E9B, 0x14A5, 0x7E92, 0x14B0, 0x7E6D, 0x13D7, 0x7EAD, 0x140F, 0x7F08, 0x147C, 0x7EB6, 0x1423, 0x7EB6, 0x14CB, 0x7ED1, 
	0x14EA, 0x7E89, 0x1512, 0x7EFF, 0x14D5, 0x7E92, 0x149E, 0x7EFF, 0x13B6, 0x7EEC, 0x1476, 0x7EDA, 0x1379, 0x7F36, 0x1479, 0x7E89, 
	0x13AD, 0x7E89, 0x1485, 0x7EBF, 0x145A, 0x7E64, 0x1373, 0x7ED1, 0x1412, 0x7EAD, 0x1547, 0x7F08, 0x141D, 0x7EFF, 0x151B, 0x7EBF, 
	0x1417, 0x7F48, 0x153B, 0x7F23, 0x1427, 0x7EF6, 0x1420, 0x7EF6, 0x13C1, 0x7F1A, 0x148C, 0x7EF6, 0x1398, 0x7EEC, 0x13DD, 0x7F23, 
	0x13F3, 0x7EF6, 0x14D4, 0x7ED1, 0x1427, 0x7F36, 0x143D, 0x7EB6, 0x1468, 0x7EB6, 0x1405, 0x7ED1, 0x1444, 0x7EFF, 0x1310, 0x7F48, 
	0x14EF, 0x7F51, 0x1450, 0x7F63, 0x1394, 0x7F23, 0x1306, 0x7F88, 0x1317, 0x7FED, 0x1326, 0x7F9A, 0x130B, 0x7F7F, 0x140A, 0x7F51, 
	0x1330, 0x7F88, 0x137A, 0x7FBF, 0x126C, 0x7F7F, 0x12FD, 0x7F51, 0x130D, 0x7FA4, 0x12DF, 0x808C, 0x12F5, 0x801C, 0x137F, 0x7F91, 
	0x1351, 0x7F91, 0x12A2, 0x7F9A, 0x131D, 0x8038, 0x13DC, 0x801C, 0x12B0, 0x7FDB, 0x12F7, 0x7F9A, 0x13D6, 0x7FC9, 0x1383, 0x7FF7, 
	0x1355, 0x7FDB, 0x12C3, 0x7FD2, 0x118A, 0x7FED, 0x1376, 0x7F91, 0x132B, 0x801C, 0x1308, 0x805D, 0x1336, 0x8054, 0x11D8, 0x7FC9, 
	0x11B0, 0x8000, 0x1322, 0x7FF7, 0x1264, 0x801C, 0x133B, 0x7FD2, 0x12C8, 0x805D, 0x1296, 0x801C, 0x1291, 0x8070, 0x12F9, 0x804A, 
	0x1106, 0x8025, 0x1146, 0x805D, 0x1331, 0x8000, 0x123E, 0x804A, 0x1248, 0x805D, 0x1282, 0x8054, 0x11D6, 0x8054, 0x11B4, 0x8038, 
	0x1223, 0x8066, 0x10D3, 0x80A8, 0x1182, 0x8054, 0x11A3, 0x8079, 0x1169, 0x8013, 0x10CC, 0x8066, 0x1141, 0x805D, 0x114F, 0x8025, 
	0x10E0, 0x804A, 0x10EF, 0x8079, 0x10F4, 0x80A8, 0x1171, 0x8095, 0x10A0, 0x808C, 0x1147, 0x805D, 0x1043, 0x801C, 0x107C, 0x8095, 
	0x1139, 0x8095, 0x102C, 0x80A8, 0x101A, 0x8079, 0x1164, 0x809E, 0x10EB, 0x80B1, 0x1064, 0x808C, 0x1005, 0x8070, 0x10F8, 0x80D6, 
	0x15B6, 0x820F, 0x1556, 0x81FC, 0x167B, 0x81FC, 0x15CE, 0x8235, 0x1638, 0x823F, 0x15B8, 0x81A6, 0x1643, 0x815A, 0x1545, 0x8222, 
	0x14EB, 0x81FC, 0x156B, 0x8219, 0x1591, 0x8122, 0x15BD, 0x813E, 0x15C9, 0x81A6, 0x15F7, 0x8122, 0x1581, 0x816D, 0x14C6, 0x8147, 
	0x1676, 0x8118, 0x1728, 0x813E, 0x1597, 0x80FC, 0x15A6, 0x8193, 0x15EB, 0x81C3, 0x1577, 0x8105, 0x158E, 0x812B, 0x160F, 0x810F, 
	0x1548, 0x812B, 0x157C, 0x8118, 0x15EE, 0x80CD, 0x15D8, 0x80BA, 0x15D9, 0x808C, 0x158D, 0x813E, 0x1503, 0x808C, 0x14F9, 0x80C4, 
	0x160C, 0x809E, 0x1571, 0x8118, 0x148C, 0x80A8, 0x1582, 0x80D6, 0x1612, 0x808C, 0x15B8, 0x808C, 0x1651, 0x802E, 0x151E, 0x80D6, 
	0x155F, 0x804A, 0x1577, 0x80E9, 0x1551, 0x801C, 0x14B1, 0x8070, 0x14FE, 0x8041, 0x145B, 0x8054, 0x1453, 0x8038, 0x1534, 0x808C, 
	0x139D, 0x7FE4, 0x150D, 0x8095, 0x149C, 0x80D6, 0x1562, 0x7FD2, 0x14DE, 0x8095, 0x154C, 0x8038, 0x1471, 0x8009, 0x150B, 0x804A, 
	0x1472, 0x8025, 0x144A, 0x801C, 0x1515, 0x804A, 0x13CE, 0x8013, 0x13FA, 0x8025, 0x14D6, 0x7FE4, 0x1512, 0x8079, 0x1584, 0x804A, 
	0x136D, 0x8025, 0x1525, 0x8095, 0x153C, 0x7F76, 0x13FC, 0x8038, 0x13BC, 0x8013, 0x1493, 0x7FE4, 0x13E5, 0x8009, 0x13AC, 0x7FBF, 
	0x13E8, 0x7FBF, 0x1485, 0x8070, 0x1371, 0x8013, 0x14AB, 0x7FDB, 0x1376, 0x7F76, 0x13E2, 0x8025, 0x1359, 0x7FE4, 0x12E4, 0x7F36, 
	0x1278, 0x7FC9, 0x13C4, 0x7FA4, 0x13C1, 0x7FE4, 0x12CC, 0x801C, 0x12AC, 0x7FF7, 0x139A, 0x7F3F, 0x132A, 0x7F08, 0x1387, 0x7F36, 
	0x12B6, 0x7F9A, 0x1222, 0x7F76, 0x1375, 0x7F6C, 0x1286, 0x7F3F, 0x13DA, 0x7F48, 0x1370, 0x7FAD, 0x12CA, 0x7FA4, 0x134A, 0x7F9A, 
	0x121A, 0x7F36, 0x12F0, 0x7F88, 0x1298, 0x8013, 0x1372, 0x7F11, 0x1398, 0x7F36, 0x135C, 0x7F91, 0x12FB, 0x7F5A, 0x12A7, 0x7F63, 
	0x126D, 0x7EDA, 0x1360, 0x7F63, 0x1338, 0x7F36, 0x131D, 0x7F7F, 0x1335, 0x7F11, 0x1229, 0x7EEC, 0x138E, 0x7F23, 0x1318, 0x7F51, 
	0x12F2, 0x7F08, 0x1259, 0x7F51, 0x1285, 0x7F23, 0x13A0, 0x7EF6, 0x12E1, 0x7F63, 0x12A8, 0x7F11, 0x12CA, 0x7F23, 0x1376, 0x7E6D, 
	0x12D7, 0x7EF6, 0x13BE, 0x7F23, 0x13CD, 0x7F3F, 0x12DA, 0x7EB6, 0x137C, 0x7EE3, 0x12C9, 0x7EF6, 0x138E, 0x7EEC, 0x1419, 0x7F51, 
	0x11E2, 0x7EDA, 0x12FD, 0x7EE3, 0x129F, 0x7EEC, 0x13C7, 0x7F5A, 0x13C4, 0x7F11, 0x13AF, 0x7E25, 0x134D, 0x7E77, 0x13AD, 0x7EA4, 
	0x14EF, 0x7EEC, 0x14DF, 0x7EFF, 0x13DC, 0x7EEC, 0x143E, 0x7EBF, 0x1463, 0x7EBF, 0x1485, 0x7EE3, 0x13E6, 0x7E9B, 0x13FF, 0x7F23, 
	0x1426, 0x7E80, 0x138E, 0x7EBF, 0x1444, 0x7F08, 0x149C, 0x7EA4, 0x144F, 0x7EF6, 0x1412, 0x7E13, 0x1421, 0x7EC8, 0x1558, 0x7EBF, 
	0x1496, 0x7F08, 0x143C, 0x7ED1, 0x149C, 0x7E77, 0x14FE, 0x7EB6, 0x14E5, 0x7E80, 0x14D0, 0x7EC8, 0x1464, 0x7EFF, 0x14DC, 0x7EA4, 
	0x1445, 0x7EA4, 0x14F3, 0x7EBF, 0x150B, 0x7EBF, 0x13F5, 0x7F63, 0x14D6, 0x7EAD, 0x13D8, 0x7EAD, 0x14CC, 0x7EBF, 0x15A1, 0x7EEC, 
	0x14B1, 0x7EAD, 0x1572, 0x7F3F, 0x14AB, 0x7F1A, 0x154D, 0x7EF6, 0x1548, 0x7EF6, 0x1440, 0x7EC8, 0x1488, 0x7EC8, 0x150C, 0x7EDA, 
	0x148B, 0x7E89, 0x1409, 0x7F2C, 0x14D6, 0x7EF6, 0x14D3, 0x7E80, 0x1444, 0x7F9A, 0x149C, 0x7EDA, 0x1486, 0x7EF6, 0x13F3, 0x7F36, 
	0x13C9, 0x7F1A, 0x142D, 0x7FA4, 0x14C8, 0x7F5A, 0x14F0, 0x7F5A, 0x13A1, 0x7F7F, 0x139E, 0x7F48, 0x1460, 0x7FB6, 0x1441, 0x7FB6, 
	0x1325, 0x7F63, 0x14C0, 0x7FD2, 0x1338, 0x7F6C, 0x1479, 0x7FB6, 0x12DB, 0x7F6C, 0x1358, 0x7F3F, 0x1414, 0x7F88, 0x142C, 0x7F48, 
	0x1311, 0x801C, 0x13B2, 0x7FDB, 0x146F, 0x7F76, 0x1348, 0x7FD2, 0x13C5, 0x7F76, 0x13CA, 0x7F9A, 0x13C1, 0x7F9A, 0x12B2, 0x7FDB, 
	0x13CC, 0x7FAD, 0x1331, 0x8041, 0x1357, 0x8095, 0x1381, 0x8025, 0x128E, 0x7FBF, 0x144C, 0x8013, 0x12B4, 0x7FC9, 0x1307, 0x8013, 
	0x13CB, 0x8025, 0x1222, 0x7F9A, 0x12E0, 0x7FBF, 0x132D, 0x7FD2, 0x12DC, 0x7FDB, 0x139A, 0x802E, 0x12F2, 0x8079, 0x137C, 0x7FE4, 
	0x1328, 0x7FB6, 0x13F6, 0x801C, 0x11AD, 0x8025, 0x1156, 0x8054, 0x136D, 0x8066, 0x12A0, 0x7FED, 0x125B, 0x8000, 0x1238, 0x802E, 
	0x120B, 0x7FED, 0x1244, 0x804A, 0x120D, 0x801C, 0x1190, 0x8009, 0x1242, 0x7FED, 0x11B4, 0x8041, 0x1174, 0x808C, 0x10DF, 0x8070, 
	0x1164, 0x802E, 0x1166, 0x802E, 0x10FB, 0x805D, 0x1133, 0x8079, 0x111D, 0x8118, 0x1175, 0x805D, 0x10D2, 0x8013, 0x12B0, 0x801C, 
	0x10E8, 0x8054, 0x10E1, 0x805D, 0x1205, 0x805D, 0x10BE, 0x8013, 0x10C7, 0x801C, 0x11F5, 0x8038, 0x10CE, 0x80A8, 0x1213, 0x80BA, 
	0x102F, 0x8038, 0x1107, 0x8095, 0x10FF, 0x8070, 0x1151, 0x80C4, 0x113F, 0x80A8, 0x1086, 0x80BA, 0x109C, 0x80F3, 0x11CB, 0x80D6, 
	0x1128, 0x810F, 0x112E, 0x8177, 0x1034, 0x80BA, 0x113D, 0x80BA, 0x1270, 0x80FC, 0x1237, 0x80E0, 0x11E5, 0x80E9, 0x1175, 0x80FC, 
	0x115B, 0x80A8, 0x11A6, 0x80C4, 0x1225, 0x80E0, 0x1251, 0x8164, 0x10CD, 0x81B9, 0x116F, 0x8066, 0x1194, 0x815A, 0x125C, 0x8122, 
	0x10B6, 0x812B, 0x10B6, 0x810F, 0x1252, 0x80E0, 0x1116, 0x8135, 0x121C, 0x8151, 0x122F, 0x8177, 0x10E6, 0x8235, 0x11DE, 0x8122, 
	0x11BE, 0x8118, 0x12F2, 0x8105, 0x129B, 0x81B0, 0x1238, 0x813E, 0x1218, 0x810F, 0x1199, 0x810F, 0x12B4, 0x8122, 0x11EF, 0x8180, 
	0x1164, 0x81C3, 0x11D8, 0x813E, 0x11BC, 0x813E, 0x12DA, 0x8180, 0x11FE, 0x823F, 0x11C0, 0x8122, 0x128F, 0x8177, 0x11D2, 0x8205, 
	0x1223, 0x818A, 0x1230, 0x8151, 0x11CB, 0x81B0, 0x1152, 0x819D, 0x11FA, 0x81B0, 0x1264, 0x813E, 0x1270, 0x8193, 0x11E0, 0x819D, 
	0x12E2, 0x816D, 0x1206, 0x8219, 0x133C, 0x818A, 0x12D5, 0x8193, 0x1198, 0x81B0, 0x128E, 0x8193, 0x134F, 0x8205, 0x1371, 0x8180, 
	0x12A3, 0x81A6, 0x128C, 0x8180, 0x1337, 0x816D, 0x134F, 0x81E9, 0x12D4, 0x819D, 0x12E0, 0x81A6, 0x132A, 0x81A6, 0x137A, 0x815A, 
	0x130F, 0x8235, 0x147B, 0x81DF, 0x11C2, 0x8193, 0x1349, 0x8164, 0x1422, 0x815A, 0x13DD, 0x81CC, 0x1424, 0x8235, 0x13D0, 0x8219, 
	0x1383, 0x820F, 0x13B3, 0x81CC, 0x12B0, 0x81DF, 0x139D, 0x8248, 0x13E4, 0x8248, 0x130D, 0x81E9, 0x1397, 0x81F2, 0x145E, 0x820F, 
	0x141A, 0x823F, 0x14ED, 0x825C, 0x14C8, 0x81DF, 0x14C7, 0x81DF, 0x1449, 0x81F2, 0x13B1, 0x826F, 0x146F, 0x823F, 0x13DC, 0x8344, 
	0x13B0, 0x826F, 0x13BA, 0x8219, 0x13C1, 0x8219, 0x13C5, 0x822C, 0x13CD, 0x8235, 0x1417, 0x825C, 0x141C, 0x82F6, 0x1330, 0x8248, 
	0x13AC, 0x826F, 0x13F5, 0x8248, 0x131E, 0x8282, 0x1441, 0x8235, 0x1359, 0x82A9, 0x144F, 0x8252, 0x13AE, 0x8300, 0x1319, 0x82C6, 
	0x13B7, 0x82EC, 0x13FE, 0x8313, 0x1378, 0x829F, 0x1424, 0x8309, 0x143C, 0x8344, 0x13EA, 0x8300, 0x13FF, 0x82EC, 0x14F5, 0x8344, 
	0x1402, 0x82E3, 0x152E, 0x8375, 0x149F, 0x8375, 0x1492, 0x836B, 0x151B, 0x83FE, 0x1498, 0x8457, 0x15B6, 0x820F, 0x1556, 0x81FC, 
	0x167B, 0x81FC, 0x15CE, 0x8235, 0x1638, 0x823F, 0x15B8, 0x81A6, 0x1643, 0x815A, 0x1545, 0x8222, 0x14EB, 0x81FC, 0x156B, 0x8219, 
	0x1591, 0x8122, 0x15BD, 0x813E, 0x15C9, 0x81A6, 0x15F7, 0x8122, 0x1581, 0x816D, 0x14C6, 0x8147, 0x1676, 0x8118, 0x1728, 0x813E, 
	0x1597, 0x80FC, 0x15A6, 0x8193, 0x15EB, 0x81C3, 0x1577, 0x8105, 0x158E, 0x812B, 0x160F, 0x810F, 0x1548, 0x812B, 0x157C, 0x8118, 
	0x15EE, 0x80CD, 0x15D8, 0x80BA, 0x15D9, 0x808C, 0x158D, 0x813E, 0x1503, 0x808C, 0x14F9, 0x80C4, 0x160C, 0x809E, 0x1571, 0x8118, 
	0x148C, 0x80A8, 0x1582, 0x80D6, 0x1612, 0x808C, 0x15B8, 0x808C, 0x1651, 0x802E, 0x151E, 0x80D6, 0x155F, 0x804A, 0x1577, 0x80E9, 
	0x1551, 0x801C, 0x14B1, 0x8070, 0x14FE, 0x8041, 0x145B, 0x8054, 0x1453, 0x8038, 0x1534, 0x808C, 0x139D, 0x7FE4, 0x150D, 0x8095, 
	0x149C, 0x80D6, 0x1562, 0x7FD2, 0x14DE, 0x8095, 0x154C, 0x8038, 0x1471, 0x8009, 0x150B, 0x804A, 0x1472, 0x8025, 0x144A, 0x801C, 
	0x1515, 0x804A, 0x13CE, 0x8013, 0x13FA, 0x8025, 0x14D6, 0x7FE4, 0x1512, 0x8079, 0x1584, 0x804A, 0x136D, 0x8025, 0x1525, 0x8095, 
	0x153C, 0x7F76, 0x13FC, 0x8038, 0x13BC, 0x8013, 0x1493, 0x7FE4, 0x13E5, 0x8009, 0x13AC, 0x7FBF, 0x13E8, 0x7FBF, 0x1485, 0x8070, 
	0x1371, 0x8013, 0x14AB, 0x7FDB, 0x1376, 0x7F76, 0x13E2, 0x8025, 0x1359, 0x7FE4, 0x12E4, 0x7F36, 0x1278, 0x7FC9, 0x13C4, 0x7FA4, 
	0x13C1, 0x7FE4, 0x12CC, 0x801C, 0x12AC, 0x7FF7, 0x139A, 0x7F3F, 0x132A, 0x7F08, 0x1387, 0x7F36, 0x12B6, 0x7F9A, 0x1222, 0x7F76, 
	0x1375, 0x7F6C, 0x1286, 0x7F3F, 0x13DA, 0x7F48, 0x1370, 0x7FAD, 0x12CA, 0x7FA4, 0x134A, 0x7F9A, 0x121A, 0x7F36, 0x12F0, 0x7F88, 
	0x1298, 0x8013, 0x1372, 0x7F11, 0x1398, 0x7F36, 0x135C, 0x7F91, 0x12FB, 0x7F5A, 0x12A7, 0x7F63, 0x126D, 0x7EDA, 0x1360, 0x7F63, 
	0x1338, 0x7F36, 0x131D, 0x7F7F, 0x1335, 0x7F11, 0x1229, 0x7EEC, 0x138E, 0x7F23, 0x1318, 0x7F51, 0x12F2, 0x7F08, 0x1259, 0x7F51, 
	0x1285, 0x7F23, 0x13A0, 0x7EF6, 0x12E1, 0x7F63, 0x12A8, 0x7F11, 0x12CA, 0x7F23, 0x1376, 0x7E6D, 0x12D7, 0x7EF6, 0x13BE, 0x7F23, 
	0x13CD, 0x7F3F, 0x12DA, 0x7EB6, 0x137C, 0x7EE3, 0x12C9, 0x7EF6, 0x138E, 0x7EEC, 0x1419, 0x7F51, 0x11E2, 0x7EDA, 0x12FD, 0x7EE3, 
	0x129F, 0x7EEC, 0x13C7, 0x7F5A, 0x13C4, 0x7F11, 0x13AF, 0x7E25, 0x134D, 0x7E77, 0x13AD, 0x7EA4, 0x14EF, 0x7EEC, 0x14DF, 0x7EFF, 
	0x13DC, 0x7EEC, 0x143E, 0x7EBF, 0x1463, 0x7EBF, 0x1485, 0x7EE3, 0x13E6, 0x7E9B, 0x13FF, 0x7F23, 0x1426, 0x7E80, 0x138E, 0x7EBF, 
	0x1444, 0x7F08, 0x149C, 0x7EA4, 0x144F, 0x7EF6, 0x1412, 0x7E13, 0x1421, 0x7EC8, 0x1558, 0x7EBF, 0x1496, 0x7F08, 0x143C, 0x7ED1, 
	0x149C, 0x7E77, 0x14FE, 0x7EB6, 0x14E5, 0x7E80, 0x14D0, 0x7EC8, 0x1464, 0x7EFF, 0x14DC, 0x7EA4, 0x1445, 0x7EA4, 0x14F3, 0x7EBF, 
	0x150B, 0x7EBF, 0x13F5, 0x7F63, 0x14D6, 0x7EAD, 0x13D8, 0x7EAD, 0x14CC, 0x7EBF, 0x15A1, 0x7EEC, 0x14B1, 0x7EAD, 0x1572, 0x7F3F, 
	0x14AB, 0x7F1A, 0x154D, 0x7EF6, 0x1548, 0x7EF6, 0x1440, 0x7EC8, 0x1488, 0x7EC8, 0x150C, 0x7EDA, 0x148B, 0x7E89, 0x1409, 0x7F2C, 
	0x14D6, 0x7EF6, 0x14D3, 0x7E80, 0x1444, 0x7F9A, 0x149C, 0x7EDA, 0x1486, 0x7EF6, 0x13F3, 0x7F36, 0x13C9, 0x7F1A, 0x142D, 0x7FA4, 
	0x14C8, 0x7F5A, 0x14F0, 0x7F5A, 0x13A1, 0x7F7F, 0x139E, 0x7F48, 0x1460, 0x7FB6, 0x1441, 0x7FB6, 0x1325, 0x7F63, 0x14C0, 0x7FD2, 
	0x1338, 0x7F6C, 0x1479, 0x7FB6, 0x12DB, 0x7F6C, 0x1358, 0x7F3F, 0x1414, 0x7F88, 0x142C, 0x7F48, 0x1311, 0x801C, 0x13B2, 0x7FDB, 
	0x146F, 0x7F76, 0x1348, 0x7FD2, 0x13C5, 0x7F76, 0x13CA, 0x7F9A, 0x13C1, 0x7F9A, 0x12B2, 0x7FDB, 0x13CC, 0x7FAD, 0x1331, 0x8041, 
	0x1357, 0x8095, 0x1381, 0x8025, 0x128E, 0x7FBF, 0x144C, 0x8013, 0x12B4, 0x7FC9, 0x1307, 0x8013, 0x13CB, 0x8025, 0x1222, 0x7F9A, 
	0x12E0, 0x7FBF, 0x132D, 0x7FD2, 0x12DC, 0x7FDB, 0x139A, 0x802E, 0x12F2, 0x8079, 0x137C, 0x7FE4, 0x1328, 0x7FB6, 0x13F6, 0x801C, 
	0x11AD, 0x8025, 0x1156, 0x8054, 0x136D, 0x8066, 0x12A0, 0x7FED, 0x125B, 0x8000, 0x1238, 0x802E, 0x120B, 0x7FED, 0x1244, 0x804A, 
	0x120D, 0x801C, 0x1190, 0x8009, 0x1242, 0x7FED, 0x11B4, 0x8041, 0x1174, 0x808C, 0x10DF, 0x8070, 0x1164, 0x802E, 0x1166, 0x802E, 
	0x10FB, 0x805D, 0x1133, 0x8079, 0x111D, 0x8118, 0x1175, 0x805D, 0x10D2, 0x8013, 0x12B0, 0x801C, 0x10E8, 0x8054, 0x10E1, 0x805D, 
	0x1205, 0x805D, 0x10BE, 0x8013, 0x10C7, 0x801C, 0x11F5, 0x8038, 0x10CE, 0x80A8, 0x1213, 0x80BA, 0x102F, 0x8038, 0x1107, 0x8095, 
	0x14FB, 0x8222, 0x153C, 0x825C, 0x1608, 0x822C, 0x1572, 0x8279, 0x1586, 0x8248, 0x14A0, 0x81DF, 0x1546, 0x80E0, 0x152B, 0x8193, 
	0x14C0, 0x81F2, 0x14E4, 0x81FC, 0x1530, 0x81A6, 0x1579, 0x8177, 0x15C1, 0x81CC, 0x15A0, 0x816D, 0x1540, 0x81CC, 0x13F6, 0x81B0, 
	0x15F9, 0x80E0, 0x168D, 0x80F3, 0x14E8, 0x80E9, 0x1597, 0x8177, 0x157D, 0x8180, 0x1557, 0x80D6, 0x14F3, 0x80FC, 0x1637, 0x815A, 
	0x157C, 0x8118, 0x14FE, 0x812B, 0x15A8, 0x809E, 0x152F, 0x80D6, 0x14E6, 0x8118, 0x1594, 0x80D6, 0x145C, 0x8105, 0x146C, 0x8082, 
	0x14FC, 0x80A8, 0x1519, 0x80E0, 0x144E, 0x80F3, 0x1486, 0x80C4, 0x15A8, 0x8079, 0x154C, 0x8041, 0x158E, 0x8054, 0x14A6, 0x80E9, 
	0x1474, 0x8041, 0x1507, 0x802E, 0x145F, 0x8070, 0x144D, 0x8070, 0x1409, 0x8079, 0x13FF, 0x808C, 0x13AA, 0x804A, 0x14DB, 0x805D, 
	0x1309, 0x8013, 0x14CE, 0x805D, 0x144A, 0x80D6, 0x1544, 0x8009, 0x1471, 0x8054, 0x14A4, 0x8025, 0x13D5, 0x8066, 0x13C8, 0x80B1, 
	0x1431, 0x8009, 0x1391, 0x8038, 0x1427, 0x7FED, 0x131B, 0x8041, 0x1386, 0x802E, 0x1454, 0x8000, 0x1407, 0x801C, 0x149E, 0x8041, 
	0x1314, 0x801C, 0x1495, 0x7FED, 0x143D, 0x7FC9, 0x1365, 0x8013, 0x13A0, 0x7FED, 0x1459, 0x7FA4, 0x130E, 0x7FB6, 0x136C, 0x8025, 
	0x1382, 0x8009, 0x13B2, 0x801C, 0x12BA, 0x7F6C, 0x1489, 0x8009, 0x1314, 0x7F88, 0x13BB, 0x8000, 0x1320, 0x805D, 0x12B6, 0x7FDB, 
	0x11E5, 0x7F88, 0x1288, 0x7F2C, 0x12F1, 0x7FAD, 0x1226, 0x7FC9, 0x120F, 0x7FB6, 0x1324, 0x7F88, 0x1334, 0x7FDB, 0x136D, 0x7F91, 
	0x124B, 0x7FC9, 0x121C, 0x7FE4, 0x12AD, 0x7FBF, 0x125D, 0x7F76, 0x1330, 0x7F7F, 0x1296, 0x7FC9, 0x1213, 0x7F63, 0x12B7, 0x7FC9, 
	0x1177, 0x7F5A, 0x12E3, 0x7F08, 0x1218, 0x7FE4, 0x12C3, 0x7F7F, 0x131B, 0x7F1A, 0x12D9, 0x7F91, 0x1297, 0x7EF6, 0x11DF, 0x7FC9, 
	0x12A6, 0x7F08, 0x1289, 0x7FB6, 0x12C6, 0x7F91, 0x12B4, 0x7EE3, 0x1291, 0x7F7F, 0x1207, 0x7F63, 0x1355, 0x7FD2, 0x127F, 0x7F63, 
	0x125E, 0x7EB6, 0x126E, 0x7F23, 0x124F, 0x7F1A, 0x134D, 0x7EDA, 0x11B7, 0x7F63, 0x1229, 0x7FA4, 0x1232, 0x7ED1, 0x1308, 0x7F23, 
	0x11FD, 0x7F2C, 0x1317, 0x7F91, 0x1336, 0x7F23, 0x127D, 0x7E92, 0x1257, 0x7F3F, 0x1274, 0x7F6C, 0x12AC, 0x7F23, 0x135F, 0x7EEC, 
	0x1183, 0x7E6D, 0x1209, 0x7E9B, 0x1248, 0x7EC8, 0x12D7, 0x7F08, 0x133D, 0x7EDA, 0x12D7, 0x7E13, 0x12E9, 0x7E52, 0x136A, 0x7F08, 
	0x1469, 0x7F36, 0x13AA, 0x7F5A, 0x13F3, 0x7EB6, 0x138F, 0x7E6D, 0x13BF, 0x7EFF, 0x1493, 0x7F08, 0x13A6, 0x7EF6, 0x138C, 0x7EC8, 
	0x13FC, 0x7E52, 0x1435, 0x7EAD, 0x13F7, 0x7F1A, 0x1346, 0x7E89, 0x13ED, 0x7EF6, 0x1363, 0x7EAD, 0x1377, 0x7EEC, 0x1476, 0x7EEC, 
	0x143F, 0x7EDA, 0x13FB, 0x7F51, 0x146D, 0x7EF6, 0x1518, 0x7EBF, 0x146E, 0x7EBF, 0x14B8, 0x7EF6, 0x13F8, 0x7F3F, 0x140A, 0x7EDA, 
	0x135F, 0x7EC8, 0x1465, 0x7EE3, 0x14C2, 0x7EDA, 0x1372, 0x7F2C, 0x13C0, 0x7EB6, 0x1445, 0x7E9B, 0x147F, 0x7EFF, 0x153E, 0x7F2C, 
	0x143B, 0x7F48, 0x148E, 0x7F08, 0x1494, 0x7F08, 0x1486, 0x7ED1, 0x14AA, 0x7F7F, 0x137B, 0x7EFF, 0x1404, 0x7EEC, 0x14B8, 0x7F48, 
	0x13AE, 0x7EDA, 0x1394, 0x7F48, 0x145D, 0x7F51, 0x14A3, 0x7F08, 0x1374, 0x7FBF, 0x144D, 0x7EB6, 0x13CB, 0x7EF6, 0x1406, 0x7F76, 
	0x13B6, 0x7F51, 0x1396, 0x7FE4, 0x1476, 0x7F51, 0x13FB, 0x7F5A, 0x12C8, 0x7F3F, 0x133E, 0x7FA4, 0x1380, 0x7FB6, 0x13DB, 0x7FB6, 
	0x12A3, 0x7F51, 0x13A1, 0x7FAD, 0x12F5, 0x7F76, 0x1330, 0x7FAD, 0x1226, 0x7FB6, 0x12DD, 0x7F88, 0x137D, 0x7F63, 0x1411, 0x7F7F, 
	0x1386, 0x7FC9, 0x1335, 0x7FB6, 0x13C0, 0x7F88, 0x12A9, 0x7FBF, 0x1312, 0x805D, 0x1377, 0x7FDB, 0x1393, 0x7FED, 0x12B4, 0x8000, 
	0x1360, 0x801C, 0x1368, 0x801C, 0x1342, 0x804A, 0x1320, 0x8041, 0x1212, 0x8025, 0x13CB, 0x8013, 0x12E3, 0x7FDB, 0x1326, 0x7FE4, 
	0x1325, 0x802E, 0x1154, 0x7FDB, 0x120C, 0x8038, 0x1351, 0x7FE4, 0x1277, 0x8000, 0x136F, 0x805D, 0x1309, 0x802E, 0x132B, 0x7FED, 
	0x1224, 0x7F9A, 0x1361, 0x7FE4, 0x1137, 0x808C, 0x112C, 0x8013, 0x130A, 0x8082, 0x125F, 0x801C, 0x11F7, 0x802E, 0x11A6, 0x808C, 
	0x11BF, 0x8041, 0x11B3, 0x8095, 0x11DE, 0x808C, 0x1098, 0x8000, 0x10FF, 0x80A8, 0x11BF, 0x8082, 0x1151, 0x8066, 0x10D3, 0x8066, 
	0x110D, 0x8009, 0x1193, 0x8041, 0x1144, 0x8095, 0x10FC, 0x8054, 0x1041, 0x8177, 0x1120, 0x8054, 0x1097, 0x8054, 0x11AF, 0x8013, 
	0x110F, 0x8038, 0x109F, 0x80E9, 0x10B9, 0x80E0, 0x1099, 0x8066, 0x1073, 0x8070, 0x119A, 0x808C, 0x1034, 0x80B1, 0x10E3, 0x80C4, 
	0x0FDD, 0x802E, 0x1194, 0x8095, 0x10A5, 0x80F3, 0x10B7, 0x80E9, 0x10AE, 0x8164, 0x0FF9, 0x80BA, 0x109C, 0x810F, 0x111A, 0x80FC, 
	0x1061, 0x8105, 0x101F, 0x815A, 0x0FA4, 0x80E0, 0x1135, 0x80D6, 0x1135, 0x8147, 0x1160, 0x80FC, 0x11C7, 0x8118, 0x1110, 0x80E9, 
	0x10F4, 0x80C4, 0x10E3, 0x80E9, 0x1102, 0x8164, 0x1214, 0x810F, 0x10B7, 0x816D, 0x1140, 0x804A, 0x113E, 0x8164, 0x1178, 0x8135, 
	0x106C, 0x810F, 0x1058, 0x8193, 0x11A0, 0x808C, 0x1120, 0x80E9, 0x10A2, 0x80FC, 0x11E6, 0x0000, 0x1042, 0x0000, 0x1144, 0x8164, 
	0x1195, 0x8122, 0x1238, 0x8151, 0x11E6, 0x81E9, 0x11C1, 0x8147, 0x1154, 0x8105, 0x114F, 0x80FC, 0x114D, 0x8118, 0x1106, 0x81B9, 
	0x10BD, 0x81FC, 0x111D, 0x8147, 0x1115, 0x81C3, 0x1237, 0x8151, 0x1142, 0x818A, 0x1194, 0x8180, 0x11C5, 0x81CC, 0x11C3, 0x81DF, 
	0x124A, 0x8147, 0x1131, 0x81B9, 0x10E9, 0x8193, 0x10EF, 0x8180, 0x10E0, 0x820F, 0x1246, 0x8122, 0x1167, 0x818A, 0x1182, 0x81B9, 
	0x12CA, 0x818A, 0x1148, 0x8252, 0x1226, 0x81CC, 0x11F3, 0x815A, 0x10E4, 0x816D, 0x12FB, 0x81D6, 0x132B, 0x81B9, 0x13A2, 0x818A, 
	0x121A, 0x81DF, 0x12CF, 0x81F2, 0x1292, 0x81B0, 0x12D4, 0x81DF, 0x1267, 0x81B9, 0x12BC, 0x81B9, 0x129E, 0x81E9, 0x125B, 0x8205, 
	0x1273, 0x8193, 0x1412, 0x81CC, 0x1163, 0x819D, 0x12DC, 0x81FC, 0x134B, 0x8164, 0x137E, 0x81E9, 0x1383, 0x825C, 0x1353, 0x8265, 
	0x1368, 0x8219, 0x12F8, 0x81C3, 0x124F, 0x8222, 0x1324, 0x8248, 0x1300, 0x8248, 0x12A6, 0x825C, 0x1316, 0x81DF, 0x139A, 0x8252, 
	0x13D5, 0x81E9, 0x140E, 0x822C, 0x14FE, 0x81F2, 0x1439, 0x8205, 0x1417, 0x825C, 0x1362, 0x826F, 0x13C6, 0x8252, 0x1353, 0x828C, 
	0x1339, 0x81E9, 0x1320, 0x8265, 0x135F, 0x8252, 0x1388, 0x828C, 0x134B, 0x82A9, 0x139B, 0x8252, 0x13DB, 0x828C, 0x12D0, 0x825C, 
	0x12E8, 0x825C, 0x137A, 0x8295, 0x134E, 0x825C, 0x13F3, 0x81FC, 0x12A6, 0x82A9, 0x135A, 0x8279, 0x1338, 0x82BC, 0x1289, 0x8361, 
	0x1350, 0x82A9, 0x1339, 0x834E, 0x1325, 0x82CF, 0x136E, 0x833A, 0x1366, 0x837E, 0x1304, 0x8300, 0x133F, 0x8265, 0x14AE, 0x8330, 
	0x13A6, 0x839C, 0x1439, 0x84BA, 0x144F, 0x8392, 0x1421, 0x8392, 0x152D, 0x8457, 0x1453, 0x850A, 0x14FB, 0x8222, 0x153C, 0x825C, 
	0x1608, 0x822C, 0x1572, 0x8279, 0x1586, 0x8248, 0x14A0, 0x81DF, 0x1546, 0x80E0, 0x152B, 0x8193, 0x14C0, 0x81F2, 0x14E4, 0x81FC, 
	0x1530, 0x81A6, 0x1579, 0x8177, 0x15C1, 0x81CC, 0x15A0, 0x816D, 0x1540, 0x81CC, 0x13F6, 0x81B0, 0x15F9, 0x80E0, 0x168D, 0x80F3, 
	0x14E8, 0x80E9, 0x1597, 0x8177, 0x157D, 0x8180, 0x1557, 0x80D6, 0x14F3, 0x80FC, 0x1637, 0x815A, 0x157C, 0x8118, 0x14FE, 0x812B, 
	0x15A8, 0x809E, 0x152F, 0x80D6, 0x14E6, 0x8118, 0x1594, 0x80D6, 0x145C, 0x8105, 0x146C, 0x8082, 0x14FC, 0x80A8, 0x1519, 0x80E0, 
	0x144E, 0x80F3, 0x1486, 0x80C4, 0x15A8, 0x8079, 0x154C, 0x8041, 0x158E, 0x8054, 0x14A6, 0x80E9, 0x1474, 0x8041, 0x1507, 0x802E, 
	0x145F, 0x8070, 0x144D, 0x8070, 0x1409, 0x8079, 0x13FF, 0x808C, 0x13AA, 0x804A, 0x14DB, 0x805D, 0x1309, 0x8013, 0x14CE, 0x805D, 
	0x144A, 0x80D6, 0x1544, 0x8009, 0x1471, 0x8054, 0x14A4, 0x8025, 0x13D5, 0x8066, 0x13C8, 0x80B1, 0x1431, 0x8009, 0x1391, 0x8038, 
	0x1427, 0x7FED, 0x131B, 0x8041, 0x1386, 0x802E, 0x1454, 0x8000, 0x1407, 0x801C, 0x149E, 0x8041, 0x1314, 0x801C, 0x1495, 0x7FED, 
	0x143D, 0x7FC9, 0x1365, 0x8013, 0x13A0, 0x7FED, 0x1459, 0x7FA4, 0x130E, 0x7FB6, 0x136C, 0x8025, 0x1382, 0x8009, 0x13B2, 0x801C, 
	0x12BA, 0x7F6C, 0x1489, 0x8009, 0x1314, 0x7F88, 0x13BB, 0x8000, 0x1320, 0x805D, 0x12B6, 0x7FDB, 0x11E5, 0x7F88, 0x1288, 0x7F2C, 
	0x12F1, 0x7FAD, 0x1226, 0x7FC9, 0x120F, 0x7FB6, 0x1324, 0x7F88, 0x1334, 0x7FDB, 0x136D, 0x7F91, 0x124B, 0x7FC9, 0x121C, 0x7FE4, 
	0x12AD, 0x7FBF, 0x125D, 0x7F76, 0x1330, 0x7F7F, 0x1296, 0x7FC9, 0x1213, 0x7F63, 0x12B7, 0x7FC9, 0x1177, 0x7F5A, 0x12E3, 0x7F08, 
	0x1218, 0x7FE4, 0x12C3, 0x7F7F, 0x131B, 0x7F1A, 0x12D9, 0x7F91, 0x1297, 0x7EF6, 0x11DF, 0x7FC9, 0x12A6, 0x7F08, 0x1289, 0x7FB6, 
	0x12C6, 0x7F91, 0x12B4, 0x7EE3, 0x1291, 0x7F7F, 0x1207, 0x7F63, 0x1355, 0x7FD2, 0x127F, 0x7F63, 0x125E, 0x7EB6, 0x126E, 0x7F23, 
	0x124F, 0x7F1A, 0x134D, 0x7EDA, 0x11B7, 0x7F63, 0x1229, 0x7FA4, 0x1232, 0x7ED1, 0x1308, 0x7F23, 0x11FD, 0x7F2C, 0x1317, 0x7F91, 
	0x1336, 0x7F23, 0x127D, 0x7E92, 0x1257, 0x7F3F, 0x1274, 0x7F6C, 0x12AC, 0x7F23, 0x135F, 0x7EEC, 0x1183, 0x7E6D, 0x1209, 0x7E9B, 
	0x1248, 0x7EC8, 0x12D7, 0x7F08, 0x133D, 0x7EDA, 0x12D7, 0x7E13, 0x12E9, 0x7E52, 0x136A, 0x7F08, 0x1469, 0x7F36, 0x13AA, 0x7F5A, 
	0x13F3, 0x7EB6, 0x138F, 0x7E6D, 0x13BF, 0x7EFF, 0x1493, 0x7F08, 0x13A6, 0x7EF6, 0x138C, 0x7EC8, 0x13FC, 0x7E52, 0x1435, 0x7EAD, 
	0x13F7, 0x7F1A, 0x1346, 0x7E89, 0x13ED, 0x7EF6, 0x1363, 0x7EAD, 0x1377, 0x7EEC, 0x1476, 0x7EEC, 0x143F, 0x7EDA, 0x13FB, 0x7F51, 
	0x146D, 0x7EF6, 0x1518, 0x7EBF, 0x146E, 0x7EBF, 0x14B8, 0x7EF6, 0x13F8, 0x7F3F, 0x140A, 0x7EDA, 0x135F, 0x7EC8, 0x1465, 0x7EE3, 
	0x14C2, 0x7EDA, 0x1372, 0x7F2C, 0x13C0, 0x7EB6, 0x1445, 0x7E9B, 0x147F, 0x7EFF, 0x153E, 0x7F2C, 0x143B, 0x7F48, 0x148E, 0x7F08, 
	0x1494, 0x7F08, 0x1486, 0x7ED1, 0x14AA, 0x7F7F, 0x137B, 0x7EFF, 0x1404, 0x7EEC, 0x14B8, 0x7F48, 0x13AE, 0x7EDA, 0x1394, 0x7F48, 
	0x145D, 0x7F51, 0x14A3, 0x7F08, 0x1374, 0x7FBF, 0x144D, 0x7EB6, 0x13CB, 0x7EF6, 0x1406, 0x7F76, 0x13B6, 0x7F51, 0x1396, 0x7FE4, 
	0x1476, 0x7F51, 0x13FB, 0x7F5A, 0x12C8, 0x7F3F, 0x133E, 0x7FA4, 0x1380, 0x7FB6, 0x13DB, 0x7FB6, 0x12A3, 0x7F51, 0x13A1, 0x7FAD, 
	0x12F5, 0x7F76, 0x1330, 0x7FAD, 0x1226, 0x7FB6, 0x12DD, 0x7F88, 0x137D, 0x7F63, 0x1411, 0x7F7F, 0x1386, 0x7FC9, 0x1335, 0x7FB6, 
	0x13C0, 0x7F88, 0x12A9, 0x7FBF, 0x1312, 0x805D, 0x1377, 0x7FDB, 0x1393, 0x7FED, 0x12B4, 0x8000, 0x1360, 0x801C, 0x1368, 0x801C, 
	0x1342, 0x804A, 0x1320, 0x8041, 0x1212, 0x8025, 0x13CB, 0x8013, 0x12E3, 0x7FDB, 0x1326, 0x7FE4, 0x1325, 0x802E, 0x1154, 0x7FDB, 
	0x120C, 0x8038, 0x1351, 0x7FE4, 0x1277, 0x8000, 0x136F, 0x805D, 0x1309, 0x802E, 0x132B, 0x7FED, 0x1224, 0x7F9A, 0x1361, 0x7FE4, 
	0x1137, 0x808C, 0x112C, 0x8013, 0x130A, 0x8082, 0x125F, 0x801C, 0x11F7, 0x802E, 0x11A6, 0x808C, 0x11BF, 0x8041, 0x11B3, 0x8095, 
	0x11DE, 0x808C, 0x1098, 0x8000, 0x10FF, 0x80A8, 0x11BF, 0x8082, 0x1151, 0x8066, 0x10D3, 0x8066, 0x110D, 0x8009, 0x1193, 0x8041, 
	0x1144, 0x8095, 0x10FC, 0x8054, 0x1041, 0x8177, 0x1120, 0x8054, 0x1097, 0x8054, 0x11AF, 0x8013, 0x110F, 0x8038, 0x109F, 0x80E9, 
	0x10B9, 0x80E0, 0x1099, 0x8066, 0x1073, 0x8070, 0x119A, 0x808C, 0x1034, 0x80B1, 0x10E3, 0x80C4, 0x0FDD, 0x802E, 0x1194, 0x8095, 
	0x150B, 0x81DF, 0x15D5, 0x8235, 0x1633, 0x8222, 0x15F7, 0x82BC, 0x15C9, 0x8222, 0x1549, 0x81FC, 0x159B, 0x818A, 0x1510, 0x81F2, 
	0x157B, 0x8164, 0x1527, 0x81DF, 0x1596, 0x81C3, 0x1543, 0x815A, 0x164D, 0x81DF, 0x1599, 0x81DF, 0x1529, 0x8147, 0x14F6, 0x81B0, 
	0x15F2, 0x80E9, 0x173C, 0x8151, 0x1590, 0x8147, 0x15B3, 0x8118, 0x14F8, 0x813E, 0x153B, 0x80A8, 0x1459, 0x8118, 0x15E9, 0x818A, 
	0x15B0, 0x80C4, 0x15BD, 0x8122, 0x1589, 0x80B1, 0x15B2, 0x80B1, 0x146C, 0x815A, 0x15C4, 0x809E, 0x147C, 0x80FC, 0x14D4, 0x8041, 
	0x159B, 0x802E, 0x14F0, 0x80E9, 0x1464, 0x80C4, 0x156E, 0x8095, 0x1588, 0x8041, 0x1572, 0x8009, 0x1566, 0x8082, 0x14ED, 0x8095, 
	0x153E, 0x804A, 0x1532, 0x8054, 0x1506, 0x801C, 0x1511, 0x8066, 0x1506, 0x809E, 0x14C1, 0x80BA, 0x1426, 0x8009, 0x1569, 0x8066, 
	0x144B, 0x804A, 0x143F, 0x8070, 0x145C, 0x8066, 0x1521, 0x8000, 0x157E, 0x808C, 0x1491, 0x7FF7, 0x137E, 0x8066, 0x1402, 0x804A, 
	0x1440, 0x7FDB, 0x13FB, 0x804A, 0x1444, 0x7FAD, 0x12CA, 0x7F91, 0x136C, 0x802E, 0x1480, 0x7FF7, 0x1452, 0x7FDB, 0x14DD, 0x7FBF, 
	0x13B4, 0x7FB6, 0x14CE, 0x7FED, 0x1523, 0x801C, 0x13A2, 0x7FED, 0x13F5, 0x7FED, 0x13CD, 0x7F7F, 0x141C, 0x7FED, 0x13B4, 0x7FE4, 
	0x139D, 0x7FDB, 0x13CC, 0x801C, 0x13E6, 0x7FDB, 0x1461, 0x7FAD, 0x135A, 0x7FA4, 0x1422, 0x7FF7, 0x1395, 0x802E, 0x12E9, 0x7FC9, 
	0x12CC, 0x7F88, 0x138A, 0x7F76, 0x134A, 0x7FC9, 0x123E, 0x8000, 0x1291, 0x7F5A, 0x12D1, 0x7F7F, 0x12A7, 0x7F48, 0x134E, 0x7F7F, 
	0x1297, 0x7F88, 0x1298, 0x7FC9, 0x1367, 0x7F3F, 0x1243, 0x7F6C, 0x1406, 0x7F6C, 0x12EE, 0x7FC9, 0x1373, 0x7F88, 0x132B, 0x7F91, 
	0x11C5, 0x7F2C, 0x12D6, 0x7F88, 0x131C, 0x7F91, 0x1312, 0x7F3F, 0x12B9, 0x7F5A, 0x138A, 0x7F48, 0x12C9, 0x7EC8, 0x124E, 0x7FB6, 
	0x136F, 0x7F2C, 0x12CA, 0x7F6C, 0x1260, 0x7F7F, 0x12E3, 0x7F11, 0x124E, 0x7F76, 0x12D3, 0x7F91, 0x1387, 0x7F23, 0x1299, 0x7F7F, 
	0x135A, 0x7E37, 0x12E6, 0x7F63, 0x1325, 0x7F76, 0x13B1, 0x7EEC, 0x132F, 0x7F51, 0x11C7, 0x7F1A, 0x12D3, 0x7EAD, 0x13D8, 0x7F36, 
	0x12E5, 0x7EF6, 0x138E, 0x7F63, 0x1377, 0x7EEC, 0x12C2, 0x7EEC, 0x133C, 0x7EFF, 0x1301, 0x7F08, 0x12BF, 0x7EDA, 0x137A, 0x7EFF, 
	0x1289, 0x7E77, 0x1268, 0x7ED1, 0x12E1, 0x7EDA, 0x1334, 0x7F48, 0x134E, 0x7F2C, 0x136A, 0x7E80, 0x1329, 0x7DF8, 0x143A, 0x7F2C, 
	0x139E, 0x7EEC, 0x1435, 0x7EFF, 0x140D, 0x7EAD, 0x13E7, 0x7EBF, 0x142A, 0x7EFF, 0x13DD, 0x7F48, 0x1314, 0x7E77, 0x13EE, 0x7E6D, 
	0x1417, 0x7E5B, 0x1408, 0x7F1A, 0x13B2, 0x7F6C, 0x13EA, 0x7E64, 0x1497, 0x7ED1, 0x141E, 0x7E52, 0x1481, 0x7EFF, 0x1448, 0x7EFF, 
	0x142A, 0x7EEC, 0x1451, 0x7F08, 0x1491, 0x7EC8, 0x1583, 0x7EFF, 0x14B2, 0x7ED1, 0x14BC, 0x7F36, 0x13A3, 0x7F48, 0x1530, 0x7EB6, 
	0x13C3, 0x7EDA, 0x14B4, 0x7F3F, 0x150B, 0x7EA4, 0x1412, 0x7F51, 0x1437, 0x7E64, 0x13CC, 0x7EBF, 0x1456, 0x7EE3, 0x15D9, 0x7F3F, 
	0x1437, 0x7F23, 0x14EC, 0x7ED1, 0x1425, 0x7F08, 0x1494, 0x7EEC, 0x1534, 0x7F23, 0x143E, 0x7F36, 0x146E, 0x7EF6, 0x1514, 0x7EFF, 
	0x1430, 0x7EB6, 0x13BD, 0x7F2C, 0x14F8, 0x7F63, 0x151E, 0x7F11, 0x1468, 0x7F2C, 0x1510, 0x7F3F, 0x13C2, 0x7EEC, 0x1420, 0x7F76, 
	0x13A6, 0x7F36, 0x143D, 0x7F36, 0x14FB, 0x7F63, 0x1474, 0x7F3F, 0x13A9, 0x7EFF, 0x136E, 0x7F76, 0x1413, 0x7F7F, 0x13CF, 0x7F63, 
	0x1332, 0x7F2C, 0x13E2, 0x7FBF, 0x138D, 0x7F48, 0x13C3, 0x7F6C, 0x1294, 0x7F91, 0x12CC, 0x7F6C, 0x1315, 0x7F48, 0x1425, 0x7F88, 
	0x1394, 0x7FA4, 0x13B3, 0x7FD2, 0x13C2, 0x7FA4, 0x137A, 0x7FB6, 0x13BC, 0x8000, 0x1406, 0x7FED, 0x1341, 0x801C, 0x12DB, 0x7F51, 
	0x1465, 0x7F63, 0x141F, 0x7FBF, 0x13AD, 0x7FDB, 0x1316, 0x7FB6, 0x12B8, 0x7FDB, 0x140E, 0x7FD2, 0x13DE, 0x7FA4, 0x130F, 0x7FDB, 
	0x1395, 0x808C, 0x121C, 0x7FE4, 0x1284, 0x7FD2, 0x13D4, 0x7FF7, 0x12FD, 0x801C, 0x12B9, 0x8013, 0x11F6, 0x805D, 0x13C1, 0x8013, 
	0x128F, 0x8009, 0x13FF, 0x8009, 0x11FA, 0x80D6, 0x1215, 0x802E, 0x1326, 0x8025, 0x12D9, 0x8025, 0x1229, 0x7FDB, 0x11F7, 0x804A, 
	0x12FC, 0x8025, 0x1223, 0x804A, 0x11C7, 0x808C, 0x1158, 0x8009, 0x11C7, 0x8025, 0x11DB, 0x809E, 0x1189, 0x805D, 0x106E, 0x8041, 
	0x1236, 0x8000, 0x11EA, 0x805D, 0x11F2, 0x80A8, 0x11A3, 0x80F3, 0x10BC, 0x809E, 0x1159, 0x8038, 0x104D, 0x8013, 0x1110, 0x801C, 
	0x10F9, 0x802E, 0x1081, 0x8105, 0x10DA, 0x80E9, 0x10DE, 0x8082, 0x101E, 0x8038, 0x114E, 0x8082, 0x10E6, 0x80BA, 0x1084, 0x80B1, 
	0x0EEF, 0x7FE4, 0x1185, 0x80B1, 0x113D, 0x80D6, 0x10C2, 0x80E0, 0x10E5, 0x80E0, 0x1077, 0x8079, 0x112D, 0x80BA, 0x117D, 0x80E0, 
	0x114C, 0x8135, 0x10E5, 0x8105, 0x10E2, 0x80F3, 0x118E, 0x809E, 0x11C4, 0x8105, 0x1193, 0x810F, 0x128B, 0x813E, 0x1117, 0x80BA, 
	0x113C, 0x80A8, 0x10FB, 0x8151, 0x10D5, 0x8151, 0x11C7, 0x8105, 0x10CA, 0x8135, 0x1172, 0x808C, 0x119D, 0x80E0, 0x11C7, 0x816D, 
	0x1112, 0x8118, 0x1109, 0x815A, 0x1251, 0x8070, 0x1233, 0x80E9, 0x1113, 0x815A, 0x11DD, 0x819D, 0x10D4, 0x8222, 0x1166, 0x80FC, 
	0x11A0, 0x80E9, 0x1292, 0x815A, 0x1221, 0x816D, 0x11BB, 0x8147, 0x120D, 0x8105, 0x116E, 0x80E0, 0x11BE, 0x8135, 0x11AE, 0x8164, 
	0x110B, 0x81B9, 0x117D, 0x815A, 0x11FF, 0x815A, 0x11C5, 0x8135, 0x11C2, 0x8164, 0x114D, 0x81DF, 0x128E, 0x818A, 0x1172, 0x81DF, 
	0x1300, 0x8122, 0x1101, 0x8193, 0x11DD, 0x8193, 0x1231, 0x818A, 0x1151, 0x8135, 0x124E, 0x819D, 0x11A6, 0x81B0, 0x116D, 0x81B9, 
	0x12E4, 0x81B0, 0x1217, 0x81CC, 0x123A, 0x819D, 0x11E7, 0x8177, 0x1250, 0x81A6, 0x1315, 0x819D, 0x1296, 0x8177, 0x12B9, 0x8180, 
	0x1259, 0x81C3, 0x11F1, 0x81B9, 0x12E5, 0x81CC, 0x132F, 0x81CC, 0x1266, 0x8222, 0x1264, 0x81A6, 0x1295, 0x81F2, 0x1365, 0x81F2, 
	0x12CE, 0x81FC, 0x13DE, 0x8205, 0x129A, 0x8205, 0x13BB, 0x81B0, 0x1350, 0x818A, 0x1336, 0x81CC, 0x13C3, 0x81DF, 0x1336, 0x81DF, 
	0x1371, 0x8235, 0x12A8, 0x81DF, 0x125A, 0x8205, 0x139D, 0x820F, 0x12FA, 0x81DF, 0x1316, 0x8235, 0x12F8, 0x81DF, 0x14A3, 0x81FC, 
	0x13A9, 0x81F2, 0x13DE, 0x8252, 0x14AF, 0x8205, 0x144C, 0x81F2, 0x13D3, 0x81E9, 0x13D7, 0x8248, 0x13EE, 0x82BC, 0x1445, 0x822C, 
	0x1388, 0x820F, 0x13CA, 0x8219, 0x13F4, 0x829F, 0x132A, 0x822C, 0x1362, 0x8282, 0x1460, 0x8295, 0x14B0, 0x822C, 0x13CF, 0x8279, 
	0x142E, 0x8282, 0x13E4, 0x822C, 0x13BF, 0x825C, 0x1337, 0x81B0, 0x1334, 0x829F, 0x13D8, 0x82B2, 0x13A4, 0x82A9, 0x1339, 0x8309, 
	0x134E, 0x82B2, 0x138B, 0x831D, 0x13BA, 0x82D9, 0x1387, 0x82CF, 0x139B, 0x82CF, 0x139B, 0x828C, 0x137E, 0x82CF, 0x14E7, 0x8344, 
	0x155E, 0x837E, 0x13E7, 0x8392, 0x14C7, 0x83A6, 0x1431, 0x83EA, 0x154C, 0x849C, 0x1549, 0x846B, 0x150B, 0x81DF, 0x15D5, 0x8235, 
	0x1633, 0x8222, 0x15F7, 0x82BC, 0x15C9, 0x8222, 0x1549, 0x81FC, 0x159B, 0x818A, 0x1510, 0x81F2, 0x157B, 0x8164, 0x1527, 0x81DF, 
	0x1596, 0x81C3, 0x1543, 0x815A, 0x164D, 0x81DF, 0x1599, 0x81DF, 0x1529, 0x8147, 0x14F6, 0x81B0, 0x15F2, 0x80E9, 0x173C, 0x8151, 
	0x1590, 0x8147, 0x15B3, 0x8118, 0x14F8, 0x813E, 0x153B, 0x80A8, 0x1459, 0x8118, 0x15E9, 0x818A, 0x15B0, 0x80C4, 0x15BD, 0x8122, 
	0x1589, 0x80B1, 0x15B2, 0x80B1, 0x146C, 0x815A, 0x15C4, 0x809E, 0x147C, 0x80FC, 0x14D4, 0x8041, 0x159B, 0x802E, 0x14F0, 0x80E9, 
	0x1464, 0x80C4, 0x156E, 0x8095, 0x1588, 0x8041, 0x1572, 0x8009, 0x1566, 0x8082, 0x14ED, 0x8095, 0x153E, 0x804A, 0x1532, 0x8054, 
	0x1506, 0x801C, 0x1511, 0x8066, 0x1506, 0x809E, 0x14C1, 0x80BA, 0x1426, 0x8009, 0x1569, 0x8066, 0x144B, 0x804A, 0x143F, 0x8070, 
	0x145C, 0x8066, 0x1521, 0x8000, 0x157E, 0x808C, 0x1491, 0x7FF7, 0x137E, 0x8066, 0x1402, 0x804A, 0x1440, 0x7FDB, 0x13FB, 0x804A, 
	0x1444, 0x7FAD, 0x12CA, 0x7F91, 0x136C, 0x802E, 0x1480, 0x7FF7, 0x1452, 0x7FDB, 0x14DD, 0x7FBF, 0x13B4, 0x7FB6, 0x14CE, 0x7FED, 
	0x1523, 0x801C, 0x13A2, 0x7FED, 0x13F5, 0x7FED, 0x13CD, 0x7F7F, 0x141C, 0x7FED, 0x13B4, 0x7FE4, 0x139D, 0x7FDB, 0x13CC, 0x801C, 
	0x13E6, 0x7FDB, 0x1461, 0x7FAD, 0x135A, 0x7FA4, 0x1422, 0x7FF7, 0x1395, 0x802E, 0x12E9, 0x7FC9, 0x12CC, 0x7F88, 0x138A, 0x7F76, 
	0x134A, 0x7FC9, 0x123E, 0x8000, 0x1291, 0x7F5A, 0x12D1, 0x7F7F, 0x12A7, 0x7F48, 0x134E, 0x7F7F, 0x1297, 0x7F88, 0x1298, 0x7FC9, 
	0x1367, 0x7F3F, 0x1243, 0x7F6C, 0x1406, 0x7F6C, 0x12EE, 0x7FC9, 0x1373, 0x7F88, 0x132B, 0x7F91, 0x11C5, 0x7F2C, 0x12D6, 0x7F88, 
	0x131C, 0x7F91, 0x1312, 0x7F3F, 0x12B9, 0x7F5A, 0x138A, 0x7F48, 0x12C9, 0x7EC8, 0x124E, 0x7FB6, 0x136F, 0x7F2C, 0x12CA, 0x7F6C, 
	0x1260, 0x7F7F, 0x12E3, 0x7F11, 0x124E, 0x7F76, 0x12D3, 0x7F91, 0x1387, 0x7F23, 0x1299, 0x7F7F, 0x135A, 0x7E37, 0x12E6, 0x7F63, 
	0x1325, 0x7F76, 0x13B1, 0x7EEC, 0x132F, 0x7F51, 0x11C7, 0x7F1A, 0x12D3, 0x7EAD, 0x13D8, 0x7F36, 0x12E5, 0x7EF6, 0x138E, 0x7F63, 
	0x1377, 0x7EEC, 0x12C2, 0x7EEC, 0x133C, 0x7EFF, 0x1301, 0x7F08, 0x12BF, 0x7EDA, 0x137A, 0x7EFF, 0x1289, 0x7E77, 0x1268, 0x7ED1, 
	0x12E1, 0x7EDA, 0x1334, 0x7F48, 0x134E, 0x7F2C, 0x136A, 0x7E80, 0x1329, 0x7DF8, 0x143A, 0x7F2C, 0x139E, 0x7EEC, 0x1435, 0x7EFF, 
	0x140D, 0x7EAD, 0x13E7, 0x7EBF, 0x142A, 0x7EFF, 0x13DD, 0x7F48, 0x1314, 0x7E77, 0x13EE, 0x7E6D, 0x1417, 0x7E5B, 0x1408, 0x7F1A, 
	0x13B2, 0x7F6C, 0x13EA, 0x7E64, 0x1497, 0x7ED1, 0x141E, 0x7E52, 0x1481, 0x7EFF, 0x1448, 0x7EFF, 0x142A, 0x7EEC, 0x1451, 0x7F08, 
	0x1491, 0x7EC8, 0x1583, 0x7EFF, 0x14B2, 0x7ED1, 0x14BC, 0x7F36, 0x13A3, 0x7F48, 0x1530, 0x7EB6, 0x13C3, 0x7EDA, 0x14B4, 0x7F3F, 
	0x150B, 0x7EA4, 0x1412, 0x7F51, 0x1437, 0x7E64, 0x13CC, 0x7EBF, 0x1456, 0x7EE3, 0x15D9, 0x7F3F, 0x1437, 0x7F23, 0x14EC, 0x7ED1, 
	0x1425, 0x7F08, 0x1494, 0x7EEC, 0x1534, 0x7F23, 0x143E, 0x7F36, 0x146E, 0x7EF6, 0x1514, 0x7EFF, 0x1430, 0x7EB6, 0x13BD, 0x7F2C, 
	0x14F8, 0x7F63, 0x151E, 0x7F11, 0x1468, 0x7F2C, 0x1510, 0x7F3F, 0x13C2, 0x7EEC, 0x1420, 0x7F76, 0x13A6, 0x7F36, 0x143D, 0x7F36, 
	0x14FB, 0x7F63, 0x1474, 0x7F3F, 0x13A9, 0x7EFF, 0x136E, 0x7F76, 0x1413, 0x7F7F, 0x13CF, 0x7F63, 0x1332, 0x7F2C, 0x13E2, 0x7FBF, 
	0x138D, 0x7F48, 0x13C3, 0x7F6C, 0x1294, 0x7F91, 0x12CC, 0x7F6C, 0x1315, 0x7F48, 0x1425, 0x7F88, 0x1394, 0x7FA4, 0x13B3, 0x7FD2, 
	0x13C2, 0x7FA4, 0x137A, 0x7FB6, 0x13BC, 0x8000, 0x1406, 0x7FED, 0x1341, 0x801C, 0x12DB, 0x7F51, 0x1465, 0x7F63, 0x141F, 0x7FBF, 
	0x13AD, 0x7FDB, 0x1316, 0x7FB6, 0x12B8, 0x7FDB, 0x140E, 0x7FD2, 0x13DE, 0x7FA4, 0x130F, 0x7FDB, 0x1395, 0x808C, 0x121C, 0x7FE4, 
	0x1284, 0x7FD2, 0x13D4, 0x7FF7, 0x12FD, 0x801C, 0x12B9, 0x8013, 0x11F6, 0x805D, 0x13C1, 0x8013, 0x128F, 0x8009, 0x13FF, 0x8009, 
	0x11FA, 0x80D6, 0x1215, 0x802E, 0x1326, 0x8025, 0x12D9, 0x8025, 0x1229, 0x7FDB, 0x11F7, 0x804A, 0x12FC, 0x8025, 0x1223, 0x804A, 
	0x11C7, 0x808C, 0x1158, 0x8009, 0x11C7, 0x8025, 0x11DB, 0x809E, 0x1189, 0x805D, 0x106E, 0x8041, 0x1236, 0x8000, 0x11EA, 0x805D, 
	0x11F2, 0x80A8, 0x11A3, 0x80F3, 0x10BC, 0x809E, 0x1159, 0x8038, 0x104D, 0x8013, 0x1110, 0x801C, 0x10F9, 0x802E, 0x1081, 0x8105, 
	0x10DA, 0x80E9, 0x10DE, 0x8082, 0x101E, 0x8038, 0x114E, 0x8082, 0x10E6, 0x80BA, 0x1084, 0x80B1, 0x0EEF, 0x7FE4, 0x1185, 0x80B1, 
	0x14B2, 0x8235, 0x1540, 0x82CF, 0x15C6, 0x8248, 0x157E, 0x82E3, 0x156C, 0x81C3, 0x14A6, 0x81FC, 0x1446, 0x823F, 0x1460, 0x81B0, 
	0x1500, 0x81FC, 0x1515, 0x81CC, 0x14D7, 0x81CC, 0x152D, 0x81A6, 0x1541, 0x81B9, 0x1540, 0x81C3, 0x14BE, 0x81DF, 0x1498, 0x81B9, 
	0x167C, 0x8147, 0x1664, 0x81F2, 0x150A, 0x8193, 0x1578, 0x8180, 0x14AC, 0x80FC, 0x1488, 0x8135, 0x151D, 0x8177, 0x1520, 0x8193, 
	0x14DF, 0x816D, 0x1574, 0x8122, 0x1515, 0x813E, 0x1578, 0x80BA, 0x1456, 0x8164, 0x1512, 0x80FC, 0x13FA, 0x80E9, 0x148E, 0x80FC, 
	0x15BF, 0x8095, 0x14EE, 0x8135, 0x1405, 0x810F, 0x1459, 0x8105, 0x1518, 0x8079, 0x1554, 0x80A8, 0x1537, 0x8054, 0x1404, 0x80E0, 
	0x14F8, 0x8082, 0x1467, 0x8000, 0x14B7, 0x8009, 0x1510, 0x8082, 0x147B, 0x8054, 0x141A, 0x8070, 0x13C6, 0x8025, 0x14CC, 0x8038, 
	0x1418, 0x8054, 0x13DA, 0x8054, 0x146F, 0x8095, 0x14BF, 0x8000, 0x1505, 0x8054, 0x1467, 0x8054, 0x139D, 0x8082, 0x1412, 0x8038, 
	0x1453, 0x8038, 0x13A7, 0x8038, 0x1472, 0x804A, 0x127C, 0x8041, 0x135D, 0x8013, 0x14B0, 0x8038, 0x140C, 0x801C, 0x1461, 0x7F91, 
	0x1300, 0x8013, 0x1484, 0x7FB6, 0x1456, 0x801C, 0x1321, 0x7FF7, 0x1321, 0x8009, 0x13A0, 0x802E, 0x1382, 0x801C, 0x1316, 0x7FE4, 
	0x138B, 0x8013, 0x13B7, 0x801C, 0x1348, 0x8000, 0x1447, 0x8013, 0x12FD, 0x7F9A, 0x140B, 0x8054, 0x12C8, 0x7F9A, 0x124E, 0x7FB6, 
	0x129D, 0x7F5A, 0x137A, 0x7F91, 0x12CB, 0x7FBF, 0x121D, 0x8009, 0x128E, 0x7F88, 0x12A0, 0x7F1A, 0x1298, 0x7F51, 0x126D, 0x7F9A, 
	0x1201, 0x7FED, 0x1224, 0x7F6C, 0x12CD, 0x7F11, 0x1267, 0x8000, 0x1375, 0x7F2C, 0x1292, 0x7FF7, 0x12D2, 0x7F76, 0x1299, 0x7F7F, 
	0x11FD, 0x7F23, 0x12D4, 0x7EE3, 0x1271, 0x7FF7, 0x128D, 0x7F6C, 0x129F, 0x7EF6, 0x134C, 0x7F48, 0x12DA, 0x7F51, 0x1261, 0x7FC9, 
	0x1332, 0x7F51, 0x124B, 0x7EFF, 0x11FC, 0x7F7F, 0x12BC, 0x7F5A, 0x12A2, 0x7F2C, 0x1242, 0x7F9A, 0x12A6, 0x7EFF, 0x12B5, 0x7FBF, 
	0x12F1, 0x7EC8, 0x1267, 0x7F2C, 0x124B, 0x7F36, 0x136F, 0x7F1A, 0x12CD, 0x7F6C, 0x121C, 0x7EE3, 0x1255, 0x7ED1, 0x136C, 0x7F48, 
	0x127E, 0x7F51, 0x134D, 0x7F08, 0x139C, 0x7EBF, 0x12E4, 0x7EEC, 0x12E7, 0x7F5A, 0x126F, 0x7F2C, 0x12CB, 0x7F3F, 0x130B, 0x7EE3, 
	0x1205, 0x7E9B, 0x11F2, 0x7F11, 0x1221, 0x7F3F, 0x131D, 0x7ED1, 0x128E, 0x7EC8, 0x138D, 0x7EB6, 0x12F3, 0x7EC8, 0x141E, 0x7F63, 
	0x13D7, 0x7F36, 0x1377, 0x7F11, 0x135C, 0x7F08, 0x13D9, 0x7ED1, 0x13F0, 0x7F08, 0x1417, 0x7F48, 0x12B6, 0x7EB6, 0x139D, 0x7EB6, 
	0x13CC, 0x7EB6, 0x13D0, 0x7E80, 0x1381, 0x7F51, 0x139C, 0x7EE3, 0x1439, 0x7EFF, 0x1367, 0x7EB6, 0x141A, 0x7EAD, 0x13AF, 0x7F1A, 
	0x13C8, 0x7F51, 0x13D0, 0x7EFF, 0x148B, 0x7E77, 0x14F6, 0x7EBF, 0x1492, 0x7EFF, 0x1427, 0x7F1A, 0x133D, 0x7F2C, 0x14A0, 0x7EC8, 
	0x13C4, 0x7ED1, 0x1440, 0x7F2C, 0x1421, 0x7F11, 0x1406, 0x7F36, 0x13D1, 0x7E92, 0x13A0, 0x7EBF, 0x14AE, 0x7F2C, 0x1553, 0x7F48, 
	0x13FD, 0x7F91, 0x154E, 0x7EEC, 0x1438, 0x7F08, 0x14D7, 0x7F88, 0x14E6, 0x7EFF, 0x1360, 0x7F2C, 0x13A4, 0x7F1A, 0x1481, 0x7EBF, 
	0x146C, 0x7F51, 0x1339, 0x7F5A, 0x14EA, 0x7F51, 0x14E6, 0x7F2C, 0x13F8, 0x7F3F, 0x145E, 0x7F76, 0x1329, 0x7F63, 0x1398, 0x7F5A, 
	0x1345, 0x7F6C, 0x13A4, 0x7F7F, 0x140A, 0x7FBF, 0x144B, 0x7F08, 0x134B, 0x7F48, 0x12F2, 0x7F63, 0x1394, 0x7F51, 0x13B2, 0x7F88, 
	0x124A, 0x7FA4, 0x135D, 0x7F11, 0x12BA, 0x7FB6, 0x13C2, 0x7FC9, 0x1250, 0x7F7F, 0x12D9, 0x7F48, 0x134D, 0x7F9A, 0x1380, 0x7FB6, 
	0x12F4, 0x7FF7, 0x139C, 0x7F76, 0x136B, 0x7FBF, 0x12D6, 0x7F5A, 0x13A7, 0x7FC9, 0x1390, 0x801C, 0x126D, 0x7FBF, 0x12A8, 0x7FDB, 
	0x140C, 0x7F63, 0x138F, 0x8013, 0x135F, 0x8041, 0x1294, 0x8025, 0x1171, 0x7F88, 0x13BC, 0x7FB6, 0x1304, 0x8025, 0x12B8, 0x802E, 
	0x136A, 0x80BA, 0x11B8, 0x804A, 0x125F, 0x7FA4, 0x1394, 0x8038, 0x124F, 0x8038, 0x1308, 0x8066, 0x11C7, 0x8082, 0x1378, 0x8025, 
	0x1236, 0x801C, 0x1362, 0x8013, 0x11C6, 0x80BA, 0x11BA, 0x8066, 0x12FD, 0x8000, 0x1282, 0x8095, 0x1239, 0x804A, 0x1185, 0x80B1, 
	0x121F, 0x80BA, 0x118A, 0x8013, 0x115E, 0x8095, 0x11CD, 0x7FE4, 0x1135, 0x804A, 0x111F, 0x80D6, 0x1152, 0x8041, 0x1081, 0x80A8, 
	0x1273, 0x8009, 0x1176, 0x802E, 0x1133, 0x805D, 0x1155, 0x8070, 0x1060, 0x809E, 0x114B, 0x80CD, 0x10FE, 0x805D, 0x1136, 0x80A8, 
	0x106C, 0x8118, 0x1059, 0x80FC, 0x10DF, 0x8066, 0x104E, 0x80A8, 0x0FD3, 0x80D6, 0x10A3, 0x805D, 0x1012, 0x80F3, 0x1058, 0x80C4, 
	0x0F9D, 0x8079, 0x116A, 0x80E9, 0x1073, 0x80E9, 0x1001, 0x8118, 0x1086, 0x80D6, 0x0F8A, 0x813E, 0x110A, 0x8151, 0x1134, 0x80BA, 
	0x1109, 0x8177, 0x0FD6, 0x80F3, 0x1086, 0x80D6, 0x1165, 0x80D6, 0x118D, 0x8147, 0x10B9, 0x8193, 0x11DC, 0x815A, 0x10B8, 0x80D6, 
	0x10C3, 0x8105, 0x10E7, 0x8147, 0x10F1, 0x8151, 0x1104, 0x812B, 0x1080, 0x810F, 0x1187, 0x80E9, 0x112C, 0x812B, 0x115C, 0x81D6, 
	0x10EC, 0x8180, 0x10B8, 0x8147, 0x11E7, 0x8135, 0x1153, 0x80F3, 0x1172, 0x812B, 0x1157, 0x8177, 0x104D, 0x8147, 0x1111, 0x8118, 
	0x1171, 0x8105, 0x1216, 0x816D, 0x11ED, 0x81D6, 0x1142, 0x8180, 0x114E, 0x80CD, 0x1104, 0x815A, 0x116D, 0x8147, 0x1101, 0x8193, 
	0x111D, 0x819D, 0x1163, 0x8118, 0x1181, 0x818A, 0x1169, 0x819D, 0x1188, 0x81A6, 0x10A1, 0x81D6, 0x11C7, 0x81B9, 0x11B5, 0x81A6, 
	0x11FD, 0x818A, 0x1099, 0x8177, 0x11C9, 0x81A6, 0x11E0, 0x81B9, 0x10EC, 0x815A, 0x11EB, 0x81C3, 0x1129, 0x81CC, 0x1127, 0x81F2, 
	0x1258, 0x819D, 0x118C, 0x8193, 0x11F3, 0x81E9, 0x11D9, 0x818A, 0x11B4, 0x8164, 0x1243, 0x81B9, 0x1297, 0x81D6, 0x12F3, 0x819D, 
	0x11EF, 0x81FC, 0x1184, 0x815A, 0x121F, 0x81D6, 0x1281, 0x8219, 0x1200, 0x81B0, 0x1214, 0x81E9, 0x1239, 0x8205, 0x12E4, 0x81FC, 
	0x12E1, 0x8252, 0x138F, 0x823F, 0x11F6, 0x81DF, 0x131F, 0x81C3, 0x1311, 0x8164, 0x1324, 0x81F2, 0x1331, 0x8248, 0x131D, 0x8222, 
	0x1329, 0x820F, 0x1291, 0x81E9, 0x11B1, 0x8252, 0x1332, 0x822C, 0x12D8, 0x81B9, 0x1327, 0x8205, 0x12F4, 0x8222, 0x13CE, 0x81F2, 
	0x1357, 0x828C, 0x1380, 0x8222, 0x1430, 0x81B9, 0x1370, 0x8205, 0x13C8, 0x8248, 0x1328, 0x82E3, 0x13BB, 0x820F, 0x137A, 0x8248, 
	0x1327, 0x8265, 0x12B7, 0x81C3, 0x1303, 0x828C, 0x1335, 0x82A9, 0x1375, 0x826F, 0x142F, 0x8265, 0x1475, 0x8235, 0x1369, 0x823F, 
	0x1382, 0x823F, 0x1350, 0x81B0, 0x138A, 0x8282, 0x1335, 0x8222, 0x12A3, 0x82A9, 0x131F, 0x8279, 0x1328, 0x8282, 0x12F7, 0x82EC, 
	0x13A0, 0x82E3, 0x134F, 0x8327, 0x1329, 0x837E, 0x133F, 0x826F, 0x13A3, 0x8327, 0x13B5, 0x82E3, 0x139E, 0x82F6, 0x13E7, 0x8375, 
	0x1429, 0x82F6, 0x1355, 0x8344, 0x14C9, 0x8392, 0x13E6, 0x83EA, 0x148C, 0x8457, 0x14A4, 0x8492, 0x14B2, 0x8235, 0x1540, 0x82CF, 
	0x15C6, 0x8248, 0x157E, 0x82E3, 0x156C, 0x81C3, 0x14A6, 0x81FC, 0x1446, 0x823F, 0x1460, 0x81B0, 0x1500, 0x81FC, 0x1515, 0x81CC, 
	0x14D7, 0x81CC, 0x152D, 0x81A6, 0x1541, 0x81B9, 0x1540, 0x81C3, 0x14BE, 0x81DF, 0x1498, 0x81B9, 0x167C, 0x8147, 0x1664, 0x81F2, 
	0x150A, 0x8193, 0x1578, 0x8180, 0x14AC, 0x80FC, 0x1488, 0x8135, 0x151D, 0x8177, 0x1520, 0x8193, 0x14DF, 0x816D, 0x1574, 0x8122, 
	0x1515, 0x813E, 0x1578, 0x80BA, 0x1456, 0x8164, 0x1512, 0x80FC, 0x13FA, 0x80E9, 0x148E, 0x80FC, 0x15BF, 0x8095, 0x14EE, 0x8135, 
	0x1405, 0x810F, 0x1459, 0x8105, 0x1518, 0x8079, 0x1554, 0x80A8, 0x1537, 0x8054, 0x1404, 0x80E0, 0x14F8, 0x8082, 0x1467, 0x8000, 
	0x14B7, 0x8009, 0x1510, 0x8082, 0x147B, 0x8054, 0x141A, 0x8070, 0x13C6, 0x8025, 0x14CC, 0x8038, 0x1418, 0x8054, 0x13DA, 0x8054, 
	0x146F, 0x8095, 0x14BF, 0x8000, 0x1505, 0x8054, 0x1467, 0x8054, 0x139D, 0x8082, 0x1412, 0x8038, 0x1453, 0x8038, 0x13A7, 0x8038, 
	0x1472, 0x804A, 0x127C, 0x8041, 0x135D, 0x8013, 0x14B0, 0x8038, 0x140C, 0x801C, 0x1461, 0x7F91, 0x1300, 0x8013, 0x1484, 0x7FB6, 
	0x1456, 0x801C, 0x1321, 0x7FF7, 0x1321, 0x8009, 0x13A0, 0x802E, 0x1382, 0x801C, 0x1316, 0x7FE4, 0x138B, 0x8013, 0x13B7, 0x801C, 
	0x1348, 0x8000, 0x1447, 0x8013, 0x12FD, 0x7F9A, 0x140B, 0x8054, 0x12C8, 0x7F9A, 0x124E, 0x7FB6, 0x129D, 0x7F5A, 0x137A, 0x7F91, 
	0x12CB, 0x7FBF, 0x121D, 0x8009, 0x128E, 0x7F88, 0x12A0, 0x7F1A, 0x1298, 0x7F51, 0x126D, 0x7F9A, 0x1201, 0x7FED, 0x1224, 0x7F6C, 
	0x12CD, 0x7F11, 0x1267, 0x8000, 0x1375, 0x7F2C, 0x1292, 0x7FF7, 0x12D2, 0x7F76, 0x1299, 0x7F7F, 0x11FD, 0x7F23, 0x12D4, 0x7EE3, 
	0x1271, 0x7FF7, 0x128D, 0x7F6C, 0x129F, 0x7EF6, 0x134C, 0x7F48, 0x12DA, 0x7F51, 0x1261, 0x7FC9, 0x1332, 0x7F51, 0x124B, 0x7EFF, 
	0x11FC, 0x7F7F, 0x12BC, 0x7F5A, 0x12A2, 0x7F2C, 0x1242, 0x7F9A, 0x12A6, 0x7EFF, 0x12B5, 0x7FBF, 0x12F1, 0x7EC8, 0x1267, 0x7F2C, 
	0x124B, 0x7F36, 0x136F, 0x7F1A, 0x12CD, 0x7F6C, 0x121C, 0x7EE3, 0x1255, 0x7ED1, 0x136C, 0x7F48, 0x127E, 0x7F51, 0x134D, 0x7F08, 
	0x139C, 0x7EBF, 0x12E4, 0x7EEC, 0x12E7, 0x7F5A, 0x126F, 0x7F2C, 0x12CB, 0x7F3F, 0x130B, 0x7EE3, 0x1205, 0x7E9B, 0x11F2, 0x7F11, 
	0x1221, 0x7F3F, 0x131D, 0x7ED1, 0x128E, 0x7EC8, 0x138D, 0x7EB6, 0x12F3, 0x7EC8, 0x141E, 0x7F63, 0x13D7, 0x7F36, 0x1377, 0x7F11, 
	0x135C, 0x7F08, 0x13D9, 0x7ED1, 0x13F0, 0x7F08, 0x1417, 0x7F48, 0x12B6, 0x7EB6, 0x139D, 0x7EB6, 0x13CC, 0x7EB6, 0x13D0, 0x7E80, 
	0x1381, 0x7F51, 0x139C, 0x7EE3, 0x1439, 0x7EFF, 0x1367, 0x7EB6, 0x141A, 0x7EAD, 0x13AF, 0x7F1A, 0x13C8, 0x7F51, 0x13D0, 0x7EFF, 
	0x148B, 0x7E77, 0x14F6, 0x7EBF, 0x1492, 0x7EFF, 0x1427, 0x7F1A, 0x133D, 0x7F2C, 0x14A0, 0x7EC8, 0x13C4, 0x7ED1, 0x1440, 0x7F2C, 
	0x1421, 0x7F11, 0x1406, 0x7F36, 0x13D1, 0x7E92, 0x13A0, 0x7EBF, 0x14AE, 0x7F2C, 0x1553, 0x7F48, 0x13FD, 0x7F91, 0x154E, 0x7EEC, 
	0x1438, 0x7F08, 0x14D7, 0x7F88, 0x14E6, 0x7EFF, 0x1360, 0x7F2C, 0x13A4, 0x7F1A, 0x1481, 0x7EBF, 0x146C, 0x7F51, 0x1339, 0x7F5A, 
	0x14EA, 0x7F51, 0x14E6, 0x7F2C, 0x13F8, 0x7F3F, 0x145E, 0x7F76, 0x1329, 0x7F63, 0x1398, 0x7F5A, 0x1345, 0x7F6C, 0x13A4, 0x7F7F, 
	0x140A, 0x7FBF, 0x144B, 0x7F08, 0x134B, 0x7F48, 0x12F2, 0x7F63, 0x1394, 0x7F51, 0x13B2, 0x7F88, 0x124A, 0x7FA4, 0x135D, 0x7F11, 
	0x12BA, 0x7FB6, 0x13C2, 0x7FC9, 0x1250, 0x7F7F, 0x12D9, 0x7F48, 0x134D, 0x7F9A, 0x1380, 0x7FB6, 0x12F4, 0x7FF7, 0x139C, 0x7F76, 
	0x136B, 0x7FBF, 0x12D6, 0x7F5A, 0x13A7, 0x7FC9, 0x1390, 0x801C, 0x126D, 0x7FBF, 0x12A8, 0x7FDB, 0x140C, 0x7F63, 0x138F, 0x8013, 
	0x135F, 0x8041, 0x1294, 0x8025, 0x1171, 0x7F88, 0x13BC, 0x7FB6, 0x1304, 0x8025, 0x12B8, 0x802E, 0x136A, 0x80BA, 0x11B8, 0x804A, 
	0x125F, 0x7FA4, 0x1394, 0x8038, 0x124F, 0x8038, 0x1308, 0x8066, 0x11C7, 0x8082, 0x1378, 0x8025, 0x1236, 0x801C, 0x1362, 0x8013, 
	0x11C6, 0x80BA, 0x11BA, 0x8066, 0x12FD, 0x8000, 0x1282, 0x8095, 0x1239, 0x804A, 0x1185, 0x80B1, 0x121F, 0x80BA, 0x118A, 0x8013, 
	0x115E, 0x8095, 0x11CD, 0x7FE4, 0x1135, 0x804A, 0x111F, 0x80D6, 0x1152, 0x8041, 0x1081, 0x80A8, 0x1273, 0x8009, 0x1176, 0x802E, 
	0x1133, 0x805D, 0x1155, 0x8070, 0x1060, 0x809E, 0x114B, 0x80CD, 0x10FE, 0x805D, 0x1136, 0x80A8, 0x106C, 0x8118, 0x1059, 0x80FC, 
	0x10DF, 0x8066, 0x104E, 0x80A8, 0x0FD3, 0x80D6, 0x10A3, 0x805D, 0x1012, 0x80F3, 0x1058, 0x80C4, 0x0F9D, 0x8079, 0x116A, 0x80E9, 
	0x1572, 0x8248, 0x155E, 0x82A9, 0x1624, 0x828C, 0x1581, 0x823F, 0x145E, 0x825C, 0x1571, 0x8205, 0x1525, 0x81F2, 0x14E9, 0x81F2, 
	0x14E8, 0x8219, 0x1505, 0x820F, 0x155D, 0x819D, 0x1573, 0x81B9, 0x1539, 0x81DF, 0x15A6, 0x81B0, 0x1511, 0x8222, 0x151B, 0x8147, 
	0x160F, 0x81A6, 0x1650, 0x8164, 0x1630, 0x815A, 0x14CF, 0x819D, 0x1535, 0x80E0, 0x154D, 0x813E, 0x157F, 0x81C3, 0x1572, 0x8147, 
	0x14D9, 0x8164, 0x1535, 0x80C4, 0x14C4, 0x809E, 0x155F, 0x810F, 0x1564, 0x80FC, 0x1566, 0x8118, 0x141C, 0x80BA, 0x14B9, 0x80F3, 
	0x1483, 0x804A, 0x14F6, 0x80F3, 0x14B1, 0x80B1, 0x1496, 0x809E, 0x14B3, 0x8054, 0x156C, 0x8164, 0x15B9, 0x80BA, 0x1416, 0x80E0, 
	0x151A, 0x804A, 0x14EB, 0x8054, 0x150A, 0x805D, 0x1518, 0x8095, 0x148A, 0x7FED, 0x1479, 0x80A8, 0x13FC, 0x8079, 0x1513, 0x8041, 
	0x13F1, 0x8066, 0x13EB, 0x805D, 0x14F8, 0x809E, 0x1544, 0x7FD2, 0x1558, 0x8025, 0x1500, 0x802E, 0x145A, 0x8095, 0x1445, 0x8000, 
	0x1401, 0x7FE4, 0x13F9, 0x8000, 0x1543, 0x8000, 0x140E, 0x8009, 0x1369, 0x7F6C, 0x1531, 0x7FF7, 0x1396, 0x7FF7, 0x141A, 0x7F91, 
	0x134F, 0x7FC9, 0x141D, 0x8013, 0x14A6, 0x7FD2, 0x13BC, 0x8041, 0x1373, 0x7FAD, 0x13C2, 0x7FA4, 0x1399, 0x7FAD, 0x1305, 0x7F91, 
	0x13CD, 0x8054, 0x13F4, 0x8070, 0x1312, 0x8070, 0x1493, 0x7FF7, 0x1337, 0x7F88, 0x139C, 0x8054, 0x135E, 0x7FF7, 0x124D, 0x7F6C, 
	0x1313, 0x7F48, 0x1367, 0x7FAD, 0x1397, 0x7F5A, 0x1334, 0x7F76, 0x1239, 0x7F7F, 0x1310, 0x7F1A, 0x12E8, 0x7F51, 0x136D, 0x7F6C, 
	0x12B9, 0x7FAD, 0x1274, 0x7F08, 0x1395, 0x7F3F, 0x1333, 0x7FAD, 0x13BD, 0x7F51, 0x12C3, 0x7F7F, 0x12D3, 0x7F6C, 0x1303, 0x7EE3, 
	0x1231, 0x7FAD, 0x12DA, 0x7F63, 0x11F8, 0x7FDB, 0x12D9, 0x7FBF, 0x1375, 0x7E80, 0x1378, 0x7F88, 0x129E, 0x7EF6, 0x12B1, 0x7F48, 
	0x12E6, 0x7FAD, 0x135B, 0x7F08, 0x12CF, 0x7F91, 0x1387, 0x7E92, 0x1251, 0x7F6C, 0x1202, 0x7F63, 0x13D2, 0x7F3F, 0x12B1, 0x7F5A, 
	0x1369, 0x7F2C, 0x1248, 0x7F51, 0x124C, 0x7EFF, 0x130B, 0x7EE3, 0x12A5, 0x7F23, 0x1314, 0x7EFF, 0x131B, 0x7EC8, 0x1387, 0x7EF6, 
	0x12BC, 0x7EF6, 0x1374, 0x7F6C, 0x132D, 0x7EF6, 0x1331, 0x7EC8, 0x130F, 0x7F23, 0x12EC, 0x7F23, 0x13A8, 0x7EFF, 0x1302, 0x7F48, 
	0x125B, 0x7F08, 0x1276, 0x7EDA, 0x126D, 0x7EFF, 0x1327, 0x7EEC, 0x1356, 0x7EDA, 0x139C, 0x7EE3, 0x12B6, 0x7EAD, 0x1436, 0x7F36, 
	0x13AC, 0x7F23, 0x13EB, 0x7EB6, 0x12DB, 0x7F11, 0x1441, 0x7E77, 0x1424, 0x7F11, 0x1393, 0x7F51, 0x13B0, 0x7E80, 0x1391, 0x7EEC, 
	0x148D, 0x7E92, 0x144D, 0x7EE3, 0x13AB, 0x7F48, 0x13E4, 0x7E6D, 0x149E, 0x7EA4, 0x13CF, 0x7EEC, 0x1423, 0x7F36, 0x13F4, 0x7EDA, 
	0x13C8, 0x7F36, 0x147F, 0x7F23, 0x14AA, 0x7EB6, 0x1570, 0x7EC8, 0x1494, 0x7F1A, 0x14B0, 0x7F36, 0x1493, 0x7F23, 0x14B9, 0x7EF6, 
	0x143B, 0x7F36, 0x1470, 0x7F11, 0x146E, 0x7F2C, 0x13FB, 0x7ED1, 0x14C4, 0x7F11, 0x13C9, 0x7F51, 0x14BF, 0x7F48, 0x1542, 0x7F2C, 
	0x14F2, 0x7F91, 0x1542, 0x7F23, 0x13E9, 0x7F63, 0x1516, 0x7E9B, 0x1451, 0x7EFF, 0x1466, 0x7EF6, 0x1404, 0x7F23, 0x14D5, 0x7E92, 
	0x13D9, 0x7EEC, 0x1392, 0x7F3F, 0x14C2, 0x7F2C, 0x14D5, 0x7F63, 0x13A7, 0x7FD2, 0x14BF, 0x7F7F, 0x143D, 0x7F76, 0x140E, 0x7EFF, 
	0x13F1, 0x7F76, 0x13E5, 0x7F48, 0x1524, 0x7F1A, 0x14A3, 0x7F3F, 0x13DF, 0x7F2C, 0x13CF, 0x7F91, 0x1455, 0x7F6C, 0x141C, 0x7F3F, 
	0x12FC, 0x7F5A, 0x1459, 0x7ED1, 0x13E0, 0x7FC9, 0x13A5, 0x7FB6, 0x1247, 0x7FA4, 0x139A, 0x7FAD, 0x13C1, 0x7F5A, 0x1453, 0x7F48, 
	0x13B4, 0x8013, 0x13AF, 0x7F9A, 0x1307, 0x7FD2, 0x131F, 0x7F9A, 0x1332, 0x8025, 0x136F, 0x802E, 0x1364, 0x7F91, 0x1309, 0x7F6C, 
	0x143B, 0x8009, 0x1354, 0x7FB6, 0x1382, 0x7FE4, 0x1350, 0x8000, 0x123D, 0x8025, 0x146D, 0x7F76, 0x1387, 0x7FC9, 0x1296, 0x8009, 
	0x13DF, 0x8070, 0x12D3, 0x8009, 0x1351, 0x7F5A, 0x13B3, 0x7FBF, 0x12FF, 0x7F7F, 0x13F0, 0x8054, 0x12DB, 0x8009, 0x1396, 0x7FD2, 
	0x1342, 0x8009, 0x1399, 0x801C, 0x119D, 0x80B1, 0x118D, 0x8038, 0x1309, 0x7FDB, 0x12DF, 0x808C, 0x1241, 0x8025, 0x129D, 0x8038, 
	0x11D0, 0x8025, 0x11E0, 0x7FA4, 0x12A3, 0x8082, 0x11F2, 0x7FED, 0x11AC, 0x8070, 0x120A, 0x80CD, 0x119A, 0x8054, 0x10F8, 0x7FE4, 
	0x1224, 0x8025, 0x1208, 0x8066, 0x1095, 0x80F3, 0x1168, 0x7FC9, 0x111A, 0x8038, 0x1133, 0x80CD, 0x1107, 0x808C, 0x113B, 0x80BA, 
	0x1151, 0x805D, 0x10D0, 0x80B1, 0x10D3, 0x80D6, 0x10D7, 0x8013, 0x1064, 0x80CD, 0x1148, 0x804A, 0x10B4, 0x8105, 0x0FF8, 0x8079, 
	0x102E, 0x808C, 0x11BF, 0x80A8, 0x1133, 0x80BA, 0x10B8, 0x8105, 0x108B, 0x8147, 0x105A, 0x8147, 0x10F3, 0x8164, 0x10F9, 0x80E0, 
	0x10EC, 0x815A, 0x108E, 0x810F, 0x1101, 0x8151, 0x1192, 0x809E, 0x11D7, 0x8164, 0x10DC, 0x8122, 0x121B, 0x80E0, 0x10D0, 0x8151, 
	0x1171, 0x8122, 0x10D1, 0x810F, 0x11E2, 0x8164, 0x11C2, 0x8122, 0x10E3, 0x80F3, 0x1123, 0x810F, 0x11FB, 0x810F, 0x1133, 0x816D, 
	0x10A7, 0x8180, 0x111A, 0x810F, 0x1254, 0x8151, 0x11DC, 0x8164, 0x1189, 0x80CD, 0x1196, 0x81A6, 0x115C, 0x813E, 0x10F6, 0x80FC, 
	0x11E8, 0x819D, 0x126C, 0x8164, 0x12AC, 0x8193, 0x1298, 0x8135, 0x119A, 0x810F, 0x11C2, 0x8147, 0x11E9, 0x80F3, 0x1187, 0x8135, 
	0x11A2, 0x815A, 0x11E6, 0x8105, 0x11DF, 0x819D, 0x1272, 0x81C3, 0x11F4, 0x81A6, 0x11CF, 0x80F3, 0x130A, 0x81C3, 0x11F3, 0x81B0, 
	0x1226, 0x81D6, 0x1139, 0x818A, 0x11DD, 0x81B9, 0x123D, 0x81B0, 0x121E, 0x8135, 0x118F, 0x819D, 0x115C, 0x81B9, 0x1175, 0x8180, 
	0x1349, 0x81F2, 0x11A7, 0x8180, 0x12CB, 0x820F, 0x1273, 0x81CC, 0x1204, 0x8118, 0x12F5, 0x81A6, 0x12FC, 0x81C3, 0x1349, 0x8164, 
	0x1286, 0x8193, 0x1236, 0x8180, 0x1264, 0x81FC, 0x1312, 0x81FC, 0x12D4, 0x8219, 0x123E, 0x81CC, 0x131F, 0x8151, 0x1382, 0x8205, 
	0x139B, 0x825C, 0x143D, 0x81FC, 0x1165, 0x8205, 0x1235, 0x81C3, 0x1363, 0x81A6, 0x1370, 0x81C3, 0x13DF, 0x825C, 0x13C4, 0x8205, 
	0x13B5, 0x81E9, 0x135A, 0x81D6, 0x12B9, 0x823F, 0x141B, 0x823F, 0x12A5, 0x820F, 0x1343, 0x81D6, 0x1376, 0x81E9, 0x13D3, 0x822C, 
	0x14F3, 0x82BC, 0x1465, 0x820F, 0x1482, 0x81F2, 0x1419, 0x81F2, 0x13FF, 0x8252, 0x1377, 0x8279, 0x13FF, 0x81DF, 0x13D0, 0x81DF, 
	0x149B, 0x81DF, 0x12FA, 0x81C3, 0x1413, 0x829F, 0x1384, 0x825C, 0x1381, 0x8235, 0x14C6, 0x828C, 0x1482, 0x82A9, 0x134F, 0x8408, 
	0x135A, 0x8282, 0x142B, 0x81D6, 0x137A, 0x826F, 0x1418, 0x81CC, 0x12FC, 0x8295, 0x1313, 0x82C6, 0x13D4, 0x8205, 0x1280, 0x8295, 
	0x1381, 0x82E3, 0x1376, 0x8375, 0x12D3, 0x8313, 0x13E9, 0x82BC, 0x13C5, 0x8300, 0x13BA, 0x82F6, 0x1396, 0x82BC, 0x14AE, 0x834E, 
	0x1424, 0x8357, 0x13A2, 0x8375, 0x1488, 0x8357, 0x1474, 0x842F, 0x1466, 0x847E, 0x1483, 0x8488, 0x1572, 0x8248, 0x155E, 0x82A9, 
	0x1624, 0x828C, 0x1581, 0x823F, 0x145E, 0x825C, 0x1571, 0x8205, 0x1525, 0x81F2, 0x14E9, 0x81F2, 0x14E8, 0x8219, 0x1505, 0x820F, 
	0x155D, 0x819D, 0x1573, 0x81B9, 0x1539, 0x81DF, 0x15A6, 0x81B0, 0x1511, 0x8222, 0x151B, 0x8147, 0x160F, 0x81A6, 0x1650, 0x8164, 
	0x1630, 0x815A, 0x14CF, 0x819D, 0x1535, 0x80E0, 0x154D, 0x813E, 0x157F, 0x81C3, 0x1572, 0x8147, 0x14D9, 0x8164, 0x1535, 0x80C4, 
	0x14C4, 0x809E, 0x155F, 0x810F, 0x1564, 0x80FC, 0x1566, 0x8118, 0x141C, 0x80BA, 0x14B9, 0x80F3, 0x1483, 0x804A, 0x14F6, 0x80F3, 
	0x14B1, 0x80B1, 0x1496, 0x809E, 0x14B3, 0x8054, 0x156C, 0x8164, 0x15B9, 0x80BA, 0x1416, 0x80E0, 0x151A, 0x804A, 0x14EB, 0x8054, 
	0x150A, 0x805D, 0x1518, 0x8095, 0x148A, 0x7FED, 0x1479, 0x80A8, 0x13FC, 0x8079, 0x1513, 0x8041, 0x13F1, 0x8066, 0x13EB, 0x805D, 
	0x14F8, 0x809E, 0x1544, 0x7FD2, 0x1558, 0x8025, 0x1500, 0x802E, 0x145A, 0x8095, 0x1445, 0x8000, 0x1401, 0x7FE4, 0x13F9, 0x8000, 
	0x1543, 0x8000, 0x140E, 0x8009, 0x1369, 0x7F6C, 0x1531, 0x7FF7, 0x1396, 0x7FF7, 0x141A, 0x7F91, 0x134F, 0x7FC9, 0x141D, 0x8013, 
	0x14A6, 0x7FD2, 0x13BC, 0x8041, 0x1373, 0x7FAD, 0x13C2, 0x7FA4, 0x1399, 0x7FAD, 0x1305, 0x7F91, 0x13CD, 0x8054, 0x13F4, 0x8070, 
	0x1312, 0x8070, 0x1493, 0x7FF7, 0x1337, 0x7F88, 0x139C, 0x8054, 0x135E, 0x7FF7, 0x124D, 0x7F6C, 0x1313, 0x7F48, 0x1367, 0x7FAD, 
	0x1397, 0x7F5A, 0x1334, 0x7F76, 0x1239, 0x7F7F, 0x1310, 0x7F1A, 0x12E8, 0x7F51, 0x136D, 0x7F6C, 0x12B9, 0x7FAD, 0x1274, 0x7F08, 
	0x1395, 0x7F3F, 0x1333, 0x7FAD, 0x13BD, 0x7F51, 0x12C3, 0x7F7F, 0x12D3, 0x7F6C, 0x1303, 0x7EE3, 0x1231, 0x7FAD, 0x12DA, 0x7F63, 
	0x11F8, 0x7FDB, 0x12D9, 0x7FBF, 0x1375, 0x7E80, 0x1378, 0x7F88, 0x129E, 0x7EF6, 0x12B1, 0x7F48, 0x12E6, 0x7FAD, 0x135B, 0x7F08, 
	0x12CF, 0x7F91, 0x1387, 0x7E92, 0x1251, 0x7F6C, 0x1202, 0x7F63, 0x13D2, 0x7F3F, 0x12B1, 0x7F5A, 0x1369, 0x7F2C, 0x1248, 0x7F51, 
	0x124C, 0x7EFF, 0x130B, 0x7EE3, 0x12A5, 0x7F23, 0x1314, 0x7EFF, 0x131B, 0x7EC8, 0x1387, 0x7EF6, 0x12BC, 0x7EF6, 0x1374, 0x7F6C, 
	0x132D, 0x7EF6, 0x1331, 0x7EC8, 0x130F, 0x7F23, 0x12EC, 0x7F23, 0x13A8, 0x7EFF, 0x1302, 0x7F48, 0x125B, 0x7F08, 0x1276, 0x7EDA, 
	0x126D, 0x7EFF, 0x1327, 0x7EEC, 0x1356, 0x7EDA, 0x139C, 0x7EE3, 0x12B6, 0x7EAD, 0x1436, 0x7F36, 0x13AC, 0x7F23, 0x13EB, 0x7EB6, 
	0x12DB, 0x7F11, 0x1441, 0x7E77, 0x1424, 0x7F11, 0x1393, 0x7F51, 0x13B0, 0x7E80, 0x1391, 0x7EEC, 0x148D, 0x7E92, 0x144D, 0x7EE3, 
	0x13AB, 0x7F48, 0x13E4, 0x7E6D, 0x149E, 0x7EA4, 0x13CF, 0x7EEC, 0x1423, 0x7F36, 0x13F4, 0x7EDA, 0x13C8, 0x7F36, 0x147F, 0x7F23, 
	0x14AA, 0x7EB6, 0x1570, 0x7EC8, 0x1494, 0x7F1A, 0x14B0, 0x7F36, 0x1493, 0x7F23, 0x14B9, 0x7EF6, 0x143B, 0x7F36, 0x1470, 0x7F11, 
	0x146E, 0x7F2C, 0x13FB, 0x7ED1, 0x14C4, 0x7F11, 0x13C9, 0x7F51, 0x14BF, 0x7F48, 0x1542, 0x7F2C, 0x14F2, 0x7F91, 0x1542, 0x7F23, 
	0x13E9, 0x7F63, 0x1516, 0x7E9B, 0x1451, 0x7EFF, 0x1466, 0x7EF6, 0x1404, 0x7F23, 0x14D5, 0x7E92, 0x13D9, 0x7EEC, 0x1392, 0x7F3F, 
	0x14C2, 0x7F2C, 0x14D5, 0x7F63, 0x13A7, 0x7FD2, 0x14BF, 0x7F7F, 0x143D, 0x7F76, 0x140E, 0x7EFF, 0x13F1, 0x7F76, 0x13E5, 0x7F48, 
	0x1524, 0x7F1A, 0x14A3, 0x7F3F, 0x13DF, 0x7F2C, 0x13CF, 0x7F91, 0x1455, 0x7F6C, 0x141C, 0x7F3F, 0x12FC, 0x7F5A, 0x1459, 0x7ED1, 
	0x13E0, 0x7FC9, 0x13A5, 0x7FB6, 0x1247, 0x7FA4, 0x139A, 0x7FAD, 0x13C1, 0x7F5A, 0x1453, 0x7F48, 0x13B4, 0x8013, 0x13AF, 0x7F9A, 
	0x1307, 0x7FD2, 0x131F, 0x7F9A, 0x1332, 0x8025, 0x136F, 0x802E, 0x1364, 0x7F91, 0x1309, 0x7F6C, 0x143B, 0x8009, 0x1354, 0x7FB6, 
	0x1382, 0x7FE4, 0x1350, 0x8000, 0x123D, 0x8025, 0x146D, 0x7F76, 0x1387, 0x7FC9, 0x1296, 0x8009, 0x13DF, 0x8070, 0x12D3, 0x8009, 
	0x1351, 0x7F5A, 0x13B3, 0x7FBF, 0x12FF, 0x7F7F, 0x13F0, 0x8054, 0x12DB, 0x8009, 0x1396, 0x7FD2, 0x1342, 0x8009, 0x1399, 0x801C, 
	0x119D, 0x80B1, 0x118D, 0x8038, 0x1309, 0x7FDB, 0x12DF, 0x808C, 0x1241, 0x8025, 0x129D, 0x8038, 0x11D0, 0x8025, 0x11E0, 0x7FA4, 
	0x12A3, 0x8082, 0x11F2, 0x7FED, 0x11AC, 0x8070, 0x120A, 0x80CD, 0x119A, 0x8054, 0x10F8, 0x7FE4, 0x1224, 0x8025, 0x1208, 0x8066, 
	0x1095, 0x80F3, 0x1168, 0x7FC9, 0x111A, 0x8038, 0x1133, 0x80CD, 0x1107, 0x808C, 0x113B, 0x80BA, 0x1151, 0x805D, 0x10D0, 0x80B1, 
	0x10D3, 0x80D6, 0x10D7, 0x8013, 0x1064, 0x80CD, 0x1148, 0x804A, 0x10B4, 0x8105, 0x0FF8, 0x8079, 0x102E, 0x808C, 0x11BF, 0x80A8, 
	0x14D3, 0x825C, 0x1571, 0x82B2, 0x14D2, 0x823F, 0x1523, 0x826F, 0x1405, 0x81F2, 0x152B, 0x829F, 0x1507, 0x81F2, 0x1457, 0x8205, 
	0x145F, 0x81FC, 0x1499, 0x8265, 0x1500, 0x81C3, 0x1549, 0x81C3, 0x1451, 0x8235, 0x14FA, 0x8177, 0x1509, 0x819D, 0x14A1, 0x8193, 
	0x15A1, 0x81C3, 0x1653, 0x81B9, 0x152E, 0x8118, 0x147E, 0x818A, 0x14C1, 0x8122, 0x143B, 0x815A, 0x14E9, 0x819D, 0x14A0, 0x8118, 
	0x14EF, 0x8177, 0x1530, 0x8147, 0x14D6, 0x812B, 0x149C, 0x8151, 0x1462, 0x816D, 0x1542, 0x818A, 0x1449, 0x809E, 0x141A, 0x810F, 
	0x140E, 0x810F, 0x141E, 0x8118, 0x1343, 0x809E, 0x1477, 0x80F3, 0x14BC, 0x808C, 0x143E, 0x80FC, 0x1576, 0x8079, 0x140B, 0x80A8, 
	0x14FD, 0x8066, 0x1520, 0x80BA, 0x14A0, 0x8066, 0x1499, 0x80E9, 0x1419, 0x8070, 0x1468, 0x809E, 0x13B4, 0x809E, 0x14F8, 0x8066, 
	0x1394, 0x8054, 0x1424, 0x808C, 0x1492, 0x809E, 0x1504, 0x8013, 0x1496, 0x8070, 0x1457, 0x805D, 0x1438, 0x8079, 0x13A1, 0x802E, 
	0x1401, 0x804A, 0x13C7, 0x8054, 0x145C, 0x8013, 0x1372, 0x8041, 0x138E, 0x7FAD, 0x14DC, 0x802E, 0x1366, 0x8054, 0x13EA, 0x7FD2, 
	0x12B5, 0x8095, 0x141D, 0x802E, 0x1415, 0x8009, 0x13EA, 0x8095, 0x134B, 0x8000, 0x134F, 0x8038, 0x13A9, 0x7FF7, 0x12A1, 0x7F88, 
	0x1343, 0x8025, 0x1391, 0x8025, 0x1366, 0x7FED, 0x1454, 0x8025, 0x128C, 0x7FF7, 0x1394, 0x801C, 0x12BA, 0x8013, 0x1266, 0x7FA4, 
	0x126F, 0x7F48, 0x1288, 0x7FF7, 0x13BF, 0x7F9A, 0x1296, 0x7FBF, 0x11D8, 0x7F76, 0x12D5, 0x7F6C, 0x12D5, 0x7FA4, 0x1359, 0x7F48, 
	0x121C, 0x7FD2, 0x11D8, 0x7F1A, 0x12D7, 0x7FAD, 0x128D, 0x7FDB, 0x13A0, 0x7F6C, 0x127B, 0x7FB6, 0x1264, 0x7F76, 0x1263, 0x7F51, 
	0x11B8, 0x7F7F, 0x12F8, 0x7FB6, 0x115F, 0x7F6C, 0x1251, 0x7FA4, 0x1263, 0x7F3F, 0x1329, 0x7F11, 0x1216, 0x7F88, 0x11D2, 0x7F88, 
	0x11D1, 0x7F1A, 0x129B, 0x7F63, 0x1290, 0x7F7F, 0x1270, 0x7F51, 0x1210, 0x7F11, 0x1201, 0x7F23, 0x1301, 0x7F08, 0x1234, 0x7F23, 
	0x12B9, 0x7F91, 0x1273, 0x7F48, 0x120E, 0x7EF6, 0x1284, 0x7EF6, 0x12CE, 0x7EBF, 0x1202, 0x7F08, 0x130D, 0x7F08, 0x1331, 0x7F23, 
	0x1215, 0x7F11, 0x1311, 0x7F1A, 0x12FB, 0x7EAD, 0x1299, 0x7F1A, 0x1278, 0x7F1A, 0x121C, 0x7EDA, 0x130D, 0x7EBF, 0x12B8, 0x7F1A, 
	0x1285, 0x7EF6, 0x1281, 0x7F1A, 0x123F, 0x7EB6, 0x12ED, 0x7EDA, 0x1295, 0x7F11, 0x1326, 0x7EC8, 0x1333, 0x7EE3, 0x13A2, 0x7F6C, 
	0x134A, 0x7EC8, 0x13E9, 0x7F1A, 0x1386, 0x7F51, 0x13D8, 0x7F11, 0x13B6, 0x7F08, 0x133B, 0x7F51, 0x13E2, 0x7EEC, 0x12E9, 0x7ED1, 
	0x142B, 0x7EBF, 0x13E4, 0x7ED1, 0x1350, 0x7EC8, 0x138C, 0x7E89, 0x1454, 0x7EAD, 0x139A, 0x7F08, 0x1406, 0x7ED1, 0x1367, 0x7EEC, 
	0x1398, 0x7F63, 0x142F, 0x7EF6, 0x13CE, 0x7F08, 0x14EF, 0x7F63, 0x147B, 0x7F5A, 0x13C5, 0x7F11, 0x13B8, 0x7F91, 0x141E, 0x7EFF, 
	0x13B9, 0x7F2C, 0x142B, 0x7EEC, 0x1444, 0x7F08, 0x1394, 0x7F2C, 0x1440, 0x7F23, 0x130D, 0x7F5A, 0x1462, 0x7FAD, 0x14B6, 0x7F2C, 
	0x14A8, 0x7F5A, 0x14AA, 0x7F23, 0x1453, 0x7F51, 0x13FE, 0x7EFF, 0x1445, 0x7F36, 0x13AF, 0x7EE3, 0x1414, 0x7F5A, 0x146B, 0x7F11, 
	0x137D, 0x7EEC, 0x133C, 0x7F9A, 0x1446, 0x7F36, 0x1481, 0x7F5A, 0x1312, 0x7F23, 0x13E3, 0x7FBF, 0x13C2, 0x7F88, 0x143D, 0x7F51, 
	0x1342, 0x7F63, 0x1388, 0x7F6C, 0x14C1, 0x7F7F, 0x1473, 0x7FBF, 0x1317, 0x7F2C, 0x12DA, 0x7F7F, 0x1398, 0x7F9A, 0x1380, 0x7F36, 
	0x129E, 0x7F88, 0x1421, 0x7F3F, 0x1355, 0x7FF7, 0x1341, 0x7FC9, 0x121D, 0x7F88, 0x1325, 0x7F9A, 0x131D, 0x7FAD, 0x13E8, 0x7F6C, 
	0x1306, 0x8013, 0x1346, 0x7F6C, 0x133A, 0x7FDB, 0x134D, 0x7FC9, 0x1398, 0x7FE4, 0x12E0, 0x8038, 0x1363, 0x802E, 0x12CE, 0x7FA4, 
	0x13C8, 0x8009, 0x1306, 0x7FDB, 0x1316, 0x7FDB, 0x127E, 0x7FE4, 0x1236, 0x7FDB, 0x137E, 0x7F7F, 0x1333, 0x7FE4, 0x1261, 0x801C, 
	0x1306, 0x8082, 0x1212, 0x8038, 0x1325, 0x8000, 0x1338, 0x805D, 0x1217, 0x7FA4, 0x12E5, 0x808C, 0x12E0, 0x804A, 0x1340, 0x7FE4, 
	0x1270, 0x8041, 0x1343, 0x801C, 0x1103, 0x8000, 0x11AE, 0x8054, 0x12F3, 0x801C, 0x125A, 0x8082, 0x1246, 0x8041, 0x11D3, 0x8054, 
	0x11BD, 0x802E, 0x119F, 0x8025, 0x1246, 0x8070, 0x11BD, 0x8013, 0x1142, 0x8038, 0x1218, 0x80B1, 0x1166, 0x8041, 0x10B4, 0x8079, 
	0x11E2, 0x8054, 0x1164, 0x805D, 0x1058, 0x8066, 0x10F6, 0x8054, 0x10A7, 0x8079, 0x10A2, 0x80A8, 0x1147, 0x8095, 0x1157, 0x8070, 
	0x1085, 0x8041, 0x109B, 0x8105, 0x1088, 0x80A8, 0x0FC8, 0x808C, 0x1040, 0x8105, 0x105A, 0x8041, 0x10AD, 0x808C, 0x0FB0, 0x809E, 
	0x0F8D, 0x80BA, 0x10CF, 0x8082, 0x1059, 0x808C, 0x1043, 0x808C, 0x0FB4, 0x80C4, 0x1025, 0x80B1, 0x10D6, 0x8180, 0x10BC, 0x8095, 
	0x10B6, 0x8147, 0x101A, 0x816D, 0x104C, 0x80E0, 0x117B, 0x812B, 0x1177, 0x813E, 0x10E0, 0x810F, 0x1125, 0x8122, 0x10BC, 0x80A8, 
	0x10D7, 0x810F, 0x1053, 0x8151, 0x10B1, 0x815A, 0x1123, 0x810F, 0x1046, 0x815A, 0x10A3, 0x8135, 0x1171, 0x8151, 0x1109, 0x815A, 
	0x10C1, 0x80E9, 0x10DD, 0x8193, 0x1245, 0x80F3, 0x1167, 0x8135, 0x10C0, 0x8105, 0x11A7, 0x81CC, 0x111D, 0x819D, 0x1093, 0x8105, 
	0x10D9, 0x8164, 0x1181, 0x81A6, 0x11FC, 0x813E, 0x1226, 0x816D, 0x1175, 0x8147, 0x111F, 0x8180, 0x1149, 0x8180, 0x111B, 0x8122, 
	0x10FA, 0x813E, 0x11BE, 0x816D, 0x11AB, 0x81DF, 0x11DF, 0x81E9, 0x1207, 0x8164, 0x114F, 0x819D, 0x124C, 0x81B0, 0x11F8, 0x822C, 
	0x11F2, 0x81D6, 0x1100, 0x820F, 0x118D, 0x8177, 0x11F0, 0x816D, 0x111D, 0x8193, 0x1182, 0x81B9, 0x113F, 0x8177, 0x1107, 0x81C3, 
	0x12C8, 0x81E9, 0x1152, 0x8193, 0x1180, 0x81F2, 0x11DF, 0x819D, 0x1176, 0x816D, 0x1257, 0x8222, 0x1262, 0x820F, 0x134B, 0x8164, 
	0x11F8, 0x81A6, 0x11B8, 0x8177, 0x11ED, 0x8219, 0x12B3, 0x823F, 0x12A9, 0x81CC, 0x11BB, 0x81FC, 0x12C3, 0x81D6, 0x12F8, 0x81DF, 
	0x1309, 0x826F, 0x142C, 0x8180, 0x1199, 0x81C3, 0x123E, 0x81CC, 0x1330, 0x81B9, 0x132F, 0x81CC, 0x13F5, 0x820F, 0x13B3, 0x81D6, 
	0x133E, 0x820F, 0x12CC, 0x82BC, 0x12A6, 0x82A9, 0x1358, 0x81E9, 0x12FF, 0x8219, 0x12BF, 0x8205, 0x1331, 0x820F, 0x139A, 0x822C, 
	0x144D, 0x82CF, 0x13D0, 0x81CC, 0x1415, 0x81F2, 0x1348, 0x822C, 0x135C, 0x820F, 0x131E, 0x8219, 0x1474, 0x81E9, 0x1388, 0x820F, 
	0x13BB, 0x8265, 0x12DA, 0x8248, 0x134D, 0x8205, 0x137A, 0x823F, 0x12E4, 0x822C, 0x1477, 0x826F, 0x1434, 0x82BC, 0x12B5, 0x8282, 
	0x1300, 0x829F, 0x13AF, 0x8248, 0x12BF, 0x8279, 0x13FB, 0x8248, 0x12B9, 0x8295, 0x12DA, 0x82CF, 0x132B, 0x8282, 0x12B9, 0x825C, 
	0x1307, 0x831D, 0x133B, 0x82CF, 0x1291, 0x836B, 0x133C, 0x82D9, 0x132A, 0x8309, 0x132C, 0x831D, 0x1305, 0x8300, 0x13AE, 0x834E, 
	0x13A1, 0x8300, 0x1394, 0x8327, 0x145F, 0x837E, 0x13BB, 0x8457, 0x1431, 0x84D8, 0x1457, 0x84B0, 0x14D3, 0x825C, 0x1571, 0x82B2, 
	0x14D2, 0x823F, 0x1523, 0x826F, 0x1405, 0x81F2, 0x152B, 0x829F, 0x1507, 0x81F2, 0x1457, 0x8205, 0x145F, 0x81FC, 0x1499, 0x8265, 
	0x1500, 0x81C3, 0x1549, 0x81C3, 0x1451, 0x8235, 0x14FA, 0x8177, 0x1509, 0x819D, 0x14A1, 0x8193, 0x15A1, 0x81C3, 0x1653, 0x81B9, 
	0x152E, 0x8118, 0x147E, 0x818A, 0x14C1, 0x8122, 0x143B, 0x815A, 0x14E9, 0x819D, 0x14A0, 0x8118, 0x14EF, 0x8177, 0x1530, 0x8147, 
	0x14D6, 0x812B, 0x149C, 0x8151, 0x1462, 0x816D, 0x1542, 0x818A, 0x1449, 0x809E, 0x141A, 0x810F, 0x140E, 0x810F, 0x141E, 0x8118, 
	0x1343, 0x809E, 0x1477, 0x80F3, 0x14BC, 0x808C, 0x143E, 0x80FC, 0x1576, 0x8079, 0x140B, 0x80A8, 0x14FD, 0x8066, 0x1520, 0x80BA, 
	0x14A0, 0x8066, 0x1499, 0x80E9, 0x1419, 0x8070, 0x1468, 0x809E, 0x13B4, 0x809E, 0x14F8, 0x8066, 0x1394, 0x8054, 0x1424, 0x808C, 
	0x1492, 0x809E, 0x1504, 0x8013, 0x1496, 0x8070, 0x1457, 0x805D, 0x1438, 0x8079, 0x13A1, 0x802E, 0x1401, 0x804A, 0x13C7, 0x8054, 
	0x145C, 0x8013, 0x1372, 0x8041, 0x138E, 0x7FAD, 0x14DC, 0x802E, 0x1366, 0x8054, 0x13EA, 0x7FD2, 0x12B5, 0x8095, 0x141D, 0x802E, 
	0x1415, 0x8009, 0x13EA, 0x8095, 0x134B, 0x8000, 0x134F, 0x8038, 0x13A9, 0x7FF7, 0x12A1, 0x7F88, 0x1343, 0x8025, 0x1391, 0x8025, 
	0x1366, 0x7FED, 0x1454, 0x8025, 0x128C, 0x7FF7, 0x1394, 0x801C, 0x12BA, 0x8013, 0x1266, 0x7FA4, 0x126F, 0x7F48, 0x1288, 0x7FF7, 
	0x13BF, 0x7F9A, 0x1296, 0x7FBF, 0x11D8, 0x7F76, 0x12D5, 0x7F6C, 0x12D5, 0x7FA4, 0x1359, 0x7F48, 0x121C, 0x7FD2, 0x11D8, 0x7F1A, 
	0x12D7, 0x7FAD, 0x128D, 0x7FDB, 0x13A0, 0x7F6C, 0x127B, 0x7FB6, 0x1264, 0x7F76, 0x1263, 0x7F51, 0x11B8, 0x7F7F, 0x12F8, 0x7FB6, 
	0x115F, 0x7F6C, 0x1251, 0x7FA4, 0x1263, 0x7F3F, 0x1329, 0x7F11, 0x1216, 0x7F88, 0x11D2, 0x7F88, 0x11D1, 0x7F1A, 0x129B, 0x7F63, 
	0x1290, 0x7F7F, 0x1270, 0x7F51, 0x1210, 0x7F11, 0x1201, 0x7F23, 0x1301, 0x7F08, 0x1234, 0x7F23, 0x12B9, 0x7F91, 0x1273, 0x7F48, 
	0x120E, 0x7EF6, 0x1284, 0x7EF6, 0x12CE, 0x7EBF, 0x1202, 0x7F08, 0x130D, 0x7F08, 0x1331, 0x7F23, 0x1215, 0x7F11, 0x1311, 0x7F1A, 
	0x12FB, 0x7EAD, 0x1299, 0x7F1A, 0x1278, 0x7F1A, 0x121C, 0x7EDA, 0x130D, 0x7EBF, 0x12B8, 0x7F1A, 0x1285, 0x7EF6, 0x1281, 0x7F1A, 
	0x123F, 0x7EB6, 0x12ED, 0x7EDA, 0x1295, 0x7F11, 0x1326, 0x7EC8, 0x1333, 0x7EE3, 0x13A2, 0x7F6C, 0x134A, 0x7EC8, 0x13E9, 0x7F1A, 
	0x1386, 0x7F51, 0x13D8, 0x7F11, 0x13B6, 0x7F08, 0x133B, 0x7F51, 0x13E2, 0x7EEC, 0x12E9, 0x7ED1, 0x142B, 0x7EBF, 0x13E4, 0x7ED1, 
	0x1350, 0x7EC8, 0x138C, 0x7E89, 0x1454, 0x7EAD, 0x139A, 0x7F08, 0x1406, 0x7ED1, 0x1367, 0x7EEC, 0x1398, 0x7F63, 0x142F, 0x7EF6, 
	0x13CE, 0x7F08, 0x14EF, 0x7F63, 0x147B, 0x7F5A, 0x13C5, 0x7F11, 0x13B8, 0x7F91, 0x141E, 0x7EFF, 0x13B9, 0x7F2C, 0x142B, 0x7EEC, 
	0x1444, 0x7F08, 0x1394, 0x7F2C, 0x1440, 0x7F23, 0x130D, 0x7F5A, 0x1462, 0x7FAD, 0x14B6, 0x7F2C, 0x14A8, 0x7F5A, 0x14AA, 0x7F23, 
	0x1453, 0x7F51, 0x13FE, 0x7EFF, 0x1445, 0x7F36, 0x13AF, 0x7EE3, 0x1414, 0x7F5A, 0x146B, 0x7F11, 0x137D, 0x7EEC, 0x133C, 0x7F9A, 
	0x1446, 0x7F36, 0x1481, 0x7F5A, 0x1312, 0x7F23, 0x13E3, 0x7FBF, 0x13C2, 0x7F88, 0x143D, 0x7F51, 0x1342, 0x7F63, 0x1388, 0x7F6C, 
	0x14C1, 0x7F7F, 0x1473, 0x7FBF, 0x1317, 0x7F2C, 0x12DA, 0x7F7F, 0x1398, 0x7F9A, 0x1380, 0x7F36, 0x129E, 0x7F88, 0x1421, 0x7F3F, 
	0x1355, 0x7FF7, 0x1341, 0x7FC9, 0x121D, 0x7F88, 0x1325, 0x7F9A, 0x131D, 0x7FAD, 0x13E8, 0x7F6C, 0x1306, 0x8013, 0x1346, 0x7F6C, 
	0x133A, 0x7FDB, 0x134D, 0x7FC9, 0x1398, 0x7FE4, 0x12E0, 0x8038, 0x1363, 0x802E, 0x12CE, 0x7FA4, 0x13C8, 0x8009, 0x1306, 0x7FDB, 
	0x1316, 0x7FDB, 0x127E, 0x7FE4, 0x1236, 0x7FDB, 0x137E, 0x7F7F, 0x1333, 0x7FE4, 0x1261, 0x801C, 0x1306, 0x8082, 0x1212, 0x8038, 
	0x1325, 0x8000, 0x1338, 0x805D, 0x1217, 0x7FA4, 0x12E5, 0x808C, 0x12E0, 0x804A, 0x1340, 0x7FE4, 0x1270, 0x8041, 0x1343, 0x801C, 
	0x1103, 0x8000, 0x11AE, 0x8054, 0x12F3, 0x801C, 0x125A, 0x8082, 0x1246, 0x8041, 0x11D3, 0x8054, 0x11BD, 0x802E, 0x119F, 0x8025, 
	0x1246, 0x8070, 0x11BD, 0x8013, 0x1142, 0x8038, 0x1218, 0x80B1, 0x1166, 0x8041, 0x10B4, 0x8079, 0x11E2, 0x8054, 0x1164, 0x805D, 
	0x1058, 0x8066, 0x10F6, 0x8054, 0x10A7, 0x8079, 0x10A2, 0x80A8, 0x1147, 0x8095, 0x1157, 0x8070, 0x1085, 0x8041, 0x109B, 0x8105, 
	0x1088, 0x80A8, 0x0FC8, 0x808C, 0x1040, 0x8105, 0x105A, 0x8041, 0x10AD, 0x808C, 0x0FB0, 0x809E, 0x0F8D, 0x80BA, 0x10CF, 0x8082, 
	0x1536, 0x8282, 0x15C0, 0x82EC, 0x152F, 0x8222, 0x1553, 0x826F, 0x1572, 0x8205, 0x14E6, 0x81E9, 0x1541, 0x8235, 0x153C, 0x8205, 
	0x1488, 0x81B0, 0x1596, 0x8219, 0x14F3, 0x8193, 0x1623, 0x8252, 0x14E4, 0x818A, 0x1507, 0x815A, 0x14D3, 0x81B0, 0x14A4, 0x8180, 
	0x1611, 0x81A6, 0x1643, 0x8135, 0x1481, 0x810F, 0x14E5, 0x81A6, 0x144E, 0x8122, 0x1550, 0x816D, 0x1505, 0x8193, 0x151E, 0x8147, 
	0x1512, 0x8177, 0x14D7, 0x8105, 0x1489, 0x816D, 0x1557, 0x819D, 0x1469, 0x80BA, 0x14E1, 0x8135, 0x14A2, 0x80A8, 0x14A2, 0x80A8, 
	0x1539, 0x80CD, 0x14A3, 0x80A8, 0x137E, 0x80E0, 0x144D, 0x80D6, 0x14BA, 0x8164, 0x1450, 0x80FC, 0x14A0, 0x805D, 0x1411, 0x80B1, 
	0x14E8, 0x8009, 0x153F, 0x8095, 0x1468, 0x809E, 0x149E, 0x80B1, 0x147E, 0x8070, 0x141C, 0x804A, 0x14ED, 0x80A8, 0x1427, 0x808C, 
	0x13F4, 0x804A, 0x13CD, 0x8066, 0x14AE, 0x8070, 0x15E2, 0x804A, 0x1489, 0x805D, 0x152D, 0x802E, 0x14D1, 0x8079, 0x14C8, 0x802E, 
	0x147B, 0x804A, 0x1423, 0x8070, 0x14F6, 0x8041, 0x139E, 0x8038, 0x1345, 0x7FB6, 0x1431, 0x802E, 0x145C, 0x8041, 0x14FB, 0x8025, 
	0x136B, 0x801C, 0x148A, 0x7F9A, 0x1450, 0x7F7F, 0x1398, 0x804A, 0x1402, 0x7FC9, 0x1396, 0x8025, 0x13B4, 0x8025, 0x1397, 0x7FE4, 
	0x13B7, 0x7FB6, 0x1428, 0x7FE4, 0x13E3, 0x7FE4, 0x1483, 0x7FDB, 0x134A, 0x7F6C, 0x1413, 0x7FF7, 0x13B6, 0x7FD2, 0x1306, 0x7FAD, 
	0x1306, 0x7F51, 0x13A6, 0x8000, 0x12EC, 0x7FE4, 0x12AE, 0x7FED, 0x12C5, 0x7F88, 0x12CB, 0x7F9A, 0x1308, 0x7F9A, 0x132E, 0x7F7F, 
	0x1269, 0x7F36, 0x11F3, 0x7F51, 0x12E7, 0x7F63, 0x12A6, 0x7FDB, 0x1324, 0x7FA4, 0x124B, 0x7FB6, 0x12AF, 0x7F5A, 0x1331, 0x7F9A, 
	0x120B, 0x7F88, 0x132D, 0x7F3F, 0x1231, 0x7F5A, 0x1253, 0x7F51, 0x1387, 0x7EF6, 0x13A3, 0x7F63, 0x12E8, 0x7FDB, 0x122C, 0x7F48, 
	0x1240, 0x7F1A, 0x12FD, 0x7EB6, 0x1284, 0x7FAD, 0x1270, 0x7F2C, 0x1380, 0x7F23, 0x12A8, 0x7F48, 0x1392, 0x7EB6, 0x11E1, 0x7F2C, 
	0x1250, 0x7F2C, 0x12BF, 0x7F3F, 0x1209, 0x7F3F, 0x132D, 0x7F51, 0x12E9, 0x7F48, 0x1276, 0x7F1A, 0x12E0, 0x7ED1, 0x12CF, 0x7EDA, 
	0x12D1, 0x7F2C, 0x137D, 0x7F23, 0x1384, 0x7F36, 0x12FF, 0x7F36, 0x12CF, 0x7FA4, 0x12C9, 0x7F11, 0x1398, 0x7EEC, 0x13D3, 0x7F88, 
	0x12C8, 0x7E64, 0x123C, 0x7F1A, 0x12A3, 0x7E9B, 0x133D, 0x7E92, 0x138E, 0x7EDA, 0x12AB, 0x7ED1, 0x13A2, 0x7EF6, 0x1337, 0x7ED1, 
	0x13B9, 0x7EEC, 0x1433, 0x7FA4, 0x1424, 0x7F11, 0x139E, 0x7F08, 0x1344, 0x7F08, 0x13E5, 0x7EE3, 0x141F, 0x7EF6, 0x12D6, 0x7E80, 
	0x13F0, 0x7EAD, 0x13DB, 0x7F08, 0x13AF, 0x8025, 0x13F4, 0x7EEC, 0x150A, 0x7F08, 0x149A, 0x7EFF, 0x13D5, 0x7F2C, 0x1435, 0x7EC8, 
	0x14A7, 0x7EE3, 0x13B7, 0x7EEC, 0x14F2, 0x7ED1, 0x14CB, 0x7F5A, 0x1490, 0x7EE3, 0x1457, 0x7EC8, 0x13D9, 0x7F23, 0x1431, 0x7EC8, 
	0x13E8, 0x7EF6, 0x1442, 0x7F5A, 0x149A, 0x7EC8, 0x13EC, 0x7F51, 0x1439, 0x7ED1, 0x13B1, 0x7F3F, 0x1531, 0x7F88, 0x1554, 0x7F2C, 
	0x148E, 0x7F6C, 0x1564, 0x7F6C, 0x1437, 0x7F51, 0x156D, 0x7F91, 0x145C, 0x7F63, 0x1421, 0x7EE3, 0x14E0, 0x7F2C, 0x144F, 0x7EDA, 
	0x1440, 0x7F3F, 0x1476, 0x7F51, 0x13BE, 0x7F36, 0x151E, 0x7EB6, 0x142E, 0x7F63, 0x13EC, 0x7F5A, 0x13E2, 0x7F6C, 0x13AE, 0x7F6C, 
	0x1482, 0x7F63, 0x130F, 0x7F48, 0x14E8, 0x7F1A, 0x142A, 0x7FDB, 0x13C7, 0x7F63, 0x1370, 0x7F3F, 0x13BC, 0x8009, 0x133A, 0x7FB6, 
	0x12E4, 0x7FDB, 0x14CB, 0x7F6C, 0x13F2, 0x7FDB, 0x13CA, 0x7FE4, 0x12CF, 0x7F23, 0x138A, 0x7F6C, 0x1411, 0x7F7F, 0x13ED, 0x7F51, 
	0x1381, 0x7FBF, 0x13DB, 0x7F9A, 0x139E, 0x7FDB, 0x13F9, 0x7FED, 0x139D, 0x7F88, 0x1420, 0x8025, 0x134A, 0x7FF7, 0x1293, 0x7F91, 
	0x140F, 0x7F88, 0x13E3, 0x802E, 0x13D2, 0x7FD2, 0x1298, 0x7FDB, 0x128A, 0x7FA4, 0x13D1, 0x7FBF, 0x1417, 0x805D, 0x1244, 0x8013, 
	0x13EC, 0x804A, 0x123B, 0x7FF7, 0x1260, 0x8013, 0x1349, 0x804A, 0x12FE, 0x7FF7, 0x1338, 0x8066, 0x1357, 0x8095, 0x13FA, 0x7FED, 
	0x1366, 0x8070, 0x13FC, 0x8079, 0x1199, 0x7FED, 0x11EF, 0x802E, 0x1335, 0x8000, 0x12C8, 0x8025, 0x134D, 0x8066, 0x1203, 0x801C, 
	0x1238, 0x8066, 0x1231, 0x802E, 0x1215, 0x8041, 0x1196, 0x809E, 0x1248, 0x801C, 0x1257, 0x804A, 0x1209, 0x80A8, 0x1097, 0x8041, 
	0x11E6, 0x805D, 0x1216, 0x801C, 0x105C, 0x8041, 0x11EA, 0x802E, 0x109E, 0x8009, 0x113A, 0x80CD, 0x112A, 0x8038, 0x114B, 0x809E, 
	0x106C, 0x8082, 0x10B2, 0x80C4, 0x1113, 0x80BA, 0x1034, 0x805D, 0x1030, 0x808C, 0x110D, 0x801C, 0x109F, 0x808C, 0x1054, 0x809E, 
	0x0FD3, 0x80E9, 0x116B, 0x8105, 0x105B, 0x80BA, 0x10A3, 0x80CD, 0x1074, 0x80FC, 0x1082, 0x80F3, 0x110B, 0x8164, 0x1142, 0x80BA, 
	0x10E2, 0x80FC, 0x1089, 0x810F, 0x1062, 0x812B, 0x11EB, 0x810F, 0x1180, 0x812B, 0x1115, 0x8105, 0x1270, 0x8151, 0x10C7, 0x80C4, 
	0x1130, 0x812B, 0x10E3, 0x8193, 0x1133, 0x813E, 0x11C5, 0x8135, 0x10D2, 0x815A, 0x114B, 0x80F3, 0x117A, 0x816D, 0x1147, 0x812B, 
	0x10C3, 0x80E9, 0x11E1, 0x8164, 0x12A9, 0x80FC, 0x119D, 0x8122, 0x120D, 0x80FC, 0x117C, 0x813E, 0x10A1, 0x8164, 0x109D, 0x8118, 
	0x11EB, 0x8135, 0x123F, 0x8135, 0x1252, 0x8177, 0x117C, 0x80E0, 0x11D4, 0x8180, 0x1191, 0x8180, 0x122F, 0x8151, 0x120D, 0x813E, 
	0x110E, 0x81F2, 0x122F, 0x8135, 0x11D3, 0x819D, 0x124C, 0x81C3, 0x11F1, 0x81B9, 0x11E9, 0x818A, 0x1247, 0x8193, 0x123A, 0x81FC, 
	0x1251, 0x81A6, 0x121F, 0x8164, 0x1194, 0x8177, 0x115B, 0x81C3, 0x11D0, 0x8205, 0x1246, 0x8177, 0x11CC, 0x81C3, 0x11D8, 0x8147, 
	0x1303, 0x818A, 0x1245, 0x81C3, 0x12C3, 0x81E9, 0x1280, 0x81F2, 0x1191, 0x8164, 0x12EF, 0x81D6, 0x12BA, 0x81CC, 0x1388, 0x8180, 
	0x12B7, 0x8219, 0x11CA, 0x81CC, 0x1302, 0x820F, 0x1339, 0x8235, 0x1345, 0x815A, 0x124E, 0x820F, 0x12BD, 0x818A, 0x12F8, 0x81DF, 
	0x1291, 0x8235, 0x14C1, 0x81DF, 0x11BE, 0x818A, 0x135F, 0x81B0, 0x13D2, 0x81C3, 0x133A, 0x820F, 0x1426, 0x820F, 0x1392, 0x81D6, 
	0x1360, 0x823F, 0x139E, 0x81E9, 0x1131, 0x8265, 0x13CA, 0x81B0, 0x127D, 0x8219, 0x12C0, 0x81E9, 0x1384, 0x823F, 0x1329, 0x825C, 
	0x1424, 0x8265, 0x141B, 0x819D, 0x145F, 0x81E9, 0x13A1, 0x820F, 0x12D5, 0x828C, 0x1378, 0x81CC, 0x1428, 0x8235, 0x1377, 0x8235, 
	0x13CC, 0x8222, 0x134B, 0x828C, 0x140D, 0x81DF, 0x134E, 0x8205, 0x1397, 0x8248, 0x1442, 0x829F, 0x13DC, 0x82BC, 0x12FE, 0x82EC, 
	0x1275, 0x826F, 0x139A, 0x820F, 0x13D0, 0x828C, 0x13B5, 0x8222, 0x1287, 0x8300, 0x134F, 0x8282, 0x1361, 0x828C, 0x1348, 0x82D9, 
	0x13BA, 0x831D, 0x131F, 0x82F6, 0x1325, 0x8327, 0x1334, 0x82D9, 0x134F, 0x833A, 0x1308, 0x82B2, 0x1351, 0x825C, 0x142E, 0x8330, 
	0x138C, 0x8344, 0x1422, 0x836B, 0x14F9, 0x8388, 0x1381, 0x83E0, 0x14F5, 0x85C9, 0x1411, 0x84BA, 0x1536, 0x8282, 0x15C0, 0x82EC, 
	0x152F, 0x8222, 0x1553, 0x826F, 0x1572, 0x8205, 0x14E6, 0x81E9, 0x1541, 0x8235, 0x153C, 0x8205, 0x1488, 0x81B0, 0x1596, 0x8219, 
	0x14F3, 0x8193, 0x1623, 0x8252, 0x14E4, 0x818A, 0x1507, 0x815A, 0x14D3, 0x81B0, 0x14A4, 0x8180, 0x1611, 0x81A6, 0x1643, 0x8135, 
	0x1481, 0x810F, 0x14E5, 0x81A6, 0x144E, 0x8122, 0x1550, 0x816D, 0x1505, 0x8193, 0x151E, 0x8147, 0x1512, 0x8177, 0x14D7, 0x8105, 
	0x1489, 0x816D, 0x1557, 0x819D, 0x1469, 0x80BA, 0x14E1, 0x8135, 0x14A2, 0x80A8, 0x14A2, 0x80A8, 0x1539, 0x80CD, 0x14A3, 0x80A8, 
	0x137E, 0x80E0, 0x144D, 0x80D6, 0x14BA, 0x8164, 0x1450, 0x80FC, 0x14A0, 0x805D, 0x1411, 0x80B1, 0x14E8, 0x8009, 0x153F, 0x8095, 
	0x1468, 0x809E, 0x149E, 0x80B1, 0x147E, 0x8070, 0x141C, 0x804A, 0x14ED, 0x80A8, 0x1427, 0x808C, 0x13F4, 0x804A, 0x13CD, 0x8066, 
	0x14AE, 0x8070, 0x15E2, 0x804A, 0x1489, 0x805D, 0x152D, 0x802E, 0x14D1, 0x8079, 0x14C8, 0x802E, 0x147B, 0x804A, 0x1423, 0x8070, 
	0x14F6, 0x8041, 0x139E, 0x8038, 0x1345, 0x7FB6, 0x1431, 0x802E, 0x145C, 0x8041, 0x14FB, 0x8025, 0x136B, 0x801C, 0x148A, 0x7F9A, 
	0x1450, 0x7F7F, 0x1398, 0x804A, 0x1402, 0x7FC9, 0x1396, 0x8025, 0x13B4, 0x8025, 0x1397, 0x7FE4, 0x13B7, 0x7FB6, 0x1428, 0x7FE4, 
	0x13E3, 0x7FE4, 0x1483, 0x7FDB, 0x134A, 0x7F6C, 0x1413, 0x7FF7, 0x13B6, 0x7FD2, 0x1306, 0x7FAD, 0x1306, 0x7F51, 0x13A6, 0x8000, 
	0x12EC, 0x7FE4, 0x12AE, 0x7FED, 0x12C5, 0x7F88, 0x12CB, 0x7F9A, 0x1308, 0x7F9A, 0x132E, 0x7F7F, 0x1269, 0x7F36, 0x11F3, 0x7F51, 
	0x12E7, 0x7F63, 0x12A6, 0x7FDB, 0x1324, 0x7FA4, 0x124B, 0x7FB6, 0x12AF, 0x7F5A, 0x1331, 0x7F9A, 0x120B, 0x7F88, 0x132D, 0x7F3F, 
	0x1231, 0x7F5A, 0x1253, 0x7F51, 0x1387, 0x7EF6, 0x13A3, 0x7F63, 0x12E8, 0x7FDB, 0x122C, 0x7F48, 0x1240, 0x7F1A, 0x12FD, 0x7EB6, 
	0x1284, 0x7FAD, 0x1270, 0x7F2C, 0x1380, 0x7F23, 0x12A8, 0x7F48, 0x1392, 0x7EB6, 0x11E1, 0x7F2C, 0x1250, 0x7F2C, 0x12BF, 0x7F3F, 
	0x1209, 0x7F3F, 0x132D, 0x7F51, 0x12E9, 0x7F48, 0x1276, 0x7F1A, 0x12E0, 0x7ED1, 0x12CF, 0x7EDA, 0x12D1, 0x7F2C, 0x137D, 0x7F23, 
	0x1384, 0x7F36, 0x12FF, 0x7F36, 0x12CF, 0x7FA4, 0x12C9, 0x7F11, 0x1398, 0x7EEC, 0x13D3, 0x7F88, 0x12C8, 0x7E64, 0x123C, 0x7F1A, 
	0x12A3, 0x7E9B, 0x133D, 0x7E92, 0x138E, 0x7EDA, 0x12AB, 0x7ED1, 0x13A2, 0x7EF6, 0x1337, 0x7ED1, 0x13B9, 0x7EEC, 0x1433, 0x7FA4, 
	0x1424, 0x7F11, 0x139E, 0x7F08, 0x1344, 0x7F08, 0x13E5, 0x7EE3, 0x141F, 0x7EF6, 0x12D6, 0x7E80, 0x13F0, 0x7EAD, 0x13DB, 0x7F08, 
	0x13AF, 0x8025, 0x13F4, 0x7EEC, 0x150A, 0x7F08, 0x149A, 0x7EFF, 0x13D5, 0x7F2C, 0x1435, 0x7EC8, 0x14A7, 0x7EE3, 0x13B7, 0x7EEC, 
	0x14F2, 0x7ED1, 0x14CB, 0x7F5A, 0x1490, 0x7EE3, 0x1457, 0x7EC8, 0x13D9, 0x7F23, 0x1431, 0x7EC8, 0x13E8, 0x7EF6, 0x1442, 0x7F5A, 
	0x149A, 0x7EC8, 0x13EC, 0x7F51, 0x1439, 0x7ED1, 0x13B1, 0x7F3F, 0x1531, 0x7F88, 0x1554, 0x7F2C, 0x148E, 0x7F6C, 0x1564, 0x7F6C, 
	0x1437, 0x7F51, 0x156D, 0x7F91, 0x145C, 0x7F63, 0x1421, 0x7EE3, 0x14E0, 0x7F2C, 0x144F, 0x7EDA, 0x1440, 0x7F3F, 0x1476, 0x7F51, 
	0x13BE, 0x7F36, 0x151E, 0x7EB6, 0x142E, 0x7F63, 0x13EC, 0x7F5A, 0x13E2, 0x7F6C, 0x13AE, 0x7F6C, 0x1482, 0x7F63, 0x130F, 0x7F48, 
	0x14E8, 0x7F1A, 0x142A, 0x7FDB, 0x13C7, 0x7F63, 0x1370, 0x7F3F, 0x13BC, 0x8009, 0x133A, 0x7FB6, 0x12E4, 0x7FDB, 0x14CB, 0x7F6C, 
	0x13F2, 0x7FDB, 0x13CA, 0x7FE4, 0x12CF, 0x7F23, 0x138A, 0x7F6C, 0x1411, 0x7F7F, 0x13ED, 0x7F51, 0x1381, 0x7FBF, 0x13DB, 0x7F9A, 
	0x139E, 0x7FDB, 0x13F9, 0x7FED, 0x139D, 0x7F88, 0x1420, 0x8025, 0x134A, 0x7FF7, 0x1293, 0x7F91, 0x140F, 0x7F88, 0x13E3, 0x802E, 
	0x13D2, 0x7FD2, 0x1298, 0x7FDB, 0x128A, 0x7FA4, 0x13D1, 0x7FBF, 0x1417, 0x805D, 0x1244, 0x8013, 0x13EC, 0x804A, 0x123B, 0x7FF7, 
	0x1260, 0x8013, 0x1349, 0x804A, 0x12FE, 0x7FF7, 0x1338, 0x8066, 0x1357, 0x8095, 0x13FA, 0x7FED, 0x1366, 0x8070, 0x13FC, 0x8079, 
	0x1199, 0x7FED, 0x11EF, 0x802E, 0x1335, 0x8000, 0x12C8, 0x8025, 0x134D, 0x8066, 0x1203, 0x801C, 0x1238, 0x8066, 0x1231, 0x802E, 
	0x1215, 0x8041, 0x1196, 0x809E, 0x1248, 0x801C, 0x1257, 0x804A, 0x1209, 0x80A8, 0x1097, 0x8041, 0x11E6, 0x805D, 0x1216, 0x801C, 
	0x105C, 0x8041, 0x11EA, 0x802E, 0x109E, 0x8009, 0x113A, 0x80CD, 0x112A, 0x8038, 0x114B, 0x809E, 0x106C, 0x8082, 0x10B2, 0x80C4, 
	0x1113, 0x80BA, 0x1034, 0x805D, 0x1030, 0x808C, 0x110D, 0x801C, 0x109F, 0x808C, 0x1054, 0x809E, 0x0FD3, 0x80E9, 0x116B, 0x8105, 
	0x1485, 0x820F, 0x1593, 0x828C, 0x14A3, 0x8248, 0x14F6, 0x829F, 0x14BD, 0x8265, 0x1476, 0x820F, 0x14AB, 0x8235, 0x1462, 0x81B9, 
	0x13AF, 0x81DF, 0x14AB, 0x8248, 0x14C2, 0x8193, 0x1538, 0x81B0, 0x14BE, 0x81F2, 0x149A, 0x812B, 0x14C5, 0x8222, 0x1447, 0x81A6, 
	0x1546, 0x81FC, 0x15D8, 0x81B0, 0x13CD, 0x8151, 0x14DF, 0x81B0, 0x13F4, 0x8177, 0x152B, 0x813E, 0x1465, 0x8135, 0x14E9, 0x8122, 
	0x1424, 0x818A, 0x14D7, 0x8147, 0x1413, 0x80F3, 0x151B, 0x8151, 0x13E8, 0x8122, 0x14BD, 0x80FC, 0x141C, 0x80D6, 0x145C, 0x8070, 
	0x145F, 0x808C, 0x14BD, 0x813E, 0x13A1, 0x80E9, 0x140A, 0x8122, 0x142F, 0x8082, 0x14AC, 0x810F, 0x14E4, 0x8025, 0x13BF, 0x8105, 
	0x1484, 0x8054, 0x14D4, 0x805D, 0x13D4, 0x8070, 0x1438, 0x80BA, 0x1407, 0x805D, 0x13CB, 0x80B1, 0x141D, 0x8025, 0x1417, 0x80B1, 
	0x1398, 0x805D, 0x1362, 0x80C4, 0x1417, 0x80CD, 0x1536, 0x7FF7, 0x1432, 0x8070, 0x144C, 0x8066, 0x1452, 0x8054, 0x143C, 0x8095, 
	0x13DC, 0x804A, 0x136D, 0x809E, 0x148C, 0x8009, 0x12FA, 0x8041, 0x12D6, 0x7FDB, 0x1424, 0x7FE4, 0x144D, 0x805D, 0x1469, 0x801C, 
	0x130F, 0x804A, 0x13F6, 0x8009, 0x13F5, 0x7F91, 0x130D, 0x809E, 0x1327, 0x7FED, 0x1336, 0x8013, 0x12B1, 0x7FE4, 0x1313, 0x7FA4, 
	0x137D, 0x8025, 0x1455, 0x80A8, 0x13A0, 0x8009, 0x1405, 0x7FED, 0x12AF, 0x7F7F, 0x13EB, 0x7FD2, 0x1326, 0x7FD2, 0x126A, 0x7FED, 
	0x1245, 0x7FB6, 0x1328, 0x7FE4, 0x1331, 0x8013, 0x11EE, 0x8070, 0x128E, 0x7F63, 0x1232, 0x7F91, 0x1303, 0x7F76, 0x1299, 0x7F9A, 
	0x11F9, 0x7FED, 0x11FA, 0x7F36, 0x132B, 0x7F7F, 0x1278, 0x7FC9, 0x12AE, 0x7F51, 0x11F9, 0x7F91, 0x125F, 0x7FC9, 0x12CB, 0x7F5A, 
	0x116B, 0x7F1A, 0x12D4, 0x7F36, 0x11AA, 0x7FB6, 0x122E, 0x7F5A, 0x1309, 0x7EFF, 0x12F8, 0x7F36, 0x121D, 0x8013, 0x112D, 0x7F51, 
	0x11FD, 0x7EF6, 0x1245, 0x7F48, 0x11FF, 0x7FA4, 0x125A, 0x7EF6, 0x12EE, 0x7F51, 0x11C3, 0x7EF6, 0x136D, 0x7F91, 0x1170, 0x7F9A, 
	0x11E3, 0x7F48, 0x127D, 0x7F51, 0x11CE, 0x7F2C, 0x1259, 0x7F6C, 0x1296, 0x7F6C, 0x1228, 0x7F51, 0x11D7, 0x7F2C, 0x126B, 0x7EDA, 
	0x128A, 0x7ED1, 0x1331, 0x7F2C, 0x13AD, 0x7F51, 0x11FA, 0x7EDA, 0x1289, 0x7F76, 0x11F9, 0x7EEC, 0x1330, 0x7F5A, 0x13B4, 0x7F36, 
	0x121E, 0x7F1A, 0x1224, 0x7F36, 0x1286, 0x7F08, 0x1282, 0x7EB6, 0x12FE, 0x7EF6, 0x12EB, 0x7EE3, 0x1274, 0x7EC8, 0x12EB, 0x7F36, 
	0x1329, 0x7EFF, 0x1376, 0x7F48, 0x13A7, 0x7F08, 0x12FE, 0x7F36, 0x130E, 0x7F08, 0x1365, 0x7F11, 0x1351, 0x7F63, 0x12C8, 0x7EDA, 
	0x13B9, 0x7EAD, 0x1316, 0x7F2C, 0x1340, 0x7F11, 0x13B1, 0x7EDA, 0x1444, 0x7EAD, 0x138F, 0x7ED1, 0x1373, 0x7F08, 0x1452, 0x7ED1, 
	0x1369, 0x7F76, 0x138F, 0x7F3F, 0x1453, 0x7F1A, 0x14AE, 0x7F2C, 0x13DE, 0x7F23, 0x143F, 0x7F51, 0x1307, 0x7F2C, 0x1400, 0x7F48, 
	0x1425, 0x7ED1, 0x1480, 0x7F1A, 0x1417, 0x7F36, 0x1416, 0x7F1A, 0x13EF, 0x7EF6, 0x12DC, 0x7F1A, 0x14D9, 0x7F48, 0x153F, 0x7F23, 
	0x13EA, 0x7F51, 0x1458, 0x7EE3, 0x143B, 0x7FA4, 0x1511, 0x7F7F, 0x14AA, 0x7F7F, 0x1325, 0x7F2C, 0x144E, 0x7F11, 0x13D2, 0x7F3F, 
	0x13AF, 0x7F6C, 0x13AF, 0x7F63, 0x13F1, 0x7F63, 0x1462, 0x7F76, 0x1393, 0x7FA4, 0x131D, 0x7F76, 0x1323, 0x7F9A, 0x13A7, 0x7F91, 
	0x140E, 0x7F2C, 0x1364, 0x7FF7, 0x142A, 0x7F48, 0x141C, 0x7FB6, 0x1318, 0x7F9A, 0x135B, 0x7F3F, 0x1395, 0x7FE4, 0x1325, 0x7FD2, 
	0x1264, 0x7FDB, 0x146E, 0x7FC9, 0x13B6, 0x7FC9, 0x1363, 0x7FDB, 0x126D, 0x7F5A, 0x1330, 0x7FC9, 0x1350, 0x7FBF, 0x1332, 0x7F63, 
	0x1352, 0x8000, 0x1356, 0x7FAD, 0x138E, 0x7F6C, 0x1392, 0x7FB6, 0x1337, 0x7FDB, 0x131A, 0x8038, 0x1356, 0x802E, 0x1258, 0x7FD2, 
	0x144B, 0x801C, 0x135B, 0x801C, 0x1377, 0x8013, 0x126D, 0x808C, 0x1258, 0x7FD2, 0x132D, 0x8000, 0x130C, 0x8013, 0x123D, 0x8000, 
	0x1366, 0x8041, 0x121A, 0x8025, 0x1265, 0x8009, 0x1332, 0x8041, 0x12A4, 0x8038, 0x12C6, 0x7FED, 0x12CB, 0x804A, 0x13BB, 0x8025, 
	0x1333, 0x8009, 0x13F3, 0x8095, 0x112D, 0x8070, 0x1160, 0x8082, 0x1304, 0x8082, 0x1227, 0x8066, 0x12BB, 0x8013, 0x1250, 0x8079, 
	0x1237, 0x8082, 0x11B0, 0x8054, 0x11F2, 0x8070, 0x1140, 0x805D, 0x11BD, 0x8041, 0x1169, 0x805D, 0x10A2, 0x8079, 0x100F, 0x809E, 
	0x1213, 0x80C4, 0x1198, 0x8070, 0x10AE, 0x8070, 0x10B6, 0x8082, 0x10A1, 0x80A8, 0x10C8, 0x808C, 0x1098, 0x808C, 0x10F1, 0x8082, 
	0x101D, 0x8038, 0x1063, 0x80BA, 0x10B9, 0x8105, 0x0F61, 0x812B, 0x104F, 0x8079, 0x105C, 0x804A, 0x1085, 0x80C4, 0x0FDF, 0x8105, 
	0x0F70, 0x8070, 0x118F, 0x80D6, 0x100A, 0x80B1, 0x103E, 0x80D6, 0x1002, 0x8118, 0x0F86, 0x80E9, 0x1057, 0x8118, 0x1141, 0x80D6, 
	0x1081, 0x8118, 0x1035, 0x80FC, 0x1034, 0x8118, 0x1101, 0x8147, 0x11F1, 0x815A, 0x1118, 0x80E0, 0x11DE, 0x8151, 0x103A, 0x8105, 
	0x10B9, 0x8118, 0x1054, 0x81A6, 0x1134, 0x8164, 0x1164, 0x813E, 0x111F, 0x8177, 0x10CE, 0x80E9, 0x1113, 0x8147, 0x1166, 0x81B0, 
	0x10A4, 0x812B, 0x1154, 0x816D, 0x1217, 0x809E, 0x1151, 0x80F3, 0x1140, 0x80E9, 0x1160, 0x8180, 0x106C, 0x81C3, 0x10A4, 0x8105, 
	0x1146, 0x812B, 0x11C7, 0x8151, 0x11A8, 0x81B0, 0x1115, 0x8164, 0x112E, 0x816D, 0x10D4, 0x8135, 0x1152, 0x8105, 0x115C, 0x8151, 
	0x10AA, 0x81F2, 0x113B, 0x816D, 0x1153, 0x81DF, 0x11DF, 0x81F2, 0x1177, 0x815A, 0x1131, 0x816D, 0x1285, 0x818A, 0x120B, 0x8235, 
	0x1253, 0x8180, 0x114C, 0x822C, 0x117D, 0x8180, 0x113C, 0x81E9, 0x1129, 0x81FC, 0x11B1, 0x81A6, 0x1189, 0x81B9, 0x11A3, 0x816D, 
	0x1257, 0x816D, 0x119C, 0x81D6, 0x11D8, 0x81B9, 0x1211, 0x81FC, 0x10FF, 0x8147, 0x120B, 0x81CC, 0x12A7, 0x820F, 0x1251, 0x81A6, 
	0x120E, 0x823F, 0x1240, 0x8164, 0x1284, 0x8205, 0x1308, 0x823F, 0x1228, 0x81FC, 0x11D1, 0x8193, 0x12CD, 0x81D6, 0x1308, 0x8219, 
	0x129E, 0x820F, 0x143E, 0x8248, 0x1127, 0x81B9, 0x129F, 0x81FC, 0x1325, 0x81B9, 0x12B8, 0x8222, 0x13BD, 0x820F, 0x13B0, 0x81FC, 
	0x12E4, 0x823F, 0x12E9, 0x819D, 0x1206, 0x8282, 0x1368, 0x8295, 0x122C, 0x82CF, 0x1271, 0x8248, 0x12B2, 0x8222, 0x1345, 0x8248, 
	0x1394, 0x829F, 0x13C1, 0x8248, 0x1406, 0x81E9, 0x1343, 0x8222, 0x12C7, 0x8295, 0x129D, 0x8219, 0x13B1, 0x822C, 0x135C, 0x820F, 
	0x134F, 0x825C, 0x12D5, 0x828C, 0x12EB, 0x8279, 0x130A, 0x8222, 0x1394, 0x826F, 0x1333, 0x828C, 0x135A, 0x82BC, 0x1322, 0x82E3, 
	0x11F2, 0x8252, 0x1312, 0x8279, 0x1301, 0x82BC, 0x138E, 0x826F, 0x12C8, 0x823F, 0x1264, 0x82B2, 0x133D, 0x82D9, 0x1235, 0x8313, 
	0x12BB, 0x82E3, 0x12C6, 0x8300, 0x12E8, 0x8309, 0x130E, 0x8357, 0x1327, 0x8327, 0x1346, 0x82F6, 0x1299, 0x8330, 0x1395, 0x8357, 
	0x133F, 0x82EC, 0x140A, 0x83D7, 0x13F2, 0x83EA, 0x1350, 0x0000, 0x14B7, 0x0000, 0x1445, 0x8564, 0x1485, 0x820F, 0x1593, 0x828C, 
	0x14A3, 0x8248, 0x14F6, 0x829F, 0x14BD, 0x8265, 0x1476, 0x820F, 0x14AB, 0x8235, 0x1462, 0x81B9, 0x13AF, 0x81DF, 0x14AB, 0x8248, 
	0x14C2, 0x8193, 0x1538, 0x81B0, 0x14BE, 0x81F2, 0x149A, 0x812B, 0x14C5, 0x8222, 0x1447, 0x81A6, 0x1546, 0x81FC, 0x15D8, 0x81B0, 
	0x13CD, 0x8151, 0x14DF, 0x81B0, 0x13F4, 0x8177, 0x152B, 0x813E, 0x1465, 0x8135, 0x14E9, 0x8122, 0x1424, 0x818A, 0x14D7, 0x8147, 
	0x1413, 0x80F3, 0x151B, 0x8151, 0x13E8, 0x8122, 0x14BD, 0x80FC, 0x141C, 0x80D6, 0x145C, 0x8070, 0x145F, 0x808C, 0x14BD, 0x813E, 
	0x13A1, 0x80E9, 0x140A, 0x8122, 0x142F, 0x8082, 0x14AC, 0x810F, 0x14E4, 0x8025, 0x13BF, 0x8105, 0x1484, 0x8054, 0x14D4, 0x805D, 
	0x13D4, 0x8070, 0x1438, 0x80BA, 0x1407, 0x805D, 0x13CB, 0x80B1, 0x141D, 0x8025, 0x1417, 0x80B1, 0x1398, 0x805D, 0x1362, 0x80C4, 
	0x1417, 0x80CD, 0x1536, 0x7FF7, 0x1432, 0x8070, 0x144C, 0x8066, 0x1452, 0x8054, 0x143C, 0x8095, 0x13DC, 0x804A, 0x136D, 0x809E, 
	0x148C, 0x8009, 0x12FA, 0x8041, 0x12D6, 0x7FDB, 0x1424, 0x7FE4, 0x144D, 0x805D, 0x1469, 0x801C, 0x130F, 0x804A, 0x13F6, 0x8009, 
	0x13F5, 0x7F91, 0x130D, 0x809E, 0x1327, 0x7FED, 0x1336, 0x8013, 0x12B1, 0x7FE4, 0x1313, 0x7FA4, 0x137D, 0x8025, 0x1455, 0x80A8, 
	0x13A0, 0x8009, 0x1405, 0x7FED, 0x12AF, 0x7F7F, 0x13EB, 0x7FD2, 0x1326, 0x7FD2, 0x126A, 0x7FED, 0x1245, 0x7FB6, 0x1328, 0x7FE4, 
	0x1331, 0x8013, 0x11EE, 0x8070, 0x128E, 0x7F63, 0x1232, 0x7F91, 0x1303, 0x7F76, 0x1299, 0x7F9A, 0x11F9, 0x7FED, 0x11FA, 0x7F36, 
	0x132B, 0x7F7F, 0x1278, 0x7FC9, 0x12AE, 0x7F51, 0x11F9, 0x7F91, 0x125F, 0x7FC9, 0x12CB, 0x7F5A, 0x116B, 0x7F1A, 0x12D4, 0x7F36, 
	0x11AA, 0x7FB6, 0x122E, 0x7F5A, 0x1309, 0x7EFF, 0x12F8, 0x7F36, 0x121D, 0x8013, 0x112D, 0x7F51, 0x11FD, 0x7EF6, 0x1245, 0x7F48, 
	0x11FF, 0x7FA4, 0x125A, 0x7EF6, 0x12EE, 0x7F51, 0x11C3, 0x7EF6, 0x136D, 0x7F91, 0x1170, 0x7F9A, 0x11E3, 0x7F48, 0x127D, 0x7F51, 
	0x11CE, 0x7F2C, 0x1259, 0x7F6C, 0x1296, 0x7F6C, 0x1228, 0x7F51, 0x11D7, 0x7F2C, 0x126B, 0x7EDA, 0x128A, 0x7ED1, 0x1331, 0x7F2C, 
	0x13AD, 0x7F51, 0x11FA, 0x7EDA, 0x1289, 0x7F76, 0x11F9, 0x7EEC, 0x1330, 0x7F5A, 0x13B4, 0x7F36, 0x121E, 0x7F1A, 0x1224, 0x7F36, 
	0x1286, 0x7F08, 0x1282, 0x7EB6, 0x12FE, 0x7EF6, 0x12EB, 0x7EE3, 0x1274, 0x7EC8, 0x12EB, 0x7F36, 0x1329, 0x7EFF, 0x1376, 0x7F48, 
	0x13A7, 0x7F08, 0x12FE, 0x7F36, 0x130E, 0x7F08, 0x1365, 0x7F11, 0x1351, 0x7F63, 0x12C8, 0x7EDA, 0x13B9, 0x7EAD, 0x1316, 0x7F2C, 
	0x1340, 0x7F11, 0x13B1, 0x7EDA, 0x1444, 0x7EAD, 0x138F, 0x7ED1, 0x1373, 0x7F08, 0x1452, 0x7ED1, 0x1369, 0x7F76, 0x138F, 0x7F3F, 
	0x1453, 0x7F1A, 0x14AE, 0x7F2C, 0x13DE, 0x7F23, 0x143F, 0x7F51, 0x1307, 0x7F2C, 0x1400, 0x7F48, 0x1425, 0x7ED1, 0x1480, 0x7F1A, 
	0x1417, 0x7F36, 0x1416, 0x7F1A, 0x13EF, 0x7EF6, 0x12DC, 0x7F1A, 0x14D9, 0x7F48, 0x153F, 0x7F23, 0x13EA, 0x7F51, 0x1458, 0x7EE3, 
	0x143B, 0x7FA4, 0x1511, 0x7F7F, 0x14AA, 0x7F7F, 0x1325, 0x7F2C, 0x144E, 0x7F11, 0x13D2, 0x7F3F, 0x13AF, 0x7F6C, 0x13AF, 0x7F63, 
	0x13F1, 0x7F63, 0x1462, 0x7F76, 0x1393, 0x7FA4, 0x131D, 0x7F76, 0x1323, 0x7F9A, 0x13A7, 0x7F91, 0x140E, 0x7F2C, 0x1364, 0x7FF7, 
	0x142A, 0x7F48, 0x141C, 0x7FB6, 0x1318, 0x7F9A, 0x135B, 0x7F3F, 0x1395, 0x7FE4, 0x1325, 0x7FD2, 0x1264, 0x7FDB, 0x146E, 0x7FC9, 
	0x13B6, 0x7FC9, 0x1363, 0x7FDB, 0x126D, 0x7F5A, 0x1330, 0x7FC9, 0x1350, 0x7FBF, 0x1332, 0x7F63, 0x1352, 0x8000, 0x1356, 0x7FAD, 
	0x138E, 0x7F6C, 0x1392, 0x7FB6, 0x1337, 0x7FDB, 0x131A, 0x8038, 0x1356, 0x802E, 0x1258, 0x7FD2, 0x144B, 0x801C, 0x135B, 0x801C, 
	0x1377, 0x8013, 0x126D, 0x808C, 0x1258, 0x7FD2, 0x132D, 0x8000, 0x130C, 0x8013, 0x123D, 0x8000, 0x1366, 0x8041, 0x121A, 0x8025, 
	0x1265, 0x8009, 0x1332, 0x8041, 0x12A4, 0x8038, 0x12C6, 0x7FED, 0x12CB, 0x804A, 0x13BB, 0x8025, 0x1333, 0x8009, 0x13F3, 0x8095, 
	0x112D, 0x8070, 0x1160, 0x8082, 0x1304, 0x8082, 0x1227, 0x8066, 0x12BB, 0x8013, 0x1250, 0x8079, 0x1237, 0x8082, 0x11B0, 0x8054, 
	0x11F2, 0x8070, 0x1140, 0x805D, 0x11BD, 0x8041, 0x1169, 0x805D, 0x10A2, 0x8079, 0x100F, 0x809E, 0x1213, 0x80C4, 0x1198, 0x8070, 
	0x10AE, 0x8070, 0x10B6, 0x8082, 0x10A1, 0x80A8, 0x10C8, 0x808C, 0x1098, 0x808C, 0x10F1, 0x8082, 0x101D, 0x8038, 0x1063, 0x80BA, 
	0x10B9, 0x8105, 0x0F61, 0x812B, 0x104F, 0x8079, 0x105C, 0x804A, 0x1085, 0x80C4, 0x0FDF, 0x8105, 0x0F70, 0x8070, 0x118F, 0x80D6, 
	0x1475, 0x8279, 0x151F, 0x825C, 0x15BC, 0x828C, 0x147B, 0x826F, 0x14D3, 0x8235, 0x14BA, 0x81C3, 0x1555, 0x818A, 0x142E, 0x81FC, 
	0x14BD, 0x8205, 0x1476, 0x8205, 0x1536, 0x81D6, 0x152B, 0x810F, 0x153B, 0x816D, 0x153B, 0x819D, 0x151D, 0x81B9, 0x1449, 0x81A6, 
	0x15E1, 0x80FC, 0x163F, 0x816D, 0x153E, 0x816D, 0x1492, 0x815A, 0x14F0, 0x816D, 0x142C, 0x8147, 0x1461, 0x8118, 0x159F, 0x819D, 
	0x1464, 0x8151, 0x1435, 0x8180, 0x150C, 0x80E0, 0x151C, 0x812B, 0x1487, 0x80B1, 0x1563, 0x80F3, 0x1499, 0x80BA, 0x14BE, 0x80BA, 
	0x153F, 0x8066, 0x14BE, 0x80D6, 0x13EA, 0x812B, 0x142A, 0x80FC, 0x1538, 0x8082, 0x1583, 0x80BA, 0x152A, 0x804A, 0x1483, 0x813E, 
	0x1404, 0x805D, 0x14E3, 0x80C4, 0x14CB, 0x8070, 0x1477, 0x8079, 0x1420, 0x80E0, 0x13B6, 0x80C4, 0x13B7, 0x8054, 0x1474, 0x8105, 
	0x1323, 0x801C, 0x14A2, 0x8095, 0x14FB, 0x80B1, 0x1560, 0x8066, 0x1518, 0x80D6, 0x146D, 0x8013, 0x14DD, 0x809E, 0x141F, 0x8066, 
	0x144F, 0x8009, 0x13C8, 0x809E, 0x148D, 0x8079, 0x1396, 0x8038, 0x134B, 0x804A, 0x1506, 0x8079, 0x13EC, 0x8066, 0x1469, 0x8066, 
	0x136D, 0x8041, 0x14C7, 0x801C, 0x1462, 0x7FBF, 0x139F, 0x801C, 0x13D3, 0x802E, 0x145F, 0x8000, 0x136E, 0x8013, 0x13FD, 0x7F88, 
	0x13F4, 0x8009, 0x148E, 0x8070, 0x13B9, 0x8041, 0x140F, 0x7FF7, 0x13C8, 0x7FB6, 0x1464, 0x7FD2, 0x139F, 0x8038, 0x1379, 0x7FD2, 
	0x12E0, 0x7F76, 0x137C, 0x7FBF, 0x1409, 0x801C, 0x1280, 0x7FED, 0x126D, 0x7F88, 0x1342, 0x7FAD, 0x1300, 0x7F91, 0x12FA, 0x7F5A, 
	0x12A5, 0x7FA4, 0x12BF, 0x7FD2, 0x1307, 0x7F91, 0x12E7, 0x7FB6, 0x139D, 0x7FA4, 0x129F, 0x7FBF, 0x12D2, 0x7F7F, 0x1355, 0x7F91, 
	0x1249, 0x7F88, 0x133A, 0x7F36, 0x1263, 0x7F88, 0x136B, 0x7F48, 0x12A0, 0x7F51, 0x1315, 0x7F48, 0x1285, 0x7F2C, 0x1220, 0x7FBF, 
	0x12C7, 0x7EB6, 0x12B6, 0x7F5A, 0x1181, 0x7EF6, 0x1269, 0x7EEC, 0x1335, 0x7F63, 0x1293, 0x7F36, 0x1318, 0x7F7F, 0x12B4, 0x7F23, 
	0x1309, 0x7F08, 0x120D, 0x7F48, 0x120D, 0x7F23, 0x1378, 0x7F5A, 0x12CF, 0x7FB6, 0x12FE, 0x7F5A, 0x11D0, 0x7F36, 0x1368, 0x7F1A, 
	0x1274, 0x7F36, 0x12CC, 0x7FAD, 0x12E9, 0x7F3F, 0x1254, 0x7F23, 0x12DF, 0x7F36, 0x122C, 0x7F23, 0x13DD, 0x7F7F, 0x1351, 0x7F76, 
	0x12AB, 0x7F08, 0x1269, 0x7F23, 0x1271, 0x7F36, 0x12B8, 0x7F2C, 0x126C, 0x7EF6, 0x136D, 0x7F1A, 0x1385, 0x7E80, 0x1365, 0x7EFF, 
	0x1362, 0x7F23, 0x138B, 0x7FB6, 0x138A, 0x7F36, 0x13A4, 0x7F2C, 0x144A, 0x7F1A, 0x144F, 0x7EF6, 0x138B, 0x7F63, 0x1330, 0x7EC8, 
	0x1447, 0x7E89, 0x13D6, 0x7EC8, 0x1443, 0x7F2C, 0x1337, 0x7F51, 0x13B3, 0x7F2C, 0x13D1, 0x7EC8, 0x1402, 0x7EC8, 0x1464, 0x7E9B, 
	0x1382, 0x7F23, 0x1465, 0x7F3F, 0x1481, 0x7EEC, 0x140A, 0x7F2C, 0x14D6, 0x7F36, 0x14B2, 0x7EAD, 0x13A0, 0x7EF6, 0x1483, 0x7F63, 
	0x1397, 0x7ED1, 0x148F, 0x7ED1, 0x1480, 0x7F48, 0x149F, 0x7F23, 0x1442, 0x7EFF, 0x138A, 0x7F5A, 0x147E, 0x7F36, 0x1568, 0x7F48, 
	0x141E, 0x7F7F, 0x1507, 0x7EEC, 0x14B5, 0x7F11, 0x145C, 0x7EF6, 0x13D3, 0x7F36, 0x13F1, 0x7F48, 0x1419, 0x7EF6, 0x141D, 0x7F08, 
	0x142D, 0x7EFF, 0x142E, 0x7F11, 0x1461, 0x7F76, 0x1465, 0x7EFF, 0x13DA, 0x7FA4, 0x14A6, 0x7F51, 0x1499, 0x7F6C, 0x13D0, 0x7F63, 
	0x1349, 0x7FAD, 0x13FF, 0x8038, 0x150C, 0x7FA4, 0x14BA, 0x7FD2, 0x1356, 0x7F3F, 0x130A, 0x7F76, 0x1466, 0x7F91, 0x133D, 0x7F91, 
	0x12F1, 0x7F76, 0x13BF, 0x8000, 0x140B, 0x7FBF, 0x13F5, 0x7FB6, 0x1309, 0x7F9A, 0x1376, 0x7F6C, 0x13A2, 0x7FE4, 0x1461, 0x7FA4, 
	0x137B, 0x7FC9, 0x1429, 0x8054, 0x13BD, 0x7F91, 0x140F, 0x7FBF, 0x1397, 0x7FDB, 0x13E8, 0x8054, 0x1339, 0x802E, 0x134D, 0x7FF7, 
	0x13D2, 0x7FED, 0x137E, 0x8066, 0x13F2, 0x8013, 0x12D8, 0x80A8, 0x1350, 0x802E, 0x13EA, 0x8041, 0x132C, 0x7FA4, 0x12B3, 0x8041, 
	0x13E7, 0x8079, 0x131F, 0x8079, 0x1255, 0x8070, 0x134F, 0x7FF7, 0x12F1, 0x8025, 0x13E2, 0x8041, 0x134B, 0x8095, 0x13F9, 0x801C, 
	0x13A7, 0x7FF7, 0x13CA, 0x8038, 0x11D5, 0x809E, 0x11A8, 0x805D, 0x130E, 0x8054, 0x123E, 0x8054, 0x11F1, 0x8013, 0x12F5, 0x808C, 
	0x122F, 0x8038, 0x1201, 0x8095, 0x12F2, 0x8079, 0x1223, 0x8041, 0x11E6, 0x8095, 0x11D3, 0x8095, 0x117A, 0x80C4, 0x112B, 0x80BA, 
	0x11EA, 0x7FBF, 0x1157, 0x8066, 0x1121, 0x8025, 0x1176, 0x8095, 0x1125, 0x80F3, 0x11BA, 0x8070, 0x107B, 0x804A, 0x118E, 0x8082, 
	0x1062, 0x808C, 0x0F8F, 0x80FC, 0x10DC, 0x8025, 0x1058, 0x80B1, 0x104D, 0x80CD, 0x1175, 0x8054, 0x10D3, 0x808C, 0x10EB, 0x80F3, 
	0x0FFA, 0x80B1, 0x110C, 0x80B1, 0x10D8, 0x80A8, 0x10DA, 0x8095, 0x1022, 0x80F3, 0x0FBB, 0x80C4, 0x106B, 0x809E, 0x118B, 0x80F3, 
	0x10BE, 0x816D, 0x108C, 0x8118, 0x1000, 0x8105, 0x1107, 0x80B1, 0x11E6, 0x816D, 0x1085, 0x813E, 0x1228, 0x8180, 0x10D5, 0x8118, 
	0x10E1, 0x80C4, 0x1112, 0x813E, 0x11C0, 0x8193, 0x118B, 0x8177, 0x1135, 0x81B0, 0x111A, 0x80B1, 0x1283, 0x810F, 0x1245, 0x818A, 
	0x10EC, 0x8118, 0x115F, 0x81B0, 0x12C3, 0x809E, 0x119C, 0x8105, 0x1176, 0x8118, 0x1196, 0x819D, 0x113E, 0x81A6, 0x10F3, 0x80CD, 
	0x1188, 0x810F, 0x1287, 0x8135, 0x1288, 0x81A6, 0x1144, 0x815A, 0x1166, 0x8177, 0x11FD, 0x8118, 0x11DE, 0x80F3, 0x11F9, 0x818A, 
	0x10CA, 0x816D, 0x11AE, 0x816D, 0x1211, 0x81C3, 0x12F6, 0x8151, 0x1203, 0x81B9, 0x1195, 0x81DF, 0x12E2, 0x819D, 0x12D6, 0x81C3, 
	0x1269, 0x813E, 0x10DB, 0x81DF, 0x11B9, 0x81DF, 0x11D9, 0x8180, 0x116D, 0x81C3, 0x1227, 0x8164, 0x11FF, 0x81DF, 0x1214, 0x81C3, 
	0x12E8, 0x81B0, 0x1210, 0x81B9, 0x1241, 0x81C3, 0x11C1, 0x818A, 0x11D4, 0x816D, 0x12B3, 0x81C3, 0x12D4, 0x81B0, 0x1374, 0x819D, 
	0x12EC, 0x81DF, 0x1218, 0x8164, 0x128F, 0x81C3, 0x1209, 0x81FC, 0x128E, 0x81E9, 0x1333, 0x81A6, 0x129F, 0x81DF, 0x13DF, 0x81B0, 
	0x12F6, 0x822C, 0x146A, 0x81C3, 0x11EE, 0x81B0, 0x1293, 0x81A6, 0x13DE, 0x819D, 0x132D, 0x81F2, 0x137C, 0x82B2, 0x1410, 0x8222, 
	0x13A0, 0x8219, 0x131C, 0x81E9, 0x12E4, 0x81FC, 0x138D, 0x823F, 0x128F, 0x8265, 0x12FE, 0x822C, 0x13DD, 0x822C, 0x1368, 0x8235, 
	0x1405, 0x82B2, 0x1425, 0x823F, 0x13D7, 0x81CC, 0x13F9, 0x81FC, 0x13D8, 0x81B9, 0x134E, 0x8265, 0x13CE, 0x8235, 0x133F, 0x828C, 
	0x13C5, 0x8205, 0x13A4, 0x81FC, 0x1382, 0x823F, 0x13A9, 0x8205, 0x136E, 0x82A9, 0x1483, 0x8265, 0x1430, 0x8282, 0x1393, 0x8222, 
	0x12D9, 0x828C, 0x1336, 0x8252, 0x137A, 0x82E3, 0x1386, 0x822C, 0x1381, 0x82EC, 0x13AE, 0x829F, 0x1310, 0x8300, 0x1310, 0x8392, 
	0x1338, 0x82EC, 0x13F4, 0x82CF, 0x135F, 0x834E, 0x13EC, 0x833A, 0x1330, 0x8327, 0x134A, 0x82BC, 0x137C, 0x8327, 0x1424, 0x8361, 
	0x13C7, 0x82F6, 0x13BA, 0x83AF, 0x14D8, 0x8375, 0x139E, 0x83FE, 0x1502, 0x85A1, 0x1450, 0x850A, 0x1475, 0x8279, 0x151F, 0x825C, 
	0x15BC, 0x828C, 0x147B, 0x826F, 0x14D3, 0x8235, 0x14BA, 0x81C3, 0x1555, 0x818A, 0x142E, 0x81FC, 0x14BD, 0x8205, 0x1476, 0x8205, 
	0x1536, 0x81D6, 0x152B, 0x810F, 0x153B, 0x816D, 0x153B, 0x819D, 0x151D, 0x81B9, 0x1449, 0x81A6, 0x15E1, 0x80FC, 0x163F, 0x816D, 
	0x153E, 0x816D, 0x1492, 0x815A, 0x14F0, 0x816D, 0x142C, 0x8147, 0x1461, 0x8118, 0x159F, 0x819D, 0x1464, 0x8151, 0x1435, 0x8180, 
	0x150C, 0x80E0, 0x151C, 0x812B, 0x1487, 0x80B1, 0x1563, 0x80F3, 0x1499, 0x80BA, 0x14BE, 0x80BA, 0x153F, 0x8066, 0x14BE, 0x80D6, 
	0x13EA, 0x812B, 0x142A, 0x80FC, 0x1538, 0x8082, 0x1583, 0x80BA, 0x152A, 0x804A, 0x1483, 0x813E, 0x1404, 0x805D, 0x14E3, 0x80C4, 
	0x14CB, 0x8070, 0x1477, 0x8079, 0x1420, 0x80E0, 0x13B6, 0x80C4, 0x13B7, 0x8054, 0x1474, 0x8105, 0x1323, 0x801C, 0x14A2, 0x8095, 
	0x14FB, 0x80B1, 0x1560, 0x8066, 0x1518, 0x80D6, 0x146D, 0x8013, 0x14DD, 0x809E, 0x141F, 0x8066, 0x144F, 0x8009, 0x13C8, 0x809E, 
	0x148D, 0x8079, 0x1396, 0x8038, 0x134B, 0x804A, 0x1506, 0x8079, 0x13EC, 0x8066, 0x1469, 0x8066, 0x136D, 0x8041, 0x14C7, 0x801C, 
	0x1462, 0x7FBF, 0x139F, 0x801C, 0x13D3, 0x802E, 0x145F, 0x8000, 0x136E, 0x8013, 0x13FD, 0x7F88, 0x13F4, 0x8009, 0x148E, 0x8070, 
	0x13B9, 0x8041, 0x140F, 0x7FF7, 0x13C8, 0x7FB6, 0x1464, 0x7FD2, 0x139F, 0x8038, 0x1379, 0x7FD2, 0x12E0, 0x7F76, 0x137C, 0x7FBF, 
	0x1409, 0x801C, 0x1280, 0x7FED, 0x126D, 0x7F88, 0x1342, 0x7FAD, 0x1300, 0x7F91, 0x12FA, 0x7F5A, 0x12A5, 0x7FA4, 0x12BF, 0x7FD2, 
	0x1307, 0x7F91, 0x12E7, 0x7FB6, 0x139D, 0x7FA4, 0x129F, 0x7FBF, 0x12D2, 0x7F7F, 0x1355, 0x7F91, 0x1249, 0x7F88, 0x133A, 0x7F36, 
	0x1263, 0x7F88, 0x136B, 0x7F48, 0x12A0, 0x7F51, 0x1315, 0x7F48, 0x1285, 0x7F2C, 0x1220, 0x7FBF, 0x12C7, 0x7EB6, 0x12B6, 0x7F5A, 
	0x1181, 0x7EF6, 0x1269, 0x7EEC, 0x1335, 0x7F63, 0x1293, 0x7F36, 0x1318, 0x7F7F, 0x12B4, 0x7F23, 0x1309, 0x7F08, 0x120D, 0x7F48, 
	0x120D, 0x7F23, 0x1378, 0x7F5A, 0x12CF, 0x7FB6, 0x12FE, 0x7F5A, 0x11D0, 0x7F36, 0x1368, 0x7F1A, 0x1274, 0x7F36, 0x12CC, 0x7FAD, 
	0x12E9, 0x7F3F, 0x1254, 0x7F23, 0x12DF, 0x7F36, 0x122C, 0x7F23, 0x13DD, 0x7F7F, 0x1351, 0x7F76, 0x12AB, 0x7F08, 0x1269, 0x7F23, 
	0x1271, 0x7F36, 0x12B8, 0x7F2C, 0x126C, 0x7EF6, 0x136D, 0x7F1A, 0x1385, 0x7E80, 0x1365, 0x7EFF, 0x1362, 0x7F23, 0x138B, 0x7FB6, 
	0x138A, 0x7F36, 0x13A4, 0x7F2C, 0x144A, 0x7F1A, 0x144F, 0x7EF6, 0x138B, 0x7F63, 0x1330, 0x7EC8, 0x1447, 0x7E89, 0x13D6, 0x7EC8, 
	0x1443, 0x7F2C, 0x1337, 0x7F51, 0x13B3, 0x7F2C, 0x13D1, 0x7EC8, 0x1402, 0x7EC8, 0x1464, 0x7E9B, 0x1382, 0x7F23, 0x1465, 0x7F3F, 
	0x1481, 0x7EEC, 0x140A, 0x7F2C, 0x14D6, 0x7F36, 0x14B2, 0x7EAD, 0x13A0, 0x7EF6, 0x1483, 0x7F63, 0x1397, 0x7ED1, 0x148F, 0x7ED1, 
	0x1480, 0x7F48, 0x149F, 0x7F23, 0x1442, 0x7EFF, 0x138A, 0x7F5A, 0x147E, 0x7F36, 0x1568, 0x7F48, 0x141E, 0x7F7F, 0x1507, 0x7EEC, 
	0x14B5, 0x7F11, 0x145C, 0x7EF6, 0x13D3, 0x7F36, 0x13F1, 0x7F48, 0x1419, 0x7EF6, 0x141D, 0x7F08, 0x142D, 0x7EFF, 0x142E, 0x7F11, 
	0x1461, 0x7F76, 0x1465, 0x7EFF, 0x13DA, 0x7FA4, 0x14A6, 0x7F51, 0x1499, 0x7F6C, 0x13D0, 0x7F63, 0x1349, 0x7FAD, 0x13FF, 0x8038, 
	0x150C, 0x7FA4, 0x14BA, 0x7FD2, 0x1356, 0x7F3F, 0x130A, 0x7F76, 0x1466, 0x7F91, 0x133D, 0x7F91, 0x12F1, 0x7F76, 0x13BF, 0x8000, 
	0x140B, 0x7FBF, 0x13F5, 0x7FB6, 0x1309, 0x7F9A, 0x1376, 0x7F6C, 0x13A2, 0x7FE4, 0x1461, 0x7FA4, 0x137B, 0x7FC9, 0x1429, 0x8054, 
	0x13BD, 0x7F91, 0x140F, 0x7FBF, 0x1397, 0x7FDB, 0x13E8, 0x8054, 0x1339, 0x802E, 0x134D, 0x7FF7, 0x13D2, 0x7FED, 0x137E, 0x8066, 
	0x13F2, 0x8013, 0x12D8, 0x80A8, 0x1350, 0x802E, 0x13EA, 0x8041, 0x132C, 0x7FA4, 0x12B3, 0x8041, 0x13E7, 0x8079, 0x131F, 0x8079, 
	0x1255, 0x8070, 0x134F, 0x7FF7, 0x12F1, 0x8025, 0x13E2, 0x8041, 0x134B, 0x8095, 0x13F9, 0x801C, 0x13A7, 0x7FF7, 0x13CA, 0x8038, 
	0x11D5, 0x809E, 0x11A8, 0x805D, 0x130E, 0x8054, 0x123E, 0x8054, 0x11F1, 0x8013, 0x12F5, 0x808C, 0x122F, 0x8038, 0x1201, 0x8095, 
	0x12F2, 0x8079, 0x1223, 0x8041, 0x11E6, 0x8095, 0x11D3, 0x8095, 0x117A, 0x80C4, 0x112B, 0x80BA, 0x11EA, 0x7FBF, 0x1157, 0x8066, 
	0x1121, 0x8025, 0x1176, 0x8095, 0x1125, 0x80F3, 0x11BA, 0x8070, 0x107B, 0x804A, 0x118E, 0x8082, 0x1062, 0x808C, 0x0F8F, 0x80FC, 
	0x10DC, 0x8025, 0x1058, 0x80B1, 0x104D, 0x80CD, 0x1175, 0x8054, 0x10D3, 0x808C, 0x10EB, 0x80F3, 0x0FFA, 0x80B1, 0x110C, 0x80B1, 
	0x1436, 0x82B2, 0x1460, 0x82C6, 0x1560, 0x82E3, 0x13F2, 0x8295, 0x1438, 0x8248, 0x13D7, 0x8193, 0x1480, 0x81CC, 0x1403, 0x81F2, 
	0x145D, 0x8222, 0x13D5, 0x8279, 0x14BD, 0x81E9, 0x1489, 0x8177, 0x1473, 0x8205, 0x14A1, 0x81A6, 0x1489, 0x81C3, 0x1451, 0x81B0, 
	0x14E7, 0x80C4, 0x15E8, 0x819D, 0x151F, 0x81A6, 0x14FC, 0x81C3, 0x1494, 0x8177, 0x13DB, 0x80F3, 0x13CE, 0x8147, 0x14BE, 0x8164, 
	0x14AB, 0x8180, 0x13F9, 0x816D, 0x1482, 0x80B1, 0x14C6, 0x80E9, 0x13E9, 0x815A, 0x1522, 0x810F, 0x13C6, 0x8105, 0x1432, 0x809E, 
	0x14C8, 0x808C, 0x14CE, 0x8164, 0x1388, 0x8105, 0x13E2, 0x80E0, 0x1479, 0x8079, 0x1595, 0x80C4, 0x14A7, 0x808C, 0x1411, 0x80E9, 
	0x1426, 0x80D6, 0x1477, 0x8105, 0x14A4, 0x805D, 0x13E2, 0x8038, 0x140F, 0x8079, 0x134C, 0x8118, 0x1347, 0x809E, 0x1443, 0x8079, 
	0x1301, 0x7F91, 0x1399, 0x80C4, 0x149F, 0x808C, 0x149B, 0x7FE4, 0x13FF, 0x8095, 0x13FA, 0x802E, 0x1489, 0x804A, 0x140D, 0x8082, 
	0x137B, 0x8000, 0x1394, 0x8082, 0x1435, 0x802E, 0x12EC, 0x801C, 0x12D3, 0x8025, 0x1424, 0x8054, 0x1354, 0x805D, 0x13D7, 0x8013, 
	0x128C, 0x8025, 0x1466, 0x801C, 0x13C6, 0x7FBF, 0x1377, 0x8066, 0x13B2, 0x7FF7, 0x13D1, 0x802E, 0x135B, 0x7F51, 0x135A, 0x7FC9, 
	0x1367, 0x8013, 0x146C, 0x8079, 0x134E, 0x8041, 0x13E7, 0x7FAD, 0x13B4, 0x7F9A, 0x139A, 0x8000, 0x12CB, 0x8013, 0x12B1, 0x8009, 
	0x1245, 0x7F88, 0x12D1, 0x7FDB, 0x1368, 0x7FAD, 0x11A7, 0x7FBF, 0x1211, 0x801C, 0x1264, 0x7FB6, 0x1284, 0x7FB6, 0x1268, 0x7F6C, 
	0x1237, 0x7FED, 0x11C9, 0x7FA4, 0x12B3, 0x7F91, 0x1293, 0x7FED, 0x132D, 0x7F5A, 0x126A, 0x7FB6, 0x1286, 0x7FA4, 0x130B, 0x7FDB, 
	0x11B3, 0x7F88, 0x129E, 0x7F7F, 0x1221, 0x7FBF, 0x130D, 0x7FB6, 0x1200, 0x7F5A, 0x1283, 0x7F5A, 0x11DA, 0x7F3F, 0x11CF, 0x7F7F, 
	0x1200, 0x7F63, 0x128B, 0x7F5A, 0x119B, 0x7FC9, 0x1241, 0x7F23, 0x12F5, 0x7F3F, 0x1238, 0x7FDB, 0x1314, 0x7EFF, 0x125D, 0x7FAD, 
	0x125D, 0x7EDA, 0x11BB, 0x7F11, 0x11ED, 0x7F7F, 0x12AA, 0x7F51, 0x123A, 0x7FF7, 0x12C3, 0x7F48, 0x11F0, 0x7F08, 0x128F, 0x7F63, 
	0x123E, 0x7F6C, 0x1291, 0x7FAD, 0x12D8, 0x7F63, 0x1273, 0x7F48, 0x12D7, 0x7F7F, 0x11B5, 0x7F76, 0x12AF, 0x7F88, 0x12DF, 0x7F7F, 
	0x1294, 0x7F1A, 0x1268, 0x7F51, 0x1260, 0x7F63, 0x12AC, 0x7F48, 0x127D, 0x7F88, 0x130E, 0x7EDA, 0x1294, 0x7EA4, 0x1315, 0x7F11, 
	0x132A, 0x7EE3, 0x12F5, 0x7FED, 0x12FA, 0x7F88, 0x1344, 0x7EC8, 0x141A, 0x7F3F, 0x1364, 0x7F51, 0x130F, 0x7F11, 0x1309, 0x7F36, 
	0x13B2, 0x7EBF, 0x137D, 0x7F23, 0x140A, 0x7F23, 0x12E6, 0x7F48, 0x12EF, 0x7F3F, 0x138C, 0x7EDA, 0x1346, 0x7EF6, 0x13D2, 0x7F1A, 
	0x13B2, 0x7EEC, 0x13BD, 0x7F7F, 0x13FE, 0x7EFF, 0x13D6, 0x7F11, 0x13CE, 0x7F6C, 0x141C, 0x7F2C, 0x12F8, 0x7F76, 0x1438, 0x7F36, 
	0x140A, 0x7EFF, 0x13A4, 0x7F6C, 0x1367, 0x7EC8, 0x1480, 0x7F1A, 0x139B, 0x7EF6, 0x131E, 0x7EF6, 0x13E7, 0x7F3F, 0x1479, 0x7F76, 
	0x144D, 0x7F63, 0x1522, 0x7F2C, 0x1425, 0x7F36, 0x14AE, 0x7F3F, 0x13A2, 0x7F5A, 0x1379, 0x7F36, 0x1395, 0x7F48, 0x1422, 0x7F48, 
	0x13D0, 0x7F23, 0x1382, 0x7F3F, 0x13FE, 0x7FB6, 0x138C, 0x7EFF, 0x138C, 0x7FBF, 0x144D, 0x8252, 0x13D6, 0x7F91, 0x1370, 0x7F63, 
	0x1314, 0x7F76, 0x13CD, 0x7FBF, 0x14F9, 0x7F1A, 0x1423, 0x7F5A, 0x12C9, 0x7FC9, 0x1342, 0x7FA4, 0x13A4, 0x7FDB, 0x1327, 0x7FE4, 
	0x1296, 0x7FAD, 0x137B, 0x7F91, 0x1377, 0x7FBF, 0x13CC, 0x7F76, 0x11E0, 0x7F91, 0x12BE, 0x7F91, 0x1344, 0x7F9A, 0x13EB, 0x7F88, 
	0x1347, 0x7FC9, 0x139E, 0x7FE4, 0x1394, 0x801C, 0x1368, 0x7FDB, 0x1356, 0x7FB6, 0x13C5, 0x8041, 0x12B9, 0x804A, 0x1298, 0x7FE4, 
	0x138E, 0x7FF7, 0x1353, 0x802E, 0x13CD, 0x804A, 0x12B3, 0x805D, 0x1256, 0x8054, 0x141C, 0x7FB6, 0x1242, 0x8000, 0x1268, 0x8009, 
	0x1378, 0x80CD, 0x11B1, 0x8082, 0x129E, 0x8009, 0x1241, 0x8013, 0x122F, 0x805D, 0x130C, 0x804A, 0x1305, 0x8066, 0x137E, 0x808C, 
	0x12C2, 0x8013, 0x12F8, 0x8079, 0x118B, 0x809E, 0x1142, 0x8066, 0x12A0, 0x8038, 0x11D7, 0x8082, 0x11EB, 0x8095, 0x11C6, 0x8082, 
	0x11C8, 0x8082, 0x11BD, 0x8082, 0x1259, 0x8082, 0x11C3, 0x8025, 0x11EF, 0x8079, 0x11FC, 0x805D, 0x10FF, 0x80CD, 0x1081, 0x80B1, 
	0x11AD, 0x804A, 0x1149, 0x8054, 0x1110, 0x80C4, 0x10F0, 0x8041, 0x104B, 0x80C4, 0x10B3, 0x8070, 0x0FCF, 0x80D6, 0x10EC, 0x8095, 
	0x0FD4, 0x8079, 0x0FE3, 0x8135, 0x10F2, 0x813E, 0x1006, 0x8066, 0x0F3B, 0x809E, 0x10C7, 0x80CD, 0x0FD7, 0x80B1, 0x10A1, 0x80FC, 
	0x0F7A, 0x808C, 0x10D1, 0x813E, 0x1055, 0x8151, 0x1025, 0x8151, 0x0F91, 0x815A, 0x0F97, 0x8105, 0x0FDA, 0x80CD, 0x1110, 0x813E, 
	0x1111, 0x8118, 0x0F53, 0x81CC, 0x0FEA, 0x80C4, 0x10DA, 0x80E9, 0x11C2, 0x8177, 0x107B, 0x81B0, 0x11B0, 0x818A, 0x107D, 0x8147, 
	0x10EF, 0x80BA, 0x1017, 0x812B, 0x10F8, 0x819D, 0x113B, 0x8135, 0x10B5, 0x81D6, 0x10EC, 0x8122, 0x11BF, 0x8105, 0x118F, 0x818A, 
	0x107D, 0x8151, 0x1070, 0x81B0, 0x11F8, 0x80A8, 0x1166, 0x80E0, 0x118D, 0x8147, 0x1195, 0x819D, 0x106F, 0x81CC, 0x1049, 0x80FC, 
	0x119A, 0x8219, 0x112C, 0x81B0, 0x117B, 0x81DF, 0x114F, 0x8147, 0x1110, 0x81B0, 0x116F, 0x8151, 0x1165, 0x8122, 0x114D, 0x81B9, 
	0x1098, 0x818A, 0x114D, 0x813E, 0x11CB, 0x8193, 0x1270, 0x81A6, 0x117F, 0x8193, 0x1152, 0x81B0, 0x1262, 0x81C3, 0x11DE, 0x81C3, 
	0x1263, 0x816D, 0x10B3, 0x8219, 0x116B, 0x81E9, 0x10AC, 0x81C3, 0x10AB, 0x81B9, 0x11D0, 0x81B9, 0x11B0, 0x81B9, 0x1122, 0x819D, 
	0x12C2, 0x81B0, 0x1198, 0x81DF, 0x1206, 0x819D, 0x10A2, 0x815A, 0x1154, 0x81B9, 0x123A, 0x81D6, 0x1237, 0x822C, 0x134E, 0x81C3, 
	0x128B, 0x81A6, 0x11A8, 0x81F2, 0x1214, 0x8235, 0x1248, 0x81C3, 0x1196, 0x81CC, 0x1269, 0x8279, 0x122E, 0x8177, 0x1302, 0x81E9, 
	0x12A8, 0x822C, 0x13B2, 0x81DF, 0x1160, 0x81FC, 0x1269, 0x81F2, 0x132F, 0x81B0, 0x12D6, 0x81C3, 0x132C, 0x8222, 0x136A, 0x820F, 
	0x1344, 0x8205, 0x129E, 0x81CC, 0x1252, 0x823F, 0x128E, 0x8222, 0x1229, 0x8265, 0x12E1, 0x823F, 0x12E2, 0x81FC, 0x133F, 0x81F2, 
	0x1392, 0x82A9, 0x13A9, 0x8248, 0x12FD, 0x8235, 0x130E, 0x823F, 0x1390, 0x81E9, 0x1321, 0x8295, 0x1378, 0x82D9, 0x1339, 0x825C, 
	0x1311, 0x8205, 0x12B0, 0x820F, 0x128D, 0x8222, 0x1368, 0x8265, 0x12B0, 0x8235, 0x142C, 0x81FC, 0x1371, 0x8279, 0x12A4, 0x8279, 
	0x1310, 0x82EC, 0x12E8, 0x8295, 0x12F7, 0x82E3, 0x1392, 0x81A6, 0x12EF, 0x82BC, 0x1295, 0x8300, 0x1239, 0x82CF, 0x1220, 0x8309, 
	0x1235, 0x82E3, 0x1306, 0x831D, 0x12FD, 0x833A, 0x1369, 0x82EC, 0x12C5, 0x8361, 0x12F2, 0x8300, 0x1300, 0x829F, 0x1413, 0x837E, 
	0x1382, 0x8357, 0x1395, 0x83A6, 0x1445, 0x834E, 0x13E1, 0x83AF, 0x1468, 0x8439, 0x140E, 0x847E, 0x1436, 0x82B2, 0x1460, 0x82C6, 
	0x1560, 0x82E3, 0x13F2, 0x8295, 0x1438, 0x8248, 0x13D7, 0x8193, 0x1480, 0x81CC, 0x1403, 0x81F2, 0x145D, 0x8222, 0x13D5, 0x8279, 
	0x14BD, 0x81E9, 0x1489, 0x8177, 0x1473, 0x8205, 0x14A1, 0x81A6, 0x1489, 0x81C3, 0x1451, 0x81B0, 0x14E7, 0x80C4, 0x15E8, 0x819D, 
	0x151F, 0x81A6, 0x14FC, 0x81C3, 0x1494, 0x8177, 0x13DB, 0x80F3, 0x13CE, 0x8147, 0x14BE, 0x8164, 0x14AB, 0x8180, 0x13F9, 0x816D, 
	0x1482, 0x80B1, 0x14C6, 0x80E9, 0x13E9, 0x815A, 0x1522, 0x810F, 0x13C6, 0x8105, 0x1432, 0x809E, 0x14C8, 0x808C, 0x14CE, 0x8164, 
	0x1388, 0x8105, 0x13E2, 0x80E0, 0x1479, 0x8079, 0x1595, 0x80C4, 0x14A7, 0x808C, 0x1411, 0x80E9, 0x1426, 0x80D6, 0x1477, 0x8105, 
	0x14A4, 0x805D, 0x13E2, 0x8038, 0x140F, 0x8079, 0x134C, 0x8118, 0x1347, 0x809E, 0x1443, 0x8079, 0x1301, 0x7F91, 0x1399, 0x80C4, 
	0x149F, 0x808C, 0x149B, 0x7FE4, 0x13FF, 0x8095, 0x13FA, 0x802E, 0x1489, 0x804A, 0x140D, 0x8082, 0x137B, 0x8000, 0x1394, 0x8082, 
	0x1435, 0x802E, 0x12EC, 0x801C, 0x12D3, 0x8025, 0x1424, 0x8054, 0x1354, 0x805D, 0x13D7, 0x8013, 0x128C, 0x8025, 0x1466, 0x801C, 
	0x13C6, 0x7FBF, 0x1377, 0x8066, 0x13B2, 0x7FF7, 0x13D1, 0x802E, 0x135B, 0x7F51, 0x135A, 0x7FC9, 0x1367, 0x8013, 0x146C, 0x8079, 
	0x134E, 0x8041, 0x13E7, 0x7FAD, 0x13B4, 0x7F9A, 0x139A, 0x8000, 0x12CB, 0x8013, 0x12B1, 0x8009, 0x1245, 0x7F88, 0x12D1, 0x7FDB, 
	0x1368, 0x7FAD, 0x11A7, 0x7FBF, 0x1211, 0x801C, 0x1264, 0x7FB6, 0x1284, 0x7FB6, 0x1268, 0x7F6C, 0x1237, 0x7FED, 0x11C9, 0x7FA4, 
	0x12B3, 0x7F91, 0x1293, 0x7FED, 0x132D, 0x7F5A, 0x126A, 0x7FB6, 0x1286, 0x7FA4, 0x130B, 0x7FDB, 0x11B3, 0x7F88, 0x129E, 0x7F7F, 
	0x1221, 0x7FBF, 0x130D, 0x7FB6, 0x1200, 0x7F5A, 0x1283, 0x7F5A, 0x11DA, 0x7F3F, 0x11CF, 0x7F7F, 0x1200, 0x7F63, 0x128B, 0x7F5A, 
	0x119B, 0x7FC9, 0x1241, 0x7F23, 0x12F5, 0x7F3F, 0x1238, 0x7FDB, 0x1314, 0x7EFF, 0x125D, 0x7FAD, 0x125D, 0x7EDA, 0x11BB, 0x7F11, 
	0x11ED, 0x7F7F, 0x12AA, 0x7F51, 0x123A, 0x7FF7, 0x12C3, 0x7F48, 0x11F0, 0x7F08, 0x128F, 0x7F63, 0x123E, 0x7F6C, 0x1291, 0x7FAD, 
	0x12D8, 0x7F63, 0x1273, 0x7F48, 0x12D7, 0x7F7F, 0x11B5, 0x7F76, 0x12AF, 0x7F88, 0x12DF, 0x7F7F, 0x1294, 0x7F1A, 0x1268, 0x7F51, 
	0x1260, 0x7F63, 0x12AC, 0x7F48, 0x127D, 0x7F88, 0x130E, 0x7EDA, 0x1294, 0x7EA4, 0x1315, 0x7F11, 0x132A, 0x7EE3, 0x12F5, 0x7FED, 
	0x12FA, 0x7F88, 0x1344, 0x7EC8, 0x141A, 0x7F3F, 0x1364, 0x7F51, 0x130F, 0x7F11, 0x1309, 0x7F36, 0x13B2, 0x7EBF, 0x137D, 0x7F23, 
	0x140A, 0x7F23, 0x12E6, 0x7F48, 0x12EF, 0x7F3F, 0x138C, 0x7EDA, 0x1346, 0x7EF6, 0x13D2, 0x7F1A, 0x13B2, 0x7EEC, 0x13BD, 0x7F7F, 
	0x13FE, 0x7EFF, 0x13D6, 0x7F11, 0x13CE, 0x7F6C, 0x141C, 0x7F2C, 0x12F8, 0x7F76, 0x1438, 0x7F36, 0x140A, 0x7EFF, 0x13A4, 0x7F6C, 
	0x1367, 0x7EC8, 0x1480, 0x7F1A, 0x139B, 0x7EF6, 0x131E, 0x7EF6, 0x13E7, 0x7F3F, 0x1479, 0x7F76, 0x144D, 0x7F63, 0x1522, 0x7F2C, 
	0x1425, 0x7F36, 0x14AE, 0x7F3F, 0x13A2, 0x7F5A, 0x1379, 0x7F36, 0x1395, 0x7F48, 0x1422, 0x7F48, 0x13D0, 0x7F23, 0x1382, 0x7F3F, 
	0x13FE, 0x7FB6, 0x138C, 0x7EFF, 0x138C, 0x7FBF, 0x144D, 0x8252, 0x13D6, 0x7F91, 0x1370, 0x7F63, 0x1314, 0x7F76, 0x13CD, 0x7FBF, 
	0x14F9, 0x7F1A, 0x1423, 0x7F5A, 0x12C9, 0x7FC9, 0x1342, 0x7FA4, 0x13A4, 0x7FDB, 0x1327, 0x7FE4, 0x1296, 0x7FAD, 0x137B, 0x7F91, 
	0x1377, 0x7FBF, 0x13CC, 0x7F76, 0x11E0, 0x7F91, 0x12BE, 0x7F91, 0x1344, 0x7F9A, 0x13EB, 0x7F88, 0x1347, 0x7FC9, 0x139E, 0x7FE4, 
	0x1394, 0x801C, 0x1368, 0x7FDB, 0x1356, 0x7FB6, 0x13C5, 0x8041, 0x12B9, 0x804A, 0x1298, 0x7FE4, 0x138E, 0x7FF7, 0x1353, 0x802E, 
	0x13CD, 0x804A, 0x12B3, 0x805D, 0x1256, 0x8054, 0x141C, 0x7FB6, 0x1242, 0x8000, 0x1268, 0x8009, 0x1378, 0x80CD, 0x11B1, 0x8082, 
	0x129E, 0x8009, 0x1241, 0x8013, 0x122F, 0x805D, 0x130C, 0x804A, 0x1305, 0x8066, 0x137E, 0x808C, 0x12C2, 0x8013, 0x12F8, 0x8079, 
	0x118B, 0x809E, 0x1142, 0x8066, 0x12A0, 0x8038, 0x11D7, 0x8082, 0x11EB, 0x8095, 0x11C6, 0x8082, 0x11C8, 0x8082, 0x11BD, 0x8082, 
	0x1259, 0x8082, 0x11C3, 0x8025, 0x11EF, 0x8079, 0x11FC, 0x805D, 0x10FF, 0x80CD, 0x1081, 0x80B1, 0x11AD, 0x804A, 0x1149, 0x8054, 
	0x1110, 0x80C4, 0x10F0, 0x8041, 0x104B, 0x80C4, 0x10B3, 0x8070, 0x0FCF, 0x80D6, 0x10EC, 0x8095, 0x0FD4, 0x8079, 0x0FE3, 0x8135, 
	0x10F2, 0x813E, 0x1006, 0x8066, 0x0F3B, 0x809E, 0x10C7, 0x80CD, 0x0FD7, 0x80B1, 0x10A1, 0x80FC, 0x0F7A, 0x808C, 0x10D1, 0x813E, 
	0x142C, 0x822C, 0x14D7, 0x82BC, 0x149B, 0x82A9, 0x14DA, 0x8295, 0x1431, 0x826F, 0x14B4, 0x8235, 0x1491, 0x81D6, 0x1458, 0x8222, 
	0x13EB, 0x8219, 0x14AB, 0x8248, 0x144A, 0x81DF, 0x14CC, 0x81CC, 0x143B, 0x81C3, 0x14BC, 0x8235, 0x13F3, 0x81F2, 0x14A0, 0x815A, 
	0x15CF, 0x812B, 0x1650, 0x81DF, 0x151E, 0x81D6, 0x1529, 0x8177, 0x140D, 0x818A, 0x146C, 0x813E, 0x13EE, 0x8122, 0x152D, 0x81DF, 
	0x147E, 0x816D, 0x14ED, 0x8105, 0x141B, 0x80B1, 0x1433, 0x8105, 0x13FE, 0x8164, 0x153F, 0x8151, 0x147F, 0x8147, 0x1464, 0x808C, 
	0x14FE, 0x80BA, 0x1468, 0x80A8, 0x13E8, 0x8122, 0x1390, 0x8118, 0x14BB, 0x8079, 0x1523, 0x809E, 0x1483, 0x80A8, 0x146F, 0x80E0, 
	0x142A, 0x80D6, 0x1417, 0x8066, 0x14E0, 0x805D, 0x13ED, 0x8066, 0x1463, 0x8038, 0x13CF, 0x80F3, 0x136A, 0x809E, 0x1462, 0x805D, 
	0x130F, 0x802E, 0x1452, 0x8070, 0x14FF, 0x80D6, 0x14DD, 0x804A, 0x14B0, 0x8066, 0x1453, 0x8054, 0x144B, 0x804A, 0x147A, 0x80D6, 
	0x1460, 0x8082, 0x1427, 0x80CD, 0x143B, 0x8025, 0x1341, 0x809E, 0x139A, 0x8038, 0x1476, 0x804A, 0x137D, 0x8009, 0x14CC, 0x804A, 
	0x139E, 0x8025, 0x144B, 0x805D, 0x13F5, 0x8000, 0x1413, 0x802E, 0x13EC, 0x7FE4, 0x13CD, 0x7FC9, 0x13D1, 0x7FB6, 0x1368, 0x8009, 
	0x1411, 0x801C, 0x13A3, 0x8082, 0x131E, 0x8038, 0x1462, 0x7FB6, 0x135C, 0x7FAD, 0x145D, 0x805D, 0x1301, 0x8041, 0x1351, 0x7FA4, 
	0x132B, 0x7F91, 0x1355, 0x8041, 0x1398, 0x7F9A, 0x1235, 0x7FC9, 0x1253, 0x8000, 0x12C8, 0x7F2C, 0x122C, 0x7F63, 0x1388, 0x7F88, 
	0x1257, 0x7FD2, 0x1204, 0x7F3F, 0x134B, 0x7F91, 0x12AD, 0x7FC9, 0x1360, 0x7F51, 0x1323, 0x8025, 0x125E, 0x7F51, 0x12C7, 0x7F76, 
	0x11C3, 0x7FD2, 0x12CB, 0x7FAD, 0x1259, 0x7FBF, 0x1304, 0x7F51, 0x135F, 0x7F23, 0x130C, 0x7F9A, 0x1239, 0x7F08, 0x11C9, 0x7FBF, 
	0x1336, 0x7F9A, 0x128D, 0x7F3F, 0x123D, 0x7FB6, 0x1318, 0x7EDA, 0x1221, 0x7F5A, 0x12E3, 0x7F91, 0x1349, 0x7F5A, 0x11DE, 0x7FB6, 
	0x12D4, 0x7F08, 0x1205, 0x7F2C, 0x1299, 0x7F88, 0x136F, 0x7FAD, 0x11E7, 0x7FA4, 0x1268, 0x7F88, 0x11C7, 0x7F5A, 0x1329, 0x7F88, 
	0x1304, 0x7F36, 0x12FB, 0x7FA4, 0x132D, 0x7FBF, 0x129C, 0x7EFF, 0x12D4, 0x7F5A, 0x124C, 0x7FAD, 0x1358, 0x7F6C, 0x1375, 0x7F51, 
	0x1307, 0x7EAD, 0x1314, 0x7F23, 0x12E7, 0x7F3F, 0x1307, 0x7F5A, 0x12E3, 0x7EDA, 0x1359, 0x7ED1, 0x12F6, 0x7EE3, 0x138B, 0x7F2C, 
	0x131E, 0x7F48, 0x12D0, 0x7F6C, 0x13FB, 0x7F23, 0x1435, 0x7EC8, 0x13F4, 0x7EE3, 0x13A5, 0x7F76, 0x1374, 0x7F11, 0x1325, 0x7F63, 
	0x1337, 0x7EC8, 0x13A9, 0x7F2C, 0x13BD, 0x7F23, 0x135C, 0x7F23, 0x144F, 0x7EF6, 0x1373, 0x7F11, 0x13E4, 0x7EF6, 0x1432, 0x7F76, 
	0x1364, 0x7EBF, 0x1305, 0x7F63, 0x1472, 0x7F36, 0x1436, 0x7EE3, 0x13AF, 0x7F6C, 0x14AA, 0x7F23, 0x13A1, 0x7F48, 0x1412, 0x7EEC, 
	0x1440, 0x7EDA, 0x13DB, 0x7F6C, 0x1416, 0x7F7F, 0x1398, 0x7FAD, 0x1387, 0x7F11, 0x143B, 0x7ED1, 0x1444, 0x7F08, 0x14A2, 0x7F6C, 
	0x1444, 0x7F63, 0x14CB, 0x7F2C, 0x1489, 0x7F76, 0x14DB, 0x7F5A, 0x13F5, 0x7FAD, 0x1397, 0x7F5A, 0x13F1, 0x7EF6, 0x144E, 0x7EFF, 
	0x139A, 0x7EF6, 0x1373, 0x7F63, 0x1426, 0x7FAD, 0x13F8, 0x7F5A, 0x13FA, 0x7FAD, 0x14A1, 0x7F36, 0x1396, 0x7F5A, 0x133E, 0x7F76, 
	0x1386, 0x7F63, 0x1378, 0x7FD2, 0x149B, 0x7F76, 0x139D, 0x7F6C, 0x1401, 0x7F88, 0x137F, 0x7F63, 0x1402, 0x7FB6, 0x13EC, 0x8009, 
	0x129C, 0x7F48, 0x1506, 0x7F9A, 0x1354, 0x7FC9, 0x13EE, 0x802E, 0x12AD, 0x7F76, 0x1397, 0x7FA4, 0x1348, 0x7F91, 0x1422, 0x7FDB, 
	0x135B, 0x7FD2, 0x136C, 0x7FF7, 0x143B, 0x7FE4, 0x1321, 0x8013, 0x13A2, 0x7FE4, 0x1425, 0x7FE4, 0x12FC, 0x8009, 0x12CB, 0x8054, 
	0x1414, 0x7FE4, 0x1375, 0x7FE4, 0x1325, 0x801C, 0x1370, 0x802E, 0x11EB, 0x7FF7, 0x13F7, 0x7FB6, 0x12C7, 0x7FAD, 0x12B7, 0x8025, 
	0x138B, 0x802E, 0x1220, 0x801C, 0x129A, 0x8025, 0x1303, 0x802E, 0x11B5, 0x8054, 0x12A1, 0x8066, 0x1355, 0x8000, 0x12EB, 0x8082, 
	0x12C6, 0x801C, 0x13B3, 0x8095, 0x11A9, 0x80A8, 0x1251, 0x8025, 0x12FF, 0x8000, 0x11E9, 0x8095, 0x1297, 0x8041, 0x11D5, 0x8082, 
	0x11F2, 0x8054, 0x1208, 0x802E, 0x120E, 0x805D, 0x11DB, 0x8009, 0x11A7, 0x8070, 0x129E, 0x80B1, 0x110F, 0x805D, 0x10CA, 0x80B1, 
	0x1257, 0x8025, 0x1166, 0x804A, 0x1160, 0x80CD, 0x1187, 0x8041, 0x1089, 0x80D6, 0x10CB, 0x8079, 0x10D7, 0x8082, 0x113C, 0x80A8, 
	0x1154, 0x8070, 0x0FB2, 0x8135, 0x10F9, 0x80A8, 0x0FCF, 0x8025, 0x102C, 0x80B1, 0x1112, 0x80BA, 0x0FE8, 0x8164, 0x10EE, 0x80BA, 
	0x0FEA, 0x80FC, 0x10C8, 0x80C4, 0x10F4, 0x80F3, 0x101D, 0x816D, 0x105C, 0x80F3, 0x0F88, 0x815A, 0x105D, 0x80D6, 0x1140, 0x816D, 
	0x100F, 0x81C3, 0x0F50, 0x8122, 0x109C, 0x8151, 0x1123, 0x80D6, 0x1144, 0x819D, 0x112C, 0x818A, 0x11E2, 0x8147, 0x104D, 0x80CD, 
	0x10A6, 0x80C4, 0x1105, 0x810F, 0x1172, 0x81C3, 0x1167, 0x81F2, 0x1026, 0x812B, 0x1147, 0x8105, 0x11A9, 0x8118, 0x1120, 0x81CC, 
	0x1110, 0x81D6, 0x10FA, 0x81A6, 0x123A, 0x80D6, 0x11EF, 0x8147, 0x1186, 0x8151, 0x1197, 0x81B0, 0x1029, 0x8177, 0x1107, 0x8177, 
	0x11B6, 0x8147, 0x11EC, 0x819D, 0x1204, 0x81B9, 0x1240, 0x81A6, 0x118C, 0x8164, 0x118B, 0x8164, 0x118C, 0x8164, 0x1238, 0x820F, 
	0x1134, 0x81E9, 0x1235, 0x80C4, 0x119B, 0x8193, 0x12C7, 0x8151, 0x117D, 0x820F, 0x11A3, 0x820F, 0x1242, 0x81B0, 0x125B, 0x81F2, 
	0x1206, 0x816D, 0x1158, 0x81B0, 0x1141, 0x81C3, 0x119C, 0x818A, 0x115C, 0x81D6, 0x128C, 0x828C, 0x119D, 0x81B0, 0x1300, 0x8205, 
	0x12A5, 0x81B9, 0x11B1, 0x8177, 0x1262, 0x822C, 0x11D9, 0x81B0, 0x121E, 0x818A, 0x12A5, 0x8282, 0x12D5, 0x81B0, 0x135A, 0x8135, 
	0x12CF, 0x8180, 0x120C, 0x81B9, 0x1275, 0x8177, 0x12F2, 0x81A6, 0x11FA, 0x820F, 0x1252, 0x81DF, 0x11B7, 0x81DF, 0x1329, 0x8252, 
	0x1351, 0x823F, 0x1420, 0x81B0, 0x1210, 0x822C, 0x129C, 0x81FC, 0x138C, 0x82A9, 0x1339, 0x823F, 0x13A9, 0x822C, 0x12E3, 0x825C, 
	0x13B4, 0x825C, 0x130B, 0x81FC, 0x1207, 0x823F, 0x139C, 0x829F, 0x12C8, 0x81FC, 0x1317, 0x8279, 0x1304, 0x81FC, 0x131B, 0x8222, 
	0x13C9, 0x8265, 0x136E, 0x81D6, 0x1450, 0x81FC, 0x1402, 0x8235, 0x13EA, 0x81FC, 0x1369, 0x8279, 0x140E, 0x81D6, 0x13EC, 0x825C, 
	0x12C8, 0x81FC, 0x1356, 0x8282, 0x13AB, 0x828C, 0x13B2, 0x820F, 0x134A, 0x8235, 0x146C, 0x8295, 0x1365, 0x823F, 0x12ED, 0x8300, 
	0x1356, 0x82A9, 0x13D0, 0x8279, 0x13C2, 0x82C6, 0x13C4, 0x8219, 0x138A, 0x82CF, 0x136D, 0x829F, 0x1309, 0x82E3, 0x1262, 0x834E, 
	0x1356, 0x8309, 0x1381, 0x8357, 0x1351, 0x8361, 0x1422, 0x82CF, 0x1358, 0x8388, 0x1320, 0x82D9, 0x1323, 0x82B2, 0x1450, 0x8392, 
	0x146F, 0x833A, 0x13CB, 0x83EA, 0x148C, 0x8309, 0x13DA, 0x83A6, 0x1441, 0x84B0, 0x141D, 0x84BA, 0x142C, 0x822C, 0x14D7, 0x82BC, 
	0x149B, 0x82A9, 0x14DA, 0x8295, 0x1431, 0x826F, 0x14B4, 0x8235, 0x1491, 0x81D6, 0x1458, 0x8222, 0x13EB, 0x8219, 0x14AB, 0x8248, 
	0x144A, 0x81DF, 0x14CC, 0x81CC, 0x143B, 0x81C3, 0x14BC, 0x8235, 0x13F3, 0x81F2, 0x14A0, 0x815A, 0x15CF, 0x812B, 0x1650, 0x81DF, 
	0x151E, 0x81D6, 0x1529, 0x8177, 0x140D, 0x818A, 0x146C, 0x813E, 0x13EE, 0x8122, 0x152D, 0x81DF, 0x147E, 0x816D, 0x14ED, 0x8105, 
	0x141B, 0x80B1, 0x1433, 0x8105, 0x13FE, 0x8164, 0x153F, 0x8151, 0x147F, 0x8147, 0x1464, 0x808C, 0x14FE, 0x80BA, 0x1468, 0x80A8, 
	0x13E8, 0x8122, 0x1390, 0x8118, 0x14BB, 0x8079, 0x1523, 0x809E, 0x1483, 0x80A8, 0x146F, 0x80E0, 0x142A, 0x80D6, 0x1417, 0x8066, 
	0x14E0, 0x805D, 0x13ED, 0x8066, 0x1463, 0x8038, 0x13CF, 0x80F3, 0x136A, 0x809E, 0x1462, 0x805D, 0x130F, 0x802E, 0x1452, 0x8070, 
	0x14FF, 0x80D6, 0x14DD, 0x804A, 0x14B0, 0x8066, 0x1453, 0x8054, 0x144B, 0x804A, 0x147A, 0x80D6, 0x1460, 0x8082, 0x1427, 0x80CD, 
	0x143B, 0x8025, 0x1341, 0x809E, 0x139A, 0x8038, 0x1476, 0x804A, 0x137D, 0x8009, 0x14CC, 0x804A, 0x139E, 0x8025, 0x144B, 0x805D, 
	0x13F5, 0x8000, 0x1413, 0x802E, 0x13EC, 0x7FE4, 0x13CD, 0x7FC9, 0x13D1, 0x7FB6, 0x1368, 0x8009, 0x1411, 0x801C, 0x13A3, 0x8082, 
	0x131E, 0x8038, 0x1462, 0x7FB6, 0x135C, 0x7FAD, 0x145D, 0x805D, 0x1301, 0x8041, 0x1351, 0x7FA4, 0x132B, 0x7F91, 0x1355, 0x8041, 
	0x1398, 0x7F9A, 0x1235, 0x7FC9, 0x1253, 0x8000, 0x12C8, 0x7F2C, 0x122C, 0x7F63, 0x1388, 0x7F88, 0x1257, 0x7FD2, 0x1204, 0x7F3F, 
	0x134B, 0x7F91, 0x12AD, 0x7FC9, 0x1360, 0x7F51, 0x1323, 0x8025, 0x125E, 0x7F51, 0x12C7, 0x7F76, 0x11C3, 0x7FD2, 0x12CB, 0x7FAD, 
	0x1259, 0x7FBF, 0x1304, 0x7F51, 0x135F, 0x7F23, 0x130C, 0x7F9A, 0x1239, 0x7F08, 0x11C9, 0x7FBF, 0x1336, 0x7F9A, 0x128D, 0x7F3F, 
	0x123D, 0x7FB6, 0x1318, 0x7EDA, 0x1221, 0x7F5A, 0x12E3, 0x7F91, 0x1349, 0x7F5A, 0x11DE, 0x7FB6, 0x12D4, 0x7F08, 0x1205, 0x7F2C, 
	0x1299, 0x7F88, 0x136F, 0x7FAD, 0x11E7, 0x7FA4, 0x1268, 0x7F88, 0x11C7, 0x7F5A, 0x1329, 0x7F88, 0x1304, 0x7F36, 0x12FB, 0x7FA4, 
	0x132D, 0x7FBF, 0x129C, 0x7EFF, 0x12D4, 0x7F5A, 0x124C, 0x7FAD, 0x1358, 0x7F6C, 0x1375, 0x7F51, 0x1307, 0x7EAD, 0x1314, 0x7F23, 
	0x12E7, 0x7F3F, 0x1307, 0x7F5A, 0x12E3, 0x7EDA, 0x1359, 0x7ED1, 0x12F6, 0x7EE3, 0x138B, 0x7F2C, 0x131E, 0x7F48, 0x12D0, 0x7F6C, 
	0x13FB, 0x7F23, 0x1435, 0x7EC8, 0x13F4, 0x7EE3, 0x13A5, 0x7F76, 0x1374, 0x7F11, 0x1325, 0x7F63, 0x1337, 0x7EC8, 0x13A9, 0x7F2C, 
	0x13BD, 0x7F23, 0x135C, 0x7F23, 0x144F, 0x7EF6, 0x1373, 0x7F11, 0x13E4, 0x7EF6, 0x1432, 0x7F76, 0x1364, 0x7EBF, 0x1305, 0x7F63, 
	0x1472, 0x7F36, 0x1436, 0x7EE3, 0x13AF, 0x7F6C, 0x14AA, 0x7F23, 0x13A1, 0x7F48, 0x1412, 0x7EEC, 0x1440, 0x7EDA, 0x13DB, 0x7F6C, 
	0x1416, 0x7F7F, 0x1398, 0x7FAD, 0x1387, 0x7F11, 0x143B, 0x7ED1, 0x1444, 0x7F08, 0x14A2, 0x7F6C, 0x1444, 0x7F63, 0x14CB, 0x7F2C, 
	0x1489, 0x7F76, 0x14DB, 0x7F5A, 0x13F5, 0x7FAD, 0x1397, 0x7F5A, 0x13F1, 0x7EF6, 0x144E, 0x7EFF, 0x139A, 0x7EF6, 0x1373, 0x7F63, 
	0x1426, 0x7FAD, 0x13F8, 0x7F5A, 0x13FA, 0x7FAD, 0x14A1, 0x7F36, 0x1396, 0x7F5A, 0x133E, 0x7F76, 0x1386, 0x7F63, 0x1378, 0x7FD2, 
	0x149B, 0x7F76, 0x139D, 0x7F6C, 0x1401, 0x7F88, 0x137F, 0x7F63, 0x1402, 0x7FB6, 0x13EC, 0x8009, 0x129C, 0x7F48, 0x1506, 0x7F9A, 
	0x1354, 0x7FC9, 0x13EE, 0x802E, 0x12AD, 0x7F76, 0x1397, 0x7FA4, 0x1348, 0x7F91, 0x1422, 0x7FDB, 0x135B, 0x7FD2, 0x136C, 0x7FF7, 
	0x143B, 0x7FE4, 0x1321, 0x8013, 0x13A2, 0x7FE4, 0x1425, 0x7FE4, 0x12FC, 0x8009, 0x12CB, 0x8054, 0x1414, 0x7FE4, 0x1375, 0x7FE4, 
	0x1325, 0x801C, 0x1370, 0x802E, 0x11EB, 0x7FF7, 0x13F7, 0x7FB6, 0x12C7, 0x7FAD, 0x12B7, 0x8025, 0x138B, 0x802E, 0x1220, 0x801C, 
	0x129A, 0x8025, 0x1303, 0x802E, 0x11B5, 0x8054, 0x12A1, 0x8066, 0x1355, 0x8000, 0x12EB, 0x8082, 0x12C6, 0x801C, 0x13B3, 0x8095, 
	0x11A9, 0x80A8, 0x1251, 0x8025, 0x12FF, 0x8000, 0x11E9, 0x8095, 0x1297, 0x8041, 0x11D5, 0x8082, 0x11F2, 0x8054, 0x1208, 0x802E, 
	0x120E, 0x805D, 0x11DB, 0x8009, 0x11A7, 0x8070, 0x129E, 0x80B1, 0x110F, 0x805D, 0x10CA, 0x80B1, 0x1257, 0x8025, 0x1166, 0x804A, 
	0x1160, 0x80CD, 0x1187, 0x8041, 0x1089, 0x80D6, 0x10CB, 0x8079, 0x10D7, 0x8082, 0x113C, 0x80A8, 0x1154, 0x8070, 0x0FB2, 0x8135, 
	0x10F9, 0x80A8, 0x0FCF, 0x8025, 0x102C, 0x80B1, 0x1112, 0x80BA, 0x0FE8, 0x8164, 0x10EE, 0x80BA, 0x0FEA, 0x80FC, 0x10C8, 0x80C4, 
	0x13FB, 0x8265, 0x1475, 0x829F, 0x149F, 0x826F, 0x146B, 0x825C, 0x13CC, 0x82A9, 0x146D, 0x81C3, 0x1435, 0x823F, 0x13C7, 0x8205, 
	0x135F, 0x8222, 0x13C1, 0x819D, 0x1410, 0x8177, 0x14D0, 0x81F2, 0x1438, 0x8235, 0x1418, 0x8235, 0x1400, 0x81A6, 0x142F, 0x818A, 
	0x1552, 0x818A, 0x15A3, 0x816D, 0x14BC, 0x81A6, 0x149E, 0x826F, 0x1341, 0x8177, 0x143D, 0x8135, 0x140F, 0x80F3, 0x140F, 0x81DF, 
	0x141A, 0x8118, 0x146C, 0x80CD, 0x139E, 0x80C4, 0x141F, 0x80CD, 0x134C, 0x812B, 0x14EC, 0x8164, 0x1420, 0x80BA, 0x13CA, 0x809E, 
	0x157A, 0x809E, 0x13FF, 0x80E9, 0x1363, 0x8122, 0x1319, 0x810F, 0x1422, 0x808C, 0x1417, 0x810F, 0x148D, 0x80CD, 0x13E2, 0x8105, 
	0x1407, 0x80D6, 0x13FF, 0x805D, 0x1453, 0x809E, 0x13EA, 0x80BA, 0x139D, 0x80FC, 0x12EF, 0x80CD, 0x1322, 0x801C, 0x1444, 0x80A8, 
	0x12DB, 0x80D6, 0x13AA, 0x8118, 0x1437, 0x8054, 0x143F, 0x805D, 0x1423, 0x8066, 0x13A6, 0x8079, 0x140E, 0x80E0, 0x13C1, 0x8079, 
	0x130F, 0x805D, 0x13FB, 0x8070, 0x144A, 0x802E, 0x122E, 0x802E, 0x1340, 0x7FC9, 0x13A3, 0x8025, 0x1378, 0x7FF7, 0x1488, 0x801C, 
	0x1319, 0x804A, 0x1385, 0x8013, 0x13CF, 0x801C, 0x1367, 0x805D, 0x1352, 0x7FF7, 0x1364, 0x802E, 0x1315, 0x7FE4, 0x1349, 0x8025, 
	0x13A1, 0x8009, 0x1372, 0x7FED, 0x12A8, 0x802E, 0x141C, 0x7FAD, 0x1321, 0x7FE4, 0x141A, 0x8079, 0x12D8, 0x804A, 0x1280, 0x7FE4, 
	0x12AA, 0x7F91, 0x12FF, 0x7FAD, 0x138F, 0x7FB6, 0x11C4, 0x8066, 0x1165, 0x7FBF, 0x12D4, 0x7FE4, 0x1242, 0x7FD2, 0x12C2, 0x7F76, 
	0x11D9, 0x8000, 0x11BB, 0x7F6C, 0x12BB, 0x7F36, 0x1200, 0x7FD2, 0x1302, 0x7F5A, 0x131A, 0x804A, 0x1210, 0x7F2C, 0x11EE, 0x7F76, 
	0x1168, 0x7F63, 0x1230, 0x7F1A, 0x126B, 0x8000, 0x12B0, 0x7FB6, 0x1286, 0x7F08, 0x12A7, 0x7FB6, 0x11B0, 0x7EFF, 0x1119, 0x7FC9, 
	0x12D3, 0x7FC9, 0x1290, 0x7F11, 0x11CD, 0x7FC9, 0x1302, 0x7EFF, 0x12A2, 0x7F48, 0x1224, 0x7FF7, 0x12D1, 0x7EBF, 0x113A, 0x7F63, 
	0x12B1, 0x7F2C, 0x1192, 0x7F51, 0x122A, 0x7FAD, 0x12B2, 0x7F36, 0x11CA, 0x7F91, 0x1238, 0x7F9A, 0x1218, 0x7F6C, 0x1287, 0x7FAD, 
	0x11FC, 0x7EF6, 0x1281, 0x7FC9, 0x12F7, 0x7F7F, 0x128D, 0x7F11, 0x127D, 0x7F48, 0x11FC, 0x7FA4, 0x1277, 0x7F23, 0x135F, 0x7F2C, 
	0x12AD, 0x7F76, 0x1278, 0x7FBF, 0x1234, 0x7F2C, 0x12A5, 0x7F76, 0x12C0, 0x7F2C, 0x12BD, 0x7EDA, 0x1246, 0x7F1A, 0x130F, 0x7F3F, 
	0x133A, 0x7EF6, 0x12FA, 0x7F36, 0x1343, 0x7EE3, 0x13BF, 0x7EE3, 0x12E0, 0x7EFF, 0x1346, 0x7F08, 0x1301, 0x7F11, 0x1329, 0x7EDA, 
	0x135F, 0x7EAD, 0x12F9, 0x7F48, 0x1330, 0x7F48, 0x130B, 0x7F08, 0x13AA, 0x7EDA, 0x1365, 0x7ED1, 0x1384, 0x7EEC, 0x1388, 0x7F51, 
	0x133F, 0x7F2C, 0x12DB, 0x7EF6, 0x13D8, 0x7F1A, 0x146D, 0x7F08, 0x13C5, 0x7F2C, 0x1478, 0x7F76, 0x13B8, 0x7F51, 0x13E9, 0x7E77, 
	0x142D, 0x7EE3, 0x1403, 0x7F23, 0x1396, 0x7FAD, 0x1334, 0x7F36, 0x136E, 0x7EFF, 0x141E, 0x7F36, 0x13D9, 0x7F6C, 0x14A1, 0x7F91, 
	0x1440, 0x7F51, 0x1476, 0x7F36, 0x13AF, 0x7F91, 0x14C8, 0x7F51, 0x13CE, 0x7F88, 0x132D, 0x7F51, 0x1389, 0x7F08, 0x13F3, 0x7F2C, 
	0x13C9, 0x7F76, 0x1319, 0x7F5A, 0x13D9, 0x7FAD, 0x13F8, 0x7FBF, 0x13D7, 0x7FDB, 0x143E, 0x7F6C, 0x136F, 0x7F76, 0x12CB, 0x7F5A, 
	0x12C4, 0x7F36, 0x1345, 0x7F48, 0x1455, 0x7F6C, 0x132A, 0x7FAD, 0x134B, 0x7FBF, 0x12B3, 0x7FBF, 0x1382, 0x7F88, 0x13BE, 0x7FDB, 
	0x1277, 0x7EF6, 0x1424, 0x7FBF, 0x12BA, 0x7F9A, 0x1327, 0x7FF7, 0x128C, 0x7F7F, 0x1352, 0x7FBF, 0x12B6, 0x7FB6, 0x13FC, 0x8000, 
	0x1332, 0x8013, 0x136A, 0x7FC9, 0x138F, 0x7FED, 0x133F, 0x7F63, 0x138D, 0x7FDB, 0x13CD, 0x8025, 0x1237, 0x8000, 0x1260, 0x7FE4, 
	0x132B, 0x7FBF, 0x12B8, 0x802E, 0x12CC, 0x8009, 0x126F, 0x8041, 0x10FB, 0x7FE4, 0x1331, 0x8038, 0x12BB, 0x8079, 0x1240, 0x801C, 
	0x132E, 0x804A, 0x119E, 0x8009, 0x12D1, 0x7FDB, 0x12CF, 0x8025, 0x1193, 0x8025, 0x1264, 0x8082, 0x12E8, 0x7FD2, 0x12DF, 0x8013, 
	0x12CE, 0x7FD2, 0x1346, 0x8082, 0x114B, 0x808C, 0x1125, 0x8025, 0x12F5, 0x7FE4, 0x1275, 0x80BA, 0x1235, 0x8079, 0x11A4, 0x809E, 
	0x119D, 0x809E, 0x11FB, 0x805D, 0x1159, 0x8066, 0x1165, 0x8041, 0x1103, 0x80FC, 0x1218, 0x80F3, 0x1057, 0x8041, 0x1032, 0x80CD, 
	0x119F, 0x808C, 0x1108, 0x8070, 0x10C0, 0x80FC, 0x1168, 0x8066, 0x100D, 0x808C, 0x10B7, 0x810F, 0x10F5, 0x808C, 0x10EE, 0x80E0, 
	0x10C8, 0x80A8, 0x0F6C, 0x8118, 0x1101, 0x80F3, 0x0FCB, 0x804A, 0x0FC0, 0x80F3, 0x113F, 0x80CD, 0x1074, 0x8135, 0x101F, 0x80E0, 
	0x0F84, 0x80FC, 0x0FFC, 0x80E0, 0x1006, 0x80FC, 0x0FAD, 0x8122, 0x1005, 0x8180, 0x0FB2, 0x8118, 0x0F9F, 0x813E, 0x1121, 0x8164, 
	0x0F8F, 0x81A6, 0x0F04, 0x815A, 0x1049, 0x8151, 0x10FE, 0x813E, 0x1131, 0x8279, 0x106A, 0x8180, 0x1176, 0x8164, 0x1005, 0x80FC, 
	0x1081, 0x8122, 0x10D5, 0x8164, 0x112B, 0x81B0, 0x1142, 0x816D, 0x100A, 0x818A, 0x1107, 0x818A, 0x10F2, 0x81A6, 0x104D, 0x81D6, 
	0x1086, 0x81B9, 0x1038, 0x8193, 0x11D7, 0x80E0, 0x1172, 0x818A, 0x10F2, 0x819D, 0x118A, 0x81D6, 0x1023, 0x81D6, 0x10B2, 0x813E, 
	0x114B, 0x816D, 0x11C9, 0x819D, 0x1222, 0x820F, 0x11B4, 0x815A, 0x1103, 0x8147, 0x1171, 0x816D, 0x11A6, 0x818A, 0x11BA, 0x819D, 
	0x1126, 0x81A6, 0x1152, 0x8151, 0x11B5, 0x818A, 0x121B, 0x8219, 0x1116, 0x81DF, 0x111A, 0x81A6, 0x1244, 0x815A, 0x11F9, 0x820F, 
	0x1206, 0x81DF, 0x1158, 0x820F, 0x110B, 0x81FC, 0x11D6, 0x81F2, 0x10D8, 0x81E9, 0x119C, 0x81B9, 0x1178, 0x81F2, 0x1212, 0x8151, 
	0x128F, 0x81B0, 0x1102, 0x819D, 0x1178, 0x822C, 0x1189, 0x8219, 0x1167, 0x8193, 0x124C, 0x8219, 0x1248, 0x81D6, 0x12B4, 0x81CC, 
	0x1264, 0x820F, 0x1219, 0x8193, 0x124A, 0x81FC, 0x1235, 0x8219, 0x11BB, 0x81F2, 0x116B, 0x81FC, 0x11BE, 0x81B0, 0x1304, 0x8219, 
	0x12A7, 0x81CC, 0x13AE, 0x81E9, 0x1194, 0x822C, 0x127C, 0x81F2, 0x1354, 0x8222, 0x1215, 0x81D6, 0x12FE, 0x81FC, 0x12BB, 0x823F, 
	0x1300, 0x8235, 0x12F0, 0x8219, 0x1231, 0x825C, 0x1307, 0x8265, 0x11A9, 0x8235, 0x1347, 0x825C, 0x128C, 0x825C, 0x12D3, 0x8235, 
	0x1394, 0x82CF, 0x132F, 0x822C, 0x13FD, 0x81DF, 0x136A, 0x8252, 0x1311, 0x823F, 0x1306, 0x8282, 0x1335, 0x81CC, 0x1333, 0x822C, 
	0x125B, 0x8205, 0x12BC, 0x8252, 0x1313, 0x8295, 0x1326, 0x8282, 0x12DD, 0x8235, 0x141D, 0x82B2, 0x139C, 0x8265, 0x12EF, 0x82E3, 
	0x12CF, 0x829F, 0x1335, 0x822C, 0x1312, 0x82F6, 0x134F, 0x8219, 0x1327, 0x82EC, 0x1297, 0x8327, 0x128A, 0x828C, 0x120B, 0x8300, 
	0x12FE, 0x837E, 0x1383, 0x83A6, 0x12D9, 0x833A, 0x134F, 0x828C, 0x1340, 0x833A, 0x12DD, 0x8313, 0x1292, 0x833A, 0x13A3, 0x83E0, 
	0x13AC, 0x831D, 0x1390, 0x8375, 0x1422, 0x8388, 0x1326, 0x83CD, 0x13BD, 0x847E, 0x1334, 0x8500, 0x13FB, 0x8265, 0x1475, 0x829F, 
	0x149F, 0x826F, 0x146B, 0x825C, 0x13CC, 0x82A9, 0x146D, 0x81C3, 0x1435, 0x823F, 0x13C7, 0x8205, 0x135F, 0x8222, 0x13C1, 0x819D, 
	0x1410, 0x8177, 0x14D0, 0x81F2, 0x1438, 0x8235, 0x1418, 0x8235, 0x1400, 0x81A6, 0x142F, 0x818A, 0x1552, 0x818A, 0x15A3, 0x816D, 
	0x14BC, 0x81A6, 0x149E, 0x826F, 0x1341, 0x8177, 0x143D, 0x8135, 0x140F, 0x80F3, 0x140F, 0x81DF, 0x141A, 0x8118, 0x146C, 0x80CD, 
	0x139E, 0x80C4, 0x141F, 0x80CD, 0x134C, 0x812B, 0x14EC, 0x8164, 0x1420, 0x80BA, 0x13CA, 0x809E, 0x157A, 0x809E, 0x13FF, 0x80E9, 
	0x1363, 0x8122, 0x1319, 0x810F, 0x1422, 0x808C, 0x1417, 0x810F, 0x148D, 0x80CD, 0x13E2, 0x8105, 0x1407, 0x80D6, 0x13FF, 0x805D, 
	0x1453, 0x809E, 0x13EA, 0x80BA, 0x139D, 0x80FC, 0x12EF, 0x80CD, 0x1322, 0x801C, 0x1444, 0x80A8, 0x12DB, 0x80D6, 0x13AA, 0x8118, 
	0x1437, 0x8054, 0x143F, 0x805D, 0x1423, 0x8066, 0x13A6, 0x8079, 0x140E, 0x80E0, 0x13C1, 0x8079, 0x130F, 0x805D, 0x13FB, 0x8070, 
	0x144A, 0x802E, 0x122E, 0x802E, 0x1340, 0x7FC9, 0x13A3, 0x8025, 0x1378, 0x7FF7, 0x1488, 0x801C, 0x1319, 0x804A, 0x1385, 0x8013, 
	0x13CF, 0x801C, 0x1367, 0x805D, 0x1352, 0x7FF7, 0x1364, 0x802E, 0x1315, 0x7FE4, 0x1349, 0x8025, 0x13A1, 0x8009, 0x1372, 0x7FED, 
	0x12A8, 0x802E, 0x141C, 0x7FAD, 0x1321, 0x7FE4, 0x141A, 0x8079, 0x12D8, 0x804A, 0x1280, 0x7FE4, 0x12AA, 0x7F91, 0x12FF, 0x7FAD, 
	0x138F, 0x7FB6, 0x11C4, 0x8066, 0x1165, 0x7FBF, 0x12D4, 0x7FE4, 0x1242, 0x7FD2, 0x12C2, 0x7F76, 0x11D9, 0x8000, 0x11BB, 0x7F6C, 
	0x12BB, 0x7F36, 0x1200, 0x7FD2, 0x1302, 0x7F5A, 0x131A, 0x804A, 0x1210, 0x7F2C, 0x11EE, 0x7F76, 0x1168, 0x7F63, 0x1230, 0x7F1A, 
	0x126B, 0x8000, 0x12B0, 0x7FB6, 0x1286, 0x7F08, 0x12A7, 0x7FB6, 0x11B0, 0x7EFF, 0x1119, 0x7FC9, 0x12D3, 0x7FC9, 0x1290, 0x7F11, 
	0x11CD, 0x7FC9, 0x1302, 0x7EFF, 0x12A2, 0x7F48, 0x1224, 0x7FF7, 0x12D1, 0x7EBF, 0x113A, 0x7F63, 0x12B1, 0x7F2C, 0x1192, 0x7F51, 
	0x122A, 0x7FAD, 0x12B2, 0x7F36, 0x11CA, 0x7F91, 0x1238, 0x7F9A, 0x1218, 0x7F6C, 0x1287, 0x7FAD, 0x11FC, 0x7EF6, 0x1281, 0x7FC9, 
	0x12F7, 0x7F7F, 0x128D, 0x7F11, 0x127D, 0x7F48, 0x11FC, 0x7FA4, 0x1277, 0x7F23, 0x135F, 0x7F2C, 0x12AD, 0x7F76, 0x1278, 0x7FBF, 
	0x1234, 0x7F2C, 0x12A5, 0x7F76, 0x12C0, 0x7F2C, 0x12BD, 0x7EDA, 0x1246, 0x7F1A, 0x130F, 0x7F3F, 0x133A, 0x7EF6, 0x12FA, 0x7F36, 
	0x1343, 0x7EE3, 0x13BF, 0x7EE3, 0x12E0, 0x7EFF, 0x1346, 0x7F08, 0x1301, 0x7F11, 0x1329, 0x7EDA, 0x135F, 0x7EAD, 0x12F9, 0x7F48, 
	0x1330, 0x7F48, 0x130B, 0x7F08, 0x13AA, 0x7EDA, 0x1365, 0x7ED1, 0x1384, 0x7EEC, 0x1388, 0x7F51, 0x133F, 0x7F2C, 0x12DB, 0x7EF6, 
	0x13D8, 0x7F1A, 0x146D, 0x7F08, 0x13C5, 0x7F2C, 0x1478, 0x7F76, 0x13B8, 0x7F51, 0x13E9, 0x7E77, 0x142D, 0x7EE3, 0x1403, 0x7F23, 
	0x1396, 0x7FAD, 0x1334, 0x7F36, 0x136E, 0x7EFF, 0x141E, 0x7F36, 0x13D9, 0x7F6C, 0x14A1, 0x7F91, 0x1440, 0x7F51, 0x1476, 0x7F36, 
	0x13AF, 0x7F91, 0x14C8, 0x7F51, 0x13CE, 0x7F88, 0x132D, 0x7F51, 0x1389, 0x7F08, 0x13F3, 0x7F2C, 0x13C9, 0x7F76, 0x1319, 0x7F5A, 
	0x13D9, 0x7FAD, 0x13F8, 0x7FBF, 0x13D7, 0x7FDB, 0x143E, 0x7F6C, 0x136F, 0x7F76, 0x12CB, 0x7F5A, 0x12C4, 0x7F36, 0x1345, 0x7F48, 
	0x1455, 0x7F6C, 0x132A, 0x7FAD, 0x134B, 0x7FBF, 0x12B3, 0x7FBF, 0x1382, 0x7F88, 0x13BE, 0x7FDB, 0x1277, 0x7EF6, 0x1424, 0x7FBF, 
	0x12BA, 0x7F9A, 0x1327, 0x7FF7, 0x128C, 0x7F7F, 0x1352, 0x7FBF, 0x12B6, 0x7FB6, 0x13FC, 0x8000, 0x1332, 0x8013, 0x136A, 0x7FC9, 
	0x138F, 0x7FED, 0x133F, 0x7F63, 0x138D, 0x7FDB, 0x13CD, 0x8025, 0x1237, 0x8000, 0x1260, 0x7FE4, 0x132B, 0x7FBF, 0x12B8, 0x802E, 
	0x12CC, 0x8009, 0x126F, 0x8041, 0x10FB, 0x7FE4, 0x1331, 0x8038, 0x12BB, 0x8079, 0x1240, 0x801C, 0x132E, 0x804A, 0x119E, 0x8009, 
	0x12D1, 0x7FDB, 0x12CF, 0x8025, 0x1193, 0x8025, 0x1264, 0x8082, 0x12E8, 0x7FD2, 0x12DF, 0x8013, 0x12CE, 0x7FD2, 0x1346, 0x8082, 
	0x114B, 0x808C, 0x1125, 0x8025, 0x12F5, 0x7FE4, 0x1275, 0x80BA, 0x1235, 0x8079, 0x11A4, 0x809E, 0x119D, 0x809E, 0x11FB, 0x805D, 
	0x1159, 0x8066, 0x1165, 0x8041, 0x1103, 0x80FC, 0x1218, 0x80F3, 0x1057, 0x8041, 0x1032, 0x80CD, 0x119F, 0x808C, 0x1108, 0x8070, 
	0x10C0, 0x80FC, 0x1168, 0x8066, 0x100D, 0x808C, 0x10B7, 0x810F, 0x10F5, 0x808C, 0x10EE, 0x80E0, 0x10C8, 0x80A8, 0x0F6C, 0x8118, 
	0x1101, 0x80F3, 0x0FCB, 0x804A, 0x0FC0, 0x80F3, 0x113F, 0x80CD, 0x1074, 0x8135, 0x101F, 0x80E0, 0x0F84, 0x80FC, 0x0FFC, 0x80E0, 
	0x1473, 0x8279, 0x1443, 0x82CF, 0x1507, 0x8248, 0x1464, 0x823F, 0x1407, 0x819D, 0x13F4, 0x81FC, 0x14EB, 0x81D6, 0x13E6, 0x820F, 
	0x146B, 0x81B9, 0x1447, 0x81DF, 0x14E7, 0x81CC, 0x14E1, 0x81CC, 0x13F7, 0x818A, 0x1481, 0x82B2, 0x13CD, 0x8151, 0x138A, 0x8151, 
	0x14FF, 0x8177, 0x1590, 0x8151, 0x146D, 0x8205, 0x1516, 0x81CC, 0x13CD, 0x813E, 0x142C, 0x81CC, 0x13C1, 0x8147, 0x14AA, 0x8180, 
	0x1388, 0x8122, 0x1426, 0x80E9, 0x1411, 0x812B, 0x14E8, 0x813E, 0x13A1, 0x8118, 0x14A7, 0x80F3, 0x146E, 0x80E0, 0x1430, 0x80D6, 
	0x14ED, 0x80E9, 0x14C1, 0x812B, 0x1317, 0x8105, 0x13FB, 0x80D6, 0x1415, 0x809E, 0x141E, 0x8122, 0x1442, 0x8095, 0x1399, 0x80B1, 
	0x140A, 0x80CD, 0x1514, 0x80A8, 0x146F, 0x80D6, 0x140F, 0x80C4, 0x13A2, 0x80BA, 0x13B7, 0x80BA, 0x1477, 0x80D6, 0x150C, 0x8041, 
	0x134F, 0x804A, 0x1410, 0x804A, 0x148B, 0x80A8, 0x14E8, 0x8038, 0x141B, 0x8095, 0x1512, 0x8009, 0x144C, 0x805D, 0x1490, 0x8038, 
	0x1363, 0x808C, 0x13D2, 0x8070, 0x1435, 0x8079, 0x12E0, 0x8070, 0x136C, 0x8000, 0x1406, 0x8009, 0x1397, 0x7FDB, 0x141A, 0x7FF7, 
	0x1310, 0x801C, 0x142A, 0x7FC9, 0x146C, 0x7FE4, 0x1391, 0x802E, 0x1373, 0x7FC9, 0x1394, 0x80B1, 0x140F, 0x805D, 0x131C, 0x7FD2, 
	0x1386, 0x8079, 0x1397, 0x7FD2, 0x1322, 0x7FD2, 0x13DF, 0x7FAD, 0x131D, 0x802E, 0x1461, 0x7FE4, 0x135C, 0x7FED, 0x124B, 0x8000, 
	0x1297, 0x7F91, 0x1341, 0x8013, 0x13B1, 0x7F88, 0x12D4, 0x7FA4, 0x11D3, 0x7FA4, 0x136C, 0x7FC9, 0x1275, 0x7F91, 0x12EA, 0x7FAD, 
	0x12A4, 0x7FDB, 0x122C, 0x7F36, 0x1325, 0x7F36, 0x12B6, 0x7FBF, 0x1363, 0x7F88, 0x1319, 0x7FF7, 0x1248, 0x7F2C, 0x12EB, 0x7EFF, 
	0x116B, 0x7F6C, 0x12F5, 0x7FC9, 0x122F, 0x7FDB, 0x12A7, 0x8000, 0x1234, 0x7F6C, 0x12FD, 0x7FAD, 0x12B9, 0x7F5A, 0x1232, 0x7F7F, 
	0x1264, 0x7F9A, 0x12CD, 0x7EF6, 0x11B3, 0x7F6C, 0x1269, 0x7F2C, 0x133D, 0x7F51, 0x11C5, 0x7FC9, 0x1290, 0x7F63, 0x1251, 0x7EC8, 
	0x1399, 0x7F7F, 0x12A1, 0x7F48, 0x1255, 0x7F9A, 0x1351, 0x7F11, 0x122D, 0x7F7F, 0x11EB, 0x7FB6, 0x126B, 0x7F2C, 0x129C, 0x7F88, 
	0x125D, 0x7F11, 0x1324, 0x7F88, 0x1350, 0x7F5A, 0x12DB, 0x7F48, 0x1269, 0x7FBF, 0x11DD, 0x7F48, 0x1340, 0x7F6C, 0x12FA, 0x7F5A, 
	0x128C, 0x7F63, 0x126F, 0x7F08, 0x124D, 0x7F3F, 0x12E6, 0x7F36, 0x1266, 0x7F5A, 0x1383, 0x7EDA, 0x12A8, 0x7F3F, 0x1312, 0x7F1A, 
	0x12F7, 0x7F76, 0x135D, 0x7F51, 0x1390, 0x7ED1, 0x13E0, 0x7F63, 0x1326, 0x7EDA, 0x12EB, 0x7F7F, 0x1366, 0x7F08, 0x136C, 0x7F1A, 
	0x13D0, 0x7EF6, 0x1367, 0x7F1A, 0x12FC, 0x7F51, 0x1424, 0x7F2C, 0x1407, 0x7ED1, 0x1397, 0x7F63, 0x13DB, 0x7EE3, 0x149A, 0x7F1A, 
	0x13D0, 0x7F36, 0x13A5, 0x7F7F, 0x140A, 0x7EEC, 0x1464, 0x7F5A, 0x13F4, 0x7F36, 0x13D8, 0x7F48, 0x1379, 0x7F51, 0x13E5, 0x7F3F, 
	0x14B5, 0x7FAD, 0x1418, 0x7F7F, 0x13E2, 0x7F5A, 0x138C, 0x7F48, 0x136F, 0x7EBF, 0x13C0, 0x7F51, 0x13FB, 0x7F48, 0x1523, 0x7F2C, 
	0x14C9, 0x7F51, 0x14CE, 0x7F48, 0x1443, 0x7F76, 0x14AB, 0x7F76, 0x13E4, 0x7F5A, 0x13FE, 0x7F63, 0x1442, 0x7F88, 0x1473, 0x7F91, 
	0x13BA, 0x7F9A, 0x13AC, 0x7FAD, 0x1449, 0x7F63, 0x1513, 0x7F6C, 0x13DF, 0x7F36, 0x13E7, 0x7F91, 0x13C5, 0x7F7F, 0x13B2, 0x7EAD, 
	0x1338, 0x7F51, 0x13C5, 0x7F7F, 0x1480, 0x7F3F, 0x1483, 0x7FBF, 0x1353, 0x7EDA, 0x12B0, 0x7FD2, 0x141E, 0x7F76, 0x136B, 0x7F51, 
	0x1324, 0x8000, 0x14AE, 0x7F11, 0x135D, 0x7FBF, 0x13D5, 0x8041, 0x12BC, 0x7FA4, 0x137C, 0x7F88, 0x13DE, 0x7F7F, 0x13F9, 0x7F9A, 
	0x139D, 0x7FF7, 0x1380, 0x7FAD, 0x12F9, 0x8025, 0x137A, 0x7FAD, 0x1325, 0x7F91, 0x142D, 0x8070, 0x130C, 0x8079, 0x12D6, 0x7FE4, 
	0x1472, 0x7FF7, 0x131F, 0x802E, 0x1296, 0x8013, 0x1300, 0x8070, 0x11BD, 0x7F9A, 0x1432, 0x8009, 0x133B, 0x8082, 0x1294, 0x8038, 
	0x1370, 0x8054, 0x120B, 0x7FE4, 0x121F, 0x7FD2, 0x1363, 0x7FF7, 0x1274, 0x801C, 0x130B, 0x80FC, 0x134D, 0x8054, 0x13D5, 0x7FA4, 
	0x12BA, 0x8041, 0x1330, 0x80A8, 0x1254, 0x80E0, 0x113A, 0x8041, 0x135C, 0x8041, 0x12D4, 0x802E, 0x12D6, 0x8070, 0x124B, 0x80B1, 
	0x127B, 0x8070, 0x11ED, 0x7FED, 0x11BB, 0x805D, 0x11AB, 0x8038, 0x118D, 0x80C4, 0x1184, 0x8079, 0x11DE, 0x808C, 0x112E, 0x809E, 
	0x1209, 0x80B1, 0x1148, 0x809E, 0x113C, 0x80C4, 0x1151, 0x804A, 0x10E7, 0x80A8, 0x1168, 0x80D6, 0x10A0, 0x808C, 0x10FA, 0x80BA, 
	0x10CF, 0x808C, 0x1066, 0x80C4, 0x116A, 0x80B1, 0x1083, 0x80B1, 0x1079, 0x8118, 0x10BA, 0x8041, 0x1014, 0x80E9, 0x106C, 0x80E9, 
	0x0F53, 0x818A, 0x10F2, 0x80D6, 0x1053, 0x80E0, 0x105A, 0x80F3, 0x1075, 0x816D, 0x0FB2, 0x80FC, 0x1005, 0x810F, 0x1013, 0x816D, 
	0x1086, 0x81A6, 0x0FDD, 0x816D, 0x0FDD, 0x812B, 0x1197, 0x81B9, 0x1131, 0x815A, 0x10CE, 0x8147, 0x11DA, 0x818A, 0x1035, 0x818A, 
	0x10AD, 0x818A, 0x10C8, 0x816D, 0x1084, 0x81B0, 0x1137, 0x818A, 0x10A3, 0x816D, 0x11A7, 0x8177, 0x11E3, 0x81F2, 0x11AC, 0x81A6, 
	0x111D, 0x816D, 0x1095, 0x8180, 0x1220, 0x8105, 0x1208, 0x81CC, 0x1147, 0x815A, 0x11B2, 0x81B9, 0x1122, 0x8193, 0x1119, 0x819D, 
	0x11D7, 0x8180, 0x1270, 0x8180, 0x123E, 0x8180, 0x1199, 0x816D, 0x1192, 0x8193, 0x11C3, 0x819D, 0x1216, 0x8177, 0x11FE, 0x81CC, 
	0x10B0, 0x81B9, 0x11A7, 0x8193, 0x12BF, 0x81D6, 0x1264, 0x81DF, 0x1170, 0x823F, 0x1209, 0x818A, 0x1290, 0x8180, 0x11DC, 0x81F2, 
	0x12F2, 0x822C, 0x10D6, 0x820F, 0x122F, 0x81C3, 0x11E4, 0x81B9, 0x117C, 0x81D6, 0x121C, 0x8205, 0x1158, 0x822C, 0x118A, 0x818A, 
	0x12A6, 0x81FC, 0x127A, 0x81CC, 0x124C, 0x81DF, 0x11AB, 0x81B9, 0x1224, 0x819D, 0x128A, 0x820F, 0x1353, 0x823F, 0x1317, 0x8164, 
	0x1291, 0x8265, 0x128F, 0x81DF, 0x1339, 0x8193, 0x13BD, 0x81E9, 0x1269, 0x8205, 0x1253, 0x8265, 0x121D, 0x81CC, 0x133C, 0x81D6, 
	0x130B, 0x820F, 0x13AC, 0x8219, 0x1161, 0x8219, 0x12ED, 0x81D6, 0x13E4, 0x81A6, 0x12C1, 0x8265, 0x1370, 0x8252, 0x1388, 0x825C, 
	0x13E5, 0x8205, 0x12E5, 0x8205, 0x12E5, 0x825C, 0x133A, 0x8222, 0x12C2, 0x8252, 0x1353, 0x8219, 0x1325, 0x8248, 0x1370, 0x81FC, 
	0x13FB, 0x829F, 0x137F, 0x8235, 0x1390, 0x8265, 0x13B8, 0x822C, 0x1376, 0x8252, 0x12E4, 0x820F, 0x136C, 0x8205, 0x12F2, 0x8252, 
	0x1352, 0x8282, 0x12E4, 0x8222, 0x1317, 0x8248, 0x1377, 0x831D, 0x12F7, 0x81FC, 0x13FC, 0x82BC, 0x13BC, 0x82A9, 0x1359, 0x8282, 
	0x12C8, 0x82D9, 0x138B, 0x8265, 0x1398, 0x8309, 0x1417, 0x8248, 0x1372, 0x82EC, 0x1363, 0x8309, 0x1385, 0x82C6, 0x1286, 0x8313, 
	0x13E4, 0x834E, 0x13AC, 0x8357, 0x12DD, 0x83A6, 0x1387, 0x82B2, 0x134B, 0x834E, 0x13A9, 0x8357, 0x13A2, 0x8313, 0x144E, 0x83D7, 
	0x136F, 0x8344, 0x13DA, 0x83EA, 0x146E, 0x83B9, 0x14AB, 0x83E0, 0x1536, 0x8488, 0x1435, 0x8461, 0x1473, 0x8279, 0x1443, 0x82CF, 
	0x1507, 0x8248, 0x1464, 0x823F, 0x1407, 0x819D, 0x13F4, 0x81FC, 0x14EB, 0x81D6, 0x13E6, 0x820F, 0x146B, 0x81B9, 0x1447, 0x81DF, 
	0x14E7, 0x81CC, 0x14E1, 0x81CC, 0x13F7, 0x818A, 0x1481, 0x82B2, 0x13CD, 0x8151, 0x138A, 0x8151, 0x14FF, 0x8177, 0x1590, 0x8151, 
	0x146D, 0x8205, 0x1516, 0x81CC, 0x13CD, 0x813E, 0x142C, 0x81CC, 0x13C1, 0x8147, 0x14AA, 0x8180, 0x1388, 0x8122, 0x1426, 0x80E9, 
	0x1411, 0x812B, 0x14E8, 0x813E, 0x13A1, 0x8118, 0x14A7, 0x80F3, 0x146E, 0x80E0, 0x1430, 0x80D6, 0x14ED, 0x80E9, 0x14C1, 0x812B, 
	0x1317, 0x8105, 0x13FB, 0x80D6, 0x1415, 0x809E, 0x141E, 0x8122, 0x1442, 0x8095, 0x1399, 0x80B1, 0x140A, 0x80CD, 0x1514, 0x80A8, 
	0x146F, 0x80D6, 0x140F, 0x80C4, 0x13A2, 0x80BA, 0x13B7, 0x80BA, 0x1477, 0x80D6, 0x150C, 0x8041, 0x134F, 0x804A, 0x1410, 0x804A, 
	0x148B, 0x80A8, 0x14E8, 0x8038, 0x141B, 0x8095, 0x1512, 0x8009, 0x144C, 0x805D, 0x1490, 0x8038, 0x1363, 0x808C, 0x13D2, 0x8070, 
	0x1435, 0x8079, 0x12E0, 0x8070, 0x136C, 0x8000, 0x1406, 0x8009, 0x1397, 0x7FDB, 0x141A, 0x7FF7, 0x1310, 0x801C, 0x142A, 0x7FC9, 
	0x146C, 0x7FE4, 0x1391, 0x802E, 0x1373, 0x7FC9, 0x1394, 0x80B1, 0x140F, 0x805D, 0x131C, 0x7FD2, 0x1386, 0x8079, 0x1397, 0x7FD2, 
	0x1322, 0x7FD2, 0x13DF, 0x7FAD, 0x131D, 0x802E, 0x1461, 0x7FE4, 0x135C, 0x7FED, 0x124B, 0x8000, 0x1297, 0x7F91, 0x1341, 0x8013, 
	0x13B1, 0x7F88, 0x12D4, 0x7FA4, 0x11D3, 0x7FA4, 0x136C, 0x7FC9, 0x1275, 0x7F91, 0x12EA, 0x7FAD, 0x12A4, 0x7FDB, 0x122C, 0x7F36, 
	0x1325, 0x7F36, 0x12B6, 0x7FBF, 0x1363, 0x7F88, 0x1319, 0x7FF7, 0x1248, 0x7F2C, 0x12EB, 0x7EFF, 0x116B, 0x7F6C, 0x12F5, 0x7FC9, 
	0x122F, 0x7FDB, 0x12A7, 0x8000, 0x1234, 0x7F6C, 0x12FD, 0x7FAD, 0x12B9, 0x7F5A, 0x1232, 0x7F7F, 0x1264, 0x7F9A, 0x12CD, 0x7EF6, 
	0x11B3, 0x7F6C, 0x1269, 0x7F2C, 0x133D, 0x7F51, 0x11C5, 0x7FC9, 0x1290, 0x7F63, 0x1251, 0x7EC8, 0x1399, 0x7F7F, 0x12A1, 0x7F48, 
	0x1255, 0x7F9A, 0x1351, 0x7F11, 0x122D, 0x7F7F, 0x11EB, 0x7FB6, 0x126B, 0x7F2C, 0x129C, 0x7F88, 0x125D, 0x7F11, 0x1324, 0x7F88, 
	0x1350, 0x7F5A, 0x12DB, 0x7F48, 0x1269, 0x7FBF, 0x11DD, 0x7F48, 0x1340, 0x7F6C, 0x12FA, 0x7F5A, 0x128C, 0x7F63, 0x126F, 0x7F08, 
	0x124D, 0x7F3F, 0x12E6, 0x7F36, 0x1266, 0x7F5A, 0x1383, 0x7EDA, 0x12A8, 0x7F3F, 0x1312, 0x7F1A, 0x12F7, 0x7F76, 0x135D, 0x7F51, 
	0x1390, 0x7ED1, 0x13E0, 0x7F63, 0x1326, 0x7EDA, 0x12EB, 0x7F7F, 0x1366, 0x7F08, 0x136C, 0x7F1A, 0x13D0, 0x7EF6, 0x1367, 0x7F1A, 
	0x12FC, 0x7F51, 0x1424, 0x7F2C, 0x1407, 0x7ED1, 0x1397, 0x7F63, 0x13DB, 0x7EE3, 0x149A, 0x7F1A, 0x13D0, 0x7F36, 0x13A5, 0x7F7F, 
	0x140A, 0x7EEC, 0x1464, 0x7F5A, 0x13F4, 0x7F36, 0x13D8, 0x7F48, 0x1379, 0x7F51, 0x13E5, 0x7F3F, 0x14B5, 0x7FAD, 0x1418, 0x7F7F, 
	0x13E2, 0x7F5A, 0x138C, 0x7F48, 0x136F, 0x7EBF, 0x13C0, 0x7F51, 0x13FB, 0x7F48, 0x1523, 0x7F2C, 0x14C9, 0x7F51, 0x14CE, 0x7F48, 
	0x1443, 0x7F76, 0x14AB, 0x7F76, 0x13E4, 0x7F5A, 0x13FE, 0x7F63, 0x1442, 0x7F88, 0x1473, 0x7F91, 0x13BA, 0x7F9A, 0x13AC, 0x7FAD, 
	0x1449, 0x7F63, 0x1513, 0x7F6C, 0x13DF, 0x7F36, 0x13E7, 0x7F91, 0x13C5, 0x7F7F, 0x13B2, 0x7EAD, 0x1338, 0x7F51, 0x13C5, 0x7F7F, 
	0x1480, 0x7F3F, 0x1483, 0x7FBF, 0x1353, 0x7EDA, 0x12B0, 0x7FD2, 0x141E, 0x7F76, 0x136B, 0x7F51, 0x1324, 0x8000, 0x14AE, 0x7F11, 
	0x135D, 0x7FBF, 0x13D5, 0x8041, 0x12BC, 0x7FA4, 0x137C, 0x7F88, 0x13DE, 0x7F7F, 0x13F9, 0x7F9A, 0x139D, 0x7FF7, 0x1380, 0x7FAD, 
	0x12F9, 0x8025, 0x137A, 0x7FAD, 0x1325, 0x7F91, 0x142D, 0x8070, 0x130C, 0x8079, 0x12D6, 0x7FE4, 0x1472, 0x7FF7, 0x131F, 0x802E, 
	0x1296, 0x8013, 0x1300, 0x8070, 0x11BD, 0x7F9A, 0x1432, 0x8009, 0x133B, 0x8082, 0x1294, 0x8038, 0x1370, 0x8054, 0x120B, 0x7FE4, 
	0x121F, 0x7FD2, 0x1363, 0x7FF7, 0x1274, 0x801C, 0x130B, 0x80FC, 0x134D, 0x8054, 0x13D5, 0x7FA4, 0x12BA, 0x8041, 0x1330, 0x80A8, 
	0x1254, 0x80E0, 0x113A, 0x8041, 0x135C, 0x8041, 0x12D4, 0x802E, 0x12D6, 0x8070, 0x124B, 0x80B1, 0x127B, 0x8070, 0x11ED, 0x7FED, 
	0x11BB, 0x805D, 0x11AB, 0x8038, 0x118D, 0x80C4, 0x1184, 0x8079, 0x11DE, 0x808C, 0x112E, 0x809E, 0x1209, 0x80B1, 0x1148, 0x809E, 
	0x113C, 0x80C4, 0x1151, 0x804A, 0x10E7, 0x80A8, 0x1168, 0x80D6, 0x10A0, 0x808C, 0x10FA, 0x80BA, 0x10CF, 0x808C, 0x1066, 0x80C4, 
	0x116A, 0x80B1, 0x1083, 0x80B1, 0x1079, 0x8118, 0x10BA, 0x8041, 0x1014, 0x80E9, 0x106C, 0x80E9, 0x0F53, 0x818A, 0x10F2, 0x80D6, 
	0x13CF, 0x8282, 0x143A, 0x82A9, 0x1408, 0x8252, 0x1405, 0x81FC, 0x13D0, 0x8222, 0x13CE, 0x81CC, 0x1419, 0x8205, 0x1306, 0x8279, 
	0x138C, 0x81D6, 0x13C2, 0x826F, 0x13B4, 0x818A, 0x14D1, 0x820F, 0x1444, 0x0000, 0x140E, 0x0000, 0x139B, 0x82E3, 0x13B4, 0x8193, 
	0x147C, 0x81C3, 0x15B6, 0x81C3, 0x1406, 0x8118, 0x14D8, 0x820F, 0x13B5, 0x815A, 0x13ED, 0x8180, 0x12D8, 0x8177, 0x140C, 0x812B, 
	0x131C, 0x80FC, 0x1369, 0x80BA, 0x13D4, 0x80C4, 0x142F, 0x8135, 0x1366, 0x810F, 0x149F, 0x810F, 0x1407, 0x8164, 0x13CC, 0x80E0, 
	0x1428, 0x80FC, 0x1491, 0x80FC, 0x12E3, 0x80E0, 0x139A, 0x8105, 0x143B, 0x80C4, 0x13E8, 0x80E0, 0x13DF, 0x80BA, 0x12EB, 0x80D6, 
	0x143E, 0x80E9, 0x1416, 0x809E, 0x13C9, 0x8066, 0x137E, 0x80BA, 0x13B7, 0x80A8, 0x1345, 0x80CD, 0x1422, 0x8135, 0x14EB, 0x8041, 
	0x135B, 0x805D, 0x134F, 0x809E, 0x142C, 0x8105, 0x14EF, 0x80A8, 0x141B, 0x809E, 0x144B, 0x805D, 0x145F, 0x80C4, 0x1413, 0x8013, 
	0x1300, 0x805D, 0x138D, 0x8054, 0x1407, 0x8095, 0x1339, 0x805D, 0x1395, 0x7F91, 0x1406, 0x801C, 0x13A8, 0x805D, 0x1370, 0x7FBF, 
	0x12C6, 0x8013, 0x142C, 0x8025, 0x13BB, 0x7FE4, 0x13CC, 0x8070, 0x1302, 0x7F76, 0x131F, 0x8025, 0x13A9, 0x7FBF, 0x1281, 0x7F7F, 
	0x1304, 0x8000, 0x13B1, 0x7FBF, 0x138A, 0x7FC9, 0x145E, 0x7FC9, 0x12C2, 0x7FB6, 0x13B3, 0x7FBF, 0x1347, 0x8000, 0x121F, 0x7FA4, 
	0x123A, 0x7FBF, 0x1361, 0x7FDB, 0x134D, 0x7F7F, 0x1226, 0x8000, 0x114C, 0x7FED, 0x1304, 0x7F91, 0x11D5, 0x801C, 0x1215, 0x7FF7, 
	0x1255, 0x7F76, 0x1271, 0x7F6C, 0x1308, 0x7FC9, 0x125B, 0x8013, 0x12F5, 0x7F88, 0x1280, 0x7FF7, 0x1262, 0x7F91, 0x12E6, 0x7F5A, 
	0x1157, 0x7FA4, 0x12EC, 0x7F63, 0x11F3, 0x7FC9, 0x126E, 0x7F91, 0x1218, 0x7F1A, 0x1256, 0x7F88, 0x1288, 0x7FA4, 0x1187, 0x7F51, 
	0x11D0, 0x7EBF, 0x1253, 0x7F08, 0x11AF, 0x7EEC, 0x122E, 0x7F88, 0x128A, 0x7F6C, 0x11CF, 0x7F08, 0x12AF, 0x7F51, 0x1227, 0x7F48, 
	0x12AD, 0x7EFF, 0x11E0, 0x7F76, 0x11FA, 0x7F3F, 0x12E2, 0x7F48, 0x1262, 0x7F08, 0x1177, 0x7F88, 0x1247, 0x7F9A, 0x1280, 0x7F2C, 
	0x11FD, 0x7F1A, 0x11F3, 0x7F48, 0x12A8, 0x7F2C, 0x12A4, 0x7F36, 0x11BA, 0x7F11, 0x11B3, 0x7F76, 0x12BE, 0x7EEC, 0x12FE, 0x7EFF, 
	0x11E7, 0x7F48, 0x128B, 0x7F48, 0x123A, 0x7EBF, 0x125D, 0x7F1A, 0x127B, 0x7EEC, 0x12A0, 0x7F3F, 0x12BA, 0x7EB6, 0x12DF, 0x7EEC, 
	0x132A, 0x7E5B, 0x1346, 0x7F23, 0x130A, 0x7FF7, 0x1397, 0x7F11, 0x129F, 0x7EF6, 0x12AE, 0x7F3F, 0x13A8, 0x7EDA, 0x1315, 0x7F63, 
	0x12F7, 0x7EBF, 0x1371, 0x7F3F, 0x12DF, 0x7EE3, 0x1373, 0x7F3F, 0x1375, 0x7EE3, 0x134D, 0x7F5A, 0x132A, 0x7F63, 0x141B, 0x7E92, 
	0x1359, 0x7EF6, 0x13BA, 0x7F36, 0x1404, 0x7EDA, 0x1463, 0x7F7F, 0x1418, 0x7F08, 0x13E2, 0x7F23, 0x1375, 0x7F63, 0x142C, 0x7EFF, 
	0x13FB, 0x7F6C, 0x13A4, 0x7F36, 0x13A8, 0x7F3F, 0x13F2, 0x7F36, 0x1374, 0x7F11, 0x1339, 0x7FAD, 0x138A, 0x7F7F, 0x1483, 0x7F2C, 
	0x141A, 0x7F6C, 0x1486, 0x7F48, 0x13B8, 0x7F3F, 0x1439, 0x7F63, 0x13A3, 0x7F1A, 0x13A8, 0x7F9A, 0x13A2, 0x7F76, 0x142E, 0x7F08, 
	0x1342, 0x7F51, 0x1328, 0x7F51, 0x139F, 0x7F6C, 0x1471, 0x7FA4, 0x1355, 0x7F76, 0x13EB, 0x7F36, 0x138B, 0x7F91, 0x1316, 0x7F08, 
	0x1303, 0x7F51, 0x12D0, 0x8009, 0x1430, 0x7F08, 0x14D0, 0x7FE4, 0x1325, 0x7F7F, 0x1275, 0x7FED, 0x1391, 0x7FED, 0x1317, 0x7FC9, 
	0x12BE, 0x7FED, 0x1450, 0x7F51, 0x12CF, 0x7FAD, 0x1330, 0x801C, 0x1284, 0x7F23, 0x12DB, 0x7FA4, 0x131D, 0x7FAD, 0x13F4, 0x7F91, 
	0x132D, 0x8000, 0x1376, 0x7FAD, 0x1314, 0x8013, 0x1341, 0x801C, 0x1318, 0x7FA4, 0x1376, 0x8025, 0x12E9, 0x8070, 0x128A, 0x7F63, 
	0x141C, 0x7FB6, 0x1290, 0x7FED, 0x12B1, 0x8013, 0x12F2, 0x804A, 0x11A9, 0x8009, 0x13C2, 0x801C, 0x12F8, 0x8095, 0x126A, 0x8009, 
	0x1308, 0x8025, 0x11A8, 0x8038, 0x11BC, 0x7FF7, 0x12DC, 0x7FE4, 0x1230, 0x804A, 0x126A, 0x8054, 0x12DA, 0x8082, 0x1383, 0x802E, 
	0x121A, 0x804A, 0x132D, 0x8082, 0x11A6, 0x809E, 0x1177, 0x8054, 0x12FB, 0x7FE4, 0x122E, 0x809E, 0x121C, 0x80A8, 0x120C, 0x805D, 
	0x11E1, 0x8079, 0x114C, 0x7FC9, 0x1189, 0x80BA, 0x1132, 0x8066, 0x10DD, 0x80D6, 0x11E1, 0x8095, 0x118B, 0x8082, 0x10AE, 0x80FC, 
	0x117C, 0x8079, 0x10E6, 0x8082, 0x10E0, 0x80E0, 0x10ED, 0x8095, 0x10E4, 0x8082, 0x1136, 0x8105, 0x102B, 0x80CD, 0x1074, 0x8118, 
	0x103C, 0x809E, 0x108C, 0x80F3, 0x1130, 0x8105, 0x105C, 0x8095, 0x1037, 0x80FC, 0x1052, 0x8041, 0x0FEF, 0x80FC, 0x1014, 0x80E0, 
	0x0F9A, 0x80E9, 0x1052, 0x8105, 0x0FDA, 0x810F, 0x0F9A, 0x80FC, 0x0F86, 0x813E, 0x0ECB, 0x810F, 0x0FBF, 0x80FC, 0x0FBA, 0x8151, 
	0x1036, 0x810F, 0x0FA4, 0x8193, 0x0FE1, 0x813E, 0x1130, 0x816D, 0x10D4, 0x8122, 0x1122, 0x8122, 0x111F, 0x8180, 0x1033, 0x81D6, 
	0x114B, 0x810F, 0x1040, 0x818A, 0x0FEB, 0x8151, 0x10F6, 0x8193, 0x10BC, 0x8135, 0x111D, 0x813E, 0x1139, 0x81D6, 0x111B, 0x8177, 
	0x102B, 0x816D, 0x1014, 0x81D6, 0x11A5, 0x8147, 0x10F6, 0x819D, 0x1093, 0x815A, 0x10E5, 0x81C3, 0x101C, 0x81DF, 0x1121, 0x8135, 
	0x11B7, 0x820F, 0x11B5, 0x8177, 0x1150, 0x81CC, 0x115B, 0x81CC, 0x118D, 0x81D6, 0x1151, 0x8164, 0x11C6, 0x8193, 0x11DF, 0x81C3, 
	0x10BF, 0x81C3, 0x1174, 0x819D, 0x123D, 0x81E9, 0x11EF, 0x8164, 0x112B, 0x81B0, 0x11A1, 0x81E9, 0x1248, 0x81A6, 0x1197, 0x8205, 
	0x1266, 0x81FC, 0x107B, 0x81E9, 0x120E, 0x81D6, 0x11A4, 0x81FC, 0x1117, 0x81B0, 0x1158, 0x8193, 0x1174, 0x81CC, 0x1177, 0x819D, 
	0x12DA, 0x81B0, 0x11D1, 0x822C, 0x11A7, 0x8151, 0x11A8, 0x81B9, 0x1187, 0x81B9, 0x122B, 0x81CC, 0x1289, 0x8252, 0x12D0, 0x819D, 
	0x1299, 0x81F2, 0x125C, 0x819D, 0x12AE, 0x81F2, 0x1320, 0x8205, 0x1196, 0x81A6, 0x11B4, 0x822C, 0x123A, 0x8193, 0x12AC, 0x81DF, 
	0x12CD, 0x823F, 0x1368, 0x81F2, 0x1130, 0x8219, 0x12A3, 0x81E9, 0x139C, 0x81CC, 0x11F3, 0x81DF, 0x1343, 0x8252, 0x1313, 0x8265, 
	0x1346, 0x826F, 0x128C, 0x820F, 0x11EE, 0x825C, 0x12C6, 0x8265, 0x1261, 0x823F, 0x1299, 0x8265, 0x129F, 0x82BC, 0x132F, 0x8235, 
	0x1382, 0x828C, 0x1333, 0x8219, 0x132E, 0x8222, 0x1344, 0x825C, 0x1317, 0x82B2, 0x1231, 0x826F, 0x133D, 0x81D6, 0x12B8, 0x820F, 
	0x12B1, 0x8295, 0x12DE, 0x81D6, 0x12AE, 0x8279, 0x133F, 0x8282, 0x12D3, 0x8279, 0x1357, 0x82E3, 0x1389, 0x828C, 0x128F, 0x8248, 
	0x128D, 0x8300, 0x1318, 0x8279, 0x12CB, 0x82A9, 0x141E, 0x82C6, 0x1317, 0x82EC, 0x12EC, 0x82EC, 0x130A, 0x833A, 0x1245, 0x8330, 
	0x134C, 0x8375, 0x12D2, 0x833A, 0x12C5, 0x833A, 0x1349, 0x8330, 0x12F5, 0x82F6, 0x137F, 0x8375, 0x137F, 0x8330, 0x13C8, 0x833A, 
	0x13C1, 0x833A, 0x1352, 0x83D7, 0x13C9, 0x83C3, 0x13B6, 0x8443, 0x150A, 0x8488, 0x147B, 0x84B0, 0x13CF, 0x8282, 0x143A, 0x82A9, 
	0x1408, 0x8252, 0x1405, 0x81FC, 0x13D0, 0x8222, 0x13CE, 0x81CC, 0x1419, 0x8205, 0x1306, 0x8279, 0x138C, 0x81D6, 0x13C2, 0x826F, 
	0x13B4, 0x818A, 0x14D1, 0x820F, 0x1444, 0x0000, 0x140E, 0x0000, 0x139B, 0x82E3, 0x13B4, 0x8193, 0x147C, 0x81C3, 0x15B6, 0x81C3, 
	0x1406, 0x8118, 0x14D8, 0x820F, 0x13B5, 0x815A, 0x13ED, 0x8180, 0x12D8, 0x8177, 0x140C, 0x812B, 0x131C, 0x80FC, 0x1369, 0x80BA, 
	0x13D4, 0x80C4, 0x142F, 0x8135, 0x1366, 0x810F, 0x149F, 0x810F, 0x1407, 0x8164, 0x13CC, 0x80E0, 0x1428, 0x80FC, 0x1491, 0x80FC, 
	0x12E3, 0x80E0, 0x139A, 0x8105, 0x143B, 0x80C4, 0x13E8, 0x80E0, 0x13DF, 0x80BA, 0x12EB, 0x80D6, 0x143E, 0x80E9, 0x1416, 0x809E, 
	0x13C9, 0x8066, 0x137E, 0x80BA, 0x13B7, 0x80A8, 0x1345, 0x80CD, 0x1422, 0x8135, 0x14EB, 0x8041, 0x135B, 0x805D, 0x134F, 0x809E, 
	0x142C, 0x8105, 0x14EF, 0x80A8, 0x141B, 0x809E, 0x144B, 0x805D, 0x145F, 0x80C4, 0x1413, 0x8013, 0x1300, 0x805D, 0x138D, 0x8054, 
	0x1407, 0x8095, 0x1339, 0x805D, 0x1395, 0x7F91, 0x1406, 0x801C, 0x13A8, 0x805D, 0x1370, 0x7FBF, 0x12C6, 0x8013, 0x142C, 0x8025, 
	0x13BB, 0x7FE4, 0x13CC, 0x8070, 0x1302, 0x7F76, 0x131F, 0x8025, 0x13A9, 0x7FBF, 0x1281, 0x7F7F, 0x1304, 0x8000, 0x13B1, 0x7FBF, 
	0x138A, 0x7FC9, 0x145E, 0x7FC9, 0x12C2, 0x7FB6, 0x13B3, 0x7FBF, 0x1347, 0x8000, 0x121F, 0x7FA4, 0x123A, 0x7FBF, 0x1361, 0x7FDB, 
	0x134D, 0x7F7F, 0x1226, 0x8000, 0x114C, 0x7FED, 0x1304, 0x7F91, 0x11D5, 0x801C, 0x1215, 0x7FF7, 0x1255, 0x7F76, 0x1271, 0x7F6C, 
	0x1308, 0x7FC9, 0x125B, 0x8013, 0x12F5, 0x7F88, 0x1280, 0x7FF7, 0x1262, 0x7F91, 0x12E6, 0x7F5A, 0x1157, 0x7FA4, 0x12EC, 0x7F63, 
	0x11F3, 0x7FC9, 0x126E, 0x7F91, 0x1218, 0x7F1A, 0x1256, 0x7F88, 0x1288, 0x7FA4, 0x1187, 0x7F51, 0x11D0, 0x7EBF, 0x1253, 0x7F08, 
	0x11AF, 0x7EEC, 0x122E, 0x7F88, 0x128A, 0x7F6C, 0x11CF, 0x7F08, 0x12AF, 0x7F51, 0x1227, 0x7F48, 0x12AD, 0x7EFF, 0x11E0, 0x7F76, 
	0x11FA, 0x7F3F, 0x12E2, 0x7F48, 0x1262, 0x7F08, 0x1177, 0x7F88, 0x1247, 0x7F9A, 0x1280, 0x7F2C, 0x11FD, 0x7F1A, 0x11F3, 0x7F48, 
	0x12A8, 0x7F2C, 0x12A4, 0x7F36, 0x11BA, 0x7F11, 0x11B3, 0x7F76, 0x12BE, 0x7EEC, 0x12FE, 0x7EFF, 0x11E7, 0x7F48, 0x128B, 0x7F48, 
	0x123A, 0x7EBF, 0x125D, 0x7F1A, 0x127B, 0x7EEC, 0x12A0, 0x7F3F, 0x12BA, 0x7EB6, 0x12DF, 0x7EEC, 0x132A, 0x7E5B, 0x1346, 0x7F23, 
	0x130A, 0x7FF7, 0x1397, 0x7F11, 0x129F, 0x7EF6, 0x12AE, 0x7F3F, 0x13A8, 0x7EDA, 0x1315, 0x7F63, 0x12F7, 0x7EBF, 0x1371, 0x7F3F, 
	0x12DF, 0x7EE3, 0x1373, 0x7F3F, 0x1375, 0x7EE3, 0x134D, 0x7F5A, 0x132A, 0x7F63, 0x141B, 0x7E92, 0x1359, 0x7EF6, 0x13BA, 0x7F36, 
	0x1404, 0x7EDA, 0x1463, 0x7F7F, 0x1418, 0x7F08, 0x13E2, 0x7F23, 0x1375, 0x7F63, 0x142C, 0x7EFF, 0x13FB, 0x7F6C, 0x13A4, 0x7F36, 
	0x13A8, 0x7F3F, 0x13F2, 0x7F36, 0x1374, 0x7F11, 0x1339, 0x7FAD, 0x138A, 0x7F7F, 0x1483, 0x7F2C, 0x141A, 0x7F6C, 0x1486, 0x7F48, 
	0x13B8, 0x7F3F, 0x1439, 0x7F63, 0x13A3, 0x7F1A, 0x13A8, 0x7F9A, 0x13A2, 0x7F76, 0x142E, 0x7F08, 0x1342, 0x7F51, 0x1328, 0x7F51, 
	0x139F, 0x7F6C, 0x1471, 0x7FA4, 0x1355, 0x7F76, 0x13EB, 0x7F36, 0x138B, 0x7F91, 0x1316, 0x7F08, 0x1303, 0x7F51, 0x12D0, 0x8009, 
	0x1430, 0x7F08, 0x14D0, 0x7FE4, 0x1325, 0x7F7F, 0x1275, 0x7FED, 0x1391, 0x7FED, 0x1317, 0x7FC9, 0x12BE, 0x7FED, 0x1450, 0x7F51, 
	0x12CF, 0x7FAD, 0x1330, 0x801C, 0x1284, 0x7F23, 0x12DB, 0x7FA4, 0x131D, 0x7FAD, 0x13F4, 0x7F91, 0x132D, 0x8000, 0x1376, 0x7FAD, 
	0x1314, 0x8013, 0x1341, 0x801C, 0x1318, 0x7FA4, 0x1376, 0x8025, 0x12E9, 0x8070, 0x128A, 0x7F63, 0x141C, 0x7FB6, 0x1290, 0x7FED, 
	0x12B1, 0x8013, 0x12F2, 0x804A, 0x11A9, 0x8009, 0x13C2, 0x801C, 0x12F8, 0x8095, 0x126A, 0x8009, 0x1308, 0x8025, 0x11A8, 0x8038, 
	0x11BC, 0x7FF7, 0x12DC, 0x7FE4, 0x1230, 0x804A, 0x126A, 0x8054, 0x12DA, 0x8082, 0x1383, 0x802E, 0x121A, 0x804A, 0x132D, 0x8082, 
	0x11A6, 0x809E, 0x1177, 0x8054, 0x12FB, 0x7FE4, 0x122E, 0x809E, 0x121C, 0x80A8, 0x120C, 0x805D, 0x11E1, 0x8079, 0x114C, 0x7FC9, 
	0x1189, 0x80BA, 0x1132, 0x8066, 0x10DD, 0x80D6, 0x11E1, 0x8095, 0x118B, 0x8082, 0x10AE, 0x80FC, 0x117C, 0x8079, 0x10E6, 0x8082, 
	0x10E0, 0x80E0, 0x10ED, 0x8095, 0x10E4, 0x8082, 0x1136, 0x8105, 0x102B, 0x80CD, 0x1074, 0x8118, 0x103C, 0x809E, 0x108C, 0x80F3, 
	0x1130, 0x8105, 0x105C, 0x8095, 0x1037, 0x80FC, 0x1052, 0x8041, 0x0FEF, 0x80FC, 0x1014, 0x80E0, 0x0F9A, 0x80E9, 0x1052, 0x8105, 
	0x1430, 0x829F, 0x145A, 0x8265, 0x1448, 0x825C, 0x1418, 0x828C, 0x141D, 0x81FC, 0x1470, 0x8252, 0x149D, 0x8205, 0x1406, 0x81DF, 
	0x13BF, 0x81A6, 0x1419, 0x8222, 0x1458, 0x813E, 0x1536, 0x8222, 0x144C, 0x81C3, 0x13FA, 0x82D9, 0x1408, 0x81DF, 0x13A5, 0x8177, 
	0x156F, 0x815A, 0x1576, 0x81A6, 0x14CF, 0x813E, 0x14DD, 0x81B9, 0x1435, 0x8147, 0x13E8, 0x815A, 0x1355, 0x8177, 0x13AA, 0x812B, 
	0x1409, 0x812B, 0x13D4, 0x80D6, 0x1347, 0x8151, 0x13E2, 0x8180, 0x1439, 0x8122, 0x149A, 0x810F, 0x13C7, 0x810F, 0x13D6, 0x809E, 
	0x14D4, 0x8105, 0x1409, 0x8105, 0x131A, 0x80E9, 0x1440, 0x80F3, 0x14AA, 0x8082, 0x148E, 0x8164, 0x14A5, 0x8105, 0x13FE, 0x80B1, 
	0x1411, 0x8066, 0x13B2, 0x80A8, 0x13FD, 0x80A8, 0x1392, 0x8079, 0x1480, 0x80E0, 0x1356, 0x80C4, 0x1398, 0x80E0, 0x1429, 0x8070, 
	0x1348, 0x8038, 0x1448, 0x80E0, 0x13DA, 0x80C4, 0x14D7, 0x8079, 0x13E1, 0x8079, 0x13E6, 0x8009, 0x1374, 0x80F3, 0x13F9, 0x8066, 
	0x1414, 0x8025, 0x138F, 0x8079, 0x1468, 0x8041, 0x138B, 0x804A, 0x1340, 0x8038, 0x14BF, 0x801C, 0x1339, 0x802E, 0x1422, 0x7FED, 
	0x1352, 0x7FBF, 0x1469, 0x7FBF, 0x1454, 0x7FBF, 0x141C, 0x8079, 0x13F3, 0x7F51, 0x13C9, 0x7FA4, 0x1447, 0x7FD2, 0x13BE, 0x7FA4, 
	0x1385, 0x8025, 0x13ED, 0x8009, 0x12D0, 0x7F5A, 0x1450, 0x8000, 0x131A, 0x7F91, 0x1436, 0x7FE4, 0x13FA, 0x7FAD, 0x12CD, 0x7FC9, 
	0x12ED, 0x7F36, 0x134E, 0x8025, 0x12F2, 0x7FA4, 0x12B0, 0x7FED, 0x12AB, 0x7FB6, 0x1311, 0x7FA4, 0x1363, 0x8013, 0x1327, 0x7F76, 
	0x1206, 0x7FD2, 0x12C2, 0x7F91, 0x136B, 0x7F48, 0x12C3, 0x7FAD, 0x1402, 0x7F63, 0x1311, 0x7F76, 0x12E8, 0x7F6C, 0x12D1, 0x7F3F, 
	0x120E, 0x7F9A, 0x131C, 0x7FB6, 0x1279, 0x7FB6, 0x1253, 0x7FAD, 0x130F, 0x7EFF, 0x1333, 0x7F3F, 0x125E, 0x7F76, 0x128B, 0x7F1A, 
	0x11F0, 0x7F11, 0x125E, 0x7F23, 0x124B, 0x7FE4, 0x125B, 0x7F76, 0x131B, 0x7F51, 0x11F8, 0x7F2C, 0x1256, 0x7F5A, 0x127D, 0x7F9A, 
	0x11F9, 0x7FD2, 0x11FA, 0x7F9A, 0x1240, 0x7EF6, 0x1287, 0x7EFF, 0x127B, 0x7F63, 0x1296, 0x7FB6, 0x128F, 0x7F3F, 0x1349, 0x7F1A, 
	0x11A1, 0x7F2C, 0x12EF, 0x7F36, 0x135F, 0x7F36, 0x126F, 0x7F23, 0x12DF, 0x7FA4, 0x11FC, 0x7FBF, 0x124B, 0x7F48, 0x1357, 0x7F51, 
	0x12AF, 0x7F6C, 0x11F9, 0x7EAD, 0x1193, 0x7EFF, 0x1349, 0x7F08, 0x12D9, 0x7ED1, 0x12DA, 0x7EBF, 0x128C, 0x7E6D, 0x128C, 0x7EFF, 
	0x12CC, 0x7F2C, 0x139D, 0x7F6C, 0x12F3, 0x7EDA, 0x133C, 0x7F1A, 0x1367, 0x7F63, 0x13AB, 0x7EF6, 0x13B2, 0x7EF6, 0x133A, 0x7EAD, 
	0x1415, 0x7EB6, 0x12FC, 0x7F48, 0x1320, 0x7EBF, 0x12F1, 0x7F76, 0x1367, 0x7EFF, 0x136F, 0x7EF6, 0x13E2, 0x7FAD, 0x1444, 0x7EB6, 
	0x1346, 0x7EEC, 0x13DA, 0x7F5A, 0x144B, 0x7EBF, 0x14A4, 0x7F36, 0x1445, 0x7EF6, 0x13B1, 0x7F1A, 0x1341, 0x7F9A, 0x13DC, 0x7F63, 
	0x1359, 0x7F2C, 0x1406, 0x7F36, 0x13B9, 0x7F23, 0x13BB, 0x7F5A, 0x145E, 0x7F11, 0x1346, 0x7F63, 0x149F, 0x7F76, 0x14A9, 0x7F91, 
	0x1400, 0x7FA4, 0x14E7, 0x7F9A, 0x13E9, 0x7FB6, 0x14A8, 0x7F63, 0x14DE, 0x7F76, 0x133A, 0x7F5A, 0x14A0, 0x7F5A, 0x1423, 0x7FDB, 
	0x1322, 0x7F63, 0x1343, 0x7F9A, 0x1434, 0x7F2C, 0x14E7, 0x7F88, 0x141B, 0x7FE4, 0x1458, 0x7F5A, 0x1419, 0x7FC9, 0x1359, 0x7EDA, 
	0x1390, 0x7F3F, 0x1365, 0x7FC9, 0x1445, 0x7EF6, 0x1480, 0x7FC9, 0x139D, 0x7F23, 0x1340, 0x7F6C, 0x1360, 0x7FED, 0x132D, 0x7FAD, 
	0x127E, 0x7FBF, 0x141F, 0x7F63, 0x1326, 0x7FA4, 0x13EC, 0x7FD2, 0x12C1, 0x7F51, 0x12D6, 0x801C, 0x134D, 0x7FD2, 0x1418, 0x7FB6, 
	0x134D, 0x805D, 0x1360, 0x7FDB, 0x13CA, 0x7FB6, 0x135E, 0x8054, 0x13A7, 0x7FED, 0x1328, 0x8013, 0x1332, 0x7FBF, 0x12DA, 0x7FD2, 
	0x13B8, 0x7FE4, 0x137C, 0x801C, 0x131B, 0x8013, 0x12DA, 0x8079, 0x1200, 0x7FBF, 0x139E, 0x801C, 0x12FF, 0x80B1, 0x12D3, 0x8054, 
	0x1378, 0x8013, 0x120F, 0x8009, 0x12F4, 0x801C, 0x1391, 0x808C, 0x1281, 0x8041, 0x12ED, 0x801C, 0x1274, 0x8082, 0x130B, 0x8054, 
	0x12EC, 0x8066, 0x136C, 0x8082, 0x11A1, 0x8095, 0x1146, 0x8082, 0x1358, 0x8054, 0x1130, 0x8070, 0x1230, 0x8070, 0x1217, 0x7FDB, 
	0x117F, 0x8054, 0x11F6, 0x8070, 0x11E1, 0x809E, 0x1145, 0x809E, 0x1127, 0x808C, 0x11A7, 0x80E9, 0x111D, 0x80E0, 0x10DF, 0x80E9, 
	0x1268, 0x80C4, 0x112A, 0x8095, 0x10BF, 0x80A8, 0x1192, 0x8079, 0x1012, 0x8066, 0x11DB, 0x80D6, 0x1100, 0x805D, 0x109E, 0x8095, 
	0x1073, 0x80E0, 0x10AD, 0x80F3, 0x1076, 0x8177, 0x100D, 0x80CD, 0x100E, 0x80D6, 0x10FC, 0x80BA, 0x0FF6, 0x80A8, 0x0FCF, 0x810F, 
	0x0F39, 0x812B, 0x10FF, 0x8105, 0x104F, 0x8118, 0x100F, 0x8135, 0x1020, 0x8122, 0x0F26, 0x8105, 0x100A, 0x8135, 0x10EA, 0x8151, 
	0x105E, 0x813E, 0x0F87, 0x8177, 0x1040, 0x8147, 0x115B, 0x8118, 0x10D8, 0x819D, 0x1035, 0x8105, 0x10E1, 0x81B0, 0x10D8, 0x810F, 
	0x1087, 0x8177, 0x10E5, 0x81C3, 0x1119, 0x8147, 0x1190, 0x8177, 0x113D, 0x81B0, 0x1151, 0x812B, 0x11CE, 0x8180, 0x112C, 0x8180, 
	0x113D, 0x8151, 0x10B0, 0x8147, 0x11F1, 0x8147, 0x114B, 0x81D6, 0x1182, 0x8105, 0x11B7, 0x81C3, 0x116F, 0x81FC, 0x106A, 0x812B, 
	0x117A, 0x8205, 0x125F, 0x8177, 0x11EF, 0x818A, 0x124C, 0x818A, 0x11FC, 0x815A, 0x119A, 0x8177, 0x1259, 0x81D6, 0x1273, 0x81CC, 
	0x115C, 0x81CC, 0x1244, 0x8164, 0x11EC, 0x81FC, 0x12EF, 0x81F2, 0x126E, 0x818A, 0x1215, 0x81D6, 0x12E0, 0x81A6, 0x11E5, 0x825C, 
	0x12CE, 0x81A6, 0x116E, 0x81C3, 0x11EB, 0x81D6, 0x125D, 0x8180, 0x110B, 0x81FC, 0x1220, 0x81C3, 0x11A7, 0x820F, 0x11E3, 0x81B9, 
	0x12AA, 0x81DF, 0x117E, 0x820F, 0x1264, 0x81DF, 0x1203, 0x81FC, 0x11A9, 0x81F2, 0x12D2, 0x8248, 0x12BE, 0x825C, 0x128F, 0x81DF, 
	0x12A2, 0x8222, 0x1219, 0x81CC, 0x1301, 0x81E9, 0x12C7, 0x822C, 0x12D9, 0x820F, 0x1257, 0x81C3, 0x125B, 0x8180, 0x12F5, 0x8248, 
	0x130F, 0x8235, 0x142A, 0x81D6, 0x1111, 0x81C3, 0x128B, 0x8248, 0x1345, 0x81FC, 0x1253, 0x81F2, 0x13D6, 0x823F, 0x13FC, 0x823F, 
	0x1343, 0x8235, 0x1311, 0x81FC, 0x11D2, 0x8248, 0x1388, 0x822C, 0x129D, 0x825C, 0x1226, 0x8235, 0x12E4, 0x81FC, 0x130D, 0x8248, 
	0x1332, 0x825C, 0x1380, 0x8282, 0x1375, 0x8219, 0x1346, 0x826F, 0x138D, 0x82A9, 0x1326, 0x828C, 0x1376, 0x8252, 0x1335, 0x823F, 
	0x1342, 0x828C, 0x12C4, 0x826F, 0x12CC, 0x8219, 0x137C, 0x8248, 0x1349, 0x828C, 0x13C4, 0x825C, 0x135F, 0x82F6, 0x1307, 0x82A9, 
	0x12F5, 0x82D9, 0x1339, 0x826F, 0x1310, 0x82A9, 0x141C, 0x82B2, 0x130B, 0x8327, 0x1328, 0x82E3, 0x12F1, 0x8330, 0x1380, 0x82D9, 
	0x1333, 0x8309, 0x12EB, 0x8388, 0x1318, 0x833A, 0x1343, 0x82E3, 0x13DA, 0x82CF, 0x1370, 0x8313, 0x13AC, 0x82EC, 0x1428, 0x836B, 
	0x13DA, 0x8327, 0x13DA, 0x833A, 0x13DB, 0x83EA, 0x13F2, 0x83D7, 0x143F, 0x8443, 0x1460, 0x84CE, 0x1430, 0x829F, 0x145A, 0x8265, 
	0x1448, 0x825C, 0x1418, 0x828C, 0x141D, 0x81FC, 0x1470, 0x8252, 0x149D, 0x8205, 0x1406, 0x81DF, 0x13BF, 0x81A6, 0x1419, 0x8222, 
	0x1458, 0x813E, 0x1536, 0x8222, 0x144C, 0x81C3, 0x13FA, 0x82D9, 0x1408, 0x81DF, 0x13A5, 0x8177, 0x156F, 0x815A, 0x1576, 0x81A6, 
	0x14CF, 0x813E, 0x14DD, 0x81B9, 0x1435, 0x8147, 0x13E8, 0x815A, 0x1355, 0x8177, 0x13AA, 0x812B, 0x1409, 0x812B, 0x13D4, 0x80D6, 
	0x1347, 0x8151, 0x13E2, 0x8180, 0x1439, 0x8122, 0x149A, 0x810F, 0x13C7, 0x810F, 0x13D6, 0x809E, 0x14D4, 0x8105, 0x1409, 0x8105, 
	0x131A, 0x80E9, 0x1440, 0x80F3, 0x14AA, 0x8082, 0x148E, 0x8164, 0x14A5, 0x8105, 0x13FE, 0x80B1, 0x1411, 0x8066, 0x13B2, 0x80A8, 
	0x13FD, 0x80A8, 0x1392, 0x8079, 0x1480, 0x80E0, 0x1356, 0x80C4, 0x1398, 0x80E0, 0x1429, 0x8070, 0x1348, 0x8038, 0x1448, 0x80E0, 
	0x13DA, 0x80C4, 0x14D7, 0x8079, 0x13E1, 0x8079, 0x13E6, 0x8009, 0x1374, 0x80F3, 0x13F9, 0x8066, 0x1414, 0x8025, 0x138F, 0x8079, 
	0x1468, 0x8041, 0x138B, 0x804A, 0x1340, 0x8038, 0x14BF, 0x801C, 0x1339, 0x802E, 0x1422, 0x7FED, 0x1352, 0x7FBF, 0x1469, 0x7FBF, 
	0x1454, 0x7FBF, 0x141C, 0x8079, 0x13F3, 0x7F51, 0x13C9, 0x7FA4, 0x1447, 0x7FD2, 0x13BE, 0x7FA4, 0x1385, 0x8025, 0x13ED, 0x8009, 
	0x12D0, 0x7F5A, 0x1450, 0x8000, 0x131A, 0x7F91, 0x1436, 0x7FE4, 0x13FA, 0x7FAD, 0x12CD, 0x7FC9, 0x12ED, 0x7F36, 0x134E, 0x8025, 
	0x12F2, 0x7FA4, 0x12B0, 0x7FED, 0x12AB, 0x7FB6, 0x1311, 0x7FA4, 0x1363, 0x8013, 0x1327, 0x7F76, 0x1206, 0x7FD2, 0x12C2, 0x7F91, 
	0x136B, 0x7F48, 0x12C3, 0x7FAD, 0x1402, 0x7F63, 0x1311, 0x7F76, 0x12E8, 0x7F6C, 0x12D1, 0x7F3F, 0x120E, 0x7F9A, 0x131C, 0x7FB6, 
	0x1279, 0x7FB6, 0x1253, 0x7FAD, 0x130F, 0x7EFF, 0x1333, 0x7F3F, 0x125E, 0x7F76, 0x128B, 0x7F1A, 0x11F0, 0x7F11, 0x125E, 0x7F23, 
	0x124B, 0x7FE4, 0x125B, 0x7F76, 0x131B, 0x7F51, 0x11F8, 0x7F2C, 0x1256, 0x7F5A, 0x127D, 0x7F9A, 0x11F9, 0x7FD2, 0x11FA, 0x7F9A, 
	0x1240, 0x7EF6, 0x1287, 0x7EFF, 0x127B, 0x7F63, 0x1296, 0x7FB6, 0x128F, 0x7F3F, 0x1349, 0x7F1A, 0x11A1, 0x7F2C, 0x12EF, 0x7F36, 
	0x135F, 0x7F36, 0x126F, 0x7F23, 0x12DF, 0x7FA4, 0x11FC, 0x7FBF, 0x124B, 0x7F48, 0x1357, 0x7F51, 0x12AF, 0x7F6C, 0x11F9, 0x7EAD, 
	0x1193, 0x7EFF, 0x1349, 0x7F08, 0x12D9, 0x7ED1, 0x12DA, 0x7EBF, 0x128C, 0x7E6D, 0x128C, 0x7EFF, 0x12CC, 0x7F2C, 0x139D, 0x7F6C, 
	0x12F3, 0x7EDA, 0x133C, 0x7F1A, 0x1367, 0x7F63, 0x13AB, 0x7EF6, 0x13B2, 0x7EF6, 0x133A, 0x7EAD, 0x1415, 0x7EB6, 0x12FC, 0x7F48, 
	0x1320, 0x7EBF, 0x12F1, 0x7F76, 0x1367, 0x7EFF, 0x136F, 0x7EF6, 0x13E2, 0x7FAD, 0x1444, 0x7EB6, 0x1346, 0x7EEC, 0x13DA, 0x7F5A, 
	0x144B, 0x7EBF, 0x14A4, 0x7F36, 0x1445, 0x7EF6, 0x13B1, 0x7F1A, 0x1341, 0x7F9A, 0x13DC, 0x7F63, 0x1359, 0x7F2C, 0x1406, 0x7F36, 
	0x13B9, 0x7F23, 0x13BB, 0x7F5A, 0x145E, 0x7F11, 0x1346, 0x7F63, 0x149F, 0x7F76, 0x14A9, 0x7F91, 0x1400, 0x7FA4, 0x14E7, 0x7F9A, 
	0x13E9, 0x7FB6, 0x14A8, 0x7F63, 0x14DE, 0x7F76, 0x133A, 0x7F5A, 0x14A0, 0x7F5A, 0x1423, 0x7FDB, 0x1322, 0x7F63, 0x1343, 0x7F9A, 
	0x1434, 0x7F2C, 0x14E7, 0x7F88, 0x141B, 0x7FE4, 0x1458, 0x7F5A, 0x1419, 0x7FC9, 0x1359, 0x7EDA, 0x1390, 0x7F3F, 0x1365, 0x7FC9, 
	0x1445, 0x7EF6, 0x1480, 0x7FC9, 0x139D, 0x7F23, 0x1340, 0x7F6C, 0x1360, 0x7FED, 0x132D, 0x7FAD, 0x127E, 0x7FBF, 0x141F, 0x7F63, 
	0x1326, 0x7FA4, 0x13EC, 0x7FD2, 0x12C1, 0x7F51, 0x12D6, 0x801C, 0x134D, 0x7FD2, 0x1418, 0x7FB6, 0x134D, 0x805D, 0x1360, 0x7FDB, 
	0x13CA, 0x7FB6, 0x135E, 0x8054, 0x13A7, 0x7FED, 0x1328, 0x8013, 0x1332, 0x7FBF, 0x12DA, 0x7FD2, 0x13B8, 0x7FE4, 0x137C, 0x801C, 
	0x131B, 0x8013, 0x12DA, 0x8079, 0x1200, 0x7FBF, 0x139E, 0x801C, 0x12FF, 0x80B1, 0x12D3, 0x8054, 0x1378, 0x8013, 0x120F, 0x8009, 
	0x12F4, 0x801C, 0x1391, 0x808C, 0x1281, 0x8041, 0x12ED, 0x801C, 0x1274, 0x8082, 0x130B, 0x8054, 0x12EC, 0x8066, 0x136C, 0x8082, 
	0x11A1, 0x8095, 0x1146, 0x8082, 0x1358, 0x8054, 0x1130, 0x8070, 0x1230, 0x8070, 0x1217, 0x7FDB, 0x117F, 0x8054, 0x11F6, 0x8070, 
	0x11E1, 0x809E, 0x1145, 0x809E, 0x1127, 0x808C, 0x11A7, 0x80E9, 0x111D, 0x80E0, 0x10DF, 0x80E9, 0x1268, 0x80C4, 0x112A, 0x8095, 
	0x10BF, 0x80A8, 0x1192, 0x8079, 0x1012, 0x8066, 0x11DB, 0x80D6, 0x1100, 0x805D, 0x109E, 0x8095, 0x1073, 0x80E0, 0x10AD, 0x80F3, 
	0x1076, 0x8177, 0x100D, 0x80CD, 0x100E, 0x80D6, 0x10FC, 0x80BA, 0x0FF6, 0x80A8, 0x0FCF, 0x810F, 0x0F39, 0x812B, 0x10FF, 0x8105, 
	0x1442, 0x8265, 0x13B7, 0x8279, 0x13E5, 0x8205, 0x142C, 0x8295, 0x13BE, 0x8248, 0x132E, 0x81E9, 0x13CA, 0x81F2, 0x13CB, 0x8177, 
	0x131F, 0x81E9, 0x1396, 0x8252, 0x131C, 0x816D, 0x1465, 0x81D6, 0x1419, 0x81A6, 0x1443, 0x81E9, 0x1349, 0x8252, 0x139D, 0x8135, 
	0x14A3, 0x8151, 0x1543, 0x81FC, 0x1459, 0x8147, 0x13EB, 0x8180, 0x1396, 0x818A, 0x136C, 0x818A, 0x1399, 0x8122, 0x142A, 0x8164, 
	0x13B5, 0x8151, 0x1379, 0x8164, 0x13C1, 0x80F3, 0x13CC, 0x813E, 0x13A3, 0x80F3, 0x1480, 0x8177, 0x13D5, 0x80F3, 0x1390, 0x8122, 
	0x13AB, 0x80F3, 0x13BF, 0x8105, 0x1321, 0x8105, 0x1387, 0x8164, 0x142A, 0x8041, 0x1440, 0x80BA, 0x1453, 0x80C4, 0x13DF, 0x80BA, 
	0x137F, 0x8095, 0x1398, 0x8079, 0x13FC, 0x8066, 0x1363, 0x8082, 0x1432, 0x8082, 0x133A, 0x8066, 0x1371, 0x80B1, 0x1422, 0x80F3, 
	0x12BC, 0x805D, 0x13E4, 0x80A8, 0x13E3, 0x8079, 0x14CF, 0x802E, 0x13D8, 0x80C4, 0x136F, 0x804A, 0x1349, 0x8079, 0x13C7, 0x808C, 
	0x132C, 0x8041, 0x1381, 0x809E, 0x13A9, 0x8013, 0x12E3, 0x808C, 0x12FC, 0x7FE4, 0x13DA, 0x8000, 0x1327, 0x7FF7, 0x1341, 0x8009, 
	0x125D, 0x802E, 0x1422, 0x802E, 0x1410, 0x7FED, 0x136B, 0x8079, 0x139A, 0x7FED, 0x1335, 0x7FB6, 0x13FA, 0x8000, 0x126F, 0x7F88, 
	0x1365, 0x8066, 0x1363, 0x7FF7, 0x12FC, 0x7FB6, 0x13FA, 0x7FC9, 0x12F0, 0x7FB6, 0x13CD, 0x7FAD, 0x139C, 0x7F91, 0x1275, 0x7FD2, 
	0x1257, 0x7F9A, 0x12D8, 0x7F63, 0x12EE, 0x7FC9, 0x1230, 0x7FDB, 0x1221, 0x7FB6, 0x1284, 0x7F76, 0x12ED, 0x8000, 0x1275, 0x7F91, 
	0x1168, 0x7FDB, 0x11B9, 0x7F9A, 0x126F, 0x7F76, 0x11DE, 0x7F88, 0x130F, 0x7F76, 0x1225, 0x7FB6, 0x12F4, 0x7F23, 0x1290, 0x7F6C, 
	0x11DF, 0x7F7F, 0x127B, 0x7FB6, 0x11AF, 0x7F7F, 0x1246, 0x7F7F, 0x1275, 0x7F6C, 0x12EE, 0x7F48, 0x121A, 0x7F88, 0x11DD, 0x7F11, 
	0x11AF, 0x7EE3, 0x11D3, 0x7F88, 0x127C, 0x7F9A, 0x114C, 0x7F76, 0x122A, 0x7F9A, 0x117B, 0x7F88, 0x1223, 0x7FB6, 0x11D6, 0x7F9A, 
	0x11F5, 0x7F51, 0x11AD, 0x7F6C, 0x11CE, 0x7EFF, 0x127E, 0x7F1A, 0x1275, 0x7F7F, 0x1263, 0x7FB6, 0x119B, 0x7EDA, 0x12A3, 0x7F2C, 
	0x10FA, 0x7F88, 0x12A2, 0x7FE4, 0x12D2, 0x7F3F, 0x1156, 0x7EFF, 0x123D, 0x7F08, 0x118A, 0x7F7F, 0x127D, 0x7F08, 0x130E, 0x7F9A, 
	0x1239, 0x7EAD, 0x11BF, 0x7EDA, 0x1199, 0x7EE3, 0x1351, 0x7F3F, 0x128F, 0x7ED1, 0x1257, 0x7EFF, 0x1209, 0x7ED1, 0x1270, 0x7F2C, 
	0x135F, 0x7EE3, 0x134C, 0x7F91, 0x1304, 0x7EBF, 0x12D8, 0x7EEC, 0x1302, 0x7F2C, 0x12FE, 0x7EDA, 0x13A7, 0x7F3F, 0x12D8, 0x7F7F, 
	0x140B, 0x7EAD, 0x12C7, 0x7F2C, 0x12FC, 0x7F23, 0x12FB, 0x7EFF, 0x13CC, 0x7F08, 0x1291, 0x7ED1, 0x12F0, 0x7F36, 0x1368, 0x7EF6, 
	0x1321, 0x7EDA, 0x1325, 0x7F63, 0x133E, 0x7EEC, 0x144E, 0x7F91, 0x141B, 0x7F3F, 0x13E1, 0x7F23, 0x1252, 0x7FB6, 0x13BF, 0x7EF6, 
	0x133F, 0x7F23, 0x13CC, 0x7F91, 0x1379, 0x7F91, 0x1353, 0x7FBF, 0x13B4, 0x7F08, 0x132E, 0x7EC8, 0x140A, 0x7F08, 0x14BB, 0x7F76, 
	0x13E0, 0x7F23, 0x14D9, 0x7FD2, 0x13DD, 0x7F3F, 0x14D5, 0x7F7F, 0x141C, 0x7F48, 0x134C, 0x7F76, 0x1392, 0x7F51, 0x1439, 0x7F91, 
	0x133D, 0x7F1A, 0x13D7, 0x7F6C, 0x1392, 0x7F9A, 0x142B, 0x7F63, 0x13BE, 0x7F9A, 0x13C5, 0x7F3F, 0x13B1, 0x7F7F, 0x131A, 0x7F88, 
	0x1307, 0x7F11, 0x12E8, 0x7FD2, 0x1418, 0x7F11, 0x1432, 0x7FA4, 0x1389, 0x7F76, 0x1312, 0x7F76, 0x12EE, 0x7F9A, 0x12F8, 0x7FF7, 
	0x130B, 0x7FBF, 0x1350, 0x7FA4, 0x12FC, 0x7FBF, 0x138B, 0x8025, 0x1237, 0x7F7F, 0x1369, 0x7F9A, 0x12ED, 0x7FF7, 0x1363, 0x7FA4, 
	0x130F, 0x801C, 0x1332, 0x7FAD, 0x13D2, 0x7FC9, 0x12DC, 0x801C, 0x13C5, 0x7FF7, 0x1356, 0x8009, 0x132A, 0x8066, 0x1247, 0x7FD2, 
	0x1374, 0x7FAD, 0x1323, 0x8000, 0x121E, 0x7FBF, 0x12CA, 0x805D, 0x1228, 0x802E, 0x1366, 0x801C, 0x12D0, 0x8013, 0x1287, 0x8013, 
	0x12F3, 0x802E, 0x1146, 0x8009, 0x1152, 0x7FE4, 0x130D, 0x7FDB, 0x123E, 0x8095, 0x1306, 0x801C, 0x12E6, 0x808C, 0x12E2, 0x801C, 
	0x127D, 0x8054, 0x136C, 0x809E, 0x114A, 0x8066, 0x10D9, 0x8082, 0x1355, 0x8070, 0x11D7, 0x808C, 0x124D, 0x8066, 0x1121, 0x8095, 
	0x115A, 0x805D, 0x11B8, 0x8095, 0x11BA, 0x802E, 0x1127, 0x80BA, 0x1082, 0x8070, 0x1137, 0x80A8, 0x115F, 0x80E0, 0x1094, 0x810F, 
	0x11F2, 0x809E, 0x1107, 0x80C4, 0x10D6, 0x804A, 0x1107, 0x80CD, 0x1028, 0x80A8, 0x10BF, 0x80E0, 0x0FDD, 0x80FC, 0x1094, 0x8041, 
	0x107C, 0x8070, 0x100C, 0x80E9, 0x1086, 0x809E, 0x0F10, 0x80CD, 0x0FA3, 0x810F, 0x1074, 0x8066, 0x0F60, 0x80F3, 0x0F97, 0x80E9, 
	0x0E68, 0x80BA, 0x1082, 0x80A8, 0x0FCF, 0x80B1, 0x0F90, 0x812B, 0x0FAF, 0x818A, 0x0EB5, 0x810F, 0x0F6B, 0x812B, 0x10C3, 0x8151, 
	0x1031, 0x816D, 0x0F98, 0x8135, 0x0F95, 0x8164, 0x10AE, 0x80E0, 0x110B, 0x8193, 0x0F72, 0x80E9, 0x107D, 0x81DF, 0x1002, 0x815A, 
	0x1074, 0x8118, 0x104C, 0x819D, 0x10BD, 0x8122, 0x1120, 0x81DF, 0x106A, 0x8164, 0x108C, 0x80D6, 0x1136, 0x8118, 0x10F2, 0x80E0, 
	0x10B6, 0x8164, 0x105F, 0x81DF, 0x120C, 0x8135, 0x1192, 0x8180, 0x1127, 0x8180, 0x115B, 0x81B0, 0x1076, 0x8205, 0x1092, 0x81A6, 
	0x10D7, 0x8177, 0x1281, 0x80C4, 0x11EF, 0x81C3, 0x1167, 0x81C3, 0x11BB, 0x816D, 0x1144, 0x816D, 0x1201, 0x81F2, 0x11C5, 0x81B9, 
	0x1062, 0x8222, 0x1175, 0x816D, 0x1190, 0x8248, 0x121B, 0x81B9, 0x11F5, 0x81DF, 0x122D, 0x81FC, 0x1293, 0x81E9, 0x11FD, 0x8222, 
	0x126A, 0x8180, 0x10E0, 0x82A9, 0x11AF, 0x81B0, 0x1195, 0x8177, 0x10F7, 0x81D6, 0x11A0, 0x81E9, 0x11CC, 0x8219, 0x1205, 0x81E9, 
	0x11C1, 0x81B0, 0x1185, 0x8248, 0x11D3, 0x8235, 0x1202, 0x81B9, 0x1138, 0x81C3, 0x1240, 0x8205, 0x11E3, 0x8235, 0x12E1, 0x81B0, 
	0x12D2, 0x81CC, 0x118A, 0x81F2, 0x1261, 0x81D6, 0x1271, 0x81E9, 0x1225, 0x823F, 0x11E0, 0x81CC, 0x11EA, 0x81D6, 0x1290, 0x820F, 
	0x123D, 0x823F, 0x133C, 0x826F, 0x10DE, 0x81CC, 0x11F9, 0x81DF, 0x134D, 0x8222, 0x1221, 0x8248, 0x130B, 0x8265, 0x1383, 0x820F, 
	0x1297, 0x81E9, 0x12CA, 0x8205, 0x1205, 0x828C, 0x130E, 0x826F, 0x128D, 0x8252, 0x124F, 0x820F, 0x12D6, 0x8235, 0x1308, 0x8282, 
	0x12AC, 0x82CF, 0x1347, 0x8282, 0x1322, 0x8205, 0x1327, 0x826F, 0x1334, 0x8222, 0x12C0, 0x8265, 0x12FB, 0x8265, 0x12CB, 0x82BC, 
	0x129B, 0x820F, 0x121C, 0x8265, 0x12BF, 0x8282, 0x1371, 0x829F, 0x1305, 0x8295, 0x13BD, 0x8295, 0x132F, 0x82D9, 0x128E, 0x829F, 
	0x1297, 0x8252, 0x131E, 0x82BC, 0x1303, 0x8313, 0x1362, 0x8282, 0x12DF, 0x82CF, 0x1304, 0x82B2, 0x1313, 0x831D, 0x12B8, 0x8309, 
	0x12CD, 0x82EC, 0x12D3, 0x8361, 0x129B, 0x836B, 0x1365, 0x831D, 0x135F, 0x8375, 0x131A, 0x82E3, 0x131B, 0x8361, 0x145A, 0x8330, 
	0x136E, 0x8313, 0x1336, 0x83E0, 0x13EF, 0x83A6, 0x137B, 0x8425, 0x1408, 0x84A6, 0x13F7, 0x84CE, 0x1442, 0x8265, 0x13B7, 0x8279, 
	0x13E5, 0x8205, 0x142C, 0x8295, 0x13BE, 0x8248, 0x132E, 0x81E9, 0x13CA, 0x81F2, 0x13CB, 0x8177, 0x131F, 0x81E9, 0x1396, 0x8252, 
	0x131C, 0x816D, 0x1465, 0x81D6, 0x1419, 0x81A6, 0x1443, 0x81E9, 0x1349, 0x8252, 0x139D, 0x8135, 0x14A3, 0x8151, 0x1543, 0x81FC, 
	0x1459, 0x8147, 0x13EB, 0x8180, 0x1396, 0x818A, 0x136C, 0x818A, 0x1399, 0x8122, 0x142A, 0x8164, 0x13B5, 0x8151, 0x1379, 0x8164, 
	0x13C1, 0x80F3, 0x13CC, 0x813E, 0x13A3, 0x80F3, 0x1480, 0x8177, 0x13D5, 0x80F3, 0x1390, 0x8122, 0x13AB, 0x80F3, 0x13BF, 0x8105, 
	0x1321, 0x8105, 0x1387, 0x8164, 0x142A, 0x8041, 0x1440, 0x80BA, 0x1453, 0x80C4, 0x13DF, 0x80BA, 0x137F, 0x8095, 0x1398, 0x8079, 
	0x13FC, 0x8066, 0x1363, 0x8082, 0x1432, 0x8082, 0x133A, 0x8066, 0x1371, 0x80B1, 0x1422, 0x80F3, 0x12BC, 0x805D, 0x13E4, 0x80A8, 
	0x13E3, 0x8079, 0x14CF, 0x802E, 0x13D8, 0x80C4, 0x136F, 0x804A, 0x1349, 0x8079, 0x13C7, 0x808C, 0x132C, 0x8041, 0x1381, 0x809E, 
	0x13A9, 0x8013, 0x12E3, 0x808C, 0x12FC, 0x7FE4, 0x13DA, 0x8000, 0x1327, 0x7FF7, 0x1341, 0x8009, 0x125D, 0x802E, 0x1422, 0x802E, 
	0x1410, 0x7FED, 0x136B, 0x8079, 0x139A, 0x7FED, 0x1335, 0x7FB6, 0x13FA, 0x8000, 0x126F, 0x7F88, 0x1365, 0x8066, 0x1363, 0x7FF7, 
	0x12FC, 0x7FB6, 0x13FA, 0x7FC9, 0x12F0, 0x7FB6, 0x13CD, 0x7FAD, 0x139C, 0x7F91, 0x1275, 0x7FD2, 0x1257, 0x7F9A, 0x12D8, 0x7F63, 
	0x12EE, 0x7FC9, 0x1230, 0x7FDB, 0x1221, 0x7FB6, 0x1284, 0x7F76, 0x12ED, 0x8000, 0x1275, 0x7F91, 0x1168, 0x7FDB, 0x11B9, 0x7F9A, 
	0x126F, 0x7F76, 0x11DE, 0x7F88, 0x130F, 0x7F76, 0x1225, 0x7FB6, 0x12F4, 0x7F23, 0x1290, 0x7F6C, 0x11DF, 0x7F7F, 0x127B, 0x7FB6, 
	0x11AF, 0x7F7F, 0x1246, 0x7F7F, 0x1275, 0x7F6C, 0x12EE, 0x7F48, 0x121A, 0x7F88, 0x11DD, 0x7F11, 0x11AF, 0x7EE3, 0x11D3, 0x7F88, 
	0x127C, 0x7F9A, 0x114C, 0x7F76, 0x122A, 0x7F9A, 0x117B, 0x7F88, 0x1223, 0x7FB6, 0x11D6, 0x7F9A, 0x11F5, 0x7F51, 0x11AD, 0x7F6C, 
	0x11CE, 0x7EFF, 0x127E, 0x7F1A, 0x1275, 0x7F7F, 0x1263, 0x7FB6, 0x119B, 0x7EDA, 0x12A3, 0x7F2C, 0x10FA, 0x7F88, 0x12A2, 0x7FE4, 
	0x12D2, 0x7F3F, 0x1156, 0x7EFF, 0x123D, 0x7F08, 0x118A, 0x7F7F, 0x127D, 0x7F08, 0x130E, 0x7F9A, 0x1239, 0x7EAD, 0x11BF, 0x7EDA, 
	0x1199, 0x7EE3, 0x1351, 0x7F3F, 0x128F, 0x7ED1, 0x1257, 0x7EFF, 0x1209, 0x7ED1, 0x1270, 0x7F2C, 0x135F, 0x7EE3, 0x134C, 0x7F91, 
	0x1304, 0x7EBF, 0x12D8, 0x7EEC, 0x1302, 0x7F2C, 0x12FE, 0x7EDA, 0x13A7, 0x7F3F, 0x12D8, 0x7F7F, 0x140B, 0x7EAD, 0x12C7, 0x7F2C, 
	0x12FC, 0x7F23, 0x12FB, 0x7EFF, 0x13CC, 0x7F08, 0x1291, 0x7ED1, 0x12F0, 0x7F36, 0x1368, 0x7EF6, 0x1321, 0x7EDA, 0x1325, 0x7F63, 
	0x133E, 0x7EEC, 0x144E, 0x7F91, 0x141B, 0x7F3F, 0x13E1, 0x7F23, 0x1252, 0x7FB6, 0x13BF, 0x7EF6, 0x133F, 0x7F23, 0x13CC, 0x7F91, 
	0x1379, 0x7F91, 0x1353, 0x7FBF, 0x13B4, 0x7F08, 0x132E, 0x7EC8, 0x140A, 0x7F08, 0x14BB, 0x7F76, 0x13E0, 0x7F23, 0x14D9, 0x7FD2, 
	0x13DD, 0x7F3F, 0x14D5, 0x7F7F, 0x141C, 0x7F48, 0x134C, 0x7F76, 0x1392, 0x7F51, 0x1439, 0x7F91, 0x133D, 0x7F1A, 0x13D7, 0x7F6C, 
	0x1392, 0x7F9A, 0x142B, 0x7F63, 0x13BE, 0x7F9A, 0x13C5, 0x7F3F, 0x13B1, 0x7F7F, 0x131A, 0x7F88, 0x1307, 0x7F11, 0x12E8, 0x7FD2, 
	0x1418, 0x7F11, 0x1432, 0x7FA4, 0x1389, 0x7F76, 0x1312, 0x7F76, 0x12EE, 0x7F9A, 0x12F8, 0x7FF7, 0x130B, 0x7FBF, 0x1350, 0x7FA4, 
	0x12FC, 0x7FBF, 0x138B, 0x8025, 0x1237, 0x7F7F, 0x1369, 0x7F9A, 0x12ED, 0x7FF7, 0x1363, 0x7FA4, 0x130F, 0x801C, 0x1332, 0x7FAD, 
	0x13D2, 0x7FC9, 0x12DC, 0x801C, 0x13C5, 0x7FF7, 0x1356, 0x8009, 0x132A, 0x8066, 0x1247, 0x7FD2, 0x1374, 0x7FAD, 0x1323, 0x8000, 
	0x121E, 0x7FBF, 0x12CA, 0x805D, 0x1228, 0x802E, 0x1366, 0x801C, 0x12D0, 0x8013, 0x1287, 0x8013, 0x12F3, 0x802E, 0x1146, 0x8009, 
	0x1152, 0x7FE4, 0x130D, 0x7FDB, 0x123E, 0x8095, 0x1306, 0x801C, 0x12E6, 0x808C, 0x12E2, 0x801C, 0x127D, 0x8054, 0x136C, 0x809E, 
	0x114A, 0x8066, 0x10D9, 0x8082, 0x1355, 0x8070, 0x11D7, 0x808C, 0x124D, 0x8066, 0x1121, 0x8095, 0x115A, 0x805D, 0x11B8, 0x8095, 
	0x11BA, 0x802E, 0x1127, 0x80BA, 0x1082, 0x8070, 0x1137, 0x80A8, 0x115F, 0x80E0, 0x1094, 0x810F, 0x11F2, 0x809E, 0x1107, 0x80C4, 
	0x10D6, 0x804A, 0x1107, 0x80CD, 0x1028, 0x80A8, 0x10BF, 0x80E0, 0x0FDD, 0x80FC, 0x1094, 0x8041, 0x107C, 0x8070, 0x100C, 0x80E9, 
	0x1086, 0x809E, 0x0F10, 0x80CD, 0x0FA3, 0x810F, 0x1074, 0x8066, 0x0F60, 0x80F3, 0x0F97, 0x80E9, 0x0E68, 0x80BA, 0x1082, 0x80A8, 
	0x1307, 0x8252, 0x13ED, 0x825C, 0x1427, 0x828C, 0x1425, 0x8265, 0x139F, 0x8282, 0x138C, 0x8248, 0x140F, 0x81B0, 0x1328, 0x81DF, 
	0x1338, 0x829F, 0x133E, 0x825C, 0x137F, 0x81A6, 0x13F4, 0x819D, 0x13A0, 0x8193, 0x1425, 0x81CC, 0x13D8, 0x81CC, 0x12C8, 0x8177, 
	0x1435, 0x8105, 0x14EE, 0x81D6, 0x134C, 0x8180, 0x13E9, 0x8205, 0x12A5, 0x81B0, 0x13F6, 0x8118, 0x132A, 0x8151, 0x13BB, 0x8177, 
	0x1380, 0x8151, 0x1367, 0x8193, 0x13B1, 0x80C4, 0x1398, 0x810F, 0x1441, 0x80E9, 0x13BB, 0x8135, 0x12E0, 0x8122, 0x13A5, 0x8105, 
	0x14AF, 0x80CD, 0x139C, 0x8118, 0x12E0, 0x8147, 0x12EC, 0x812B, 0x13DA, 0x805D, 0x1392, 0x8105, 0x142B, 0x80A8, 0x13DB, 0x80F3, 
	0x129F, 0x8066, 0x12F6, 0x8038, 0x136A, 0x80C4, 0x1376, 0x808C, 0x13E9, 0x80E0, 0x12FA, 0x80C4, 0x12BE, 0x805D, 0x13C4, 0x80CD, 
	0x1267, 0x8070, 0x137B, 0x8041, 0x136D, 0x8054, 0x1460, 0x8038, 0x1415, 0x8054, 0x1446, 0x802E, 0x1458, 0x8041, 0x149B, 0x8082, 
	0x132E, 0x805D, 0x1316, 0x8070, 0x1454, 0x8066, 0x1244, 0x8000, 0x12BB, 0x804A, 0x1348, 0x7FD2, 0x12FA, 0x801C, 0x1441, 0x8041, 
	0x12FE, 0x7F91, 0x13CF, 0x8013, 0x1381, 0x7FD2, 0x138B, 0x8070, 0x13C1, 0x7FA4, 0x1346, 0x7FF7, 0x130E, 0x801C, 0x13A8, 0x7FC9, 
	0x1398, 0x7FAD, 0x132B, 0x801C, 0x128C, 0x8009, 0x13D4, 0x7FBF, 0x12B0, 0x7F3F, 0x13B0, 0x7FED, 0x12D1, 0x8013, 0x1240, 0x8009, 
	0x11F2, 0x7F6C, 0x12F3, 0x7FBF, 0x138E, 0x7F7F, 0x1225, 0x8025, 0x1176, 0x7FB6, 0x120B, 0x7FBF, 0x1293, 0x7F76, 0x130C, 0x7F63, 
	0x1218, 0x7FE4, 0x124F, 0x7F7F, 0x12B3, 0x7F88, 0x11D7, 0x7FB6, 0x12C0, 0x7F48, 0x11B9, 0x7FC9, 0x124B, 0x7F91, 0x1253, 0x7F88, 
	0x112B, 0x7F2C, 0x126D, 0x7F7F, 0x116C, 0x7F7F, 0x120A, 0x7F9A, 0x12D6, 0x7F36, 0x1302, 0x7F76, 0x121E, 0x7F23, 0x1200, 0x7F7F, 
	0x11CA, 0x7F36, 0x12DD, 0x7FE4, 0x11DE, 0x7F5A, 0x1260, 0x7F2C, 0x120E, 0x7F5A, 0x125D, 0x7EDA, 0x12BB, 0x7FA4, 0x117C, 0x8000, 
	0x11B6, 0x7EF6, 0x11D5, 0x7F88, 0x1212, 0x7F5A, 0x1298, 0x7F3F, 0x1203, 0x7F1A, 0x11E2, 0x7F76, 0x11AC, 0x7F11, 0x1313, 0x7F23, 
	0x1204, 0x7F23, 0x1255, 0x7FBF, 0x1279, 0x7F91, 0x1154, 0x7EC8, 0x1266, 0x7F51, 0x1211, 0x7FB6, 0x1315, 0x7F88, 0x126A, 0x7F36, 
	0x1226, 0x7EEC, 0x11BC, 0x7EFF, 0x11A0, 0x7F1A, 0x12E0, 0x7F36, 0x123B, 0x7F2C, 0x1259, 0x7EAD, 0x122B, 0x7EAD, 0x1294, 0x7F48, 
	0x1315, 0x7F3F, 0x1387, 0x7F63, 0x12D8, 0x7F08, 0x12CF, 0x7EBF, 0x1342, 0x7F1A, 0x135F, 0x7F63, 0x1373, 0x7FB6, 0x12BB, 0x7F3F, 
	0x12D6, 0x7E9B, 0x13B5, 0x7F36, 0x1303, 0x7EF6, 0x12C2, 0x7F48, 0x13A5, 0x7F2C, 0x1367, 0x7EE3, 0x130F, 0x7F48, 0x134D, 0x7F1A, 
	0x138F, 0x7F9A, 0x12D7, 0x7F36, 0x130F, 0x7F11, 0x1471, 0x7EAD, 0x13ED, 0x7F11, 0x149C, 0x7EFF, 0x11F9, 0x7F3F, 0x13C8, 0x7F23, 
	0x13B8, 0x7ED1, 0x1376, 0x7EE3, 0x13DE, 0x7F48, 0x1338, 0x7F9A, 0x1371, 0x7F23, 0x127E, 0x7F11, 0x139F, 0x7F5A, 0x14C7, 0x7F63, 
	0x1409, 0x7F5A, 0x1460, 0x7F48, 0x1437, 0x7FA4, 0x1481, 0x7F6C, 0x1477, 0x7F76, 0x1372, 0x7FC9, 0x12FA, 0x7F7F, 0x1425, 0x7F51, 
	0x1362, 0x7F1A, 0x1385, 0x7F7F, 0x13F1, 0x7F88, 0x1475, 0x7F7F, 0x13E6, 0x8000, 0x14A8, 0x7F5A, 0x132B, 0x7F36, 0x1331, 0x7FD2, 
	0x12FE, 0x7F23, 0x12FF, 0x7F88, 0x1420, 0x7F48, 0x1457, 0x7FD2, 0x1308, 0x7F6C, 0x1296, 0x7F63, 0x13A6, 0x801C, 0x12E4, 0x8041, 
	0x123F, 0x7FB6, 0x13C8, 0x7FBF, 0x13D5, 0x801C, 0x1419, 0x7FE4, 0x12E0, 0x7FA4, 0x12FE, 0x7F51, 0x12EB, 0x7F6C, 0x1357, 0x8038, 
	0x13AC, 0x801C, 0x141C, 0x7FDB, 0x132F, 0x7FE4, 0x12F1, 0x7FD2, 0x12D6, 0x7FAD, 0x1402, 0x8013, 0x12A1, 0x8041, 0x1245, 0x802E, 
	0x13FF, 0x8070, 0x1317, 0x7FC9, 0x12D3, 0x7FBF, 0x123D, 0x8054, 0x1248, 0x8025, 0x1345, 0x7F91, 0x1268, 0x801C, 0x129C, 0x8070, 
	0x12DA, 0x805D, 0x11F7, 0x804A, 0x11D5, 0x801C, 0x1292, 0x8013, 0x1276, 0x7FD2, 0x1362, 0x80B1, 0x127A, 0x80C4, 0x12AE, 0x804A, 
	0x121E, 0x8151, 0x1309, 0x8070, 0x111E, 0x80FC, 0x1177, 0x8066, 0x12D1, 0x8066, 0x11D4, 0x80C4, 0x1271, 0x80C4, 0x11DB, 0x804A, 
	0x11D7, 0x80D6, 0x1212, 0x8079, 0x11D5, 0x80B1, 0x1108, 0x804A, 0x1091, 0x80B1, 0x11BB, 0x80E9, 0x10B0, 0x8066, 0x1019, 0x80BA, 
	0x117E, 0x80B1, 0x10E4, 0x80BA, 0x1024, 0x80CD, 0x10E2, 0x8105, 0x100E, 0x8135, 0x10EE, 0x810F, 0x10FF, 0x80F3, 0x1083, 0x80B1, 
	0x1031, 0x808C, 0x1024, 0x8105, 0x10DD, 0x80E9, 0x0F4E, 0x80C4, 0x0F2F, 0x80E0, 0x10BB, 0x80E9, 0x0F6D, 0x8151, 0x0FB3, 0x8151, 
	0x0EF3, 0x80E0, 0x1047, 0x809E, 0x1066, 0x80A8, 0x0FE4, 0x80F3, 0x0F80, 0x8180, 0x0F60, 0x813E, 0x0F91, 0x8118, 0x1093, 0x81B9, 
	0x0F75, 0x8135, 0x0F94, 0x8164, 0x101C, 0x8151, 0x0FE1, 0x809E, 0x1091, 0x816D, 0x0FF1, 0x80E0, 0x10DC, 0x815A, 0x103A, 0x8151, 
	0x108C, 0x8147, 0x108B, 0x81B9, 0x0FEA, 0x818A, 0x1113, 0x8180, 0x0FE2, 0x81C3, 0x107B, 0x80D6, 0x11AF, 0x8193, 0x105F, 0x8180, 
	0x108F, 0x8177, 0x103F, 0x81D6, 0x1130, 0x8180, 0x10CA, 0x810F, 0x11BD, 0x818A, 0x114B, 0x81B0, 0x104B, 0x8222, 0x10DB, 0x8164, 
	0x118A, 0x813E, 0x1230, 0x8193, 0x11E5, 0x81FC, 0x1143, 0x815A, 0x117A, 0x8147, 0x116B, 0x813E, 0x1198, 0x81A6, 0x11DF, 0x8219, 
	0x1147, 0x8235, 0x11D0, 0x8151, 0x11A7, 0x81F2, 0x120E, 0x81F2, 0x11BA, 0x81FC, 0x1109, 0x8205, 0x1214, 0x818A, 0x1221, 0x822C, 
	0x1228, 0x823F, 0x10B8, 0x825C, 0x114C, 0x81B0, 0x1186, 0x81DF, 0x111E, 0x820F, 0x11A1, 0x81DF, 0x116F, 0x81A6, 0x1202, 0x8205, 
	0x12C9, 0x8180, 0x1176, 0x822C, 0x1287, 0x81C3, 0x1173, 0x81DF, 0x1175, 0x8219, 0x1279, 0x81B0, 0x1226, 0x81E9, 0x1336, 0x81FC, 
	0x11D5, 0x81B0, 0x1191, 0x81F2, 0x1207, 0x81D6, 0x12A8, 0x81DF, 0x1204, 0x81B9, 0x118D, 0x81FC, 0x1136, 0x823F, 0x12BB, 0x820F, 
	0x1233, 0x820F, 0x139A, 0x8235, 0x10E1, 0x822C, 0x1185, 0x823F, 0x12B9, 0x822C, 0x126A, 0x820F, 0x12D4, 0x8219, 0x1310, 0x820F, 
	0x1295, 0x8252, 0x1250, 0x8235, 0x1227, 0x8235, 0x1293, 0x81E9, 0x1246, 0x829F, 0x12D1, 0x81C3, 0x1254, 0x825C, 0x12EA, 0x825C, 
	0x1312, 0x829F, 0x13B1, 0x8282, 0x1364, 0x828C, 0x1341, 0x8219, 0x12D0, 0x8265, 0x119D, 0x82C6, 0x1365, 0x82B2, 0x1309, 0x826F, 
	0x135D, 0x8279, 0x12CB, 0x8235, 0x1328, 0x826F, 0x13AF, 0x825C, 0x128E, 0x82C6, 0x13B5, 0x81FC, 0x13BC, 0x8265, 0x12E7, 0x8282, 
	0x12EB, 0x82A9, 0x13D9, 0x82BC, 0x1358, 0x82E3, 0x1270, 0x829F, 0x1312, 0x8309, 0x12C1, 0x82BC, 0x132C, 0x8330, 0x127C, 0x836B, 
	0x12EF, 0x834E, 0x12D7, 0x834E, 0x12E2, 0x8330, 0x12D2, 0x8327, 0x1329, 0x83A6, 0x1289, 0x833A, 0x1323, 0x82EC, 0x13B2, 0x8375, 
	0x13FF, 0x831D, 0x130E, 0x8408, 0x13B5, 0x8412, 0x1332, 0x8425, 0x1392, 0x8443, 0x13B3, 0x855A, 0x1307, 0x8252, 0x13ED, 0x825C, 
	0x1427, 0x828C, 0x1425, 0x8265, 0x139F, 0x8282, 0x138C, 0x8248, 0x140F, 0x81B0, 0x1328, 0x81DF, 0x1338, 0x829F, 0x133E, 0x825C, 
	0x137F, 0x81A6, 0x13F4, 0x819D, 0x13A0, 0x8193, 0x1425, 0x81CC, 0x13D8, 0x81CC, 0x12C8, 0x8177, 0x1435, 0x8105, 0x14EE, 0x81D6, 
	0x134C, 0x8180, 0x13E9, 0x8205, 0x12A5, 0x81B0, 0x13F6, 0x8118, 0x132A, 0x8151, 0x13BB, 0x8177, 0x1380, 0x8151, 0x1367, 0x8193, 
	0x13B1, 0x80C4, 0x1398, 0x810F, 0x1441, 0x80E9, 0x13BB, 0x8135, 0x12E0, 0x8122, 0x13A5, 0x8105, 0x14AF, 0x80CD, 0x139C, 0x8118, 
	0x12E0, 0x8147, 0x12EC, 0x812B, 0x13DA, 0x805D, 0x1392, 0x8105, 0x142B, 0x80A8, 0x13DB, 0x80F3, 0x129F, 0x8066, 0x12F6, 0x8038, 
	0x136A, 0x80C4, 0x1376, 0x808C, 0x13E9, 0x80E0, 0x12FA, 0x80C4, 0x12BE, 0x805D, 0x13C4, 0x80CD, 0x1267, 0x8070, 0x137B, 0x8041, 
	0x136D, 0x8054, 0x1460, 0x8038, 0x1415, 0x8054, 0x1446, 0x802E, 0x1458, 0x8041, 0x149B, 0x8082, 0x132E, 0x805D, 0x1316, 0x8070, 
	0x1454, 0x8066, 0x1244, 0x8000, 0x12BB, 0x804A, 0x1348, 0x7FD2, 0x12FA, 0x801C, 0x1441, 0x8041, 0x12FE, 0x7F91, 0x13CF, 0x8013, 
	0x1381, 0x7FD2, 0x138B, 0x8070, 0x13C1, 0x7FA4, 0x1346, 0x7FF7, 0x130E, 0x801C, 0x13A8, 0x7FC9, 0x1398, 0x7FAD, 0x132B, 0x801C, 
	0x128C, 0x8009, 0x13D4, 0x7FBF, 0x12B0, 0x7F3F, 0x13B0, 0x7FED, 0x12D1, 0x8013, 0x1240, 0x8009, 0x11F2, 0x7F6C, 0x12F3, 0x7FBF, 
	0x138E, 0x7F7F, 0x1225, 0x8025, 0x1176, 0x7FB6, 0x120B, 0x7FBF, 0x1293, 0x7F76, 0x130C, 0x7F63, 0x1218, 0x7FE4, 0x124F, 0x7F7F, 
	0x12B3, 0x7F88, 0x11D7, 0x7FB6, 0x12C0, 0x7F48, 0x11B9, 0x7FC9, 0x124B, 0x7F91, 0x1253, 0x7F88, 0x112B, 0x7F2C, 0x126D, 0x7F7F, 
	0x116C, 0x7F7F, 0x120A, 0x7F9A, 0x12D6, 0x7F36, 0x1302, 0x7F76, 0x121E, 0x7F23, 0x1200, 0x7F7F, 0x11CA, 0x7F36, 0x12DD, 0x7FE4, 
	0x11DE, 0x7F5A, 0x1260, 0x7F2C, 0x120E, 0x7F5A, 0x125D, 0x7EDA, 0x12BB, 0x7FA4, 0x117C, 0x8000, 0x11B6, 0x7EF6, 0x11D5, 0x7F88, 
	0x1212, 0x7F5A, 0x1298, 0x7F3F, 0x1203, 0x7F1A, 0x11E2, 0x7F76, 0x11AC, 0x7F11, 0x1313, 0x7F23, 0x1204, 0x7F23, 0x1255, 0x7FBF, 
	0x1279, 0x7F91, 0x1154, 0x7EC8, 0x1266, 0x7F51, 0x1211, 0x7FB6, 0x1315, 0x7F88, 0x126A, 0x7F36, 0x1226, 0x7EEC, 0x11BC, 0x7EFF, 
	0x11A0, 0x7F1A, 0x12E0, 0x7F36, 0x123B, 0x7F2C, 0x1259, 0x7EAD, 0x122B, 0x7EAD, 0x1294, 0x7F48, 0x1315, 0x7F3F, 0x1387, 0x7F63, 
	0x12D8, 0x7F08, 0x12CF, 0x7EBF, 0x1342, 0x7F1A, 0x135F, 0x7F63, 0x1373, 0x7FB6, 0x12BB, 0x7F3F, 0x12D6, 0x7E9B, 0x13B5, 0x7F36, 
	0x1303, 0x7EF6, 0x12C2, 0x7F48, 0x13A5, 0x7F2C, 0x1367, 0x7EE3, 0x130F, 0x7F48, 0x134D, 0x7F1A, 0x138F, 0x7F9A, 0x12D7, 0x7F36, 
	0x130F, 0x7F11, 0x1471, 0x7EAD, 0x13ED, 0x7F11, 0x149C, 0x7EFF, 0x11F9, 0x7F3F, 0x13C8, 0x7F23, 0x13B8, 0x7ED1, 0x1376, 0x7EE3, 
	0x13DE, 0x7F48, 0x1338, 0x7F9A, 0x1371, 0x7F23, 0x127E, 0x7F11, 0x139F, 0x7F5A, 0x14C7, 0x7F63, 0x1409, 0x7F5A, 0x1460, 0x7F48, 
	0x1437, 0x7FA4, 0x1481, 0x7F6C, 0x1477, 0x7F76, 0x1372, 0x7FC9, 0x12FA, 0x7F7F, 0x1425, 0x7F51, 0x1362, 0x7F1A, 0x1385, 0x7F7F, 
	0x13F1, 0x7F88, 0x1475, 0x7F7F, 0x13E6, 0x8000, 0x14A8, 0x7F5A, 0x132B, 0x7F36, 0x1331, 0x7FD2, 0x12FE, 0x7F23, 0x12FF, 0x7F88, 
	0x1420, 0x7F48, 0x1457, 0x7FD2, 0x1308, 0x7F6C, 0x1296, 0x7F63, 0x13A6, 0x801C, 0x12E4, 0x8041, 0x123F, 0x7FB6, 0x13C8, 0x7FBF, 
	0x13D5, 0x801C, 0x1419, 0x7FE4, 0x12E0, 0x7FA4, 0x12FE, 0x7F51, 0x12EB, 0x7F6C, 0x1357, 0x8038, 0x13AC, 0x801C, 0x141C, 0x7FDB, 
	0x132F, 0x7FE4, 0x12F1, 0x7FD2, 0x12D6, 0x7FAD, 0x1402, 0x8013, 0x12A1, 0x8041, 0x1245, 0x802E, 0x13FF, 0x8070, 0x1317, 0x7FC9, 
	0x12D3, 0x7FBF, 0x123D, 0x8054, 0x1248, 0x8025, 0x1345, 0x7F91, 0x1268, 0x801C, 0x129C, 0x8070, 0x12DA, 0x805D, 0x11F7, 0x804A, 
	0x11D5, 0x801C, 0x1292, 0x8013, 0x1276, 0x7FD2, 0x1362, 0x80B1, 0x127A, 0x80C4, 0x12AE, 0x804A, 0x121E, 0x8151, 0x1309, 0x8070, 
	0x111E, 0x80FC, 0x1177, 0x8066, 0x12D1, 0x8066, 0x11D4, 0x80C4, 0x1271, 0x80C4, 0x11DB, 0x804A, 0x11D7, 0x80D6, 0x1212, 0x8079, 
	0x11D5, 0x80B1, 0x1108, 0x804A, 0x1091, 0x80B1, 0x11BB, 0x80E9, 0x10B0, 0x8066, 0x1019, 0x80BA, 0x117E, 0x80B1, 0x10E4, 0x80BA, 
	0x1024, 0x80CD, 0x10E2, 0x8105, 0x100E, 0x8135, 0x10EE, 0x810F, 0x10FF, 0x80F3, 0x1083, 0x80B1, 0x1031, 0x808C, 0x1024, 0x8105, 
	0x10DD, 0x80E9, 0x0F4E, 0x80C4, 0x0F2F, 0x80E0, 0x10BB, 0x80E9, 0x0F6D, 0x8151, 0x0FB3, 0x8151, 0x0EF3, 0x80E0, 0x1047, 0x809E, 
	0x13B6, 0x8248, 0x13A7, 0x82CF, 0x14C3, 0x82BC, 0x145B, 0x823F, 0x13D4, 0x825C, 0x135D, 0x823F, 0x1395, 0x8205, 0x130C, 0x81B9, 
	0x1357, 0x8219, 0x1303, 0x8219, 0x1346, 0x81A6, 0x1430, 0x816D, 0x13F3, 0x818A, 0x1430, 0x81E9, 0x1419, 0x81E9, 0x12C3, 0x8193, 
	0x141C, 0x80BA, 0x14A1, 0x8177, 0x136E, 0x81A6, 0x13F0, 0x81E9, 0x1268, 0x81C3, 0x13D2, 0x8122, 0x1320, 0x8147, 0x146B, 0x8193, 
	0x137B, 0x818A, 0x1315, 0x8122, 0x1363, 0x8135, 0x13EB, 0x810F, 0x13F2, 0x8147, 0x1394, 0x813E, 0x131E, 0x80B1, 0x136D, 0x8082, 
	0x14A0, 0x80A8, 0x139C, 0x8122, 0x12E6, 0x8151, 0x12CF, 0x8118, 0x1330, 0x8066, 0x13CF, 0x80BA, 0x1473, 0x80FC, 0x13F7, 0x80BA, 
	0x130C, 0x8079, 0x1395, 0x8079, 0x1370, 0x808C, 0x1365, 0x80B1, 0x135D, 0x8079, 0x12C4, 0x80E0, 0x134A, 0x8009, 0x13E0, 0x8054, 
	0x1226, 0x8066, 0x1345, 0x7FF7, 0x140C, 0x805D, 0x13F2, 0x7FC9, 0x13E6, 0x80CD, 0x146E, 0x8041, 0x1401, 0x805D, 0x13C7, 0x802E, 
	0x1310, 0x8009, 0x136E, 0x8054, 0x141F, 0x804A, 0x12A8, 0x801C, 0x12DF, 0x7FD2, 0x1418, 0x8054, 0x12A3, 0x7FF7, 0x1380, 0x7FED, 
	0x132A, 0x7F76, 0x13D7, 0x7FF7, 0x1396, 0x8013, 0x1346, 0x8041, 0x13C8, 0x7FAD, 0x133B, 0x8013, 0x12F1, 0x7FE4, 0x133B, 0x7FD2, 
	0x13B0, 0x7FE4, 0x1351, 0x7FA4, 0x132D, 0x7F88, 0x13CA, 0x8025, 0x1200, 0x7FAD, 0x13D3, 0x8025, 0x1313, 0x7FED, 0x1251, 0x7FF7, 
	0x1213, 0x7F88, 0x1230, 0x7FED, 0x1344, 0x7F88, 0x11F2, 0x7FA4, 0x1212, 0x7FD2, 0x1272, 0x7F6C, 0x1247, 0x7FA4, 0x131E, 0x7F5A, 
	0x1181, 0x7F9A, 0x1293, 0x7F6C, 0x12D8, 0x7F5A, 0x116D, 0x7F2C, 0x1280, 0x7F5A, 0x11B3, 0x7FBF, 0x123B, 0x7F48, 0x1275, 0x7F63, 
	0x1173, 0x7F36, 0x127F, 0x7F3F, 0x1225, 0x7F9A, 0x11FA, 0x7F36, 0x1283, 0x7F36, 0x1357, 0x7F5A, 0x1258, 0x7F11, 0x11FA, 0x7F6C, 
	0x1186, 0x7F7F, 0x12B1, 0x7EFF, 0x1144, 0x7F6C, 0x11AF, 0x7F51, 0x1234, 0x7F3F, 0x1258, 0x7F23, 0x124E, 0x7F48, 0x1125, 0x7F91, 
	0x1208, 0x7F51, 0x11BA, 0x7F88, 0x11F7, 0x7FA4, 0x12CF, 0x7F5A, 0x11CD, 0x7F91, 0x1293, 0x7F36, 0x1190, 0x7ED1, 0x130B, 0x7F3F, 
	0x1209, 0x7F9A, 0x121A, 0x7F88, 0x1282, 0x7F36, 0x1118, 0x7F3F, 0x1288, 0x7F3F, 0x11EF, 0x7F91, 0x12F5, 0x7EDA, 0x126D, 0x7F6C, 
	0x122E, 0x7F23, 0x11E6, 0x7EA4, 0x11A4, 0x7F6C, 0x1291, 0x7EC8, 0x1227, 0x7EFF, 0x12B4, 0x7EB6, 0x122C, 0x7ED1, 0x1336, 0x7EFF, 
	0x1285, 0x7F23, 0x1376, 0x7F2C, 0x131B, 0x7EDA, 0x130F, 0x7ED1, 0x12E5, 0x7F1A, 0x12E4, 0x7F91, 0x131B, 0x7F51, 0x12D3, 0x7FF7, 
	0x12E8, 0x7ED1, 0x136B, 0x7F23, 0x1309, 0x7F63, 0x12D6, 0x7F08, 0x134E, 0x7F08, 0x1328, 0x7EFF, 0x1347, 0x7F1A, 0x132B, 0x7F3F, 
	0x1334, 0x7F91, 0x12BB, 0x7F23, 0x138C, 0x7EE3, 0x142E, 0x7EDA, 0x1375, 0x7F1A, 0x13B7, 0x7EEC, 0x11ED, 0x7F11, 0x13DE, 0x7F11, 
	0x139A, 0x7ED1, 0x1310, 0x7F3F, 0x1368, 0x7F91, 0x136A, 0x7F51, 0x132C, 0x7F11, 0x1365, 0x7EFF, 0x1350, 0x7F6C, 0x14FC, 0x8000, 
	0x1418, 0x7F36, 0x142E, 0x7F08, 0x13EB, 0x7F48, 0x146B, 0x7F3F, 0x1425, 0x7F63, 0x129E, 0x7FA4, 0x1324, 0x7F1A, 0x1424, 0x7FA4, 
	0x12DD, 0x7F5A, 0x12D1, 0x7F51, 0x13DE, 0x7FB6, 0x14AA, 0x7F88, 0x13EE, 0x7FE4, 0x1463, 0x7F7F, 0x1307, 0x7FD2, 0x1354, 0x7F7F, 
	0x1307, 0x7F88, 0x1334, 0x7FAD, 0x147B, 0x7F88, 0x14BE, 0x7F9A, 0x1323, 0x7F7F, 0x12B4, 0x7F91, 0x1381, 0x7FC9, 0x12F8, 0x7FDB, 
	0x1285, 0x7F91, 0x1443, 0x7F7F, 0x1385, 0x801C, 0x137B, 0x8013, 0x1296, 0x7F6C, 0x131C, 0x7F7F, 0x1390, 0x7F51, 0x12D6, 0x7F91, 
	0x1340, 0x8038, 0x145A, 0x7FA4, 0x1390, 0x8000, 0x1276, 0x802E, 0x1287, 0x7FBF, 0x13D5, 0x7FD2, 0x128F, 0x8025, 0x1270, 0x801C, 
	0x13C0, 0x7FE4, 0x1335, 0x7FE4, 0x1307, 0x8025, 0x1268, 0x801C, 0x127B, 0x8009, 0x1321, 0x7FB6, 0x129D, 0x7FF7, 0x124E, 0x8038, 
	0x12D0, 0x808C, 0x117F, 0x8041, 0x1211, 0x8013, 0x127F, 0x8025, 0x123E, 0x8054, 0x1300, 0x8082, 0x12F0, 0x80A8, 0x12C5, 0x805D, 
	0x11CF, 0x805D, 0x1315, 0x8066, 0x11B3, 0x80D6, 0x1104, 0x805D, 0x1326, 0x8079, 0x117F, 0x80E0, 0x127A, 0x8038, 0x1211, 0x8079, 
	0x11D1, 0x809E, 0x11F0, 0x804A, 0x115C, 0x809E, 0x10B7, 0x80A8, 0x1110, 0x8082, 0x122A, 0x80F3, 0x110F, 0x808C, 0x1010, 0x80D6, 
	0x11AD, 0x80F3, 0x10D3, 0x808C, 0x1046, 0x80FC, 0x10F4, 0x80E9, 0x1039, 0x80F3, 0x10F0, 0x80B1, 0x1101, 0x8066, 0x10B5, 0x812B, 
	0x0FDF, 0x80C4, 0x0FF2, 0x80FC, 0x110E, 0x8095, 0x0F2D, 0x8066, 0x0F95, 0x80E9, 0x10D1, 0x80CD, 0x0F7E, 0x813E, 0x0FE8, 0x80D6, 
	0x0F1D, 0x809E, 0x1001, 0x80BA, 0x1030, 0x80FC, 0x0F91, 0x8105, 0x0FF0, 0x812B, 0x0F1D, 0x8122, 0x0F63, 0x80E0, 0x109C, 0x816D, 
	0x0F74, 0x8164, 0x0F92, 0x8151, 0x100D, 0x8105, 0x1015, 0x80BA, 0x10B5, 0x818A, 0x1075, 0x81CC, 0x1168, 0x81A6, 0x1059, 0x8164, 
	0x1097, 0x80E9, 0x10D6, 0x816D, 0x1031, 0x8265, 0x10F6, 0x819D, 0x1096, 0x8193, 0x10D3, 0x812B, 0x11B0, 0x8177, 0x113B, 0x8205, 
	0x10A2, 0x818A, 0x1052, 0x81CC, 0x11B6, 0x813E, 0x1090, 0x810F, 0x116D, 0x819D, 0x118E, 0x81B0, 0x108D, 0x81F2, 0x10B9, 0x8118, 
	0x116C, 0x8164, 0x120B, 0x8177, 0x1234, 0x81B9, 0x1152, 0x81CC, 0x112A, 0x80E0, 0x116B, 0x812B, 0x1179, 0x8193, 0x1180, 0x81CC, 
	0x1188, 0x81DF, 0x11E4, 0x8118, 0x1154, 0x812B, 0x1190, 0x8205, 0x114A, 0x81CC, 0x1174, 0x81FC, 0x1206, 0x81CC, 0x11DB, 0x8222, 
	0x1249, 0x816D, 0x112D, 0x820F, 0x10DB, 0x819D, 0x11B4, 0x81DF, 0x1155, 0x8205, 0x1269, 0x81D6, 0x1193, 0x8219, 0x11A6, 0x8248, 
	0x1238, 0x819D, 0x119A, 0x81B9, 0x1208, 0x81C3, 0x118F, 0x822C, 0x10C7, 0x8180, 0x128C, 0x81D6, 0x1222, 0x81FC, 0x1301, 0x81A6, 
	0x1257, 0x81F2, 0x127C, 0x8205, 0x1205, 0x81FC, 0x1268, 0x81B9, 0x11D0, 0x81C3, 0x11F2, 0x820F, 0x1171, 0x820F, 0x12C2, 0x820F, 
	0x120E, 0x826F, 0x1257, 0x818A, 0x10C9, 0x81A6, 0x11E1, 0x822C, 0x12E3, 0x8222, 0x128C, 0x823F, 0x12CF, 0x828C, 0x1306, 0x8222, 
	0x1323, 0x8222, 0x127D, 0x8248, 0x11A8, 0x8265, 0x1245, 0x825C, 0x1221, 0x828C, 0x128E, 0x8219, 0x121C, 0x8219, 0x12BA, 0x823F, 
	0x1343, 0x822C, 0x139C, 0x8265, 0x131D, 0x82A9, 0x12E9, 0x81D6, 0x12E4, 0x8248, 0x1279, 0x8313, 0x1346, 0x8265, 0x13C6, 0x82A9, 
	0x1321, 0x8248, 0x1311, 0x8205, 0x1408, 0x8295, 0x1382, 0x8282, 0x12FC, 0x8295, 0x138E, 0x8295, 0x137C, 0x825C, 0x12E8, 0x8279, 
	0x12F3, 0x825C, 0x136F, 0x828C, 0x1334, 0x82CF, 0x1261, 0x8265, 0x12D2, 0x8313, 0x12F8, 0x82C6, 0x12A2, 0x8327, 0x128B, 0x836B, 
	0x1313, 0x831D, 0x12BE, 0x82EC, 0x12D5, 0x8388, 0x129F, 0x8330, 0x12E0, 0x83EA, 0x12D1, 0x831D, 0x12DD, 0x8300, 0x13CE, 0x8412, 
	0x13C8, 0x837E, 0x1293, 0x8425, 0x13EA, 0x83D7, 0x135C, 0x83CD, 0x13D3, 0x847E, 0x1400, 0x84EC, 0x13B6, 0x8248, 0x13A7, 0x82CF, 
	0x14C3, 0x82BC, 0x145B, 0x823F, 0x13D4, 0x825C, 0x135D, 0x823F, 0x1395, 0x8205, 0x130C, 0x81B9, 0x1357, 0x8219, 0x1303, 0x8219, 
	0x1346, 0x81A6, 0x1430, 0x816D, 0x13F3, 0x818A, 0x1430, 0x81E9, 0x1419, 0x81E9, 0x12C3, 0x8193, 0x141C, 0x80BA, 0x14A1, 0x8177, 
	0x136E, 0x81A6, 0x13F0, 0x81E9, 0x1268, 0x81C3, 0x13D2, 0x8122, 0x1320, 0x8147, 0x146B, 0x8193, 0x137B, 0x818A, 0x1315, 0x8122, 
	0x1363, 0x8135, 0x13EB, 0x810F, 0x13F2, 0x8147, 0x1394, 0x813E, 0x131E, 0x80B1, 0x136D, 0x8082, 0x14A0, 0x80A8, 0x139C, 0x8122, 
	0x12E6, 0x8151, 0x12CF, 0x8118, 0x1330, 0x8066, 0x13CF, 0x80BA, 0x1473, 0x80FC, 0x13F7, 0x80BA, 0x130C, 0x8079, 0x1395, 0x8079, 
	0x1370, 0x808C, 0x1365, 0x80B1, 0x135D, 0x8079, 0x12C4, 0x80E0, 0x134A, 0x8009, 0x13E0, 0x8054, 0x1226, 0x8066, 0x1345, 0x7FF7, 
	0x140C, 0x805D, 0x13F2, 0x7FC9, 0x13E6, 0x80CD, 0x146E, 0x8041, 0x1401, 0x805D, 0x13C7, 0x802E, 0x1310, 0x8009, 0x136E, 0x8054, 
	0x141F, 0x804A, 0x12A8, 0x801C, 0x12DF, 0x7FD2, 0x1418, 0x8054, 0x12A3, 0x7FF7, 0x1380, 0x7FED, 0x132A, 0x7F76, 0x13D7, 0x7FF7, 
	0x1396, 0x8013, 0x1346, 0x8041, 0x13C8, 0x7FAD, 0x133B, 0x8013, 0x12F1, 0x7FE4, 0x133B, 0x7FD2, 0x13B0, 0x7FE4, 0x1351, 0x7FA4, 
	0x132D, 0x7F88, 0x13CA, 0x8025, 0x1200, 0x7FAD, 0x13D3, 0x8025, 0x1313, 0x7FED, 0x1251, 0x7FF7, 0x1213, 0x7F88, 0x1230, 0x7FED, 
	0x1344, 0x7F88, 0x11F2, 0x7FA4, 0x1212, 0x7FD2, 0x1272, 0x7F6C, 0x1247, 0x7FA4, 0x131E, 0x7F5A, 0x1181, 0x7F9A, 0x1293, 0x7F6C, 
	0x12D8, 0x7F5A, 0x116D, 0x7F2C, 0x1280, 0x7F5A, 0x11B3, 0x7FBF, 0x123B, 0x7F48, 0x1275, 0x7F63, 0x1173, 0x7F36, 0x127F, 0x7F3F, 
	0x1225, 0x7F9A, 0x11FA, 0x7F36, 0x1283, 0x7F36, 0x1357, 0x7F5A, 0x1258, 0x7F11, 0x11FA, 0x7F6C, 0x1186, 0x7F7F, 0x12B1, 0x7EFF, 
	0x1144, 0x7F6C, 0x11AF, 0x7F51, 0x1234, 0x7F3F, 0x1258, 0x7F23, 0x124E, 0x7F48, 0x1125, 0x7F91, 0x1208, 0x7F51, 0x11BA, 0x7F88, 
	0x11F7, 0x7FA4, 0x12CF, 0x7F5A, 0x11CD, 0x7F91, 0x1293, 0x7F36, 0x1190, 0x7ED1, 0x130B, 0x7F3F, 0x1209, 0x7F9A, 0x121A, 0x7F88, 
	0x1282, 0x7F36, 0x1118, 0x7F3F, 0x1288, 0x7F3F, 0x11EF, 0x7F91, 0x12F5, 0x7EDA, 0x126D, 0x7F6C, 0x122E, 0x7F23, 0x11E6, 0x7EA4, 
	0x11A4, 0x7F6C, 0x1291, 0x7EC8, 0x1227, 0x7EFF, 0x12B4, 0x7EB6, 0x122C, 0x7ED1, 0x1336, 0x7EFF, 0x1285, 0x7F23, 0x1376, 0x7F2C, 
	0x131B, 0x7EDA, 0x130F, 0x7ED1, 0x12E5, 0x7F1A, 0x12E4, 0x7F91, 0x131B, 0x7F51, 0x12D3, 0x7FF7, 0x12E8, 0x7ED1, 0x136B, 0x7F23, 
	0x1309, 0x7F63, 0x12D6, 0x7F08, 0x134E, 0x7F08, 0x1328, 0x7EFF, 0x1347, 0x7F1A, 0x132B, 0x7F3F, 0x1334, 0x7F91, 0x12BB, 0x7F23, 
	0x138C, 0x7EE3, 0x142E, 0x7EDA, 0x1375, 0x7F1A, 0x13B7, 0x7EEC, 0x11ED, 0x7F11, 0x13DE, 0x7F11, 0x139A, 0x7ED1, 0x1310, 0x7F3F, 
	0x1368, 0x7F91, 0x136A, 0x7F51, 0x132C, 0x7F11, 0x1365, 0x7EFF, 0x1350, 0x7F6C, 0x14FC, 0x8000, 0x1418, 0x7F36, 0x142E, 0x7F08, 
	0x13EB, 0x7F48, 0x146B, 0x7F3F, 0x1425, 0x7F63, 0x129E, 0x7FA4, 0x1324, 0x7F1A, 0x1424, 0x7FA4, 0x12DD, 0x7F5A, 0x12D1, 0x7F51, 
	0x13DE, 0x7FB6, 0x14AA, 0x7F88, 0x13EE, 0x7FE4, 0x1463, 0x7F7F, 0x1307, 0x7FD2, 0x1354, 0x7F7F, 0x1307, 0x7F88, 0x1334, 0x7FAD, 
	0x147B, 0x7F88, 0x14BE, 0x7F9A, 0x1323, 0x7F7F, 0x12B4, 0x7F91, 0x1381, 0x7FC9, 0x12F8, 0x7FDB, 0x1285, 0x7F91, 0x1443, 0x7F7F, 
	0x1385, 0x801C, 0x137B, 0x8013, 0x1296, 0x7F6C, 0x131C, 0x7F7F, 0x1390, 0x7F51, 0x12D6, 0x7F91, 0x1340, 0x8038, 0x145A, 0x7FA4, 
	0x1390, 0x8000, 0x1276, 0x802E, 0x1287, 0x7FBF, 0x13D5, 0x7FD2, 0x128F, 0x8025, 0x1270, 0x801C, 0x13C0, 0x7FE4, 0x1335, 0x7FE4, 
	0x1307, 0x8025, 0x1268, 0x801C, 0x127B, 0x8009, 0x1321, 0x7FB6, 0x129D, 0x7FF7, 0x124E, 0x8038, 0x12D0, 0x808C, 0x117F, 0x8041, 
	0x1211, 0x8013, 0x127F, 0x8025, 0x123E, 0x8054, 0x1300, 0x8082, 0x12F0, 0x80A8, 0x12C5, 0x805D, 0x11CF, 0x805D, 0x1315, 0x8066, 
	0x11B3, 0x80D6, 0x1104, 0x805D, 0x1326, 0x8079, 0x117F, 0x80E0, 0x127A, 0x8038, 0x1211, 0x8079, 0x11D1, 0x809E, 0x11F0, 0x804A, 
	0x115C, 0x809E, 0x10B7, 0x80A8, 0x1110, 0x8082, 0x122A, 0x80F3, 0x110F, 0x808C, 0x1010, 0x80D6, 0x11AD, 0x80F3, 0x10D3, 0x808C, 
	0x1046, 0x80FC, 0x10F4, 0x80E9, 0x1039, 0x80F3, 0x10F0, 0x80B1, 0x1101, 0x8066, 0x10B5, 0x812B, 0x0FDF, 0x80C4, 0x0FF2, 0x80FC, 
	0x110E, 0x8095, 0x0F2D, 0x8066, 0x0F95, 0x80E9, 0x10D1, 0x80CD, 0x0F7E, 0x813E, 0x0FE8, 0x80D6, 0x0F1D, 0x809E, 0x1001, 0x80BA, 
	0x131F, 0x823F, 0x13C6, 0x82D9, 0x13F2, 0x8252, 0x135F, 0x826F, 0x135B, 0x8219, 0x1345, 0x81F2, 0x13A0, 0x8219, 0x131C, 0x8282, 
	0x12CB, 0x823F, 0x1353, 0x822C, 0x132F, 0x8180, 0x1391, 0x8205, 0x1374, 0x816D, 0x1391, 0x823F, 0x1322, 0x818A, 0x12AE, 0x81C3, 
	0x1432, 0x819D, 0x147F, 0x81D6, 0x133B, 0x8205, 0x1435, 0x81A6, 0x1376, 0x815A, 0x139E, 0x8147, 0x134E, 0x8193, 0x1370, 0x81A6, 
	0x1389, 0x8193, 0x1361, 0x816D, 0x131D, 0x8105, 0x13EC, 0x8164, 0x131B, 0x81CC, 0x140E, 0x8193, 0x12CF, 0x80CD, 0x1301, 0x809E, 
	0x1365, 0x80C4, 0x13CB, 0x816D, 0x129B, 0x81DF, 0x12C0, 0x8164, 0x134A, 0x80A8, 0x1324, 0x8118, 0x1400, 0x80C4, 0x1331, 0x8118, 
	0x134E, 0x80BA, 0x13AA, 0x8009, 0x13DD, 0x8070, 0x12ED, 0x8122, 0x1375, 0x8079, 0x1304, 0x812B, 0x12D3, 0x80E0, 0x137F, 0x8079, 
	0x139E, 0x8082, 0x1335, 0x805D, 0x1400, 0x809E, 0x1470, 0x802E, 0x13F5, 0x804A, 0x146D, 0x8095, 0x13DF, 0x80B1, 0x13AF, 0x80C4, 
	0x1303, 0x804A, 0x130E, 0x8038, 0x140C, 0x8013, 0x12AC, 0x802E, 0x12C0, 0x7FF7, 0x13A7, 0x802E, 0x1372, 0x8000, 0x140A, 0x801C, 
	0x1353, 0x7FD2, 0x13A2, 0x7FED, 0x1411, 0x7FE4, 0x13C5, 0x802E, 0x1355, 0x7F91, 0x1376, 0x7FC9, 0x12E3, 0x7FBF, 0x12A0, 0x8025, 
	0x12C5, 0x7FBF, 0x13B3, 0x8025, 0x1348, 0x8013, 0x1348, 0x7F88, 0x1258, 0x7F5A, 0x1395, 0x7FF7, 0x1303, 0x7FDB, 0x122B, 0x7F7F, 
	0x1233, 0x7F23, 0x1233, 0x7FDB, 0x12B5, 0x7FB6, 0x1252, 0x7FC9, 0x11F0, 0x7FBF, 0x130D, 0x7F5A, 0x118B, 0x7FA4, 0x1279, 0x7FA4, 
	0x11DF, 0x7FBF, 0x11BD, 0x7F91, 0x1237, 0x8038, 0x117C, 0x7F9A, 0x12B1, 0x7F11, 0x1194, 0x8013, 0x125D, 0x7F3F, 0x12C7, 0x7F48, 
	0x119C, 0x7F6C, 0x11D6, 0x7F1A, 0x11DD, 0x7F9A, 0x1222, 0x7F2C, 0x12B6, 0x7EFF, 0x12AD, 0x7F63, 0x129E, 0x7F08, 0x11EC, 0x7FAD, 
	0x1225, 0x7F7F, 0x11D6, 0x7F5A, 0x1165, 0x7FB6, 0x1260, 0x7FA4, 0x1245, 0x7FDB, 0x11EE, 0x7F76, 0x1327, 0x7F76, 0x11E6, 0x7F91, 
	0x11D5, 0x7EFF, 0x1202, 0x7F6C, 0x11E2, 0x7F91, 0x1277, 0x7F7F, 0x1164, 0x7F91, 0x115C, 0x7F2C, 0x122A, 0x7EDA, 0x12AC, 0x7F7F, 
	0x11CD, 0x7F63, 0x11F6, 0x7F6C, 0x1231, 0x7F7F, 0x119E, 0x7EE3, 0x11E5, 0x7F3F, 0x11E3, 0x7FB6, 0x11B9, 0x7F7F, 0x11E6, 0x7F36, 
	0x1152, 0x7EE3, 0x11DE, 0x7F2C, 0x11F6, 0x7F51, 0x1203, 0x7F23, 0x1274, 0x7F08, 0x1224, 0x7F23, 0x11C2, 0x7EBF, 0x12F7, 0x7F63, 
	0x1350, 0x7F3F, 0x1301, 0x7F51, 0x12C7, 0x7EFF, 0x131C, 0x7EF6, 0x13D6, 0x7F48, 0x12A5, 0x7F9A, 0x1337, 0x7F36, 0x1294, 0x7F36, 
	0x135D, 0x7EDA, 0x1378, 0x7F2C, 0x12A0, 0x7FA4, 0x130D, 0x7F2C, 0x134A, 0x7ED1, 0x12DD, 0x7EE3, 0x1322, 0x7EFF, 0x13C6, 0x7F48, 
	0x139F, 0x7F6C, 0x12AE, 0x7F6C, 0x1392, 0x7F2C, 0x13D7, 0x7F08, 0x1318, 0x7F91, 0x1361, 0x7F6C, 0x1254, 0x7F6C, 0x134A, 0x7F1A, 
	0x135B, 0x7F63, 0x1335, 0x7F7F, 0x1392, 0x7FC9, 0x1305, 0x7FAD, 0x12EC, 0x7F11, 0x12C0, 0x7F1A, 0x1428, 0x7F5A, 0x14C9, 0x7FDB, 
	0x13CC, 0x801C, 0x13EB, 0x7F6C, 0x134A, 0x7F88, 0x1456, 0x7F91, 0x13A8, 0x7FBF, 0x1369, 0x7FDB, 0x1333, 0x7F6C, 0x1440, 0x7F6C, 
	0x1389, 0x7FA4, 0x1328, 0x7F7F, 0x13B9, 0x7FC9, 0x1420, 0x7F91, 0x13AD, 0x7FDB, 0x140F, 0x7FB6, 0x133B, 0x8000, 0x128E, 0x7FD2, 
	0x1282, 0x7FAD, 0x12C7, 0x7FDB, 0x142F, 0x7F51, 0x1380, 0x7F76, 0x133B, 0x7FB6, 0x12BE, 0x7FF7, 0x1337, 0x7FF7, 0x1346, 0x7FED, 
	0x128B, 0x7FDB, 0x1405, 0x7FDB, 0x12FC, 0x7FB6, 0x136A, 0x7FD2, 0x1288, 0x7F88, 0x12D2, 0x7F91, 0x1300, 0x7F36, 0x1384, 0x7FED, 
	0x1310, 0x8025, 0x12D6, 0x8009, 0x1334, 0x7FDB, 0x129A, 0x7F88, 0x12ED, 0x8041, 0x1337, 0x8038, 0x130A, 0x804A, 0x1255, 0x7FED, 
	0x1407, 0x7F9A, 0x12AE, 0x8054, 0x12EF, 0x8054, 0x12EB, 0x8095, 0x1160, 0x7FDB, 0x1430, 0x7FC9, 0x1266, 0x805D, 0x11E0, 0x8079, 
	0x1324, 0x8038, 0x112D, 0x8009, 0x1212, 0x7FB6, 0x1347, 0x7FA4, 0x11C4, 0x80C4, 0x1283, 0x80CD, 0x123C, 0x808C, 0x134F, 0x7FBF, 
	0x1225, 0x804A, 0x12EF, 0x8038, 0x10F4, 0x80F3, 0x109A, 0x808C, 0x12BE, 0x804A, 0x11ED, 0x808C, 0x11AA, 0x8095, 0x11DF, 0x80B1, 
	0x11A2, 0x813E, 0x112F, 0x8054, 0x1179, 0x80E0, 0x11A1, 0x8079, 0x10C8, 0x80C4, 0x11A9, 0x8122, 0x1104, 0x80BA, 0x1027, 0x813E, 
	0x111A, 0x7FED, 0x1153, 0x80B1, 0x0FF7, 0x8147, 0x10E3, 0x80B1, 0x0FFD, 0x80FC, 0x10BE, 0x80C4, 0x1066, 0x80E0, 0x1087, 0x810F, 
	0x0F9B, 0x80C4, 0x0F61, 0x80E9, 0x1044, 0x810F, 0x0EF9, 0x8041, 0x0F39, 0x8147, 0x1060, 0x80FC, 0x0EFE, 0x8151, 0x0FD3, 0x809E, 
	0x0EA1, 0x80B1, 0x102F, 0x80B1, 0x1044, 0x80F3, 0x0FCF, 0x8135, 0x0F9D, 0x8151, 0x0F79, 0x8151, 0x0FBF, 0x812B, 0x0FED, 0x8164, 
	0x0FC1, 0x81C3, 0x0EDD, 0x812B, 0x1033, 0x8105, 0x1088, 0x816D, 0x10E5, 0x819D, 0x105E, 0x81A6, 0x111E, 0x816D, 0x102D, 0x8147, 
	0x104C, 0x8147, 0x107C, 0x81E9, 0x1035, 0x8235, 0x1091, 0x80E0, 0x101A, 0x81F2, 0x108C, 0x8147, 0x1155, 0x80F3, 0x10D5, 0x823F, 
	0x109B, 0x819D, 0x101A, 0x8252, 0x11AA, 0x810F, 0x1112, 0x812B, 0x10A4, 0x8193, 0x114C, 0x81D6, 0x1083, 0x819D, 0x107A, 0x8193, 
	0x11D5, 0x818A, 0x11C5, 0x81B0, 0x1231, 0x822C, 0x11D2, 0x8177, 0x1164, 0x815A, 0x1179, 0x8180, 0x118F, 0x81DF, 0x10E1, 0x820F, 
	0x10DC, 0x820F, 0x11FB, 0x813E, 0x11E6, 0x8164, 0x127F, 0x81F2, 0x11A9, 0x81DF, 0x113D, 0x81A6, 0x1210, 0x81A6, 0x117F, 0x825C, 
	0x1241, 0x81B9, 0x10AC, 0x81FC, 0x1186, 0x825C, 0x110E, 0x81CC, 0x10C5, 0x81B9, 0x11E2, 0x820F, 0x113B, 0x8222, 0x118D, 0x8235, 
	0x125C, 0x81B0, 0x1182, 0x81C3, 0x1215, 0x8205, 0x11D8, 0x81D6, 0x10BF, 0x829F, 0x12C9, 0x8219, 0x1158, 0x8222, 0x12A2, 0x820F, 
	0x1132, 0x81FC, 0x118B, 0x81CC, 0x11D4, 0x8235, 0x1259, 0x81E9, 0x11F6, 0x820F, 0x121F, 0x81CC, 0x112C, 0x8205, 0x12AF, 0x8252, 
	0x11C5, 0x825C, 0x1240, 0x8205, 0x10F4, 0x823F, 0x124F, 0x8219, 0x128C, 0x820F, 0x11D4, 0x8279, 0x12D8, 0x826F, 0x1209, 0x8222, 
	0x12E3, 0x8235, 0x122F, 0x81F2, 0x126D, 0x82A9, 0x11E5, 0x825C, 0x11A3, 0x823F, 0x123D, 0x826F, 0x11DE, 0x8205, 0x12B2, 0x8252, 
	0x12EE, 0x8265, 0x12E9, 0x8265, 0x12BB, 0x8248, 0x12DF, 0x828C, 0x12A0, 0x8295, 0x11F4, 0x82A9, 0x1319, 0x8265, 0x124A, 0x8205, 
	0x12C7, 0x81E9, 0x1224, 0x8219, 0x1220, 0x82EC, 0x1307, 0x829F, 0x136E, 0x829F, 0x13DA, 0x82CF, 0x133A, 0x81FC, 0x1256, 0x82BC, 
	0x1244, 0x82EC, 0x1311, 0x8279, 0x12CE, 0x833A, 0x131B, 0x8235, 0x1259, 0x82B2, 0x12C2, 0x831D, 0x1303, 0x8309, 0x11E1, 0x831D, 
	0x12E6, 0x8330, 0x12D6, 0x833A, 0x1324, 0x8388, 0x1367, 0x82F6, 0x1308, 0x83E0, 0x1367, 0x82E3, 0x1259, 0x8330, 0x13AE, 0x83C3, 
	0x144A, 0x839C, 0x1388, 0x83EA, 0x1448, 0x83A6, 0x13B1, 0x83E0, 0x144D, 0x84BA, 0x13A6, 0x84BA, 0x131F, 0x823F, 0x13C6, 0x82D9, 
	0x13F2, 0x8252, 0x135F, 0x826F, 0x135B, 0x8219, 0x1345, 0x81F2, 0x13A0, 0x8219, 0x131C, 0x8282, 0x12CB, 0x823F, 0x1353, 0x822C, 
	0x132F, 0x8180, 0x1391, 0x8205, 0x1374, 0x816D, 0x1391, 0x823F, 0x1322, 0x818A, 0x12AE, 0x81C3, 0x1432, 0x819D, 0x147F, 0x81D6, 
	0x133B, 0x8205, 0x1435, 0x81A6, 0x1376, 0x815A, 0x139E, 0x8147, 0x134E, 0x8193, 0x1370, 0x81A6, 0x1389, 0x8193, 0x1361, 0x816D, 
	0x131D, 0x8105, 0x13EC, 0x8164, 0x131B, 0x81CC, 0x140E, 0x8193, 0x12CF, 0x80CD, 0x1301, 0x809E, 0x1365, 0x80C4, 0x13CB, 0x816D, 
	0x129B, 0x81DF, 0x12C0, 0x8164, 0x134A, 0x80A8, 0x1324, 0x8118, 0x1400, 0x80C4, 0x1331, 0x8118, 0x134E, 0x80BA, 0x13AA, 0x8009, 
	0x13DD, 0x8070, 0x12ED, 0x8122, 0x1375, 0x8079, 0x1304, 0x812B, 0x12D3, 0x80E0, 0x137F, 0x8079, 0x139E, 0x8082, 0x1335, 0x805D, 
	0x1400, 0x809E, 0x1470, 0x802E, 0x13F5, 0x804A, 0x146D, 0x8095, 0x13DF, 0x80B1, 0x13AF, 0x80C4, 0x1303, 0x804A, 0x130E, 0x8038, 
	0x140C, 0x8013, 0x12AC, 0x802E, 0x12C0, 0x7FF7, 0x13A7, 0x802E, 0x1372, 0x8000, 0x140A, 0x801C, 0x1353, 0x7FD2, 0x13A2, 0x7FED, 
	0x1411, 0x7FE4, 0x13C5, 0x802E, 0x1355, 0x7F91, 0x1376, 0x7FC9, 0x12E3, 0x7FBF, 0x12A0, 0x8025, 0x12C5, 0x7FBF, 0x13B3, 0x8025, 
	0x1348, 0x8013, 0x1348, 0x7F88, 0x1258, 0x7F5A, 0x1395, 0x7FF7, 0x1303, 0x7FDB, 0x122B, 0x7F7F, 0x1233, 0x7F23, 0x1233, 0x7FDB, 
	0x12B5, 0x7FB6, 0x1252, 0x7FC9, 0x11F0, 0x7FBF, 0x130D, 0x7F5A, 0x118B, 0x7FA4, 0x1279, 0x7FA4, 0x11DF, 0x7FBF, 0x11BD, 0x7F91, 
	0x1237, 0x8038, 0x117C, 0x7F9A, 0x12B1, 0x7F11, 0x1194, 0x8013, 0x125D, 0x7F3F, 0x12C7, 0x7F48, 0x119C, 0x7F6C, 0x11D6, 0x7F1A, 
	0x11DD, 0x7F9A, 0x1222, 0x7F2C, 0x12B6, 0x7EFF, 0x12AD, 0x7F63, 0x129E, 0x7F08, 0x11EC, 0x7FAD, 0x1225, 0x7F7F, 0x11D6, 0x7F5A, 
	0x1165, 0x7FB6, 0x1260, 0x7FA4, 0x1245, 0x7FDB, 0x11EE, 0x7F76, 0x1327, 0x7F76, 0x11E6, 0x7F91, 0x11D5, 0x7EFF, 0x1202, 0x7F6C, 
	0x11E2, 0x7F91, 0x1277, 0x7F7F, 0x1164, 0x7F91, 0x115C, 0x7F2C, 0x122A, 0x7EDA, 0x12AC, 0x7F7F, 0x11CD, 0x7F63, 0x11F6, 0x7F6C, 
	0x1231, 0x7F7F, 0x119E, 0x7EE3, 0x11E5, 0x7F3F, 0x11E3, 0x7FB6, 0x11B9, 0x7F7F, 0x11E6, 0x7F36, 0x1152, 0x7EE3, 0x11DE, 0x7F2C, 
	0x11F6, 0x7F51, 0x1203, 0x7F23, 0x1274, 0x7F08, 0x1224, 0x7F23, 0x11C2, 0x7EBF, 0x12F7, 0x7F63, 0x1350, 0x7F3F, 0x1301, 0x7F51, 
	0x12C7, 0x7EFF, 0x131C, 0x7EF6, 0x13D6, 0x7F48, 0x12A5, 0x7F9A, 0x1337, 0x7F36, 0x1294, 0x7F36, 0x135D, 0x7EDA, 0x1378, 0x7F2C, 
	0x12A0, 0x7FA4, 0x130D, 0x7F2C, 0x134A, 0x7ED1, 0x12DD, 0x7EE3, 0x1322, 0x7EFF, 0x13C6, 0x7F48, 0x139F, 0x7F6C, 0x12AE, 0x7F6C, 
	0x1392, 0x7F2C, 0x13D7, 0x7F08, 0x1318, 0x7F91, 0x1361, 0x7F6C, 0x1254, 0x7F6C, 0x134A, 0x7F1A, 0x135B, 0x7F63, 0x1335, 0x7F7F, 
	0x1392, 0x7FC9, 0x1305, 0x7FAD, 0x12EC, 0x7F11, 0x12C0, 0x7F1A, 0x1428, 0x7F5A, 0x14C9, 0x7FDB, 0x13CC, 0x801C, 0x13EB, 0x7F6C, 
	0x134A, 0x7F88, 0x1456, 0x7F91, 0x13A8, 0x7FBF, 0x1369, 0x7FDB, 0x1333, 0x7F6C, 0x1440, 0x7F6C, 0x1389, 0x7FA4, 0x1328, 0x7F7F, 
	0x13B9, 0x7FC9, 0x1420, 0x7F91, 0x13AD, 0x7FDB, 0x140F, 0x7FB6, 0x133B, 0x8000, 0x128E, 0x7FD2, 0x1282, 0x7FAD, 0x12C7, 0x7FDB, 
	0x142F, 0x7F51, 0x1380, 0x7F76, 0x133B, 0x7FB6, 0x12BE, 0x7FF7, 0x1337, 0x7FF7, 0x1346, 0x7FED, 0x128B, 0x7FDB, 0x1405, 0x7FDB, 
	0x12FC, 0x7FB6, 0x136A, 0x7FD2, 0x1288, 0x7F88, 0x12D2, 0x7F91, 0x1300, 0x7F36, 0x1384, 0x7FED, 0x1310, 0x8025, 0x12D6, 0x8009, 
	0x1334, 0x7FDB, 0x129A, 0x7F88, 0x12ED, 0x8041, 0x1337, 0x8038, 0x130A, 0x804A, 0x1255, 0x7FED, 0x1407, 0x7F9A, 0x12AE, 0x8054, 
	0x12EF, 0x8054, 0x12EB, 0x8095, 0x1160, 0x7FDB, 0x1430, 0x7FC9, 0x1266, 0x805D, 0x11E0, 0x8079, 0x1324, 0x8038, 0x112D, 0x8009, 
	0x1212, 0x7FB6, 0x1347, 0x7FA4, 0x11C4, 0x80C4, 0x1283, 0x80CD, 0x123C, 0x808C, 0x134F, 0x7FBF, 0x1225, 0x804A, 0x12EF, 0x8038, 
	0x10F4, 0x80F3, 0x109A, 0x808C, 0x12BE, 0x804A, 0x11ED, 0x808C, 0x11AA, 0x8095, 0x11DF, 0x80B1, 0x11A2, 0x813E, 0x112F, 0x8054, 
	0x1179, 0x80E0, 0x11A1, 0x8079, 0x10C8, 0x80C4, 0x11A9, 0x8122, 0x1104, 0x80BA, 0x1027, 0x813E, 0x111A, 0x7FED, 0x1153, 0x80B1, 
	0x0FF7, 0x8147, 0x10E3, 0x80B1, 0x0FFD, 0x80FC, 0x10BE, 0x80C4, 0x1066, 0x80E0, 0x1087, 0x810F, 0x0F9B, 0x80C4, 0x0F61, 0x80E9, 
	0x1044, 0x810F, 0x0EF9, 0x8041, 0x0F39, 0x8147, 0x1060, 0x80FC, 0x0EFE, 0x8151, 0x0FD3, 0x809E, 0x0EA1, 0x80B1, 0x102F, 0x80B1, 
	0x1407, 0x829F, 0x13D2, 0x82EC, 0x13A6, 0x829F, 0x13B0, 0x820F, 0x1326, 0x8219, 0x1312, 0x81F2, 0x135B, 0x8265, 0x136C, 0x81D6, 
	0x13A8, 0x8222, 0x13A4, 0x8205, 0x135F, 0x819D, 0x13ED, 0x81A6, 0x13A0, 0x8177, 0x13BE, 0x81DF, 0x133A, 0x815A, 0x12A0, 0x819D, 
	0x145E, 0x81CC, 0x1463, 0x81E9, 0x1363, 0x8180, 0x13A7, 0x81CC, 0x1350, 0x815A, 0x136B, 0x81B9, 0x1313, 0x818A, 0x13A1, 0x818A, 
	0x13CC, 0x81B0, 0x134E, 0x8147, 0x131F, 0x816D, 0x1414, 0x816D, 0x1354, 0x81A6, 0x13B5, 0x8122, 0x1302, 0x8105, 0x12E8, 0x815A, 
	0x147B, 0x810F, 0x13C0, 0x80E9, 0x12B8, 0x8147, 0x12E1, 0x810F, 0x1362, 0x8079, 0x1353, 0x80C4, 0x13E2, 0x80B1, 0x1332, 0x80CD, 
	0x139A, 0x8095, 0x1306, 0x805D, 0x1386, 0x8095, 0x137B, 0x8082, 0x13B7, 0x8070, 0x12F2, 0x810F, 0x12BD, 0x8066, 0x1382, 0x8070, 
	0x1350, 0x80BA, 0x1367, 0x8041, 0x1399, 0x802E, 0x1528, 0x7FED, 0x1319, 0x8041, 0x1428, 0x801C, 0x13BA, 0x8025, 0x13B5, 0x8041, 
	0x137E, 0x7FF7, 0x1312, 0x7FF7, 0x13B8, 0x7FF7, 0x1283, 0x804A, 0x12AC, 0x7FAD, 0x13BC, 0x7FDB, 0x133D, 0x7FD2, 0x1433, 0x8041, 
	0x1340, 0x7FD2, 0x1306, 0x7FC9, 0x13E3, 0x801C, 0x13CA, 0x7FF7, 0x13A9, 0x7FE4, 0x1364, 0x8013, 0x1355, 0x7F91, 0x12DF, 0x7FBF, 
	0x1332, 0x7FA4, 0x1343, 0x7FD2, 0x12A7, 0x7F76, 0x138F, 0x7F7F, 0x11D5, 0x7FA4, 0x1369, 0x7FE4, 0x1308, 0x801C, 0x11B5, 0x7F48, 
	0x12DA, 0x7F2C, 0x12F3, 0x801C, 0x12F6, 0x7F88, 0x1264, 0x8009, 0x11DD, 0x7F7F, 0x12C5, 0x7F1A, 0x123E, 0x7F48, 0x1244, 0x7F5A, 
	0x11AC, 0x7FBF, 0x11D8, 0x7F23, 0x1266, 0x7F5A, 0x118F, 0x7F76, 0x12E1, 0x7F36, 0x119F, 0x7FBF, 0x11BC, 0x7F7F, 0x1233, 0x7F51, 
	0x1235, 0x7FB6, 0x1245, 0x7F36, 0x118E, 0x7F91, 0x1261, 0x7F9A, 0x1282, 0x7EC8, 0x12C5, 0x7F91, 0x12AA, 0x7EF6, 0x11AD, 0x7F91, 
	0x1223, 0x7F88, 0x118D, 0x7F11, 0x1170, 0x7F88, 0x122B, 0x7EE3, 0x11AD, 0x7FA4, 0x119F, 0x7FF7, 0x130F, 0x7F11, 0x1265, 0x7F23, 
	0x124A, 0x7F11, 0x11E9, 0x7F3F, 0x1183, 0x7F51, 0x1202, 0x7F36, 0x115E, 0x7EFF, 0x121D, 0x7F5A, 0x121C, 0x7F2C, 0x125F, 0x7F6C, 
	0x1225, 0x7F48, 0x12B4, 0x7FB6, 0x126A, 0x7F3F, 0x11E7, 0x7F2C, 0x11C3, 0x7F5A, 0x11F7, 0x7F3F, 0x1281, 0x7F6C, 0x127D, 0x7F76, 
	0x11A1, 0x7EF6, 0x11D3, 0x7F48, 0x1229, 0x7EDA, 0x128A, 0x7F23, 0x1255, 0x7F51, 0x11DC, 0x7EEC, 0x11D1, 0x7EEC, 0x129B, 0x7F63, 
	0x12FF, 0x7F48, 0x129E, 0x7F48, 0x122D, 0x7F51, 0x135F, 0x7EEC, 0x133F, 0x7F9A, 0x12A2, 0x7F63, 0x1341, 0x7F2C, 0x12C4, 0x7EEC, 
	0x130B, 0x7E9B, 0x1337, 0x7F23, 0x1291, 0x7F1A, 0x1306, 0x7EFF, 0x1393, 0x7E52, 0x135E, 0x7F1A, 0x1338, 0x7F5A, 0x1382, 0x7F51, 
	0x1329, 0x7F63, 0x12C3, 0x7EAD, 0x132B, 0x7F2C, 0x1419, 0x7F23, 0x131C, 0x7F76, 0x13C8, 0x7FD2, 0x12C6, 0x7F51, 0x1384, 0x7F1A, 
	0x1395, 0x7EDA, 0x1366, 0x7F76, 0x13AA, 0x7F63, 0x13CC, 0x7F91, 0x13B5, 0x7EFF, 0x12FD, 0x7F08, 0x13E5, 0x7F6C, 0x142F, 0x7FBF, 
	0x136D, 0x7F48, 0x1471, 0x7F63, 0x13D4, 0x7FD2, 0x145C, 0x7F88, 0x138B, 0x7F5A, 0x13EA, 0x7F88, 0x13F7, 0x7F63, 0x141F, 0x7F76, 
	0x13BA, 0x7FC9, 0x1343, 0x7FAD, 0x13DB, 0x8000, 0x13F7, 0x7F76, 0x13B8, 0x7FAD, 0x1413, 0x7F5A, 0x1311, 0x7F9A, 0x12D5, 0x7F7F, 
	0x1298, 0x7FB6, 0x132C, 0x7FD2, 0x1427, 0x7FAD, 0x13AA, 0x7FC9, 0x129A, 0x7F63, 0x1358, 0x801C, 0x133F, 0x7FF7, 0x138F, 0x8025, 
	0x1272, 0x801C, 0x1402, 0x7F6C, 0x137D, 0x7FE4, 0x1368, 0x7FB6, 0x1257, 0x7F91, 0x126C, 0x7FC9, 0x12F1, 0x7FC9, 0x1342, 0x7FD2, 
	0x131F, 0x8079, 0x123F, 0x7FF7, 0x1363, 0x7F7F, 0x12EF, 0x7FED, 0x1246, 0x7FE4, 0x1372, 0x801C, 0x12E1, 0x8041, 0x11DE, 0x7F91, 
	0x1443, 0x8009, 0x12FB, 0x801C, 0x1329, 0x8041, 0x1213, 0x8054, 0x1176, 0x7FED, 0x13FC, 0x7FB6, 0x1311, 0x8054, 0x121B, 0x8025, 
	0x1344, 0x8070, 0x11B7, 0x8013, 0x11EB, 0x7FC9, 0x1305, 0x8038, 0x12A7, 0x8070, 0x12C1, 0x808C, 0x124E, 0x8095, 0x135E, 0x7FF7, 
	0x1244, 0x8070, 0x12F2, 0x8095, 0x115B, 0x80BA, 0x10D0, 0x8082, 0x12CF, 0x7FED, 0x1223, 0x80BA, 0x124C, 0x80E0, 0x1195, 0x810F, 
	0x11C0, 0x8079, 0x113C, 0x8038, 0x1185, 0x80D6, 0x1190, 0x8095, 0x111C, 0x804A, 0x120A, 0x80E9, 0x10F7, 0x8079, 0x0FF6, 0x8082, 
	0x1160, 0x8079, 0x119B, 0x80C4, 0x104D, 0x80E0, 0x1114, 0x8070, 0x0FCF, 0x80BA, 0x10FF, 0x8105, 0x10B1, 0x80C4, 0x10A5, 0x80FC, 
	0x0FC7, 0x80CD, 0x0F84, 0x804A, 0x1055, 0x805D, 0x0F92, 0x80B1, 0x0F54, 0x815A, 0x1090, 0x8095, 0x0F58, 0x80D6, 0x0F8B, 0x80D6, 
	0x0E80, 0x80BA, 0x1009, 0x8118, 0x0FB8, 0x812B, 0x0FBC, 0x8105, 0x0F7C, 0x815A, 0x0F69, 0x8147, 0x0FBF, 0x812B, 0x0FD2, 0x8122, 
	0x101F, 0x8193, 0x0F39, 0x80E9, 0x0FE7, 0x8135, 0x110B, 0x813E, 0x10CE, 0x8164, 0x1046, 0x8193, 0x113A, 0x819D, 0x0FDB, 0x8105, 
	0x0FDA, 0x8151, 0x10B0, 0x816D, 0x1069, 0x8219, 0x107D, 0x813E, 0x1079, 0x8193, 0x1167, 0x80D6, 0x117F, 0x8151, 0x114F, 0x819D, 
	0x1093, 0x81DF, 0x102A, 0x816D, 0x120A, 0x818A, 0x11C2, 0x8164, 0x10D9, 0x81A6, 0x115B, 0x820F, 0x1069, 0x81A6, 0x1122, 0x8193, 
	0x11C3, 0x81B0, 0x11C2, 0x8164, 0x121E, 0x81C3, 0x11DB, 0x8177, 0x118B, 0x8122, 0x1167, 0x81A6, 0x1181, 0x81B9, 0x10FC, 0x8205, 
	0x1171, 0x8248, 0x1219, 0x8122, 0x119F, 0x8177, 0x1232, 0x81B0, 0x11A7, 0x819D, 0x117D, 0x81B9, 0x119D, 0x819D, 0x11D5, 0x822C, 
	0x1265, 0x81C3, 0x10DB, 0x81CC, 0x120B, 0x8219, 0x110F, 0x81B0, 0x116D, 0x818A, 0x119C, 0x8222, 0x10B3, 0x81F2, 0x11E4, 0x8205, 
	0x12F7, 0x81C3, 0x11A7, 0x819D, 0x1256, 0x81F2, 0x11F4, 0x81DF, 0x113B, 0x81FC, 0x12B2, 0x81DF, 0x1173, 0x81DF, 0x129E, 0x81CC, 
	0x119C, 0x81F2, 0x117C, 0x81A6, 0x11CD, 0x820F, 0x1262, 0x825C, 0x121B, 0x8235, 0x11AF, 0x825C, 0x117E, 0x81DF, 0x12B0, 0x81D6, 
	0x127C, 0x823F, 0x12C3, 0x81CC, 0x105C, 0x822C, 0x1283, 0x81DF, 0x12E3, 0x81B0, 0x1224, 0x8235, 0x1338, 0x823F, 0x12AA, 0x8219, 
	0x1299, 0x8248, 0x1258, 0x81D6, 0x1215, 0x828C, 0x12C7, 0x8282, 0x1127, 0x8252, 0x1235, 0x8219, 0x11DA, 0x8248, 0x130D, 0x8252, 
	0x12E1, 0x82E3, 0x128A, 0x8252, 0x1392, 0x8235, 0x1313, 0x8252, 0x1344, 0x81CC, 0x127D, 0x828C, 0x1379, 0x8279, 0x128D, 0x8222, 
	0x1350, 0x8265, 0x1218, 0x8282, 0x1282, 0x82D9, 0x12C6, 0x8295, 0x1311, 0x822C, 0x1402, 0x82BC, 0x137A, 0x829F, 0x126C, 0x825C, 
	0x1266, 0x82BC, 0x131F, 0x820F, 0x1354, 0x8300, 0x1380, 0x8295, 0x12C5, 0x82CF, 0x12E8, 0x82BC, 0x12F9, 0x82E3, 0x11ED, 0x8313, 
	0x134B, 0x834E, 0x1318, 0x8330, 0x135D, 0x8357, 0x138F, 0x8327, 0x130E, 0x8361, 0x1390, 0x8330, 0x1358, 0x8330, 0x13E7, 0x8392, 
	0x143D, 0x8344, 0x12D9, 0x837E, 0x1494, 0x83AF, 0x139F, 0x83EA, 0x1462, 0x849C, 0x140F, 0x84CE, 0x1407, 0x829F, 0x13D2, 0x82EC, 
	0x13A6, 0x829F, 0x13B0, 0x820F, 0x1326, 0x8219, 0x1312, 0x81F2, 0x135B, 0x8265, 0x136C, 0x81D6, 0x13A8, 0x8222, 0x13A4, 0x8205, 
	0x135F, 0x819D, 0x13ED, 0x81A6, 0x13A0, 0x8177, 0x13BE, 0x81DF, 0x133A, 0x815A, 0x12A0, 0x819D, 0x145E, 0x81CC, 0x1463, 0x81E9, 
	0x1363, 0x8180, 0x13A7, 0x81CC, 0x1350, 0x815A, 0x136B, 0x81B9, 0x1313, 0x818A, 0x13A1, 0x818A, 0x13CC, 0x81B0, 0x134E, 0x8147, 
	0x131F, 0x816D, 0x1414, 0x816D, 0x1354, 0x81A6, 0x13B5, 0x8122, 0x1302, 0x8105, 0x12E8, 0x815A, 0x147B, 0x810F, 0x13C0, 0x80E9, 
	0x12B8, 0x8147, 0x12E1, 0x810F, 0x1362, 0x8079, 0x1353, 0x80C4, 0x13E2, 0x80B1, 0x1332, 0x80CD, 0x139A, 0x8095, 0x1306, 0x805D, 
	0x1386, 0x8095, 0x137B, 0x8082, 0x13B7, 0x8070, 0x12F2, 0x810F, 0x12BD, 0x8066, 0x1382, 0x8070, 0x1350, 0x80BA, 0x1367, 0x8041, 
	0x1399, 0x802E, 0x1528, 0x7FED, 0x1319, 0x8041, 0x1428, 0x801C, 0x13BA, 0x8025, 0x13B5, 0x8041, 0x137E, 0x7FF7, 0x1312, 0x7FF7, 
	0x13B8, 0x7FF7, 0x1283, 0x804A, 0x12AC, 0x7FAD, 0x13BC, 0x7FDB, 0x133D, 0x7FD2, 0x1433, 0x8041, 0x1340, 0x7FD2, 0x1306, 0x7FC9, 
	0x13E3, 0x801C, 0x13CA, 0x7FF7, 0x13A9, 0x7FE4, 0x1364, 0x8013, 0x1355, 0x7F91, 0x12DF, 0x7FBF, 0x1332, 0x7FA4, 0x1343, 0x7FD2, 
	0x12A7, 0x7F76, 0x138F, 0x7F7F, 0x11D5, 0x7FA4, 0x1369, 0x7FE4, 0x1308, 0x801C, 0x11B5, 0x7F48, 0x12DA, 0x7F2C, 0x12F3, 0x801C, 
	0x12F6, 0x7F88, 0x1264, 0x8009, 0x11DD, 0x7F7F, 0x12C5, 0x7F1A, 0x123E, 0x7F48, 0x1244, 0x7F5A, 0x11AC, 0x7FBF, 0x11D8, 0x7F23, 
	0x1266, 0x7F5A, 0x118F, 0x7F76, 0x12E1, 0x7F36, 0x119F, 0x7FBF, 0x11BC, 0x7F7F, 0x1233, 0x7F51, 0x1235, 0x7FB6, 0x1245, 0x7F36, 
	0x118E, 0x7F91, 0x1261, 0x7F9A, 0x1282, 0x7EC8, 0x12C5, 0x7F91, 0x12AA, 0x7EF6, 0x11AD, 0x7F91, 0x1223, 0x7F88, 0x118D, 0x7F11, 
	0x1170, 0x7F88, 0x122B, 0x7EE3, 0x11AD, 0x7FA4, 0x119F, 0x7FF7, 0x130F, 0x7F11, 0x1265, 0x7F23, 0x124A, 0x7F11, 0x11E9, 0x7F3F, 
	0x1183, 0x7F51, 0x1202, 0x7F36, 0x115E, 0x7EFF, 0x121D, 0x7F5A, 0x121C, 0x7F2C, 0x125F, 0x7F6C, 0x1225, 0x7F48, 0x12B4, 0x7FB6, 
	0x126A, 0x7F3F, 0x11E7, 0x7F2C, 0x11C3, 0x7F5A, 0x11F7, 0x7F3F, 0x1281, 0x7F6C, 0x127D, 0x7F76, 0x11A1, 0x7EF6, 0x11D3, 0x7F48, 
	0x1229, 0x7EDA, 0x128A, 0x7F23, 0x1255, 0x7F51, 0x11DC, 0x7EEC, 0x11D1, 0x7EEC, 0x129B, 0x7F63, 0x12FF, 0x7F48, 0x129E, 0x7F48, 
	0x122D, 0x7F51, 0x135F, 0x7EEC, 0x133F, 0x7F9A, 0x12A2, 0x7F63, 0x1341, 0x7F2C, 0x12C4, 0x7EEC, 0x130B, 0x7E9B, 0x1337, 0x7F23, 
	0x1291, 0x7F1A, 0x1306, 0x7EFF, 0x1393, 0x7E52, 0x135E, 0x7F1A, 0x1338, 0x7F5A, 0x1382, 0x7F51, 0x1329, 0x7F63, 0x12C3, 0x7EAD, 
	0x132B, 0x7F2C, 0x1419, 0x7F23, 0x131C, 0x7F76, 0x13C8, 0x7FD2, 0x12C6, 0x7F51, 0x1384, 0x7F1A, 0x1395, 0x7EDA, 0x1366, 0x7F76, 
	0x13AA, 0x7F63, 0x13CC, 0x7F91, 0x13B5, 0x7EFF, 0x12FD, 0x7F08, 0x13E5, 0x7F6C, 0x142F, 0x7FBF, 0x136D, 0x7F48, 0x1471, 0x7F63, 
	0x13D4, 0x7FD2, 0x145C, 0x7F88, 0x138B, 0x7F5A, 0x13EA, 0x7F88, 0x13F7, 0x7F63, 0x141F, 0x7F76, 0x13BA, 0x7FC9, 0x1343, 0x7FAD, 
	0x13DB, 0x8000, 0x13F7, 0x7F76, 0x13B8, 0x7FAD, 0x1413, 0x7F5A, 0x1311, 0x7F9A, 0x12D5, 0x7F7F, 0x1298, 0x7FB6, 0x132C, 0x7FD2, 
	0x1427, 0x7FAD, 0x13AA, 0x7FC9, 0x129A, 0x7F63, 0x1358, 0x801C, 0x133F, 0x7FF7, 0x138F, 0x8025, 0x1272, 0x801C, 0x1402, 0x7F6C, 
	0x137D, 0x7FE4, 0x1368, 0x7FB6, 0x1257, 0x7F91, 0x126C, 0x7FC9, 0x12F1, 0x7FC9, 0x1342, 0x7FD2, 0x131F, 0x8079, 0x123F, 0x7FF7, 
	0x1363, 0x7F7F, 0x12EF, 0x7FED, 0x1246, 0x7FE4, 0x1372, 0x801C, 0x12E1, 0x8041, 0x11DE, 0x7F91, 0x1443, 0x8009, 0x12FB, 0x801C, 
	0x1329, 0x8041, 0x1213, 0x8054, 0x1176, 0x7FED, 0x13FC, 0x7FB6, 0x1311, 0x8054, 0x121B, 0x8025, 0x1344, 0x8070, 0x11B7, 0x8013, 
	0x11EB, 0x7FC9, 0x1305, 0x8038, 0x12A7, 0x8070, 0x12C1, 0x808C, 0x124E, 0x8095, 0x135E, 0x7FF7, 0x1244, 0x8070, 0x12F2, 0x8095, 
	0x115B, 0x80BA, 0x10D0, 0x8082, 0x12CF, 0x7FED, 0x1223, 0x80BA, 0x124C, 0x80E0, 0x1195, 0x810F, 0x11C0, 0x8079, 0x113C, 0x8038, 
	0x1185, 0x80D6, 0x1190, 0x8095, 0x111C, 0x804A, 0x120A, 0x80E9, 0x10F7, 0x8079, 0x0FF6, 0x8082, 0x1160, 0x8079, 0x119B, 0x80C4, 
	0x104D, 0x80E0, 0x1114, 0x8070, 0x0FCF, 0x80BA, 0x10FF, 0x8105, 0x10B1, 0x80C4, 0x10A5, 0x80FC, 0x0FC7, 0x80CD, 0x0F84, 0x804A, 
	0x1055, 0x805D, 0x0F92, 0x80B1, 0x0F54, 0x815A, 0x1090, 0x8095, 0x0F58, 0x80D6, 0x0F8B, 0x80D6, 0x0E80, 0x80BA, 0x1009, 0x8118, 
	0x1321, 0x82D9, 0x1384, 0x82E3, 0x1335, 0x8248, 0x13C7, 0x82B2, 0x1306, 0x8205, 0x127B, 0x8295, 0x1326, 0x822C, 0x132B, 0x8222, 
	0x124B, 0x8219, 0x1303, 0x823F, 0x131E, 0x820F, 0x13EF, 0x820F, 0x1293, 0x822C, 0x132A, 0x81DF, 0x1330, 0x81CC, 0x127D, 0x819D, 
	0x142C, 0x822C, 0x148E, 0x81C3, 0x129D, 0x81F2, 0x1320, 0x81D6, 0x1318, 0x8164, 0x12E3, 0x81B0, 0x1279, 0x816D, 0x13BD, 0x8205, 
	0x12A7, 0x818A, 0x138D, 0x8147, 0x135A, 0x815A, 0x141F, 0x8135, 0x1282, 0x813E, 0x12E0, 0x816D, 0x12D5, 0x8122, 0x12D8, 0x8180, 
	0x13A9, 0x815A, 0x1351, 0x8122, 0x128B, 0x8180, 0x12F6, 0x8147, 0x134B, 0x8070, 0x1395, 0x8151, 0x1339, 0x8122, 0x1295, 0x80E9, 
	0x132D, 0x8079, 0x1371, 0x80CD, 0x13E6, 0x809E, 0x1315, 0x80E9, 0x12DC, 0x80BA, 0x12DE, 0x80C4, 0x12D6, 0x8095, 0x1306, 0x8000, 
	0x12D8, 0x8025, 0x1313, 0x808C, 0x141D, 0x7FED, 0x14B8, 0x802E, 0x13A8, 0x8070, 0x141C, 0x804A, 0x1327, 0x808C, 0x13CA, 0x7FED, 
	0x13B6, 0x8082, 0x136B, 0x8066, 0x141C, 0x8079, 0x12E4, 0x8079, 0x128A, 0x7FAD, 0x140E, 0x8070, 0x12C8, 0x8009, 0x1369, 0x8009, 
	0x12C4, 0x7FF7, 0x13DA, 0x7F91, 0x13D0, 0x7FB6, 0x12EA, 0x8009, 0x12F5, 0x7FDB, 0x1324, 0x8013, 0x1388, 0x8000, 0x12B5, 0x7F23, 
	0x1320, 0x8000, 0x1363, 0x8009, 0x12A1, 0x7FB6, 0x13F4, 0x7FA4, 0x12BC, 0x7F63, 0x12D8, 0x7FC9, 0x1313, 0x7F5A, 0x121E, 0x7FBF, 
	0x123C, 0x7F76, 0x12BA, 0x7F5A, 0x1290, 0x7FDB, 0x11C3, 0x7F7F, 0x114D, 0x7F7F, 0x128F, 0x7F51, 0x1270, 0x7FB6, 0x1279, 0x7FB6, 
	0x11CE, 0x7F88, 0x1145, 0x7F5A, 0x1279, 0x7F76, 0x1212, 0x7F91, 0x12C1, 0x7F51, 0x11BE, 0x7F76, 0x11B7, 0x7F6C, 0x129C, 0x7F51, 
	0x11B9, 0x7F7F, 0x127C, 0x7F63, 0x125C, 0x7FC9, 0x1280, 0x7F91, 0x128C, 0x7EFF, 0x11EC, 0x8009, 0x11EB, 0x7F5A, 0x116C, 0x7FBF, 
	0x1188, 0x7F76, 0x11EC, 0x7F11, 0x118D, 0x7F48, 0x120B, 0x7F48, 0x1253, 0x7F11, 0x1159, 0x7FA4, 0x1265, 0x7F1A, 0x1204, 0x7F63, 
	0x121D, 0x7F48, 0x11B7, 0x7F9A, 0x10FB, 0x7F6C, 0x1286, 0x7F5A, 0x1199, 0x7F5A, 0x120E, 0x7FBF, 0x1149, 0x7F2C, 0x1252, 0x7F51, 
	0x11C5, 0x7F2C, 0x120C, 0x7FB6, 0x12A1, 0x7F6C, 0x1242, 0x7F6C, 0x122B, 0x7FD2, 0x113E, 0x7F63, 0x11C8, 0x7F11, 0x1249, 0x7F7F, 
	0x11B8, 0x7F51, 0x116E, 0x7F63, 0x11A2, 0x7F08, 0x1206, 0x7F63, 0x120F, 0x7F5A, 0x12E2, 0x7F36, 0x1212, 0x7F36, 0x1310, 0x7F3F, 
	0x1360, 0x7F2C, 0x133F, 0x7F7F, 0x12A6, 0x7EF6, 0x134C, 0x7F76, 0x1331, 0x7F48, 0x127A, 0x7F1A, 0x139F, 0x7F76, 0x131A, 0x7EB6, 
	0x12EC, 0x7F51, 0x12A1, 0x7F1A, 0x12AB, 0x7F88, 0x1260, 0x7F08, 0x13F3, 0x7EC8, 0x1309, 0x7F23, 0x132A, 0x7F23, 0x1384, 0x7EC8, 
	0x1392, 0x7F63, 0x133D, 0x7F36, 0x133C, 0x7F1A, 0x1434, 0x7F9A, 0x1322, 0x7F63, 0x136C, 0x7F76, 0x12AE, 0x7EEC, 0x135C, 0x7F48, 
	0x1383, 0x7F5A, 0x133F, 0x7FB6, 0x1331, 0x7FA4, 0x139E, 0x7FB6, 0x1352, 0x7F48, 0x13A6, 0x7FAD, 0x13D8, 0x7F48, 0x1423, 0x7F88, 
	0x1381, 0x7FAD, 0x13F9, 0x7F76, 0x1341, 0x8025, 0x146C, 0x7F91, 0x1456, 0x7F5A, 0x13BC, 0x7F7F, 0x13DF, 0x7FAD, 0x1422, 0x7FAD, 
	0x1371, 0x7FED, 0x1365, 0x7F9A, 0x13EE, 0x7FB6, 0x1422, 0x7FC9, 0x13FD, 0x7FBF, 0x1429, 0x7FB6, 0x12F1, 0x7FF7, 0x1350, 0x7F7F, 
	0x12C2, 0x7F7F, 0x1348, 0x7FAD, 0x150A, 0x7FAD, 0x13E5, 0x7FC9, 0x1297, 0x7F23, 0x130B, 0x7FC9, 0x13DE, 0x7FD2, 0x12F0, 0x8000, 
	0x12C5, 0x802E, 0x13E2, 0x7FAD, 0x1322, 0x8000, 0x12F5, 0x8025, 0x11E3, 0x7FAD, 0x1357, 0x7FD2, 0x1350, 0x7F88, 0x1339, 0x7FB6, 
	0x12C1, 0x7FF7, 0x131B, 0x7FB6, 0x133F, 0x8038, 0x12C5, 0x8000, 0x1317, 0x7FC9, 0x12EB, 0x801C, 0x12EE, 0x8025, 0x11BE, 0x801C, 
	0x13B8, 0x8025, 0x1384, 0x8070, 0x129E, 0x8066, 0x1274, 0x808C, 0x124D, 0x8079, 0x12BF, 0x7FED, 0x123F, 0x809E, 0x11BA, 0x8038, 
	0x127E, 0x8025, 0x117E, 0x8070, 0x117F, 0x7FDB, 0x127B, 0x80C4, 0x1215, 0x80BA, 0x12C1, 0x80BA, 0x1298, 0x809E, 0x133D, 0x8070, 
	0x1211, 0x8070, 0x1357, 0x8041, 0x10D2, 0x808C, 0x108D, 0x8095, 0x12E6, 0x8066, 0x11B9, 0x80E0, 0x1272, 0x8118, 0x11C2, 0x80BA, 
	0x1190, 0x8082, 0x1148, 0x8070, 0x11AB, 0x8118, 0x1123, 0x80FC, 0x10F3, 0x809E, 0x11A3, 0x808C, 0x10F1, 0x805D, 0x103D, 0x80E0, 
	0x11A8, 0x80FC, 0x10A4, 0x80E9, 0x0FD5, 0x812B, 0x10F5, 0x80A8, 0x103F, 0x810F, 0x10B0, 0x8147, 0x108C, 0x8147, 0x105F, 0x8105, 
	0x1073, 0x80BA, 0x0EF8, 0x8105, 0x1027, 0x80A8, 0x0F51, 0x8151, 0x0F38, 0x8151, 0x1043, 0x808C, 0x0EE4, 0x80F3, 0x1014, 0x80FC, 
	0x0E7C, 0x80E0, 0x105A, 0x8151, 0x0F26, 0x8118, 0x102E, 0x8147, 0x0F17, 0x80F3, 0x0F43, 0x8164, 0x0F99, 0x81C3, 0x0FA4, 0x815A, 
	0x0F66, 0x818A, 0x0EC4, 0x815A, 0x0F51, 0x81A6, 0x10D8, 0x81C3, 0x10DA, 0x8147, 0x0FD7, 0x819D, 0x1068, 0x81B9, 0x100A, 0x8164, 
	0x0F9B, 0x8180, 0x1057, 0x81A6, 0x1082, 0x81F2, 0x10FD, 0x81B0, 0x10A9, 0x819D, 0x1098, 0x81A6, 0x1178, 0x81DF, 0x1106, 0x81C3, 
	0x10EF, 0x81A6, 0x108E, 0x81D6, 0x1288, 0x8147, 0x112D, 0x81F2, 0x1100, 0x81B0, 0x10FC, 0x81F2, 0x10B2, 0x81E9, 0x10BB, 0x8147, 
	0x1165, 0x8205, 0x11B9, 0x8193, 0x1169, 0x81FC, 0x11C1, 0x819D, 0x11DA, 0x81B9, 0x11DB, 0x8279, 0x120C, 0x81FC, 0x1182, 0x819D, 
	0x1175, 0x8222, 0x125A, 0x8177, 0x11BD, 0x81C3, 0x1206, 0x8252, 0x11A0, 0x8193, 0x10F3, 0x81B0, 0x1254, 0x8248, 0x115D, 0x823F, 
	0x1239, 0x820F, 0x1051, 0x81DF, 0x1203, 0x8177, 0x11A0, 0x8222, 0x1030, 0x818A, 0x1129, 0x8235, 0x112F, 0x822C, 0x1151, 0x8222, 
	0x12B7, 0x81DF, 0x113D, 0x822C, 0x1231, 0x81DF, 0x1167, 0x8205, 0x10C0, 0x81CC, 0x1245, 0x8279, 0x11AA, 0x8222, 0x12D1, 0x81B9, 
	0x11AA, 0x820F, 0x1161, 0x8105, 0x115D, 0x820F, 0x1244, 0x823F, 0x11CB, 0x81FC, 0x1201, 0x8295, 0x120E, 0x820F, 0x1250, 0x8219, 
	0x11DF, 0x826F, 0x12ED, 0x8205, 0x1037, 0x8252, 0x1171, 0x8252, 0x124C, 0x8235, 0x1213, 0x820F, 0x12E0, 0x8252, 0x134A, 0x8205, 
	0x1266, 0x8252, 0x12DA, 0x8252, 0x115A, 0x8222, 0x1299, 0x82A9, 0x112A, 0x8252, 0x126E, 0x82B2, 0x124B, 0x828C, 0x12FC, 0x8222, 
	0x12CB, 0x82C6, 0x12A9, 0x8252, 0x136E, 0x823F, 0x1299, 0x8279, 0x12AF, 0x823F, 0x1230, 0x8282, 0x1287, 0x8279, 0x12E5, 0x825C, 
	0x12F8, 0x8265, 0x12F3, 0x829F, 0x12F3, 0x82B2, 0x12FB, 0x826F, 0x1277, 0x8295, 0x13C2, 0x828C, 0x133B, 0x82D9, 0x126B, 0x8265, 
	0x121B, 0x82B2, 0x12F5, 0x8252, 0x1266, 0x8300, 0x125F, 0x826F, 0x12BD, 0x8205, 0x120C, 0x8309, 0x1276, 0x8300, 0x1254, 0x8313, 
	0x1309, 0x8392, 0x1307, 0x8327, 0x1297, 0x839C, 0x139C, 0x837E, 0x12C0, 0x8344, 0x1348, 0x82CF, 0x127A, 0x8330, 0x13A3, 0x8330, 
	0x13A9, 0x8344, 0x1383, 0x83B9, 0x1398, 0x8392, 0x1349, 0x841B, 0x13C9, 0x84C4, 0x137C, 0x8488, 0x1321, 0x82D9, 0x1384, 0x82E3, 
	0x1335, 0x8248, 0x13C7, 0x82B2, 0x1306, 0x8205, 0x127B, 0x8295, 0x1326, 0x822C, 0x132B, 0x8222, 0x124B, 0x8219, 0x1303, 0x823F, 
	0x131E, 0x820F, 0x13EF, 0x820F, 0x1293, 0x822C, 0x132A, 0x81DF, 0x1330, 0x81CC, 0x127D, 0x819D, 0x142C, 0x822C, 0x148E, 0x81C3, 
	0x129D, 0x81F2, 0x1320, 0x81D6, 0x1318, 0x8164, 0x12E3, 0x81B0, 0x1279, 0x816D, 0x13BD, 0x8205, 0x12A7, 0x818A, 0x138D, 0x8147, 
	0x135A, 0x815A, 0x141F, 0x8135, 0x1282, 0x813E, 0x12E0, 0x816D, 0x12D5, 0x8122, 0x12D8, 0x8180, 0x13A9, 0x815A, 0x1351, 0x8122, 
	0x128B, 0x8180, 0x12F6, 0x8147, 0x134B, 0x8070, 0x1395, 0x8151, 0x1339, 0x8122, 0x1295, 0x80E9, 0x132D, 0x8079, 0x1371, 0x80CD, 
	0x13E6, 0x809E, 0x1315, 0x80E9, 0x12DC, 0x80BA, 0x12DE, 0x80C4, 0x12D6, 0x8095, 0x1306, 0x8000, 0x12D8, 0x8025, 0x1313, 0x808C, 
	0x141D, 0x7FED, 0x14B8, 0x802E, 0x13A8, 0x8070, 0x141C, 0x804A, 0x1327, 0x808C, 0x13CA, 0x7FED, 0x13B6, 0x8082, 0x136B, 0x8066, 
	0x141C, 0x8079, 0x12E4, 0x8079, 0x128A, 0x7FAD, 0x140E, 0x8070, 0x12C8, 0x8009, 0x1369, 0x8009, 0x12C4, 0x7FF7, 0x13DA, 0x7F91, 
	0x13D0, 0x7FB6, 0x12EA, 0x8009, 0x12F5, 0x7FDB, 0x1324, 0x8013, 0x1388, 0x8000, 0x12B5, 0x7F23, 0x1320, 0x8000, 0x1363, 0x8009, 
	0x12A1, 0x7FB6, 0x13F4, 0x7FA4, 0x12BC, 0x7F63, 0x12D8, 0x7FC9, 0x1313, 0x7F5A, 0x121E, 0x7FBF, 0x123C, 0x7F76, 0x12BA, 0x7F5A, 
	0x1290, 0x7FDB, 0x11C3, 0x7F7F, 0x114D, 0x7F7F, 0x128F, 0x7F51, 0x1270, 0x7FB6, 0x1279, 0x7FB6, 0x11CE, 0x7F88, 0x1145, 0x7F5A, 
	0x1279, 0x7F76, 0x1212, 0x7F91, 0x12C1, 0x7F51, 0x11BE, 0x7F76, 0x11B7, 0x7F6C, 0x129C, 0x7F51, 0x11B9, 0x7F7F, 0x127C, 0x7F63, 
	0x125C, 0x7FC9, 0x1280, 0x7F91, 0x128C, 0x7EFF, 0x11EC, 0x8009, 0x11EB, 0x7F5A, 0x116C, 0x7FBF, 0x1188, 0x7F76, 0x11EC, 0x7F11, 
	0x118D, 0x7F48, 0x120B, 0x7F48, 0x1253, 0x7F11, 0x1159, 0x7FA4, 0x1265, 0x7F1A, 0x1204, 0x7F63, 0x121D, 0x7F48, 0x11B7, 0x7F9A, 
	0x10FB, 0x7F6C, 0x1286, 0x7F5A, 0x1199, 0x7F5A, 0x120E, 0x7FBF, 0x1149, 0x7F2C, 0x1252, 0x7F51, 0x11C5, 0x7F2C, 0x120C, 0x7FB6, 
	0x12A1, 0x7F6C, 0x1242, 0x7F6C, 0x122B, 0x7FD2, 0x113E, 0x7F63, 0x11C8, 0x7F11, 0x1249, 0x7F7F, 0x11B8, 0x7F51, 0x116E, 0x7F63, 
	0x11A2, 0x7F08, 0x1206, 0x7F63, 0x120F, 0x7F5A, 0x12E2, 0x7F36, 0x1212, 0x7F36, 0x1310, 0x7F3F, 0x1360, 0x7F2C, 0x133F, 0x7F7F, 
	0x12A6, 0x7EF6, 0x134C, 0x7F76, 0x1331, 0x7F48, 0x127A, 0x7F1A, 0x139F, 0x7F76, 0x131A, 0x7EB6, 0x12EC, 0x7F51, 0x12A1, 0x7F1A, 
	0x12AB, 0x7F88, 0x1260, 0x7F08, 0x13F3, 0x7EC8, 0x1309, 0x7F23, 0x132A, 0x7F23, 0x1384, 0x7EC8, 0x1392, 0x7F63, 0x133D, 0x7F36, 
	0x133C, 0x7F1A, 0x1434, 0x7F9A, 0x1322, 0x7F63, 0x136C, 0x7F76, 0x12AE, 0x7EEC, 0x135C, 0x7F48, 0x1383, 0x7F5A, 0x133F, 0x7FB6, 
	0x1331, 0x7FA4, 0x139E, 0x7FB6, 0x1352, 0x7F48, 0x13A6, 0x7FAD, 0x13D8, 0x7F48, 0x1423, 0x7F88, 0x1381, 0x7FAD, 0x13F9, 0x7F76, 
	0x1341, 0x8025, 0x146C, 0x7F91, 0x1456, 0x7F5A, 0x13BC, 0x7F7F, 0x13DF, 0x7FAD, 0x1422, 0x7FAD, 0x1371, 0x7FED, 0x1365, 0x7F9A, 
	0x13EE, 0x7FB6, 0x1422, 0x7FC9, 0x13FD, 0x7FBF, 0x1429, 0x7FB6, 0x12F1, 0x7FF7, 0x1350, 0x7F7F, 0x12C2, 0x7F7F, 0x1348, 0x7FAD, 
	0x150A, 0x7FAD, 0x13E5, 0x7FC9, 0x1297, 0x7F23, 0x130B, 0x7FC9, 0x13DE, 0x7FD2, 0x12F0, 0x8000, 0x12C5, 0x802E, 0x13E2, 0x7FAD, 
	0x1322, 0x8000, 0x12F5, 0x8025, 0x11E3, 0x7FAD, 0x1357, 0x7FD2, 0x1350, 0x7F88, 0x1339, 0x7FB6, 0x12C1, 0x7FF7, 0x131B, 0x7FB6, 
	0x133F, 0x8038, 0x12C5, 0x8000, 0x1317, 0x7FC9, 0x12EB, 0x801C, 0x12EE, 0x8025, 0x11BE, 0x801C, 0x13B8, 0x8025, 0x1384, 0x8070, 
	0x129E, 0x8066, 0x1274, 0x808C, 0x124D, 0x8079, 0x12BF, 0x7FED, 0x123F, 0x809E, 0x11BA, 0x8038, 0x127E, 0x8025, 0x117E, 0x8070, 
	0x117F, 0x7FDB, 0x127B, 0x80C4, 0x1215, 0x80BA, 0x12C1, 0x80BA, 0x1298, 0x809E, 0x133D, 0x8070, 0x1211, 0x8070, 0x1357, 0x8041, 
	0x10D2, 0x808C, 0x108D, 0x8095, 0x12E6, 0x8066, 0x11B9, 0x80E0, 0x1272, 0x8118, 0x11C2, 0x80BA, 0x1190, 0x8082, 0x1148, 0x8070, 
	0x11AB, 0x8118, 0x1123, 0x80FC, 0x10F3, 0x809E, 0x11A3, 0x808C, 0x10F1, 0x805D, 0x103D, 0x80E0, 0x11A8, 0x80FC, 0x10A4, 0x80E9, 
	0x0FD5, 0x812B, 0x10F5, 0x80A8, 0x103F, 0x810F, 0x10B0, 0x8147, 0x108C, 0x8147, 0x105F, 0x8105, 0x1073, 0x80BA, 0x0EF8, 0x8105, 
	0x1027, 0x80A8, 0x0F51, 0x8151, 0x0F38, 0x8151, 0x1043, 0x808C, 0x0EE4, 0x80F3, 0x1014, 0x80FC, 0x0E7C, 0x80E0, 0x105A, 0x8151, 
	0x137E, 0x828C, 0x1399, 0x826F, 0x131E, 0x8295, 0x13AC, 0x825C, 0x1344, 0x8235, 0x12AA, 0x8252, 0x12CE, 0x81C3, 0x12EE, 0x8252, 
	0x12BF, 0x81CC, 0x135D, 0x8248, 0x1341, 0x818A, 0x1372, 0x825C, 0x131C, 0x81B0, 0x1424, 0x813E, 0x1336, 0x8147, 0x12A2, 0x81C3, 
	0x140E, 0x81B9, 0x145E, 0x81F2, 0x12F7, 0x8164, 0x13EC, 0x8205, 0x12E7, 0x81DF, 0x138A, 0x81B0, 0x11EB, 0x820F, 0x13B4, 0x8177, 
	0x1278, 0x813E, 0x13AC, 0x81B9, 0x138D, 0x8151, 0x141E, 0x81A6, 0x12BC, 0x812B, 0x136D, 0x815A, 0x12CD, 0x8118, 0x12A7, 0x80CD, 
	0x13E4, 0x8177, 0x134D, 0x8177, 0x12A7, 0x812B, 0x1387, 0x815A, 0x13B4, 0x80E9, 0x138D, 0x8164, 0x1386, 0x80FC, 0x1320, 0x80CD, 
	0x1336, 0x7FE4, 0x1368, 0x808C, 0x132A, 0x80C4, 0x1379, 0x809E, 0x1308, 0x80E9, 0x12D5, 0x80CD, 0x1373, 0x8082, 0x132B, 0x80B1, 
	0x12DF, 0x80BA, 0x129E, 0x8038, 0x13D1, 0x8054, 0x14A4, 0x8082, 0x13C3, 0x805D, 0x13BD, 0x8009, 0x137C, 0x802E, 0x1395, 0x802E, 
	0x12E6, 0x8070, 0x12DD, 0x808C, 0x13AC, 0x8041, 0x138C, 0x8025, 0x1332, 0x7FAD, 0x1408, 0x8054, 0x130F, 0x7FDB, 0x13B0, 0x802E, 
	0x127A, 0x8038, 0x13C5, 0x7FE4, 0x13C4, 0x8025, 0x12F6, 0x8009, 0x1329, 0x7F91, 0x131E, 0x8038, 0x135D, 0x8009, 0x1284, 0x7F6C, 
	0x135B, 0x7FB6, 0x13C3, 0x7FD2, 0x12D6, 0x7FC9, 0x141B, 0x7FE4, 0x1285, 0x7FE4, 0x1364, 0x7FBF, 0x12CB, 0x7FD2, 0x128D, 0x7FBF, 
	0x11DD, 0x7F3F, 0x12D2, 0x7FD2, 0x1297, 0x7F76, 0x1219, 0x7F48, 0x11F9, 0x7FD2, 0x12F7, 0x7FAD, 0x12BD, 0x7FED, 0x12AC, 0x7FC9, 
	0x11D9, 0x7F51, 0x10F1, 0x7F48, 0x12F8, 0x7F08, 0x1210, 0x7FAD, 0x12B1, 0x7F88, 0x1209, 0x7FA4, 0x1258, 0x7F51, 0x12A6, 0x7F11, 
	0x11AC, 0x7F63, 0x1227, 0x7F91, 0x11E0, 0x7FA4, 0x12D3, 0x7F36, 0x128E, 0x7F36, 0x120C, 0x7F6C, 0x1238, 0x7F6C, 0x11DB, 0x7F63, 
	0x11D3, 0x7F51, 0x1286, 0x7F63, 0x1195, 0x7F51, 0x11EA, 0x7F7F, 0x1280, 0x7F36, 0x11AC, 0x7F6C, 0x1302, 0x7F5A, 0x11A9, 0x7F5A, 
	0x11F2, 0x7F6C, 0x1184, 0x7F91, 0x1141, 0x7F3F, 0x124A, 0x7F76, 0x1192, 0x7F11, 0x1180, 0x7FD2, 0x11A5, 0x7F23, 0x1289, 0x7F2C, 
	0x11E4, 0x7F51, 0x1250, 0x7F6C, 0x12DE, 0x7F5A, 0x119D, 0x7F36, 0x11F0, 0x7F36, 0x1151, 0x7F23, 0x120B, 0x7F3F, 0x127C, 0x7F63, 
	0x11C1, 0x7F3F, 0x11A9, 0x7F36, 0x117B, 0x7EDA, 0x1220, 0x7F7F, 0x11CC, 0x7F11, 0x128B, 0x7F3F, 0x11D8, 0x7F5A, 0x1303, 0x7F1A, 
	0x12D2, 0x7EEC, 0x12E7, 0x7FA4, 0x1288, 0x7EE3, 0x1397, 0x7F2C, 0x127E, 0x7EDA, 0x12DE, 0x7F1A, 0x139B, 0x7EE3, 0x131C, 0x7EA4, 
	0x1330, 0x7F1A, 0x12CC, 0x7F08, 0x12B2, 0x7EFF, 0x12F6, 0x7F23, 0x13DF, 0x7F48, 0x1325, 0x7F2C, 0x122E, 0x7F3F, 0x1378, 0x7F11, 
	0x1321, 0x7F08, 0x1323, 0x7F11, 0x1383, 0x7F48, 0x1423, 0x7F91, 0x13D3, 0x7EE3, 0x13CE, 0x7EFF, 0x131B, 0x7F3F, 0x1347, 0x7F08, 
	0x135A, 0x7F91, 0x1397, 0x7F63, 0x1405, 0x7F7F, 0x136E, 0x7F6C, 0x1374, 0x7F51, 0x1304, 0x7F48, 0x140A, 0x7F51, 0x147F, 0x7F51, 
	0x13A1, 0x7F76, 0x1430, 0x7F63, 0x133B, 0x7FB6, 0x1476, 0x7F88, 0x13ED, 0x7F5A, 0x1388, 0x7FB6, 0x13D8, 0x7F9A, 0x1397, 0x8013, 
	0x13CE, 0x7FC9, 0x1343, 0x8000, 0x1402, 0x7F91, 0x14C6, 0x7F63, 0x1469, 0x7FB6, 0x139C, 0x7FD2, 0x1322, 0x7FF7, 0x136D, 0x7FA4, 
	0x1347, 0x7F7F, 0x12F7, 0x7FF7, 0x14CA, 0x7FD2, 0x141F, 0x7FED, 0x12B8, 0x7F2C, 0x12EB, 0x7F9A, 0x1391, 0x7FD2, 0x12F7, 0x7FED, 
	0x124C, 0x8013, 0x13A7, 0x7FAD, 0x133D, 0x7FED, 0x1337, 0x8038, 0x1236, 0x7F7F, 0x12D9, 0x7FB6, 0x137A, 0x7FC9, 0x13C1, 0x7F88, 
	0x12A0, 0x7FDB, 0x1345, 0x7FED, 0x1316, 0x7F6C, 0x12EB, 0x8000, 0x1393, 0x801C, 0x1353, 0x8025, 0x12B2, 0x8041, 0x11B0, 0x7FE4, 
	0x1418, 0x8038, 0x139D, 0x805D, 0x1283, 0x808C, 0x123F, 0x8041, 0x1250, 0x7FB6, 0x12CE, 0x7FE4, 0x130B, 0x8041, 0x124E, 0x8066, 
	0x1302, 0x8038, 0x11C0, 0x7FD2, 0x115F, 0x7FD2, 0x121F, 0x80B1, 0x120C, 0x805D, 0x12A1, 0x804A, 0x1239, 0x80E0, 0x1301, 0x8066, 
	0x129C, 0x8082, 0x1357, 0x80A8, 0x108C, 0x8082, 0x1140, 0x8079, 0x12E2, 0x802E, 0x11F9, 0x8105, 0x120E, 0x80D6, 0x116C, 0x808C, 
	0x117E, 0x815A, 0x11D0, 0x805D, 0x125E, 0x80BA, 0x1185, 0x815A, 0x10D8, 0x80E9, 0x117B, 0x8079, 0x1110, 0x804A, 0x1030, 0x80BA, 
	0x119D, 0x8122, 0x103D, 0x80A8, 0x1020, 0x80BA, 0x1080, 0x809E, 0x1085, 0x80CD, 0x10ED, 0x80CD, 0x10D7, 0x812B, 0x1079, 0x8079, 
	0x1060, 0x80C4, 0x0FC5, 0x809E, 0x1003, 0x810F, 0x0FA3, 0x80C4, 0x0F6D, 0x80BA, 0x1047, 0x8082, 0x0F09, 0x80CD, 0x101C, 0x810F, 
	0x0EFD, 0x80A8, 0x107B, 0x8147, 0x0EC5, 0x80E0, 0x0FDD, 0x80D6, 0x0EFA, 0x816D, 0x0EE5, 0x8122, 0x0F8C, 0x8193, 0x0FFC, 0x810F, 
	0x0F7C, 0x8147, 0x0F29, 0x818A, 0x0FAA, 0x8147, 0x10FC, 0x813E, 0x10F6, 0x8177, 0x0FD6, 0x813E, 0x10F3, 0x81CC, 0x1027, 0x812B, 
	0x101F, 0x8193, 0x101F, 0x81B9, 0x102D, 0x816D, 0x10A7, 0x812B, 0x1091, 0x8248, 0x1052, 0x8151, 0x116E, 0x81E9, 0x1105, 0x819D, 
	0x10BD, 0x815A, 0x110F, 0x822C, 0x120F, 0x815A, 0x115B, 0x8193, 0x1119, 0x8180, 0x1146, 0x81DF, 0x10E3, 0x81B9, 0x114A, 0x81B9, 
	0x1136, 0x8248, 0x1212, 0x8177, 0x11ED, 0x819D, 0x119C, 0x81FC, 0x11A5, 0x8205, 0x11A3, 0x81F2, 0x1218, 0x81E9, 0x1154, 0x818A, 
	0x1112, 0x81DF, 0x124B, 0x81B9, 0x1171, 0x81F2, 0x11F3, 0x8180, 0x1122, 0x8193, 0x113B, 0x81A6, 0x127D, 0x81FC, 0x11BF, 0x8295, 
	0x124A, 0x8219, 0x114A, 0x81A6, 0x11B1, 0x81F2, 0x1191, 0x8282, 0x1103, 0x81C3, 0x11A5, 0x81D6, 0x1193, 0x81F2, 0x118D, 0x81DF, 
	0x1277, 0x8300, 0x10B9, 0x8235, 0x126C, 0x820F, 0x1197, 0x820F, 0x1119, 0x8205, 0x1219, 0x823F, 0x11A7, 0x81DF, 0x1261, 0x81E9, 
	0x1208, 0x8219, 0x1113, 0x8177, 0x1138, 0x8248, 0x1285, 0x823F, 0x1175, 0x820F, 0x1211, 0x81FC, 0x120D, 0x820F, 0x127D, 0x8248, 
	0x120A, 0x826F, 0x12B9, 0x8205, 0x1095, 0x81E9, 0x11D8, 0x822C, 0x12CF, 0x8222, 0x1196, 0x8279, 0x130A, 0x8222, 0x12E7, 0x8279, 
	0x12B0, 0x822C, 0x1259, 0x829F, 0x11CA, 0x82F6, 0x12F9, 0x826F, 0x1173, 0x820F, 0x11C0, 0x822C, 0x129C, 0x82C6, 0x1316, 0x825C, 
	0x1272, 0x8295, 0x1332, 0x8282, 0x1305, 0x826F, 0x1305, 0x8282, 0x1266, 0x8279, 0x127B, 0x82D9, 0x1318, 0x8252, 0x1337, 0x8248, 
	0x12F0, 0x82C6, 0x12ED, 0x828C, 0x12BD, 0x825C, 0x12C8, 0x829F, 0x131F, 0x8265, 0x136C, 0x8279, 0x136D, 0x82CF, 0x129F, 0x8279, 
	0x1250, 0x829F, 0x12E2, 0x82E3, 0x12B7, 0x828C, 0x12FF, 0x82E3, 0x129E, 0x82CF, 0x123A, 0x831D, 0x1311, 0x837E, 0x1277, 0x8330, 
	0x1294, 0x8313, 0x1380, 0x82EC, 0x12D0, 0x836B, 0x13A8, 0x8327, 0x1313, 0x8392, 0x1313, 0x833A, 0x1319, 0x83B9, 0x1390, 0x839C, 
	0x1327, 0x8357, 0x1385, 0x83E0, 0x1439, 0x8375, 0x135C, 0x83F4, 0x13DC, 0x84BA, 0x1370, 0x84A6, 0x137E, 0x828C, 0x1399, 0x826F, 
	0x131E, 0x8295, 0x13AC, 0x825C, 0x1344, 0x8235, 0x12AA, 0x8252, 0x12CE, 0x81C3, 0x12EE, 0x8252, 0x12BF, 0x81CC, 0x135D, 0x8248, 
	0x1341, 0x818A, 0x1372, 0x825C, 0x131C, 0x81B0, 0x1424, 0x813E, 0x1336, 0x8147, 0x12A2, 0x81C3, 0x140E, 0x81B9, 0x145E, 0x81F2, 
	0x12F7, 0x8164, 0x13EC, 0x8205, 0x12E7, 0x81DF, 0x138A, 0x81B0, 0x11EB, 0x820F, 0x13B4, 0x8177, 0x1278, 0x813E, 0x13AC, 0x81B9, 
	0x138D, 0x8151, 0x141E, 0x81A6, 0x12BC, 0x812B, 0x136D, 0x815A, 0x12CD, 0x8118, 0x12A7, 0x80CD, 0x13E4, 0x8177, 0x134D, 0x8177, 
	0x12A7, 0x812B, 0x1387, 0x815A, 0x13B4, 0x80E9, 0x138D, 0x8164, 0x1386, 0x80FC, 0x1320, 0x80CD, 0x1336, 0x7FE4, 0x1368, 0x808C, 
	0x132A, 0x80C4, 0x1379, 0x809E, 0x1308, 0x80E9, 0x12D5, 0x80CD, 0x1373, 0x8082, 0x132B, 0x80B1, 0x12DF, 0x80BA, 0x129E, 0x8038, 
	0x13D1, 0x8054, 0x14A4, 0x8082, 0x13C3, 0x805D, 0x13BD, 0x8009, 0x137C, 0x802E, 0x1395, 0x802E, 0x12E6, 0x8070, 0x12DD, 0x808C, 
	0x13AC, 0x8041, 0x138C, 0x8025, 0x1332, 0x7FAD, 0x1408, 0x8054, 0x130F, 0x7FDB, 0x13B0, 0x802E, 0x127A, 0x8038, 0x13C5, 0x7FE4, 
	0x13C4, 0x8025, 0x12F6, 0x8009, 0x1329, 0x7F91, 0x131E, 0x8038, 0x135D, 0x8009, 0x1284, 0x7F6C, 0x135B, 0x7FB6, 0x13C3, 0x7FD2, 
	0x12D6, 0x7FC9, 0x141B, 0x7FE4, 0x1285, 0x7FE4, 0x1364, 0x7FBF, 0x12CB, 0x7FD2, 0x128D, 0x7FBF, 0x11DD, 0x7F3F, 0x12D2, 0x7FD2, 
	0x1297, 0x7F76, 0x1219, 0x7F48, 0x11F9, 0x7FD2, 0x12F7, 0x7FAD, 0x12BD, 0x7FED, 0x12AC, 0x7FC9, 0x11D9, 0x7F51, 0x10F1, 0x7F48, 
	0x12F8, 0x7F08, 0x1210, 0x7FAD, 0x12B1, 0x7F88, 0x1209, 0x7FA4, 0x1258, 0x7F51, 0x12A6, 0x7F11, 0x11AC, 0x7F63, 0x1227, 0x7F91, 
	0x11E0, 0x7FA4, 0x12D3, 0x7F36, 0x128E, 0x7F36, 0x120C, 0x7F6C, 0x1238, 0x7F6C, 0x11DB, 0x7F63, 0x11D3, 0x7F51, 0x1286, 0x7F63, 
	0x1195, 0x7F51, 0x11EA, 0x7F7F, 0x1280, 0x7F36, 0x11AC, 0x7F6C, 0x1302, 0x7F5A, 0x11A9, 0x7F5A, 0x11F2, 0x7F6C, 0x1184, 0x7F91, 
	0x1141, 0x7F3F, 0x124A, 0x7F76, 0x1192, 0x7F11, 0x1180, 0x7FD2, 0x11A5, 0x7F23, 0x1289, 0x7F2C, 0x11E4, 0x7F51, 0x1250, 0x7F6C, 
	0x12DE, 0x7F5A, 0x119D, 0x7F36, 0x11F0, 0x7F36, 0x1151, 0x7F23, 0x120B, 0x7F3F, 0x127C, 0x7F63, 0x11C1, 0x7F3F, 0x11A9, 0x7F36, 
	0x117B, 0x7EDA, 0x1220, 0x7F7F, 0x11CC, 0x7F11, 0x128B, 0x7F3F, 0x11D8, 0x7F5A, 0x1303, 0x7F1A, 0x12D2, 0x7EEC, 0x12E7, 0x7FA4, 
	0x1288, 0x7EE3, 0x1397, 0x7F2C, 0x127E, 0x7EDA, 0x12DE, 0x7F1A, 0x139B, 0x7EE3, 0x131C, 0x7EA4, 0x1330, 0x7F1A, 0x12CC, 0x7F08, 
	0x12B2, 0x7EFF, 0x12F6, 0x7F23, 0x13DF, 0x7F48, 0x1325, 0x7F2C, 0x122E, 0x7F3F, 0x1378, 0x7F11, 0x1321, 0x7F08, 0x1323, 0x7F11, 
	0x1383, 0x7F48, 0x1423, 0x7F91, 0x13D3, 0x7EE3, 0x13CE, 0x7EFF, 0x131B, 0x7F3F, 0x1347, 0x7F08, 0x135A, 0x7F91, 0x1397, 0x7F63, 
	0x1405, 0x7F7F, 0x136E, 0x7F6C, 0x1374, 0x7F51, 0x1304, 0x7F48, 0x140A, 0x7F51, 0x147F, 0x7F51, 0x13A1, 0x7F76, 0x1430, 0x7F63, 
	0x133B, 0x7FB6, 0x1476, 0x7F88, 0x13ED, 0x7F5A, 0x1388, 0x7FB6, 0x13D8, 0x7F9A, 0x1397, 0x8013, 0x13CE, 0x7FC9, 0x1343, 0x8000, 
	0x1402, 0x7F91, 0x14C6, 0x7F63, 0x1469, 0x7FB6, 0x139C, 0x7FD2, 0x1322, 0x7FF7, 0x136D, 0x7FA4, 0x1347, 0x7F7F, 0x12F7, 0x7FF7, 
	0x14CA, 0x7FD2, 0x141F, 0x7FED, 0x12B8, 0x7F2C, 0x12EB, 0x7F9A, 0x1391, 0x7FD2, 0x12F7, 0x7FED, 0x124C, 0x8013, 0x13A7, 0x7FAD, 
	0x133D, 0x7FED, 0x1337, 0x8038, 0x1236, 0x7F7F, 0x12D9, 0x7FB6, 0x137A, 0x7FC9, 0x13C1, 0x7F88, 0x12A0, 0x7FDB, 0x1345, 0x7FED, 
	0x1316, 0x7F6C, 0x12EB, 0x8000, 0x1393, 0x801C, 0x1353, 0x8025, 0x12B2, 0x8041, 0x11B0, 0x7FE4, 0x1418, 0x8038, 0x139D, 0x805D, 
	0x1283, 0x808C, 0x123F, 0x8041, 0x1250, 0x7FB6, 0x12CE, 0x7FE4, 0x130B, 0x8041, 0x124E, 0x8066, 0x1302, 0x8038, 0x11C0, 0x7FD2, 
	0x115F, 0x7FD2, 0x121F, 0x80B1, 0x120C, 0x805D, 0x12A1, 0x804A, 0x1239, 0x80E0, 0x1301, 0x8066, 0x129C, 0x8082, 0x1357, 0x80A8, 
	0x108C, 0x8082, 0x1140, 0x8079, 0x12E2, 0x802E, 0x11F9, 0x8105, 0x120E, 0x80D6, 0x116C, 0x808C, 0x117E, 0x815A, 0x11D0, 0x805D, 
	0x125E, 0x80BA, 0x1185, 0x815A, 0x10D8, 0x80E9, 0x117B, 0x8079, 0x1110, 0x804A, 0x1030, 0x80BA, 0x119D, 0x8122, 0x103D, 0x80A8, 
	0x1020, 0x80BA, 0x1080, 0x809E, 0x1085, 0x80CD, 0x10ED, 0x80CD, 0x10D7, 0x812B, 0x1079, 0x8079, 0x1060, 0x80C4, 0x0FC5, 0x809E, 
	0x1003, 0x810F, 0x0FA3, 0x80C4, 0x0F6D, 0x80BA, 0x1047, 0x8082, 0x0F09, 0x80CD, 0x101C, 0x810F, 0x0EFD, 0x80A8, 0x107B, 0x8147, 
	0x1337, 0x822C, 0x13CF, 0x8265, 0x1340, 0x8295, 0x13A9, 0x82F6, 0x134E, 0x8282, 0x1296, 0x8279, 0x138A, 0x8235, 0x12F1, 0x81E9, 
	0x1253, 0x822C, 0x129D, 0x823F, 0x12EB, 0x819D, 0x13B8, 0x825C, 0x12A7, 0x81E9, 0x12D2, 0x81DF, 0x1302, 0x81FC, 0x123C, 0x816D, 
	0x13CA, 0x8147, 0x13A8, 0x81CC, 0x134D, 0x8135, 0x12D6, 0x81F2, 0x1347, 0x81F2, 0x1355, 0x8151, 0x1257, 0x819D, 0x138D, 0x81D6, 
	0x1278, 0x8122, 0x12BD, 0x816D, 0x1358, 0x816D, 0x12FD, 0x813E, 0x12BA, 0x8164, 0x135A, 0x8147, 0x1290, 0x8135, 0x1339, 0x80D6, 
	0x1305, 0x80F3, 0x1376, 0x8180, 0x1222, 0x8151, 0x12F3, 0x8164, 0x13C3, 0x8118, 0x1303, 0x8151, 0x13AB, 0x812B, 0x1240, 0x810F, 
	0x1344, 0x808C, 0x1355, 0x80BA, 0x1381, 0x80B1, 0x13D4, 0x80B1, 0x1343, 0x8082, 0x1272, 0x809E, 0x129C, 0x8082, 0x12ED, 0x80E0, 
	0x12CE, 0x8082, 0x1355, 0x8079, 0x13F4, 0x8025, 0x1390, 0x804A, 0x13BA, 0x8095, 0x13C0, 0x804A, 0x1342, 0x8070, 0x140C, 0x809E, 
	0x1331, 0x8041, 0x130D, 0x80A8, 0x1310, 0x7FC9, 0x12BF, 0x7FD2, 0x1329, 0x7FDB, 0x137C, 0x8000, 0x12D2, 0x805D, 0x144B, 0x7FC9, 
	0x1368, 0x7FB6, 0x1452, 0x8000, 0x1395, 0x7FDB, 0x13B1, 0x801C, 0x1282, 0x7F51, 0x1319, 0x7FE4, 0x12EC, 0x7FF7, 0x12E3, 0x7FF7, 
	0x121E, 0x7FBF, 0x136E, 0x7FED, 0x120F, 0x7F91, 0x1422, 0x7FD2, 0x1266, 0x7FE4, 0x1276, 0x8000, 0x12F5, 0x7FA4, 0x1195, 0x7FD2, 
	0x11D5, 0x7F76, 0x131B, 0x7FB6, 0x1244, 0x7FAD, 0x11BF, 0x7FED, 0x11D1, 0x7FAD, 0x1299, 0x7F6C, 0x11BE, 0x7F7F, 0x1290, 0x7F5A, 
	0x11A4, 0x7F08, 0x11FD, 0x7F6C, 0x1265, 0x7F3F, 0x11F5, 0x7FF7, 0x12ED, 0x7F88, 0x11EA, 0x7FC9, 0x11B5, 0x7F88, 0x1248, 0x7F48, 
	0x11A8, 0x7F63, 0x126A, 0x7FDB, 0x11E8, 0x7F2C, 0x1213, 0x7F5A, 0x11B3, 0x7F76, 0x12A3, 0x7F7F, 0x121A, 0x7F36, 0x118B, 0x7FF7, 
	0x10FA, 0x7F5A, 0x120F, 0x7F76, 0x11CF, 0x7F51, 0x1244, 0x7F6C, 0x122D, 0x7F51, 0x117A, 0x7F1A, 0x127A, 0x7FE4, 0x11A8, 0x7F3F, 
	0x121F, 0x7F91, 0x116F, 0x7FF7, 0x1193, 0x7F08, 0x11EB, 0x7F63, 0x11B0, 0x7FB6, 0x110E, 0x7FB6, 0x1143, 0x7F3F, 0x1265, 0x7F51, 
	0x117C, 0x7F48, 0x130B, 0x7F76, 0x128A, 0x7F7F, 0x1148, 0x7F5A, 0x11FD, 0x7F08, 0x1166, 0x7F1A, 0x1142, 0x7F36, 0x12F9, 0x7F6C, 
	0x1169, 0x7F63, 0x1200, 0x7F76, 0x1103, 0x7F3F, 0x125C, 0x7F88, 0x11D6, 0x7F2C, 0x1283, 0x7EEC, 0x120B, 0x7F76, 0x1214, 0x7F3F, 
	0x12B7, 0x7F1A, 0x12AB, 0x7FBF, 0x128B, 0x7F48, 0x12A3, 0x7F3F, 0x1306, 0x7EEC, 0x12CF, 0x7EC8, 0x131B, 0x7F36, 0x1238, 0x7F91, 
	0x135D, 0x7EF6, 0x12FC, 0x7F5A, 0x12A4, 0x7F08, 0x129F, 0x7F11, 0x134D, 0x7F5A, 0x12EC, 0x7EFF, 0x1266, 0x7EB6, 0x136B, 0x7F1A, 
	0x128E, 0x7F11, 0x13E8, 0x7F63, 0x13E2, 0x7EF6, 0x1395, 0x7F91, 0x131A, 0x7F48, 0x12D9, 0x7F36, 0x12DB, 0x7F76, 0x13CF, 0x7F48, 
	0x1338, 0x7F5A, 0x136C, 0x7F2C, 0x1341, 0x7F11, 0x12D7, 0x7F3F, 0x1359, 0x7F08, 0x12DC, 0x7F51, 0x13D8, 0x7F36, 0x1389, 0x7F7F, 
	0x1343, 0x8013, 0x142D, 0x7F7F, 0x1384, 0x7FA4, 0x13DB, 0x7F9A, 0x13F3, 0x7FED, 0x1361, 0x7F5A, 0x136C, 0x7F76, 0x13CB, 0x8025, 
	0x136E, 0x7F9A, 0x1370, 0x8000, 0x1380, 0x7F91, 0x1436, 0x8054, 0x1392, 0x7FBF, 0x1402, 0x7FB6, 0x13BF, 0x8025, 0x12C2, 0x7FD2, 
	0x1369, 0x7F6C, 0x135B, 0x8070, 0x1470, 0x7F7F, 0x13DB, 0x7FD2, 0x12A4, 0x7F91, 0x1280, 0x7FAD, 0x13AB, 0x7FB6, 0x12F2, 0x801C, 
	0x11C4, 0x8070, 0x142C, 0x7F7F, 0x137F, 0x8009, 0x131F, 0x7FD2, 0x1277, 0x7F9A, 0x124A, 0x7F9A, 0x12FC, 0x7F91, 0x1337, 0x7FC9, 
	0x1289, 0x7FDB, 0x132A, 0x802E, 0x134C, 0x7FDB, 0x12F0, 0x8038, 0x141C, 0x8000, 0x1348, 0x8013, 0x134A, 0x8025, 0x129B, 0x7FF7, 
	0x13B0, 0x8041, 0x1336, 0x80B1, 0x12AF, 0x8000, 0x12C8, 0x804A, 0x1188, 0x7FBF, 0x12A4, 0x801C, 0x1363, 0x808C, 0x11DA, 0x802E, 
	0x12CA, 0x802E, 0x1151, 0x8013, 0x114A, 0x8054, 0x1282, 0x8079, 0x1163, 0x80A8, 0x12B0, 0x80D6, 0x121F, 0x80BA, 0x1255, 0x8082, 
	0x11E0, 0x8105, 0x1290, 0x810F, 0x10BF, 0x808C, 0x10AD, 0x80BA, 0x1230, 0x804A, 0x1245, 0x80E0, 0x1267, 0x8105, 0x11D4, 0x8095, 
	0x118D, 0x809E, 0x115D, 0x80E0, 0x1190, 0x80D6, 0x109C, 0x80CD, 0x1103, 0x80C4, 0x114F, 0x8070, 0x1069, 0x80C4, 0x1048, 0x80CD, 
	0x114E, 0x80E9, 0x111C, 0x80CD, 0x1079, 0x80F3, 0x112A, 0x808C, 0x0FF0, 0x80F3, 0x104D, 0x8135, 0x103C, 0x80E0, 0x1087, 0x80F3, 
	0x0FE4, 0x8095, 0x0FE9, 0x812B, 0x1085, 0x8151, 0x0F14, 0x8147, 0x0F81, 0x80E9, 0x0FA7, 0x813E, 0x0FE2, 0x813E, 0x102A, 0x8118, 
	0x0F13, 0x80E0, 0x0FE5, 0x80D6, 0x0F1E, 0x810F, 0x0FFF, 0x80FC, 0x0F7F, 0x81CC, 0x0EB2, 0x8105, 0x0F7D, 0x81A6, 0x1022, 0x8135, 
	0x0FAE, 0x813E, 0x0F2F, 0x81B0, 0x0FFC, 0x81B0, 0x10E5, 0x80F3, 0x1067, 0x81B0, 0x0FEE, 0x80E9, 0x10D8, 0x81CC, 0x0FC5, 0x8147, 
	0x1010, 0x8164, 0x0FFC, 0x8219, 0x0FF9, 0x8193, 0x10C3, 0x819D, 0x1045, 0x81CC, 0x10B5, 0x8177, 0x10F1, 0x81CC, 0x10DF, 0x81B0, 
	0x10B1, 0x8164, 0x1067, 0x81DF, 0x1203, 0x81B0, 0x10F2, 0x81C3, 0x10DD, 0x8122, 0x1113, 0x819D, 0x103E, 0x8219, 0x1097, 0x81CC, 
	0x117F, 0x81D6, 0x11CF, 0x8177, 0x1189, 0x81B0, 0x11C8, 0x81E9, 0x1158, 0x8193, 0x1116, 0x81D6, 0x1171, 0x818A, 0x10E0, 0x81CC, 
	0x10CF, 0x8222, 0x11E7, 0x8177, 0x1123, 0x8222, 0x127A, 0x81DF, 0x11C4, 0x81A6, 0x124B, 0x8222, 0x12B8, 0x81B9, 0x11A8, 0x8279, 
	0x120D, 0x8205, 0x1169, 0x81D6, 0x11AF, 0x81E9, 0x1139, 0x8219, 0x110C, 0x81E9, 0x115D, 0x81B9, 0x119E, 0x8235, 0x1175, 0x81E9, 
	0x1257, 0x81C3, 0x11B5, 0x8252, 0x11D6, 0x8219, 0x11CC, 0x822C, 0x10E2, 0x8205, 0x117A, 0x81F2, 0x1256, 0x8222, 0x124F, 0x81B0, 
	0x11F3, 0x8248, 0x10C3, 0x81F2, 0x11B5, 0x822C, 0x1266, 0x8235, 0x1247, 0x81F2, 0x116A, 0x81E9, 0x1174, 0x823F, 0x1251, 0x825C, 
	0x118E, 0x8295, 0x1340, 0x8219, 0x0FDE, 0x8219, 0x1251, 0x81FC, 0x127D, 0x826F, 0x124F, 0x8252, 0x12EB, 0x82BC, 0x1267, 0x829F, 
	0x122E, 0x8248, 0x1282, 0x8279, 0x11B9, 0x8279, 0x1282, 0x82A9, 0x119B, 0x8279, 0x11ED, 0x8248, 0x126D, 0x82CF, 0x1280, 0x8279, 
	0x127C, 0x82CF, 0x12D9, 0x8282, 0x12FF, 0x82A9, 0x1250, 0x8295, 0x12AC, 0x82C6, 0x1243, 0x826F, 0x12EA, 0x829F, 0x12CA, 0x8282, 
	0x1262, 0x8282, 0x11DA, 0x829F, 0x12CF, 0x82A9, 0x12DA, 0x82BC, 0x1284, 0x822C, 0x13FA, 0x8282, 0x1357, 0x82C6, 0x11D4, 0x82C6, 
	0x1284, 0x82E3, 0x12E8, 0x82BC, 0x12E9, 0x831D, 0x135E, 0x829F, 0x123D, 0x8313, 0x1282, 0x8309, 0x12DC, 0x8300, 0x11FC, 0x8344, 
	0x1345, 0x83C3, 0x131C, 0x833A, 0x124D, 0x833A, 0x1360, 0x836B, 0x1399, 0x8357, 0x13A6, 0x8330, 0x12BB, 0x8388, 0x145A, 0x8392, 
	0x1342, 0x8375, 0x12D0, 0x8412, 0x136F, 0x83CD, 0x1390, 0x841B, 0x144E, 0x847E, 0x139F, 0x849C, 0x1337, 0x822C, 0x13CF, 0x8265, 
	0x1340, 0x8295, 0x13A9, 0x82F6, 0x134E, 0x8282, 0x1296, 0x8279, 0x138A, 0x8235, 0x12F1, 0x81E9, 0x1253, 0x822C, 0x129D, 0x823F, 
	0x12EB, 0x819D, 0x13B8, 0x825C, 0x12A7, 0x81E9, 0x12D2, 0x81DF, 0x1302, 0x81FC, 0x123C, 0x816D, 0x13CA, 0x8147, 0x13A8, 0x81CC, 
	0x134D, 0x8135, 0x12D6, 0x81F2, 0x1347, 0x81F2, 0x1355, 0x8151, 0x1257, 0x819D, 0x138D, 0x81D6, 0x1278, 0x8122, 0x12BD, 0x816D, 
	0x1358, 0x816D, 0x12FD, 0x813E, 0x12BA, 0x8164, 0x135A, 0x8147, 0x1290, 0x8135, 0x1339, 0x80D6, 0x1305, 0x80F3, 0x1376, 0x8180, 
	0x1222, 0x8151, 0x12F3, 0x8164, 0x13C3, 0x8118, 0x1303, 0x8151, 0x13AB, 0x812B, 0x1240, 0x810F, 0x1344, 0x808C, 0x1355, 0x80BA, 
	0x1381, 0x80B1, 0x13D4, 0x80B1, 0x1343, 0x8082, 0x1272, 0x809E, 0x129C, 0x8082, 0x12ED, 0x80E0, 0x12CE, 0x8082, 0x1355, 0x8079, 
	0x13F4, 0x8025, 0x1390, 0x804A, 0x13BA, 0x8095, 0x13C0, 0x804A, 0x1342, 0x8070, 0x140C, 0x809E, 0x1331, 0x8041, 0x130D, 0x80A8, 
	0x1310, 0x7FC9, 0x12BF, 0x7FD2, 0x1329, 0x7FDB, 0x137C, 0x8000, 0x12D2, 0x805D, 0x144B, 0x7FC9, 0x1368, 0x7FB6, 0x1452, 0x8000, 
	0x1395, 0x7FDB, 0x13B1, 0x801C, 0x1282, 0x7F51, 0x1319, 0x7FE4, 0x12EC, 0x7FF7, 0x12E3, 0x7FF7, 0x121E, 0x7FBF, 0x136E, 0x7FED, 
	0x120F, 0x7F91, 0x1422, 0x7FD2, 0x1266, 0x7FE4, 0x1276, 0x8000, 0x12F5, 0x7FA4, 0x1195, 0x7FD2, 0x11D5, 0x7F76, 0x131B, 0x7FB6, 
	0x1244, 0x7FAD, 0x11BF, 0x7FED, 0x11D1, 0x7FAD, 0x1299, 0x7F6C, 0x11BE, 0x7F7F, 0x1290, 0x7F5A, 0x11A4, 0x7F08, 0x11FD, 0x7F6C, 
	0x1265, 0x7F3F, 0x11F5, 0x7FF7, 0x12ED, 0x7F88, 0x11EA, 0x7FC9, 0x11B5, 0x7F88, 0x1248, 0x7F48, 0x11A8, 0x7F63, 0x126A, 0x7FDB, 
	0x11E8, 0x7F2C, 0x1213, 0x7F5A, 0x11B3, 0x7F76, 0x12A3, 0x7F7F, 0x121A, 0x7F36, 0x118B, 0x7FF7, 0x10FA, 0x7F5A, 0x120F, 0x7F76, 
	0x11CF, 0x7F51, 0x1244, 0x7F6C, 0x122D, 0x7F51, 0x117A, 0x7F1A, 0x127A, 0x7FE4, 0x11A8, 0x7F3F, 0x121F, 0x7F91, 0x116F, 0x7FF7, 
	0x1193, 0x7F08, 0x11EB, 0x7F63, 0x11B0, 0x7FB6, 0x110E, 0x7FB6, 0x1143, 0x7F3F, 0x1265, 0x7F51, 0x117C, 0x7F48, 0x130B, 0x7F76, 
	0x128A, 0x7F7F, 0x1148, 0x7F5A, 0x11FD, 0x7F08, 0x1166, 0x7F1A, 0x1142, 0x7F36, 0x12F9, 0x7F6C, 0x1169, 0x7F63, 0x1200, 0x7F76, 
	0x1103, 0x7F3F, 0x125C, 0x7F88, 0x11D6, 0x7F2C, 0x1283, 0x7EEC, 0x120B, 0x7F76, 0x1214, 0x7F3F, 0x12B7, 0x7F1A, 0x12AB, 0x7FBF, 
	0x128B, 0x7F48, 0x12A3, 0x7F3F, 0x1306, 0x7EEC, 0x12CF, 0x7EC8, 0x131B, 0x7F36, 0x1238, 0x7F91, 0x135D, 0x7EF6, 0x12FC, 0x7F5A, 
	0x12A4, 0x7F08, 0x129F, 0x7F11, 0x134D, 0x7F5A, 0x12EC, 0x7EFF, 0x1266, 0x7EB6, 0x136B, 0x7F1A, 0x128E, 0x7F11, 0x13E8, 0x7F63, 
	0x13E2, 0x7EF6, 0x1395, 0x7F91, 0x131A, 0x7F48, 0x12D9, 0x7F36, 0x12DB, 0x7F76, 0x13CF, 0x7F48, 0x1338, 0x7F5A, 0x136C, 0x7F2C, 
	0x1341, 0x7F11, 0x12D7, 0x7F3F, 0x1359, 0x7F08, 0x12DC, 0x7F51, 0x13D8, 0x7F36, 0x1389, 0x7F7F, 0x1343, 0x8013, 0x142D, 0x7F7F, 
	0x1384, 0x7FA4, 0x13DB, 0x7F9A, 0x13F3, 0x7FED, 0x1361, 0x7F5A, 0x136C, 0x7F76, 0x13CB, 0x8025, 0x136E, 0x7F9A, 0x1370, 0x8000, 
	0x1380, 0x7F91, 0x1436, 0x8054, 0x1392, 0x7FBF, 0x1402, 0x7FB6, 0x13BF, 0x8025, 0x12C2, 0x7FD2, 0x1369, 0x7F6C, 0x135B, 0x8070, 
	0x1470, 0x7F7F, 0x13DB, 0x7FD2, 0x12A4, 0x7F91, 0x1280, 0x7FAD, 0x13AB, 0x7FB6, 0x12F2, 0x801C, 0x11C4, 0x8070, 0x142C, 0x7F7F, 
	0x137F, 0x8009, 0x131F, 0x7FD2, 0x1277, 0x7F9A, 0x124A, 0x7F9A, 0x12FC, 0x7F91, 0x1337, 0x7FC9, 0x1289, 0x7FDB, 0x132A, 0x802E, 
	0x134C, 0x7FDB, 0x12F0, 0x8038, 0x141C, 0x8000, 0x1348, 0x8013, 0x134A, 0x8025, 0x129B, 0x7FF7, 0x13B0, 0x8041, 0x1336, 0x80B1, 
	0x12AF, 0x8000, 0x12C8, 0x804A, 0x1188, 0x7FBF, 0x12A4, 0x801C, 0x1363, 0x808C, 0x11DA, 0x802E, 0x12CA, 0x802E, 0x1151, 0x8013, 
	0x114A, 0x8054, 0x1282, 0x8079, 0x1163, 0x80A8, 0x12B0, 0x80D6, 0x121F, 0x80BA, 0x1255, 0x8082, 0x11E0, 0x8105, 0x1290, 0x810F, 
	0x10BF, 0x808C, 0x10AD, 0x80BA, 0x1230, 0x804A, 0x1245, 0x80E0, 0x1267, 0x8105, 0x11D4, 0x8095, 0x118D, 0x809E, 0x115D, 0x80E0, 
	0x1190, 0x80D6, 0x109C, 0x80CD, 0x1103, 0x80C4, 0x114F, 0x8070, 0x1069, 0x80C4, 0x1048, 0x80CD, 0x114E, 0x80E9, 0x111C, 0x80CD, 
	0x1079, 0x80F3, 0x112A, 0x808C, 0x0FF0, 0x80F3, 0x104D, 0x8135, 0x103C, 0x80E0, 0x1087, 0x80F3, 0x0FE4, 0x8095, 0x0FE9, 0x812B, 
	0x1085, 0x8151, 0x0F14, 0x8147, 0x0F81, 0x80E9, 0x0FA7, 0x813E, 0x0FE2, 0x813E, 0x102A, 0x8118, 0x0F13, 0x80E0, 0x0FE5, 0x80D6, 
	0x1316, 0x826F, 0x13F7, 0x8252, 0x1328, 0x828C, 0x1356, 0x822C, 0x1307, 0x825C, 0x12C2, 0x823F, 0x1366, 0x81C3, 0x135D, 0x820F, 
	0x12C6, 0x8235, 0x1271, 0x8248, 0x1385, 0x8248, 0x135D, 0x81B0, 0x1288, 0x81C3, 0x130F, 0x81C3, 0x1269, 0x8222, 0x1220, 0x8222, 
	0x13E4, 0x8147, 0x141E, 0x81A6, 0x135C, 0x81C3, 0x12B0, 0x81C3, 0x12CF, 0x819D, 0x1333, 0x813E, 0x12CB, 0x8177, 0x1353, 0x8180, 
	0x1267, 0x80E9, 0x1345, 0x8193, 0x13CB, 0x8105, 0x136F, 0x810F, 0x12F5, 0x8180, 0x13D5, 0x81C3, 0x12B7, 0x8151, 0x12E7, 0x80BA, 
	0x1345, 0x80B1, 0x1390, 0x8135, 0x1258, 0x8164, 0x132B, 0x8193, 0x1373, 0x80E9, 0x1365, 0x80E0, 0x13B8, 0x80FC, 0x1327, 0x80FC, 
	0x12FC, 0x8095, 0x12D3, 0x80CD, 0x1380, 0x80BA, 0x13CE, 0x80B1, 0x1324, 0x80B1, 0x12D0, 0x8079, 0x12A2, 0x8082, 0x131E, 0x80F3, 
	0x12BB, 0x8066, 0x1357, 0x8070, 0x13D1, 0x8054, 0x13DD, 0x8066, 0x13DC, 0x8054, 0x1360, 0x801C, 0x130E, 0x8054, 0x13EC, 0x804A, 
	0x1333, 0x8009, 0x1336, 0x8070, 0x138A, 0x805D, 0x12EC, 0x7FD2, 0x1298, 0x7FDB, 0x13D8, 0x7F76, 0x1321, 0x8013, 0x1440, 0x8041, 
	0x1355, 0x7FDB, 0x13AE, 0x7FED, 0x1419, 0x7FA4, 0x132F, 0x7FD2, 0x12DD, 0x7FED, 0x13C4, 0x7FD2, 0x1291, 0x801C, 0x12FE, 0x7FB6, 
	0x1288, 0x8009, 0x1357, 0x8054, 0x1264, 0x7F9A, 0x13E4, 0x7FF7, 0x1223, 0x7F76, 0x12B8, 0x7F6C, 0x12EA, 0x7FD2, 0x11B6, 0x7F91, 
	0x122A, 0x7F63, 0x12F5, 0x7FA4, 0x11B8, 0x7FC9, 0x1155, 0x7FBF, 0x11F4, 0x7F7F, 0x1287, 0x7F2C, 0x1275, 0x7F9A, 0x1335, 0x7F88, 
	0x119B, 0x7F6C, 0x1219, 0x7F48, 0x1269, 0x7F88, 0x11B0, 0x7F76, 0x130D, 0x7F91, 0x1200, 0x8009, 0x1200, 0x7F63, 0x1233, 0x7F23, 
	0x1146, 0x7F51, 0x1240, 0x7FC9, 0x11C3, 0x7F91, 0x11EE, 0x7F3F, 0x1258, 0x7F76, 0x12F1, 0x7FB6, 0x1230, 0x7F23, 0x11D4, 0x7FAD, 
	0x11B9, 0x7F7F, 0x11DC, 0x7F7F, 0x11E0, 0x7F91, 0x1298, 0x7F76, 0x127E, 0x7F51, 0x113E, 0x7F11, 0x129B, 0x7F91, 0x11D2, 0x7F7F, 
	0x1231, 0x7F2C, 0x119E, 0x7F2C, 0x11B5, 0x7F2C, 0x121D, 0x7FAD, 0x11CF, 0x7FAD, 0x115B, 0x7F91, 0x1140, 0x7F7F, 0x1230, 0x7F3F, 
	0x1218, 0x7F3F, 0x1285, 0x7F11, 0x1262, 0x7F36, 0x1187, 0x7F08, 0x1238, 0x7F36, 0x1125, 0x7EAD, 0x11EF, 0x7F91, 0x125C, 0x7FB6, 
	0x1158, 0x7EEC, 0x11DB, 0x7F2C, 0x1171, 0x7EEC, 0x1212, 0x7ED1, 0x11FC, 0x7F63, 0x124F, 0x7EDA, 0x11F1, 0x7EF6, 0x1298, 0x7F08, 
	0x1285, 0x7F1A, 0x130C, 0x7F88, 0x124C, 0x7ED1, 0x12B3, 0x7F2C, 0x132A, 0x7EF6, 0x12DD, 0x7F51, 0x1395, 0x7F51, 0x1274, 0x7F6C, 
	0x12EF, 0x7E89, 0x134E, 0x7F3F, 0x12FB, 0x7F11, 0x12DA, 0x7F23, 0x1379, 0x7F36, 0x12B1, 0x7EAD, 0x12A6, 0x7F5A, 0x1370, 0x7F63, 
	0x1278, 0x7F1A, 0x13C8, 0x7F88, 0x13E6, 0x7FB6, 0x13E5, 0x7F6C, 0x134A, 0x7F51, 0x135D, 0x7F76, 0x12C3, 0x7F36, 0x1396, 0x7EF6, 
	0x12CC, 0x7F11, 0x13B4, 0x7F6C, 0x138A, 0x7F48, 0x12BB, 0x7F88, 0x1345, 0x7F5A, 0x12A6, 0x7F48, 0x141A, 0x7F2C, 0x1402, 0x7F88, 
	0x142B, 0x8009, 0x1432, 0x7F51, 0x137F, 0x7F88, 0x13E4, 0x7F36, 0x145C, 0x7FB6, 0x1386, 0x7F6C, 0x13E2, 0x7FD2, 0x13F6, 0x7FF7, 
	0x13A9, 0x7F88, 0x13C8, 0x7FAD, 0x13A3, 0x8009, 0x1494, 0x7FBF, 0x1366, 0x7FC9, 0x13CF, 0x7FB6, 0x13D1, 0x7FBF, 0x134B, 0x7FBF, 
	0x1397, 0x7F91, 0x1393, 0x8038, 0x14F2, 0x7F91, 0x141A, 0x7FAD, 0x129F, 0x7FC9, 0x1268, 0x7FB6, 0x1391, 0x7FE4, 0x133F, 0x7FED, 
	0x1235, 0x8009, 0x1433, 0x8000, 0x134F, 0x7FB6, 0x139E, 0x7FE4, 0x1229, 0x7FBF, 0x12A9, 0x7F88, 0x12E9, 0x7F36, 0x138A, 0x7F76, 
	0x12D0, 0x7FF7, 0x1383, 0x7FED, 0x12F3, 0x801C, 0x12E2, 0x7FED, 0x1388, 0x8000, 0x131D, 0x8038, 0x1333, 0x8009, 0x130F, 0x7FD2, 
	0x13E2, 0x7FE4, 0x1309, 0x801C, 0x12EB, 0x8041, 0x1280, 0x8054, 0x11F2, 0x7FA4, 0x12DE, 0x7FF7, 0x12DC, 0x802E, 0x126A, 0x8054, 
	0x12E2, 0x8066, 0x118E, 0x801C, 0x11C4, 0x8009, 0x11D6, 0x804A, 0x11DA, 0x80B1, 0x12AE, 0x809E, 0x129C, 0x809E, 0x1225, 0x8054, 
	0x11C2, 0x805D, 0x12B0, 0x810F, 0x1074, 0x8054, 0x1075, 0x80C4, 0x12E3, 0x80BA, 0x11C9, 0x80CD, 0x119C, 0x8079, 0x1209, 0x80B1, 
	0x11A7, 0x8095, 0x1146, 0x80E9, 0x1220, 0x810F, 0x117F, 0x8135, 0x11D6, 0x80BA, 0x1114, 0x80CD, 0x114A, 0x8151, 0x0FDD, 0x80D6, 
	0x11DD, 0x810F, 0x116E, 0x80D6, 0x10E5, 0x8082, 0x1114, 0x80D6, 0x0FD1, 0x809E, 0x109A, 0x810F, 0x1092, 0x80E9, 0x10BD, 0x80BA, 
	0x1003, 0x80C4, 0x0FA6, 0x8122, 0x102E, 0x80BA, 0x0F2D, 0x80E0, 0x0FB5, 0x80E0, 0x1021, 0x80A8, 0x1004, 0x810F, 0x1051, 0x8135, 
	0x0EBA, 0x80A8, 0x0FA0, 0x810F, 0x0FAA, 0x80BA, 0x0FE1, 0x812B, 0x0FD1, 0x81D6, 0x0E38, 0x8135, 0x0F84, 0x8147, 0x104A, 0x812B, 
	0x0FB3, 0x813E, 0x0F37, 0x81B9, 0x0F63, 0x810F, 0x102E, 0x80B1, 0x1052, 0x8193, 0x100F, 0x8180, 0x112C, 0x81B9, 0x101C, 0x8122, 
	0x0FB5, 0x815A, 0x1059, 0x81B9, 0x1043, 0x8177, 0x10DB, 0x8164, 0x105C, 0x81FC, 0x10F8, 0x80FC, 0x1186, 0x8147, 0x110E, 0x816D, 
	0x113E, 0x815A, 0x1094, 0x820F, 0x1200, 0x813E, 0x1113, 0x815A, 0x115F, 0x81C3, 0x10ED, 0x81A6, 0x1054, 0x8222, 0x10EB, 0x813E, 
	0x114D, 0x819D, 0x11EA, 0x815A, 0x120F, 0x81B0, 0x118D, 0x820F, 0x11D1, 0x8164, 0x1146, 0x81A6, 0x1172, 0x816D, 0x1124, 0x818A, 
	0x10F5, 0x822C, 0x1189, 0x810F, 0x1133, 0x81CC, 0x120F, 0x815A, 0x11BD, 0x81CC, 0x11B3, 0x81E9, 0x1262, 0x816D, 0x11B3, 0x81E9, 
	0x11FD, 0x81DF, 0x10E7, 0x8222, 0x11E3, 0x81CC, 0x1196, 0x81D6, 0x107F, 0x8235, 0x11B0, 0x81F2, 0x1175, 0x8265, 0x11AF, 0x8235, 
	0x12B5, 0x8219, 0x115E, 0x8205, 0x121B, 0x820F, 0x11BD, 0x81A6, 0x10ED, 0x8219, 0x1241, 0x8222, 0x12B0, 0x826F, 0x1251, 0x81FC, 
	0x11FE, 0x8265, 0x1127, 0x820F, 0x11F6, 0x81F2, 0x1256, 0x81E9, 0x11F5, 0x822C, 0x11F5, 0x8219, 0x1127, 0x823F, 0x126E, 0x828C, 
	0x1213, 0x8265, 0x1332, 0x825C, 0x1045, 0x81F2, 0x122F, 0x8205, 0x1298, 0x8222, 0x1267, 0x8282, 0x12E6, 0x82D9, 0x12AF, 0x8279, 
	0x124A, 0x8265, 0x12ED, 0x825C, 0x11C0, 0x826F, 0x126A, 0x82BC, 0x119D, 0x8279, 0x11B4, 0x8252, 0x1210, 0x8279, 0x12B1, 0x82A9, 
	0x1281, 0x8282, 0x134B, 0x8279, 0x1301, 0x826F, 0x1249, 0x81FC, 0x1279, 0x8282, 0x1250, 0x82F6, 0x1336, 0x822C, 0x12D0, 0x828C, 
	0x122C, 0x8248, 0x120B, 0x826F, 0x1322, 0x829F, 0x1326, 0x82C6, 0x1298, 0x829F, 0x13FB, 0x8252, 0x1333, 0x82C6, 0x11FF, 0x8265, 
	0x12D4, 0x8309, 0x134C, 0x82D9, 0x132F, 0x8282, 0x12BB, 0x829F, 0x12A5, 0x8357, 0x12D9, 0x828C, 0x127F, 0x8330, 0x129D, 0x8392, 
	0x1305, 0x8375, 0x12E5, 0x837E, 0x129C, 0x8309, 0x1340, 0x83AF, 0x1398, 0x83F4, 0x1371, 0x834E, 0x12D5, 0x836B, 0x13E9, 0x8344, 
	0x1335, 0x8361, 0x12F7, 0x83D7, 0x138A, 0x83F4, 0x1395, 0x842F, 0x1527, 0x842F, 0x1442, 0x84BA, 0x1316, 0x826F, 0x13F7, 0x8252, 
	0x1328, 0x828C, 0x1356, 0x822C, 0x1307, 0x825C, 0x12C2, 0x823F, 0x1366, 0x81C3, 0x135D, 0x820F, 0x12C6, 0x8235, 0x1271, 0x8248, 
	0x1385, 0x8248, 0x135D, 0x81B0, 0x1288, 0x81C3, 0x130F, 0x81C3, 0x1269, 0x8222, 0x1220, 0x8222, 0x13E4, 0x8147, 0x141E, 0x81A6, 
	0x135C, 0x81C3, 0x12B0, 0x81C3, 0x12CF, 0x819D, 0x1333, 0x813E, 0x12CB, 0x8177, 0x1353, 0x8180, 0x1267, 0x80E9, 0x1345, 0x8193, 
	0x13CB, 0x8105, 0x136F, 0x810F, 0x12F5, 0x8180, 0x13D5, 0x81C3, 0x12B7, 0x8151, 0x12E7, 0x80BA, 0x1345, 0x80B1, 0x1390, 0x8135, 
	0x1258, 0x8164, 0x132B, 0x8193, 0x1373, 0x80E9, 0x1365, 0x80E0, 0x13B8, 0x80FC, 0x1327, 0x80FC, 0x12FC, 0x8095, 0x12D3, 0x80CD, 
	0x1380, 0x80BA, 0x13CE, 0x80B1, 0x1324, 0x80B1, 0x12D0, 0x8079, 0x12A2, 0x8082, 0x131E, 0x80F3, 0x12BB, 0x8066, 0x1357, 0x8070, 
	0x13D1, 0x8054, 0x13DD, 0x8066, 0x13DC, 0x8054, 0x1360, 0x801C, 0x130E, 0x8054, 0x13EC, 0x804A, 0x1333, 0x8009, 0x1336, 0x8070, 
	0x138A, 0x805D, 0x12EC, 0x7FD2, 0x1298, 0x7FDB, 0x13D8, 0x7F76, 0x1321, 0x8013, 0x1440, 0x8041, 0x1355, 0x7FDB, 0x13AE, 0x7FED, 
	0x1419, 0x7FA4, 0x132F, 0x7FD2, 0x12DD, 0x7FED, 0x13C4, 0x7FD2, 0x1291, 0x801C, 0x12FE, 0x7FB6, 0x1288, 0x8009, 0x1357, 0x8054, 
	0x1264, 0x7F9A, 0x13E4, 0x7FF7, 0x1223, 0x7F76, 0x12B8, 0x7F6C, 0x12EA, 0x7FD2, 0x11B6, 0x7F91, 0x122A, 0x7F63, 0x12F5, 0x7FA4, 
	0x11B8, 0x7FC9, 0x1155, 0x7FBF, 0x11F4, 0x7F7F, 0x1287, 0x7F2C, 0x1275, 0x7F9A, 0x1335, 0x7F88, 0x119B, 0x7F6C, 0x1219, 0x7F48, 
	0x1269, 0x7F88, 0x11B0, 0x7F76, 0x130D, 0x7F91, 0x1200, 0x8009, 0x1200, 0x7F63, 0x1233, 0x7F23, 0x1146, 0x7F51, 0x1240, 0x7FC9, 
	0x11C3, 0x7F91, 0x11EE, 0x7F3F, 0x1258, 0x7F76, 0x12F1, 0x7FB6, 0x1230, 0x7F23, 0x11D4, 0x7FAD, 0x11B9, 0x7F7F, 0x11DC, 0x7F7F, 
	0x11E0, 0x7F91, 0x1298, 0x7F76, 0x127E, 0x7F51, 0x113E, 0x7F11, 0x129B, 0x7F91, 0x11D2, 0x7F7F, 0x1231, 0x7F2C, 0x119E, 0x7F2C, 
	0x11B5, 0x7F2C, 0x121D, 0x7FAD, 0x11CF, 0x7FAD, 0x115B, 0x7F91, 0x1140, 0x7F7F, 0x1230, 0x7F3F, 0x1218, 0x7F3F, 0x1285, 0x7F11, 
	0x1262, 0x7F36, 0x1187, 0x7F08, 0x1238, 0x7F36, 0x1125, 0x7EAD, 0x11EF, 0x7F91, 0x125C, 0x7FB6, 0x1158, 0x7EEC, 0x11DB, 0x7F2C, 
	0x1171, 0x7EEC, 0x1212, 0x7ED1, 0x11FC, 0x7F63, 0x124F, 0x7EDA, 0x11F1, 0x7EF6, 0x1298, 0x7F08, 0x1285, 0x7F1A, 0x130C, 0x7F88, 
	0x124C, 0x7ED1, 0x12B3, 0x7F2C, 0x132A, 0x7EF6, 0x12DD, 0x7F51, 0x1395, 0x7F51, 0x1274, 0x7F6C, 0x12EF, 0x7E89, 0x134E, 0x7F3F, 
	0x12FB, 0x7F11, 0x12DA, 0x7F23, 0x1379, 0x7F36, 0x12B1, 0x7EAD, 0x12A6, 0x7F5A, 0x1370, 0x7F63, 0x1278, 0x7F1A, 0x13C8, 0x7F88, 
	0x13E6, 0x7FB6, 0x13E5, 0x7F6C, 0x134A, 0x7F51, 0x135D, 0x7F76, 0x12C3, 0x7F36, 0x1396, 0x7EF6, 0x12CC, 0x7F11, 0x13B4, 0x7F6C, 
	0x138A, 0x7F48, 0x12BB, 0x7F88, 0x1345, 0x7F5A, 0x12A6, 0x7F48, 0x141A, 0x7F2C, 0x1402, 0x7F88, 0x142B, 0x8009, 0x1432, 0x7F51, 
	0x137F, 0x7F88, 0x13E4, 0x7F36, 0x145C, 0x7FB6, 0x1386, 0x7F6C, 0x13E2, 0x7FD2, 0x13F6, 0x7FF7, 0x13A9, 0x7F88, 0x13C8, 0x7FAD, 
	0x13A3, 0x8009, 0x1494, 0x7FBF, 0x1366, 0x7FC9, 0x13CF, 0x7FB6, 0x13D1, 0x7FBF, 0x134B, 0x7FBF, 0x1397, 0x7F91, 0x1393, 0x8038, 
	0x14F2, 0x7F91, 0x141A, 0x7FAD, 0x129F, 0x7FC9, 0x1268, 0x7FB6, 0x1391, 0x7FE4, 0x133F, 0x7FED, 0x1235, 0x8009, 0x1433, 0x8000, 
	0x134F, 0x7FB6, 0x139E, 0x7FE4, 0x1229, 0x7FBF, 0x12A9, 0x7F88, 0x12E9, 0x7F36, 0x138A, 0x7F76, 0x12D0, 0x7FF7, 0x1383, 0x7FED, 
	0x12F3, 0x801C, 0x12E2, 0x7FED, 0x1388, 0x8000, 0x131D, 0x8038, 0x1333, 0x8009, 0x130F, 0x7FD2, 0x13E2, 0x7FE4, 0x1309, 0x801C, 
	0x12EB, 0x8041, 0x1280, 0x8054, 0x11F2, 0x7FA4, 0x12DE, 0x7FF7, 0x12DC, 0x802E, 0x126A, 0x8054, 0x12E2, 0x8066, 0x118E, 0x801C, 
	0x11C4, 0x8009, 0x11D6, 0x804A, 0x11DA, 0x80B1, 0x12AE, 0x809E, 0x129C, 0x809E, 0x1225, 0x8054, 0x11C2, 0x805D, 0x12B0, 0x810F, 
	0x1074, 0x8054, 0x1075, 0x80C4, 0x12E3, 0x80BA, 0x11C9, 0x80CD, 0x119C, 0x8079, 0x1209, 0x80B1, 0x11A7, 0x8095, 0x1146, 0x80E9, 
	0x1220, 0x810F, 0x117F, 0x8135, 0x11D6, 0x80BA, 0x1114, 0x80CD, 0x114A, 0x8151, 0x0FDD, 0x80D6, 0x11DD, 0x810F, 0x116E, 0x80D6, 
	0x10E5, 0x8082, 0x1114, 0x80D6, 0x0FD1, 0x809E, 0x109A, 0x810F, 0x1092, 0x80E9, 0x10BD, 0x80BA, 0x1003, 0x80C4, 0x0FA6, 0x8122, 
	0x102E, 0x80BA, 0x0F2D, 0x80E0, 0x0FB5, 0x80E0, 0x1021, 0x80A8, 0x1004, 0x810F, 0x1051, 0x8135, 0x0EBA, 0x80A8, 0x0FA0, 0x810F, 
	0x12C2, 0x8248, 0x139A, 0x82C6, 0x136B, 0x823F, 0x12C1, 0x82D9, 0x12C7, 0x828C, 0x1239, 0x81F2, 0x1321, 0x81CC, 0x122E, 0x823F, 
	0x12D3, 0x8279, 0x12E8, 0x81A6, 0x12A9, 0x81C3, 0x1292, 0x8177, 0x126D, 0x819D, 0x12DC, 0x8235, 0x12CB, 0x81D6, 0x1249, 0x81DF, 
	0x143A, 0x8151, 0x1395, 0x81F2, 0x1321, 0x81B0, 0x12D6, 0x81CC, 0x129A, 0x81A6, 0x127F, 0x8105, 0x12E4, 0x8177, 0x12D7, 0x818A, 
	0x12DB, 0x81C3, 0x130B, 0x81B0, 0x129A, 0x815A, 0x136A, 0x8147, 0x12BD, 0x8164, 0x135B, 0x816D, 0x121D, 0x8135, 0x12C7, 0x809E, 
	0x1398, 0x810F, 0x127F, 0x816D, 0x1255, 0x815A, 0x126F, 0x8105, 0x12F3, 0x809E, 0x138D, 0x80E9, 0x1331, 0x80F3, 0x12CD, 0x80D6, 
	0x1308, 0x80BA, 0x130D, 0x80A8, 0x1300, 0x8054, 0x132F, 0x80D6, 0x1321, 0x80D6, 0x1223, 0x810F, 0x12E1, 0x8066, 0x13BD, 0x80FC, 
	0x12AF, 0x804A, 0x1322, 0x804A, 0x134F, 0x8066, 0x145F, 0x8079, 0x13D1, 0x80A8, 0x13F2, 0x8082, 0x12DB, 0x8070, 0x12C7, 0x8082, 
	0x1358, 0x8082, 0x1354, 0x808C, 0x144B, 0x801C, 0x12E1, 0x8013, 0x12A9, 0x7FE4, 0x12D4, 0x7FE4, 0x135F, 0x804A, 0x13B1, 0x7FE4, 
	0x12AF, 0x8025, 0x13FE, 0x801C, 0x1445, 0x7FE4, 0x1314, 0x8013, 0x13A9, 0x7FD2, 0x12D6, 0x7FC9, 0x1366, 0x7FC9, 0x134F, 0x7FBF, 
	0x12D5, 0x8041, 0x1396, 0x801C, 0x1280, 0x7FD2, 0x134C, 0x7FDB, 0x123B, 0x7F7F, 0x12E2, 0x7FF7, 0x12DB, 0x8009, 0x1249, 0x7FA4, 
	0x123E, 0x7F88, 0x125A, 0x7F9A, 0x1285, 0x7F51, 0x11DB, 0x7FD2, 0x11E5, 0x7FF7, 0x120A, 0x7F76, 0x1272, 0x7F91, 0x126F, 0x7FB6, 
	0x120E, 0x7FE4, 0x11F2, 0x7F51, 0x1246, 0x7F88, 0x116A, 0x7F6C, 0x12AC, 0x7FB6, 0x123B, 0x7FDB, 0x11E7, 0x7F9A, 0x11B3, 0x7F6C, 
	0x1156, 0x7F76, 0x122E, 0x7F5A, 0x1228, 0x7F63, 0x126C, 0x7F5A, 0x1249, 0x7F76, 0x124C, 0x7F9A, 0x11E6, 0x7EA4, 0x10C1, 0x7FBF, 
	0x119F, 0x7F63, 0x11B8, 0x7F91, 0x1164, 0x7FBF, 0x1180, 0x7F6C, 0x1276, 0x7FB6, 0x11AF, 0x7F23, 0x1248, 0x7F9A, 0x1187, 0x7FD2, 
	0x1207, 0x7F23, 0x114A, 0x7F36, 0x1158, 0x7F2C, 0x118B, 0x7FB6, 0x10EA, 0x7FB6, 0x113F, 0x7F5A, 0x1203, 0x7F5A, 0x1255, 0x7F2C, 
	0x120C, 0x7F51, 0x11C6, 0x7FDB, 0x1267, 0x7FB6, 0x11BA, 0x7F48, 0x1218, 0x7F23, 0x11D3, 0x7F51, 0x11FE, 0x7F7F, 0x1289, 0x7FA4, 
	0x1150, 0x7EFF, 0x11E8, 0x7F11, 0x1174, 0x7F6C, 0x1215, 0x7FBF, 0x1275, 0x7F6C, 0x1237, 0x7EB6, 0x125C, 0x7EC8, 0x1337, 0x7F36, 
	0x12A6, 0x7F1A, 0x1264, 0x7F76, 0x12CF, 0x7F23, 0x135E, 0x7EF6, 0x13A2, 0x7F5A, 0x12B5, 0x7FA4, 0x1319, 0x7F6C, 0x124C, 0x7EDA, 
	0x1322, 0x7E92, 0x1313, 0x7F6C, 0x12A5, 0x7F51, 0x1295, 0x7F2C, 0x12E5, 0x7F11, 0x122B, 0x7EFF, 0x12E3, 0x7F3F, 0x12C6, 0x7F23, 
	0x12B8, 0x7FB6, 0x1334, 0x7F51, 0x139C, 0x7F23, 0x13E1, 0x7EE3, 0x12B4, 0x7F1A, 0x13D6, 0x7FA4, 0x1294, 0x7FB6, 0x12D4, 0x7F51, 
	0x12D8, 0x7EFF, 0x13A2, 0x7FA4, 0x1386, 0x7F2C, 0x1300, 0x7FAD, 0x1385, 0x7F48, 0x129A, 0x7F88, 0x1366, 0x7FA4, 0x1464, 0x7FAD, 
	0x13B4, 0x7FC9, 0x13F5, 0x7FBF, 0x1407, 0x7F63, 0x13CD, 0x7F9A, 0x1379, 0x7FDB, 0x13E7, 0x7F5A, 0x1382, 0x7F7F, 0x13A1, 0x7F88, 
	0x135B, 0x7FBF, 0x1378, 0x7F91, 0x13CA, 0x7FB6, 0x13FB, 0x7F76, 0x139A, 0x8013, 0x1389, 0x7F9A, 0x13B5, 0x7F91, 0x12C0, 0x7F48, 
	0x12AF, 0x7F3F, 0x13F2, 0x7FBF, 0x13CC, 0x7F6C, 0x13A0, 0x7FA4, 0x12CC, 0x7FDB, 0x1327, 0x7FB6, 0x1395, 0x7FAD, 0x12C5, 0x8025, 
	0x127A, 0x7FC9, 0x13E1, 0x7F9A, 0x1359, 0x801C, 0x12C2, 0x804A, 0x1179, 0x7FED, 0x1288, 0x7FD2, 0x12C4, 0x7F3F, 0x1363, 0x7F88, 
	0x12BA, 0x802E, 0x131F, 0x8013, 0x137F, 0x7FE4, 0x1309, 0x7FBF, 0x129A, 0x7FA4, 0x1356, 0x8070, 0x1265, 0x8079, 0x123E, 0x8013, 
	0x131B, 0x7FED, 0x1319, 0x7FF7, 0x1306, 0x8070, 0x1233, 0x8041, 0x11BA, 0x8025, 0x1371, 0x8054, 0x1260, 0x8009, 0x1263, 0x805D, 
	0x129C, 0x8025, 0x1164, 0x8070, 0x11DA, 0x809E, 0x126A, 0x8066, 0x118D, 0x8105, 0x1250, 0x80FC, 0x120F, 0x8079, 0x122F, 0x8079, 
	0x11A5, 0x802E, 0x12D7, 0x8095, 0x10FA, 0x80BA, 0x1107, 0x80A8, 0x12A1, 0x80B1, 0x11B3, 0x8095, 0x1244, 0x80F3, 0x11D8, 0x80FC, 
	0x1134, 0x8095, 0x112A, 0x8122, 0x11A1, 0x8105, 0x116C, 0x8054, 0x10F6, 0x809E, 0x1118, 0x80E0, 0x1147, 0x8135, 0x1034, 0x8105, 
	0x1119, 0x80E0, 0x109D, 0x80E0, 0x1074, 0x80BA, 0x1089, 0x80E9, 0x0FCC, 0x80F3, 0x109E, 0x805D, 0x104B, 0x8095, 0x1113, 0x810F, 
	0x0FFD, 0x80F3, 0x0FB5, 0x819D, 0x1013, 0x80FC, 0x0F8F, 0x80E0, 0x0F01, 0x815A, 0x103D, 0x80E0, 0x0F2A, 0x8147, 0x0FAA, 0x8151, 
	0x0E34, 0x80D6, 0x100E, 0x80E9, 0x0F33, 0x8147, 0x0FDF, 0x8151, 0x0FDD, 0x81B0, 0x0E78, 0x813E, 0x0F67, 0x80D6, 0x0FC9, 0x818A, 
	0x0F5C, 0x819D, 0x0FA4, 0x81B0, 0x0FCE, 0x8135, 0x1045, 0x80FC, 0x10CD, 0x8164, 0x1083, 0x81B9, 0x10B2, 0x81DF, 0x0FF8, 0x81B0, 
	0x0FFF, 0x8122, 0x0FCE, 0x8164, 0x1040, 0x8205, 0x10DA, 0x81DF, 0x103D, 0x81DF, 0x10A5, 0x80FC, 0x10BD, 0x815A, 0x1108, 0x81B0, 
	0x1073, 0x819D, 0x1049, 0x82B2, 0x11D9, 0x816D, 0x1153, 0x81A6, 0x10EA, 0x818A, 0x1104, 0x819D, 0x103F, 0x823F, 0x1083, 0x816D, 
	0x1176, 0x819D, 0x11CD, 0x8180, 0x1220, 0x81FC, 0x111D, 0x81E9, 0x11BA, 0x81DF, 0x11AA, 0x8177, 0x11FE, 0x8147, 0x10DA, 0x81E9, 
	0x10E6, 0x81DF, 0x11C4, 0x8135, 0x1143, 0x820F, 0x1191, 0x81CC, 0x11A8, 0x81DF, 0x1125, 0x81F2, 0x127B, 0x81C3, 0x11E7, 0x8265, 
	0x1214, 0x81B9, 0x11D1, 0x8219, 0x11B2, 0x81F2, 0x116F, 0x81CC, 0x1050, 0x8235, 0x113B, 0x822C, 0x11A9, 0x8265, 0x114D, 0x81FC, 
	0x1244, 0x81D6, 0x1132, 0x8252, 0x11C5, 0x8252, 0x1155, 0x81D6, 0x10E6, 0x823F, 0x1245, 0x822C, 0x11A7, 0x825C, 0x1214, 0x81A6, 
	0x11F5, 0x8235, 0x1125, 0x8219, 0x1243, 0x8219, 0x11A4, 0x8282, 0x1134, 0x828C, 0x11B3, 0x825C, 0x1196, 0x822C, 0x11A4, 0x8235, 
	0x1269, 0x8248, 0x131D, 0x8282, 0x10D0, 0x823F, 0x1179, 0x820F, 0x1206, 0x8248, 0x11F9, 0x8279, 0x12AD, 0x82A9, 0x128B, 0x823F, 
	0x1273, 0x8295, 0x1209, 0x8295, 0x1206, 0x82B2, 0x1274, 0x82D9, 0x11BA, 0x82CF, 0x1192, 0x8265, 0x11DA, 0x8295, 0x1247, 0x823F, 
	0x12E9, 0x82B2, 0x132A, 0x82B2, 0x1360, 0x826F, 0x130A, 0x8235, 0x1313, 0x8248, 0x1255, 0x8309, 0x12E5, 0x82CF, 0x1274, 0x82EC, 
	0x1296, 0x828C, 0x12B0, 0x8248, 0x12A2, 0x8295, 0x12C9, 0x82CF, 0x1241, 0x82CF, 0x137C, 0x828C, 0x12B5, 0x8282, 0x122B, 0x82E3, 
	0x12D5, 0x82D9, 0x12AC, 0x831D, 0x128E, 0x8375, 0x12DC, 0x8282, 0x1253, 0x8388, 0x12C7, 0x82BC, 0x134F, 0x834E, 0x12B2, 0x83AF, 
	0x12DD, 0x83B9, 0x12E2, 0x8392, 0x1301, 0x8361, 0x1317, 0x8357, 0x135B, 0x8412, 0x12EA, 0x82EC, 0x12E3, 0x8330, 0x1318, 0x8344, 
	0x13F8, 0x8392, 0x1349, 0x8425, 0x13EE, 0x83F4, 0x1374, 0x844D, 0x1403, 0x847E, 0x1382, 0x84E2, 0x12C2, 0x8248, 0x139A, 0x82C6, 
	0x136B, 0x823F, 0x12C1, 0x82D9, 0x12C7, 0x828C, 0x1239, 0x81F2, 0x1321, 0x81CC, 0x122E, 0x823F, 0x12D3, 0x8279, 0x12E8, 0x81A6, 
	0x12A9, 0x81C3, 0x1292, 0x8177, 0x126D, 0x819D, 0x12DC, 0x8235, 0x12CB, 0x81D6, 0x1249, 0x81DF, 0x143A, 0x8151, 0x1395, 0x81F2, 
	0x1321, 0x81B0, 0x12D6, 0x81CC, 0x129A, 0x81A6, 0x127F, 0x8105, 0x12E4, 0x8177, 0x12D7, 0x818A, 0x12DB, 0x81C3, 0x130B, 0x81B0, 
	0x129A, 0x815A, 0x136A, 0x8147, 0x12BD, 0x8164, 0x135B, 0x816D, 0x121D, 0x8135, 0x12C7, 0x809E, 0x1398, 0x810F, 0x127F, 0x816D, 
	0x1255, 0x815A, 0x126F, 0x8105, 0x12F3, 0x809E, 0x138D, 0x80E9, 0x1331, 0x80F3, 0x12CD, 0x80D6, 0x1308, 0x80BA, 0x130D, 0x80A8, 
	0x1300, 0x8054, 0x132F, 0x80D6, 0x1321, 0x80D6, 0x1223, 0x810F, 0x12E1, 0x8066, 0x13BD, 0x80FC, 0x12AF, 0x804A, 0x1322, 0x804A, 
	0x134F, 0x8066, 0x145F, 0x8079, 0x13D1, 0x80A8, 0x13F2, 0x8082, 0x12DB, 0x8070, 0x12C7, 0x8082, 0x1358, 0x8082, 0x1354, 0x808C, 
	0x144B, 0x801C, 0x12E1, 0x8013, 0x12A9, 0x7FE4, 0x12D4, 0x7FE4, 0x135F, 0x804A, 0x13B1, 0x7FE4, 0x12AF, 0x8025, 0x13FE, 0x801C, 
	0x1445, 0x7FE4, 0x1314, 0x8013, 0x13A9, 0x7FD2, 0x12D6, 0x7FC9, 0x1366, 0x7FC9, 0x134F, 0x7FBF, 0x12D5, 0x8041, 0x1396, 0x801C, 
	0x1280, 0x7FD2, 0x134C, 0x7FDB, 0x123B, 0x7F7F, 0x12E2, 0x7FF7, 0x12DB, 0x8009, 0x1249, 0x7FA4, 0x123E, 0x7F88, 0x125A, 0x7F9A, 
	0x1285, 0x7F51, 0x11DB, 0x7FD2, 0x11E5, 0x7FF7, 0x120A, 0x7F76, 0x1272, 0x7F91, 0x126F, 0x7FB6, 0x120E, 0x7FE4, 0x11F2, 0x7F51, 
	0x1246, 0x7F88, 0x116A, 0x7F6C, 0x12AC, 0x7FB6, 0x123B, 0x7FDB, 0x11E7, 0x7F9A, 0x11B3, 0x7F6C, 0x1156, 0x7F76, 0x122E, 0x7F5A, 
	0x1228, 0x7F63, 0x126C, 0x7F5A, 0x1249, 0x7F76, 0x124C, 0x7F9A, 0x11E6, 0x7EA4, 0x10C1, 0x7FBF, 0x119F, 0x7F63, 0x11B8, 0x7F91, 
	0x1164, 0x7FBF, 0x1180, 0x7F6C, 0x1276, 0x7FB6, 0x11AF, 0x7F23, 0x1248, 0x7F9A, 0x1187, 0x7FD2, 0x1207, 0x7F23, 0x114A, 0x7F36, 
	0x1158, 0x7F2C, 0x118B, 0x7FB6, 0x10EA, 0x7FB6, 0x113F, 0x7F5A, 0x1203, 0x7F5A, 0x1255, 0x7F2C, 0x120C, 0x7F51, 0x11C6, 0x7FDB, 
	0x1267, 0x7FB6, 0x11BA, 0x7F48, 0x1218, 0x7F23, 0x11D3, 0x7F51, 0x11FE, 0x7F7F, 0x1289, 0x7FA4, 0x1150, 0x7EFF, 0x11E8, 0x7F11, 
	0x1174, 0x7F6C, 0x1215, 0x7FBF, 0x1275, 0x7F6C, 0x1237, 0x7EB6, 0x125C, 0x7EC8, 0x1337, 0x7F36, 0x12A6, 0x7F1A, 0x1264, 0x7F76, 
	0x12CF, 0x7F23, 0x135E, 0x7EF6, 0x13A2, 0x7F5A, 0x12B5, 0x7FA4, 0x1319, 0x7F6C, 0x124C, 0x7EDA, 0x1322, 0x7E92, 0x1313, 0x7F6C, 
	0x12A5, 0x7F51, 0x1295, 0x7F2C, 0x12E5, 0x7F11, 0x122B, 0x7EFF, 0x12E3, 0x7F3F, 0x12C6, 0x7F23, 0x12B8, 0x7FB6, 0x1334, 0x7F51, 
	0x139C, 0x7F23, 0x13E1, 0x7EE3, 0x12B4, 0x7F1A, 0x13D6, 0x7FA4, 0x1294, 0x7FB6, 0x12D4, 0x7F51, 0x12D8, 0x7EFF, 0x13A2, 0x7FA4, 
	0x1386, 0x7F2C, 0x1300, 0x7FAD, 0x1385, 0x7F48, 0x129A, 0x7F88, 0x1366, 0x7FA4, 0x1464, 0x7FAD, 0x13B4, 0x7FC9, 0x13F5, 0x7FBF, 
	0x1407, 0x7F63, 0x13CD, 0x7F9A, 0x1379, 0x7FDB, 0x13E7, 0x7F5A, 0x1382, 0x7F7F, 0x13A1, 0x7F88, 0x135B, 0x7FBF, 0x1378, 0x7F91, 
	0x13CA, 0x7FB6, 0x13FB, 0x7F76, 0x139A, 0x8013, 0x1389, 0x7F9A, 0x13B5, 0x7F91, 0x12C0, 0x7F48, 0x12AF, 0x7F3F, 0x13F2, 0x7FBF, 
	0x13CC, 0x7F6C, 0x13A0, 0x7FA4, 0x12CC, 0x7FDB, 0x1327, 0x7FB6, 0x1395, 0x7FAD, 0x12C5, 0x8025, 0x127A, 0x7FC9, 0x13E1, 0x7F9A, 
	0x1359, 0x801C, 0x12C2, 0x804A, 0x1179, 0x7FED, 0x1288, 0x7FD2, 0x12C4, 0x7F3F, 0x1363, 0x7F88, 0x12BA, 0x802E, 0x131F, 0x8013, 
	0x137F, 0x7FE4, 0x1309, 0x7FBF, 0x129A, 0x7FA4, 0x1356, 0x8070, 0x1265, 0x8079, 0x123E, 0x8013, 0x131B, 0x7FED, 0x1319, 0x7FF7, 
	0x1306, 0x8070, 0x1233, 0x8041, 0x11BA, 0x8025, 0x1371, 0x8054, 0x1260, 0x8009, 0x1263, 0x805D, 0x129C, 0x8025, 0x1164, 0x8070, 
	0x11DA, 0x809E, 0x126A, 0x8066, 0x118D, 0x8105, 0x1250, 0x80FC, 0x120F, 0x8079, 0x122F, 0x8079, 0x11A5, 0x802E, 0x12D7, 0x8095, 
	0x10FA, 0x80BA, 0x1107, 0x80A8, 0x12A1, 0x80B1, 0x11B3, 0x8095, 0x1244, 0x80F3, 0x11D8, 0x80FC, 0x1134, 0x8095, 0x112A, 0x8122, 
	0x11A1, 0x8105, 0x116C, 0x8054, 0x10F6, 0x809E, 0x1118, 0x80E0, 0x1147, 0x8135, 0x1034, 0x8105, 0x1119, 0x80E0, 0x109D, 0x80E0, 
	0x1074, 0x80BA, 0x1089, 0x80E9, 0x0FCC, 0x80F3, 0x109E, 0x805D, 0x104B, 0x8095, 0x1113, 0x810F, 0x0FFD, 0x80F3, 0x0FB5, 0x819D, 
	0x1013, 0x80FC, 0x0F8F, 0x80E0, 0x0F01, 0x815A, 0x103D, 0x80E0, 0x0F2A, 0x8147, 0x0FAA, 0x8151, 0x0E34, 0x80D6, 0x100E, 0x80E9, 
	0x1391, 0x822C, 0x134A, 0x829F, 0x13DE, 0x8252, 0x1398, 0x828C, 0x130C, 0x825C, 0x12A8, 0x81C3, 0x13B9, 0x8235, 0x12B3, 0x823F, 
	0x1332, 0x81F2, 0x1309, 0x81FC, 0x12EF, 0x81FC, 0x1373, 0x81B0, 0x1330, 0x81DF, 0x1366, 0x8205, 0x12FD, 0x81F2, 0x12C5, 0x8235, 
	0x1431, 0x80F3, 0x14AD, 0x8193, 0x133B, 0x81F2, 0x139D, 0x81F2, 0x1303, 0x819D, 0x1331, 0x80E0, 0x12FD, 0x8151, 0x13BC, 0x8219, 
	0x133B, 0x81C3, 0x140A, 0x8164, 0x130C, 0x8164, 0x134D, 0x810F, 0x135C, 0x820F, 0x1345, 0x8135, 0x12CF, 0x813E, 0x134C, 0x8105, 
	0x140C, 0x8082, 0x133E, 0x8135, 0x1291, 0x8151, 0x12C4, 0x80BA, 0x133E, 0x80E9, 0x1384, 0x80C4, 0x1320, 0x8079, 0x1322, 0x80A8, 
	0x13B2, 0x805D, 0x1382, 0x80A8, 0x13B2, 0x8070, 0x13A0, 0x80BA, 0x13C2, 0x80C4, 0x1306, 0x80E0, 0x1380, 0x80A8, 0x1346, 0x80E9, 
	0x132B, 0x809E, 0x131F, 0x809E, 0x13D4, 0x809E, 0x1496, 0x7FF7, 0x146D, 0x805D, 0x13E5, 0x8070, 0x131A, 0x8079, 0x13A9, 0x8054, 
	0x13CF, 0x805D, 0x13A7, 0x8009, 0x145E, 0x7FBF, 0x127D, 0x8000, 0x129F, 0x8000, 0x134A, 0x7FD2, 0x136D, 0x7FD2, 0x1285, 0x802E, 
	0x1322, 0x7F5A, 0x1448, 0x8009, 0x1473, 0x7FDB, 0x1333, 0x8025, 0x138A, 0x7FBF, 0x12FF, 0x8009, 0x1352, 0x7F63, 0x1338, 0x7F6C, 
	0x1387, 0x7F5A, 0x13D6, 0x7FB6, 0x1292, 0x7FE4, 0x1399, 0x7FF7, 0x120E, 0x7F91, 0x1385, 0x7FDB, 0x133E, 0x7FD2, 0x1293, 0x7F51, 
	0x1276, 0x7F88, 0x12CD, 0x7F3F, 0x132E, 0x7F76, 0x1225, 0x7FD2, 0x123A, 0x7F91, 0x12D0, 0x7FAD, 0x1216, 0x7FB6, 0x1236, 0x7F2C, 
	0x1232, 0x7F51, 0x1206, 0x7F2C, 0x12BB, 0x7F9A, 0x1144, 0x7F51, 0x133B, 0x7F2C, 0x12B9, 0x7F88, 0x11C2, 0x7F36, 0x1282, 0x7F6C, 
	0x1122, 0x7F6C, 0x1264, 0x7F63, 0x1211, 0x7FDB, 0x124C, 0x7F91, 0x1295, 0x7F2C, 0x12FE, 0x7F88, 0x1223, 0x7F51, 0x1170, 0x7FC9, 
	0x11A1, 0x7FED, 0x1209, 0x7F3F, 0x11F6, 0x7FAD, 0x1243, 0x7FB6, 0x1300, 0x7F9A, 0x120A, 0x7F7F, 0x12E2, 0x7F23, 0x11E8, 0x7F76, 
	0x1293, 0x7EE3, 0x11D0, 0x7F76, 0x1233, 0x7F91, 0x120E, 0x7F48, 0x112C, 0x7FED, 0x1147, 0x7F5A, 0x1226, 0x7F76, 0x12E1, 0x7F63, 
	0x1266, 0x7F51, 0x11E1, 0x7FD2, 0x12C3, 0x7F88, 0x1257, 0x7F08, 0x1257, 0x7EBF, 0x1281, 0x7F91, 0x11EB, 0x7F5A, 0x12E8, 0x7F76, 
	0x11E6, 0x7F1A, 0x11E4, 0x7F3F, 0x1218, 0x7F88, 0x1204, 0x7F48, 0x1301, 0x7F5A, 0x1345, 0x7F48, 0x124D, 0x7F6C, 0x1354, 0x7F3F, 
	0x12F7, 0x7FAD, 0x1327, 0x7FB6, 0x12CF, 0x7EC8, 0x138D, 0x7F2C, 0x135E, 0x7F11, 0x12A8, 0x7F48, 0x13CF, 0x7F2C, 0x130A, 0x7F5A, 
	0x13A5, 0x7F1A, 0x133C, 0x7F23, 0x12E0, 0x7F9A, 0x12FD, 0x7F23, 0x13F9, 0x7F2C, 0x1300, 0x7F11, 0x13BD, 0x7E6D, 0x13AD, 0x7F7F, 
	0x1394, 0x7F23, 0x135A, 0x7F5A, 0x13D3, 0x7EAD, 0x13EB, 0x7E92, 0x13D8, 0x7F11, 0x13FC, 0x7F48, 0x127A, 0x7F23, 0x13CA, 0x7EBF, 
	0x133C, 0x7E92, 0x1341, 0x7F88, 0x13C1, 0x7F63, 0x13EA, 0x7F7F, 0x13DC, 0x7EF6, 0x139D, 0x7F51, 0x1429, 0x7FAD, 0x14CB, 0x7F5A, 
	0x1445, 0x7FA4, 0x1491, 0x7F91, 0x1445, 0x7F9A, 0x1478, 0x7FB6, 0x1439, 0x7F88, 0x13D0, 0x7FB6, 0x1414, 0x7F36, 0x140D, 0x7F48, 
	0x136A, 0x7FDB, 0x13C2, 0x7FA4, 0x1488, 0x7FED, 0x1454, 0x7F63, 0x1404, 0x7FD2, 0x145B, 0x7F76, 0x1434, 0x7FB6, 0x13AA, 0x7F88, 
	0x1323, 0x8009, 0x140E, 0x7FAD, 0x1444, 0x7FAD, 0x1417, 0x7FED, 0x135B, 0x7F88, 0x13A5, 0x8009, 0x13EE, 0x7FBF, 0x131A, 0x8009, 
	0x1303, 0x7FED, 0x145C, 0x7FA4, 0x1327, 0x8013, 0x13B5, 0x7FD2, 0x1296, 0x7FE4, 0x13AF, 0x7FD2, 0x134C, 0x7F7F, 0x13B6, 0x7FA4, 
	0x137D, 0x7FBF, 0x13C1, 0x7FED, 0x13DF, 0x7FA4, 0x135D, 0x7FB6, 0x1312, 0x7FB6, 0x13EA, 0x7FC9, 0x128D, 0x7FE4, 0x1270, 0x8009, 
	0x1408, 0x8025, 0x130E, 0x8009, 0x134F, 0x80C4, 0x1236, 0x8082, 0x1237, 0x7FD2, 0x13AD, 0x7FF7, 0x1267, 0x8009, 0x1275, 0x8025, 
	0x133D, 0x80A8, 0x11CE, 0x7FE4, 0x1294, 0x8025, 0x127F, 0x8009, 0x11E8, 0x8038, 0x12D5, 0x80B1, 0x1228, 0x80C4, 0x1296, 0x808C, 
	0x1237, 0x8082, 0x1350, 0x8079, 0x11A9, 0x80F3, 0x1155, 0x80CD, 0x1379, 0x8079, 0x12A0, 0x8147, 0x1272, 0x8082, 0x12A1, 0x80FC, 
	0x124C, 0x80B1, 0x11C8, 0x8105, 0x11DF, 0x813E, 0x11B6, 0x8025, 0x1212, 0x808C, 0x128F, 0x80C4, 0x11D8, 0x808C, 0x1012, 0x8118, 
	0x1186, 0x8151, 0x1172, 0x80B1, 0x1116, 0x810F, 0x1119, 0x80CD, 0x1085, 0x8105, 0x1132, 0x80D6, 0x10C1, 0x8079, 0x117C, 0x80BA, 
	0x1029, 0x8105, 0x0FFF, 0x8118, 0x1065, 0x8118, 0x1002, 0x808C, 0x0FFB, 0x80C4, 0x112A, 0x80CD, 0x0F74, 0x8151, 0x1008, 0x80F3, 
	0x0E8E, 0x801C, 0x1092, 0x813E, 0x1022, 0x81CC, 0x0FCD, 0x8193, 0x0FD2, 0x8177, 0x0EB4, 0x8135, 0x0FB6, 0x813E, 0x1005, 0x81A6, 
	0x1028, 0x81C3, 0x0FBF, 0x81A6, 0x0FC9, 0x8135, 0x106E, 0x812B, 0x1111, 0x81CC, 0x10CE, 0x81FC, 0x10C4, 0x8205, 0x106D, 0x812B, 
	0x101E, 0x810F, 0x1086, 0x8177, 0x10CA, 0x81B0, 0x1160, 0x8164, 0x10A1, 0x81E9, 0x1129, 0x816D, 0x10F7, 0x810F, 0x1143, 0x81F2, 
	0x10D0, 0x8177, 0x10AC, 0x81B9, 0x1246, 0x815A, 0x11DC, 0x8151, 0x1189, 0x816D, 0x1144, 0x81A6, 0x1057, 0x81B9, 0x114A, 0x8118, 
	0x11DE, 0x8164, 0x11E1, 0x816D, 0x12AA, 0x8193, 0x1229, 0x8177, 0x1265, 0x819D, 0x1230, 0x8193, 0x1226, 0x818A, 0x1214, 0x81CC, 
	0x1072, 0x81B9, 0x1200, 0x80B1, 0x11BF, 0x819D, 0x12A6, 0x81E9, 0x11E8, 0x81B0, 0x11AB, 0x81B0, 0x12BD, 0x81C3, 0x1218, 0x81E9, 
	0x12CD, 0x81B9, 0x11D0, 0x81FC, 0x11FB, 0x8219, 0x1146, 0x8180, 0x1161, 0x818A, 0x121A, 0x81C3, 0x1226, 0x81E9, 0x1175, 0x81D6, 
	0x1272, 0x81DF, 0x118C, 0x8222, 0x1245, 0x8279, 0x11A1, 0x81E9, 0x11BA, 0x823F, 0x12A8, 0x8279, 0x12E5, 0x81E9, 0x1265, 0x8222, 
	0x1238, 0x8222, 0x1195, 0x8219, 0x1293, 0x820F, 0x1190, 0x81E9, 0x120E, 0x8248, 0x1203, 0x8219, 0x1166, 0x8252, 0x1211, 0x8252, 
	0x11EA, 0x828C, 0x1350, 0x8222, 0x1145, 0x8248, 0x1244, 0x8222, 0x11F1, 0x826F, 0x1297, 0x823F, 0x12CA, 0x8265, 0x130D, 0x8265, 
	0x12AB, 0x820F, 0x129C, 0x8265, 0x11FD, 0x82CF, 0x12BD, 0x825C, 0x11F5, 0x829F, 0x1222, 0x8279, 0x1234, 0x826F, 0x12C3, 0x8295, 
	0x1387, 0x82CF, 0x1323, 0x82B2, 0x13EC, 0x81FC, 0x131C, 0x8265, 0x136C, 0x8248, 0x1246, 0x82B2, 0x132F, 0x8282, 0x131B, 0x82D9, 
	0x12F5, 0x8282, 0x1315, 0x8248, 0x1322, 0x82CF, 0x1334, 0x82BC, 0x1326, 0x82F6, 0x13F6, 0x826F, 0x1339, 0x8295, 0x12CA, 0x82EC, 
	0x1354, 0x82CF, 0x132B, 0x8295, 0x12DD, 0x834E, 0x1321, 0x8248, 0x128D, 0x834E, 0x12F7, 0x82D9, 0x13C4, 0x8309, 0x131B, 0x8361, 
	0x1308, 0x8357, 0x133F, 0x8388, 0x12F6, 0x83EA, 0x1377, 0x831D, 0x130A, 0x83CD, 0x13E2, 0x831D, 0x133D, 0x8357, 0x140D, 0x8375, 
	0x148C, 0x83EA, 0x13D3, 0x8425, 0x142A, 0x83A6, 0x13C1, 0x8461, 0x14C8, 0x84D8, 0x14E7, 0x84F6, 0x1391, 0x822C, 0x134A, 0x829F, 
	0x13DE, 0x8252, 0x1398, 0x828C, 0x130C, 0x825C, 0x12A8, 0x81C3, 0x13B9, 0x8235, 0x12B3, 0x823F, 0x1332, 0x81F2, 0x1309, 0x81FC, 
	0x12EF, 0x81FC, 0x1373, 0x81B0, 0x1330, 0x81DF, 0x1366, 0x8205, 0x12FD, 0x81F2, 0x12C5, 0x8235, 0x1431, 0x80F3, 0x14AD, 0x8193, 
	0x133B, 0x81F2, 0x139D, 0x81F2, 0x1303, 0x819D, 0x1331, 0x80E0, 0x12FD, 0x8151, 0x13BC, 0x8219, 0x133B, 0x81C3, 0x140A, 0x8164, 
	0x130C, 0x8164, 0x134D, 0x810F, 0x135C, 0x820F, 0x1345, 0x8135, 0x12CF, 0x813E, 0x134C, 0x8105, 0x140C, 0x8082, 0x133E, 0x8135, 
	0x1291, 0x8151, 0x12C4, 0x80BA, 0x133E, 0x80E9, 0x1384, 0x80C4, 0x1320, 0x8079, 0x1322, 0x80A8, 0x13B2, 0x805D, 0x1382, 0x80A8, 
	0x13B2, 0x8070, 0x13A0, 0x80BA, 0x13C2, 0x80C4, 0x1306, 0x80E0, 0x1380, 0x80A8, 0x1346, 0x80E9, 0x132B, 0x809E, 0x131F, 0x809E, 
	0x13D4, 0x809E, 0x1496, 0x7FF7, 0x146D, 0x805D, 0x13E5, 0x8070, 0x131A, 0x8079, 0x13A9, 0x8054, 0x13CF, 0x805D, 0x13A7, 0x8009, 
	0x145E, 0x7FBF, 0x127D, 0x8000, 0x129F, 0x8000, 0x134A, 0x7FD2, 0x136D, 0x7FD2, 0x1285, 0x802E, 0x1322, 0x7F5A, 0x1448, 0x8009, 
	0x1473, 0x7FDB, 0x1333, 0x8025, 0x138A, 0x7FBF, 0x12FF, 0x8009, 0x1352, 0x7F63, 0x1338, 0x7F6C, 0x1387, 0x7F5A, 0x13D6, 0x7FB6, 
	0x1292, 0x7FE4, 0x1399, 0x7FF7, 0x120E, 0x7F91, 0x1385, 0x7FDB, 0x133E, 0x7FD2, 0x1293, 0x7F51, 0x1276, 0x7F88, 0x12CD, 0x7F3F, 
	0x132E, 0x7F76, 0x1225, 0x7FD2, 0x123A, 0x7F91, 0x12D0, 0x7FAD, 0x1216, 0x7FB6, 0x1236, 0x7F2C, 0x1232, 0x7F51, 0x1206, 0x7F2C, 
	0x12BB, 0x7F9A, 0x1144, 0x7F51, 0x133B, 0x7F2C, 0x12B9, 0x7F88, 0x11C2, 0x7F36, 0x1282, 0x7F6C, 0x1122, 0x7F6C, 0x1264, 0x7F63, 
	0x1211, 0x7FDB, 0x124C, 0x7F91, 0x1295, 0x7F2C, 0x12FE, 0x7F88, 0x1223, 0x7F51, 0x1170, 0x7FC9, 0x11A1, 0x7FED, 0x1209, 0x7F3F, 
	0x11F6, 0x7FAD, 0x1243, 0x7FB6, 0x1300, 0x7F9A, 0x120A, 0x7F7F, 0x12E2, 0x7F23, 0x11E8, 0x7F76, 0x1293, 0x7EE3, 0x11D0, 0x7F76, 
	0x1233, 0x7F91, 0x120E, 0x7F48, 0x112C, 0x7FED, 0x1147, 0x7F5A, 0x1226, 0x7F76, 0x12E1, 0x7F63, 0x1266, 0x7F51, 0x11E1, 0x7FD2, 
	0x12C3, 0x7F88, 0x1257, 0x7F08, 0x1257, 0x7EBF, 0x1281, 0x7F91, 0x11EB, 0x7F5A, 0x12E8, 0x7F76, 0x11E6, 0x7F1A, 0x11E4, 0x7F3F, 
	0x1218, 0x7F88, 0x1204, 0x7F48, 0x1301, 0x7F5A, 0x1345, 0x7F48, 0x124D, 0x7F6C, 0x1354, 0x7F3F, 0x12F7, 0x7FAD, 0x1327, 0x7FB6, 
	0x12CF, 0x7EC8, 0x138D, 0x7F2C, 0x135E, 0x7F11, 0x12A8, 0x7F48, 0x13CF, 0x7F2C, 0x130A, 0x7F5A, 0x13A5, 0x7F1A, 0x133C, 0x7F23, 
	0x12E0, 0x7F9A, 0x12FD, 0x7F23, 0x13F9, 0x7F2C, 0x1300, 0x7F11, 0x13BD, 0x7E6D, 0x13AD, 0x7F7F, 0x1394, 0x7F23, 0x135A, 0x7F5A, 
	0x13D3, 0x7EAD, 0x13EB, 0x7E92, 0x13D8, 0x7F11, 0x13FC, 0x7F48, 0x127A, 0x7F23, 0x13CA, 0x7EBF, 0x133C, 0x7E92, 0x1341, 0x7F88, 
	0x13C1, 0x7F63, 0x13EA, 0x7F7F, 0x13DC, 0x7EF6, 0x139D, 0x7F51, 0x1429, 0x7FAD, 0x14CB, 0x7F5A, 0x1445, 0x7FA4, 0x1491, 0x7F91, 
	0x1445, 0x7F9A, 0x1478, 0x7FB6, 0x1439, 0x7F88, 0x13D0, 0x7FB6, 0x1414, 0x7F36, 0x140D, 0x7F48, 0x136A, 0x7FDB, 0x13C2, 0x7FA4, 
	0x1488, 0x7FED, 0x1454, 0x7F63, 0x1404, 0x7FD2, 0x145B, 0x7F76, 0x1434, 0x7FB6, 0x13AA, 0x7F88, 0x1323, 0x8009, 0x140E, 0x7FAD, 
	0x1444, 0x7FAD, 0x1417, 0x7FED, 0x135B, 0x7F88, 0x13A5, 0x8009, 0x13EE, 0x7FBF, 0x131A, 0x8009, 0x1303, 0x7FED, 0x145C, 0x7FA4, 
	0x1327, 0x8013, 0x13B5, 0x7FD2, 0x1296, 0x7FE4, 0x13AF, 0x7FD2, 0x134C, 0x7F7F, 0x13B6, 0x7FA4, 0x137D, 0x7FBF, 0x13C1, 0x7FED, 
	0x13DF, 0x7FA4, 0x135D, 0x7FB6, 0x1312, 0x7FB6, 0x13EA, 0x7FC9, 0x128D, 0x7FE4, 0x1270, 0x8009, 0x1408, 0x8025, 0x130E, 0x8009, 
	0x134F, 0x80C4, 0x1236, 0x8082, 0x1237, 0x7FD2, 0x13AD, 0x7FF7, 0x1267, 0x8009, 0x1275, 0x8025, 0x133D, 0x80A8, 0x11CE, 0x7FE4, 
	0x1294, 0x8025, 0x127F, 0x8009, 0x11E8, 0x8038, 0x12D5, 0x80B1, 0x1228, 0x80C4, 0x1296, 0x808C, 0x1237, 0x8082, 0x1350, 0x8079, 
	0x11A9, 0x80F3, 0x1155, 0x80CD, 0x1379, 0x8079, 0x12A0, 0x8147, 0x1272, 0x8082, 0x12A1, 0x80FC, 0x124C, 0x80B1, 0x11C8, 0x8105, 
	0x11DF, 0x813E, 0x11B6, 0x8025, 0x1212, 0x808C, 0x128F, 0x80C4, 0x11D8, 0x808C, 0x1012, 0x8118, 0x1186, 0x8151, 0x1172, 0x80B1, 
	0x1116, 0x810F, 0x1119, 0x80CD, 0x1085, 0x8105, 0x1132, 0x80D6, 0x10C1, 0x8079, 0x117C, 0x80BA, 0x1029, 0x8105, 0x0FFF, 0x8118, 
	0x1065, 0x8118, 0x1002, 0x808C, 0x0FFB, 0x80C4, 0x112A, 0x80CD, 0x0F74, 0x8151, 0x1008, 0x80F3, 0x0E8E, 0x801C, 0x1092, 0x813E, 
	0x120E, 0x82D9, 0x1306, 0x8330, 0x1326, 0x82BC, 0x12A9, 0x82CF, 0x1252, 0x8205, 0x1268, 0x822C, 0x12B2, 0x826F, 0x1251, 0x82BC, 
	0x1200, 0x829F, 0x1328, 0x8248, 0x12C4, 0x8205, 0x1358, 0x81DF, 0x120F, 0x823F, 0x12C4, 0x8235, 0x1240, 0x8222, 0x11DC, 0x8177, 
	0x13C9, 0x81CC, 0x13DD, 0x81B9, 0x1288, 0x828C, 0x1279, 0x8252, 0x1222, 0x81DF, 0x1307, 0x8147, 0x12E2, 0x81FC, 0x12D8, 0x820F, 
	0x122E, 0x81B9, 0x12BE, 0x818A, 0x11A2, 0x8118, 0x138E, 0x80B1, 0x12BA, 0x8180, 0x1347, 0x8177, 0x128E, 0x80C4, 0x1282, 0x80F3, 
	0x139B, 0x80C4, 0x13A2, 0x8177, 0x1218, 0x8180, 0x12D8, 0x8147, 0x140B, 0x80D6, 0x1369, 0x810F, 0x1368, 0x80BA, 0x1202, 0x8105, 
	0x12F7, 0x80A8, 0x132E, 0x8095, 0x128B, 0x809E, 0x1309, 0x810F, 0x138A, 0x80F3, 0x129B, 0x80CD, 0x1292, 0x8082, 0x1351, 0x80B1, 
	0x128C, 0x80C4, 0x123A, 0x804A, 0x13D2, 0x8066, 0x13E8, 0x8038, 0x139C, 0x8013, 0x13FE, 0x809E, 0x12D2, 0x8095, 0x135B, 0x8079, 
	0x1331, 0x802E, 0x1351, 0x8025, 0x13AE, 0x8009, 0x11E5, 0x8009, 0x129E, 0x8038, 0x1309, 0x8025, 0x1376, 0x8025, 0x1323, 0x801C, 
	0x1281, 0x7F91, 0x132D, 0x7FF7, 0x13AB, 0x8013, 0x12D0, 0x7FDB, 0x12E9, 0x7FB6, 0x130D, 0x8000, 0x13D8, 0x7F5A, 0x12C5, 0x7FC9, 
	0x132C, 0x7FED, 0x12E3, 0x7FD2, 0x12E6, 0x7FF7, 0x1340, 0x7FED, 0x127C, 0x7FB6, 0x12EE, 0x7FF7, 0x128E, 0x8009, 0x1223, 0x7FBF, 
	0x1266, 0x7F88, 0x120D, 0x7FF7, 0x12BC, 0x7FBF, 0x11A9, 0x7FDB, 0x1191, 0x7FAD, 0x126C, 0x7F63, 0x1272, 0x7FB6, 0x1236, 0x7F5A, 
	0x11EA, 0x7F6C, 0x1187, 0x7F48, 0x1240, 0x7F63, 0x120B, 0x7FA4, 0x1238, 0x7F63, 0x1228, 0x7FB6, 0x1216, 0x7F7F, 0x125D, 0x7FAD, 
	0x112A, 0x7F51, 0x11A2, 0x7F6C, 0x11E1, 0x7FED, 0x124F, 0x7F7F, 0x1238, 0x7F3F, 0x1218, 0x7FBF, 0x1160, 0x7F91, 0x11A7, 0x7FED, 
	0x11AD, 0x7F91, 0x124F, 0x7F76, 0x116B, 0x7F9A, 0x1261, 0x7F48, 0x11DD, 0x7FBF, 0x1175, 0x7FAD, 0x12AE, 0x7F6C, 0x11A6, 0x7FBF, 
	0x1191, 0x7F48, 0x1136, 0x7F76, 0x1189, 0x7FE4, 0x1154, 0x7F7F, 0x119E, 0x7F9A, 0x11D9, 0x7F48, 0x1154, 0x7F1A, 0x123A, 0x7FBF, 
	0x119B, 0x7EB6, 0x1222, 0x7F5A, 0x11FB, 0x7F11, 0x11A5, 0x7F11, 0x11A2, 0x7FC9, 0x11CA, 0x7F88, 0x1250, 0x7F76, 0x122B, 0x7F5A, 
	0x110D, 0x7F63, 0x11D8, 0x7F88, 0x11C0, 0x7F7F, 0x11DE, 0x7F76, 0x1250, 0x7F3F, 0x12B2, 0x7F2C, 0x125F, 0x7F88, 0x1265, 0x7FB6, 
	0x12C5, 0x7F5A, 0x1328, 0x7FAD, 0x12F9, 0x7EFF, 0x12E5, 0x7F6C, 0x12C7, 0x7F7F, 0x12E3, 0x7F9A, 0x12C0, 0x7EF6, 0x1224, 0x7F51, 
	0x1338, 0x7F08, 0x12E8, 0x7F23, 0x122A, 0x7F7F, 0x136B, 0x7EEC, 0x1353, 0x7F51, 0x12AF, 0x7F76, 0x12FA, 0x7F08, 0x1309, 0x7F48, 
	0x12ED, 0x7F36, 0x1295, 0x7F7F, 0x131A, 0x7F36, 0x14C4, 0x7EFF, 0x12F8, 0x7F88, 0x134D, 0x7F88, 0x12B2, 0x7F51, 0x13AD, 0x7EFF, 
	0x1324, 0x7F1A, 0x132F, 0x7FDB, 0x1334, 0x7F51, 0x1371, 0x7F6C, 0x1286, 0x7F1A, 0x12DD, 0x7F3F, 0x13E8, 0x7FBF, 0x1431, 0x7FBF, 
	0x13AE, 0x7FD2, 0x1447, 0x7F88, 0x13DA, 0x7F63, 0x143E, 0x7FB6, 0x143F, 0x7FAD, 0x1381, 0x8009, 0x1398, 0x7F48, 0x13EC, 0x7FAD, 
	0x138D, 0x8000, 0x13D4, 0x7F91, 0x1334, 0x7FC9, 0x1420, 0x7FC9, 0x1363, 0x7FAD, 0x136C, 0x7F6C, 0x1327, 0x7FB6, 0x1365, 0x7FA4, 
	0x1333, 0x7FF7, 0x1352, 0x802E, 0x13E6, 0x7F91, 0x1421, 0x8009, 0x127D, 0x7FC9, 0x1310, 0x8025, 0x1346, 0x7FDB, 0x12E0, 0x7FF7, 
	0x124F, 0x804A, 0x13D0, 0x7F91, 0x1371, 0x8013, 0x133B, 0x7FE4, 0x122D, 0x802E, 0x1315, 0x7FAD, 0x136B, 0x7F51, 0x12BD, 0x7FC9, 
	0x135D, 0x7FDB, 0x1306, 0x802E, 0x12B1, 0x802E, 0x12D8, 0x7F36, 0x12CF, 0x7FE4, 0x1380, 0x8066, 0x12FD, 0x802E, 0x1195, 0x7FD2, 
	0x13C1, 0x8000, 0x12EB, 0x801C, 0x12BC, 0x8041, 0x122A, 0x80F3, 0x1191, 0x8038, 0x1341, 0x7FB6, 0x121C, 0x8025, 0x1274, 0x80A8, 
	0x1283, 0x80C4, 0x10C1, 0x8009, 0x11ED, 0x8082, 0x1260, 0x80D6, 0x119A, 0x804A, 0x124B, 0x80F3, 0x1236, 0x80E0, 0x1255, 0x809E, 
	0x1226, 0x8082, 0x12E1, 0x8066, 0x1125, 0x8118, 0x10A7, 0x809E, 0x1278, 0x8095, 0x11E6, 0x8105, 0x120F, 0x80CD, 0x1220, 0x8118, 
	0x1136, 0x80BA, 0x11AD, 0x80CD, 0x11C7, 0x8135, 0x10AF, 0x80B1, 0x1145, 0x810F, 0x1147, 0x812B, 0x1055, 0x80F3, 0x102C, 0x812B, 
	0x11C1, 0x809E, 0x1031, 0x8105, 0x104B, 0x81A6, 0x10CB, 0x8095, 0x0FF9, 0x8118, 0x10E8, 0x8147, 0x107F, 0x80F3, 0x10F4, 0x8177, 
	0x1012, 0x813E, 0x0F77, 0x8177, 0x1095, 0x8147, 0x0FBC, 0x8095, 0x0F25, 0x812B, 0x107B, 0x8147, 0x0F8D, 0x80CD, 0x0FE0, 0x810F, 
	0x0EB7, 0x8122, 0x1062, 0x8135, 0x0F72, 0x8164, 0x0E87, 0x8151, 0x0E7F, 0x810F, 0x0EB5, 0x81B9, 0x0FA7, 0x815A, 0x0FFF, 0x820F, 
	0x0F89, 0x8205, 0x0F72, 0x81A6, 0x0F1E, 0x8118, 0x108B, 0x8105, 0x1098, 0x81C3, 0x0FDE, 0x81B9, 0x105E, 0x8193, 0x0F4B, 0x81D6, 
	0x100F, 0x8122, 0x1015, 0x81D6, 0x1005, 0x8265, 0x101B, 0x81C3, 0x0F31, 0x81FC, 0x10CB, 0x8135, 0x10D9, 0x8177, 0x10EC, 0x8235, 
	0x103B, 0x81C3, 0x1077, 0x8147, 0x1112, 0x81D6, 0x10E0, 0x81CC, 0x10E0, 0x81CC, 0x113D, 0x822C, 0x1039, 0x81CC, 0x10A7, 0x818A, 
	0x112E, 0x81CC, 0x1139, 0x8193, 0x125A, 0x8205, 0x10DF, 0x81C3, 0x1144, 0x81A6, 0x119A, 0x8193, 0x11A6, 0x8205, 0x1198, 0x822C, 
	0x10D1, 0x81FC, 0x115F, 0x8151, 0x111E, 0x8205, 0x11ED, 0x81B0, 0x11DD, 0x820F, 0x11B4, 0x81F2, 0x121B, 0x8219, 0x11CF, 0x81F2, 
	0x11EF, 0x81D6, 0x1138, 0x820F, 0x1143, 0x8205, 0x10F6, 0x81CC, 0x110A, 0x81B9, 0x1147, 0x825C, 0x1200, 0x81CC, 0x11B5, 0x81F2, 
	0x125A, 0x81E9, 0x11C4, 0x81CC, 0x11B0, 0x826F, 0x1162, 0x81D6, 0x10CE, 0x820F, 0x11C4, 0x82B2, 0x11CC, 0x8248, 0x1167, 0x81F2, 
	0x10DC, 0x8252, 0x1112, 0x8252, 0x11F0, 0x82A9, 0x1276, 0x825C, 0x112B, 0x8248, 0x1112, 0x823F, 0x1154, 0x8252, 0x115B, 0x826F, 
	0x11C3, 0x8252, 0x1276, 0x8265, 0x1045, 0x826F, 0x11C9, 0x81FC, 0x120C, 0x8252, 0x123E, 0x8282, 0x12CB, 0x82A9, 0x1249, 0x823F, 
	0x1263, 0x81FC, 0x11EA, 0x826F, 0x1190, 0x82EC, 0x11CD, 0x82D9, 0x11A4, 0x8282, 0x121B, 0x825C, 0x11E6, 0x8252, 0x126F, 0x8279, 
	0x12A7, 0x8300, 0x1321, 0x82B2, 0x12E4, 0x8248, 0x1286, 0x826F, 0x12B0, 0x8282, 0x12EA, 0x833A, 0x1247, 0x8252, 0x127B, 0x822C, 
	0x1242, 0x826F, 0x129B, 0x8252, 0x128D, 0x8282, 0x1211, 0x82A9, 0x1224, 0x8295, 0x1300, 0x82BC, 0x12C9, 0x828C, 0x122D, 0x82EC, 
	0x123A, 0x82E3, 0x12CE, 0x828C, 0x1257, 0x831D, 0x1297, 0x826F, 0x125C, 0x82CF, 0x12FB, 0x8327, 0x12BB, 0x8309, 0x1242, 0x8361, 
	0x128C, 0x833A, 0x12DC, 0x83AF, 0x1218, 0x8425, 0x132C, 0x8330, 0x1316, 0x8388, 0x1358, 0x8392, 0x1311, 0x837E, 0x13F9, 0x83E0, 
	0x1467, 0x83EA, 0x1352, 0x8408, 0x1411, 0x8392, 0x13C5, 0x8425, 0x13E2, 0x84A6, 0x13DF, 0x853C, 0x120E, 0x82D9, 0x1306, 0x8330, 
	0x1326, 0x82BC, 0x12A9, 0x82CF, 0x1252, 0x8205, 0x1268, 0x822C, 0x12B2, 0x826F, 0x1251, 0x82BC, 0x1200, 0x829F, 0x1328, 0x8248, 
	0x12C4, 0x8205, 0x1358, 0x81DF, 0x120F, 0x823F, 0x12C4, 0x8235, 0x1240, 0x8222, 0x11DC, 0x8177, 0x13C9, 0x81CC, 0x13DD, 0x81B9, 
	0x1288, 0x828C, 0x1279, 0x8252, 0x1222, 0x81DF, 0x1307, 0x8147, 0x12E2, 0x81FC, 0x12D8, 0x820F, 0x122E, 0x81B9, 0x12BE, 0x818A, 
	0x11A2, 0x8118, 0x138E, 0x80B1, 0x12BA, 0x8180, 0x1347, 0x8177, 0x128E, 0x80C4, 0x1282, 0x80F3, 0x139B, 0x80C4, 0x13A2, 0x8177, 
	0x1218, 0x8180, 0x12D8, 0x8147, 0x140B, 0x80D6, 0x1369, 0x810F, 0x1368, 0x80BA, 0x1202, 0x8105, 0x12F7, 0x80A8, 0x132E, 0x8095, 
	0x128B, 0x809E, 0x1309, 0x810F, 0x138A, 0x80F3, 0x129B, 0x80CD, 0x1292, 0x8082, 0x1351, 0x80B1, 0x128C, 0x80C4, 0x123A, 0x804A, 
	0x13D2, 0x8066, 0x13E8, 0x8038, 0x139C, 0x8013, 0x13FE, 0x809E, 0x12D2, 0x8095, 0x135B, 0x8079, 0x1331, 0x802E, 0x1351, 0x8025, 
	0x13AE, 0x8009, 0x11E5, 0x8009, 0x129E, 0x8038, 0x1309, 0x8025, 0x1376, 0x8025, 0x1323, 0x801C, 0x1281, 0x7F91, 0x132D, 0x7FF7, 
	0x13AB, 0x8013, 0x12D0, 0x7FDB, 0x12E9, 0x7FB6, 0x130D, 0x8000, 0x13D8, 0x7F5A, 0x12C5, 0x7FC9, 0x132C, 0x7FED, 0x12E3, 0x7FD2, 
	0x12E6, 0x7FF7, 0x1340, 0x7FED, 0x127C, 0x7FB6, 0x12EE, 0x7FF7, 0x128E, 0x8009, 0x1223, 0x7FBF, 0x1266, 0x7F88, 0x120D, 0x7FF7, 
	0x12BC, 0x7FBF, 0x11A9, 0x7FDB, 0x1191, 0x7FAD, 0x126C, 0x7F63, 0x1272, 0x7FB6, 0x1236, 0x7F5A, 0x11EA, 0x7F6C, 0x1187, 0x7F48, 
	0x1240, 0x7F63, 0x120B, 0x7FA4, 0x1238, 0x7F63, 0x1228, 0x7FB6, 0x1216, 0x7F7F, 0x125D, 0x7FAD, 0x112A, 0x7F51, 0x11A2, 0x7F6C, 
	0x11E1, 0x7FED, 0x124F, 0x7F7F, 0x1238, 0x7F3F, 0x1218, 0x7FBF, 0x1160, 0x7F91, 0x11A7, 0x7FED, 0x11AD, 0x7F91, 0x124F, 0x7F76, 
	0x116B, 0x7F9A, 0x1261, 0x7F48, 0x11DD, 0x7FBF, 0x1175, 0x7FAD, 0x12AE, 0x7F6C, 0x11A6, 0x7FBF, 0x1191, 0x7F48, 0x1136, 0x7F76, 
	0x1189, 0x7FE4, 0x1154, 0x7F7F, 0x119E, 0x7F9A, 0x11D9, 0x7F48, 0x1154, 0x7F1A, 0x123A, 0x7FBF, 0x119B, 0x7EB6, 0x1222, 0x7F5A, 
	0x11FB, 0x7F11, 0x11A5, 0x7F11, 0x11A2, 0x7FC9, 0x11CA, 0x7F88, 0x1250, 0x7F76, 0x122B, 0x7F5A, 0x110D, 0x7F63, 0x11D8, 0x7F88, 
	0x11C0, 0x7F7F, 0x11DE, 0x7F76, 0x1250, 0x7F3F, 0x12B2, 0x7F2C, 0x125F, 0x7F88, 0x1265, 0x7FB6, 0x12C5, 0x7F5A, 0x1328, 0x7FAD, 
	0x12F9, 0x7EFF, 0x12E5, 0x7F6C, 0x12C7, 0x7F7F, 0x12E3, 0x7F9A, 0x12C0, 0x7EF6, 0x1224, 0x7F51, 0x1338, 0x7F08, 0x12E8, 0x7F23, 
	0x122A, 0x7F7F, 0x136B, 0x7EEC, 0x1353, 0x7F51, 0x12AF, 0x7F76, 0x12FA, 0x7F08, 0x1309, 0x7F48, 0x12ED, 0x7F36, 0x1295, 0x7F7F, 
	0x131A, 0x7F36, 0x14C4, 0x7EFF, 0x12F8, 0x7F88, 0x134D, 0x7F88, 0x12B2, 0x7F51, 0x13AD, 0x7EFF, 0x1324, 0x7F1A, 0x132F, 0x7FDB, 
	0x1334, 0x7F51, 0x1371, 0x7F6C, 0x1286, 0x7F1A, 0x12DD, 0x7F3F, 0x13E8, 0x7FBF, 0x1431, 0x7FBF, 0x13AE, 0x7FD2, 0x1447, 0x7F88, 
	0x13DA, 0x7F63, 0x143E, 0x7FB6, 0x143F, 0x7FAD, 0x1381, 0x8009, 0x1398, 0x7F48, 0x13EC, 0x7FAD, 0x138D, 0x8000, 0x13D4, 0x7F91, 
	0x1334, 0x7FC9, 0x1420, 0x7FC9, 0x1363, 0x7FAD, 0x136C, 0x7F6C, 0x1327, 0x7FB6, 0x1365, 0x7FA4, 0x1333, 0x7FF7, 0x1352, 0x802E, 
	0x13E6, 0x7F91, 0x1421, 0x8009, 0x127D, 0x7FC9, 0x1310, 0x8025, 0x1346, 0x7FDB, 0x12E0, 0x7FF7, 0x124F, 0x804A, 0x13D0, 0x7F91, 
	0x1371, 0x8013, 0x133B, 0x7FE4, 0x122D, 0x802E, 0x1315, 0x7FAD, 0x136B, 0x7F51, 0x12BD, 0x7FC9, 0x135D, 0x7FDB, 0x1306, 0x802E, 
	0x12B1, 0x802E, 0x12D8, 0x7F36, 0x12CF, 0x7FE4, 0x1380, 0x8066, 0x12FD, 0x802E, 0x1195, 0x7FD2, 0x13C1, 0x8000, 0x12EB, 0x801C, 
	0x12BC, 0x8041, 0x122A, 0x80F3, 0x1191, 0x8038, 0x1341, 0x7FB6, 0x121C, 0x8025, 0x1274, 0x80A8, 0x1283, 0x80C4, 0x10C1, 0x8009, 
	0x11ED, 0x8082, 0x1260, 0x80D6, 0x119A, 0x804A, 0x124B, 0x80F3, 0x1236, 0x80E0, 0x1255, 0x809E, 0x1226, 0x8082, 0x12E1, 0x8066, 
	0x1125, 0x8118, 0x10A7, 0x809E, 0x1278, 0x8095, 0x11E6, 0x8105, 0x120F, 0x80CD, 0x1220, 0x8118, 0x1136, 0x80BA, 0x11AD, 0x80CD, 
	0x11C7, 0x8135, 0x10AF, 0x80B1, 0x1145, 0x810F, 0x1147, 0x812B, 0x1055, 0x80F3, 0x102C, 0x812B, 0x11C1, 0x809E, 0x1031, 0x8105, 
	0x104B, 0x81A6, 0x10CB, 0x8095, 0x0FF9, 0x8118, 0x10E8, 0x8147, 0x107F, 0x80F3, 0x10F4, 0x8177, 0x1012, 0x813E, 0x0F77, 0x8177, 
	0x1095, 0x8147, 0x0FBC, 0x8095, 0x0F25, 0x812B, 0x107B, 0x8147, 0x0F8D, 0x80CD, 0x0FE0, 0x810F, 0x0EB7, 0x8122, 0x1062, 0x8135, 
	0x12CC, 0x83A6, 0x1314, 0x8300, 0x13A7, 0x8252, 0x1399, 0x826F, 0x1353, 0x8205, 0x12C6, 0x82B2, 0x1340, 0x8248, 0x1281, 0x8248, 
	0x1281, 0x8222, 0x1354, 0x8265, 0x1407, 0x81F2, 0x1398, 0x81DF, 0x12EA, 0x820F, 0x12E6, 0x81F2, 0x136A, 0x8205, 0x126C, 0x818A, 
	0x1446, 0x81D6, 0x1470, 0x81E9, 0x12C4, 0x8222, 0x1320, 0x81CC, 0x1340, 0x8180, 0x1383, 0x81B0, 0x1334, 0x81C3, 0x13AF, 0x818A, 
	0x12E7, 0x81C3, 0x1307, 0x8177, 0x12B7, 0x8164, 0x13E8, 0x8151, 0x12A6, 0x8105, 0x1398, 0x8193, 0x1360, 0x815A, 0x130F, 0x815A, 
	0x1378, 0x80C4, 0x1367, 0x812B, 0x12D1, 0x810F, 0x1342, 0x810F, 0x13ED, 0x80E9, 0x1419, 0x8105, 0x146F, 0x80FC, 0x1332, 0x810F, 
	0x13AA, 0x80C4, 0x140A, 0x80E9, 0x1388, 0x80A8, 0x13D7, 0x80BA, 0x137C, 0x80B1, 0x1283, 0x80CD, 0x12FE, 0x8095, 0x13C6, 0x8082, 
	0x136F, 0x8066, 0x1334, 0x802E, 0x146C, 0x804A, 0x14B3, 0x804A, 0x13B6, 0x8041, 0x13FF, 0x8070, 0x135E, 0x8038, 0x13A3, 0x8000, 
	0x1354, 0x8009, 0x1415, 0x7FDB, 0x13DE, 0x7FF7, 0x1237, 0x8038, 0x12FD, 0x7FAD, 0x1438, 0x8000, 0x13FC, 0x7FE4, 0x13DE, 0x804A, 
	0x133A, 0x7FD2, 0x13F2, 0x7FA4, 0x149A, 0x8000, 0x1348, 0x802E, 0x133D, 0x7F88, 0x139F, 0x8066, 0x13A9, 0x7F88, 0x1336, 0x7FC9, 
	0x13B4, 0x8013, 0x13F8, 0x7FB6, 0x12FB, 0x7FD2, 0x13F1, 0x7F9A, 0x1285, 0x7F5A, 0x13C2, 0x7FF7, 0x12F9, 0x7FD2, 0x12AD, 0x7FED, 
	0x1336, 0x7F3F, 0x133A, 0x7FAD, 0x12E2, 0x7F76, 0x121A, 0x7FA4, 0x11D7, 0x7F63, 0x1261, 0x7F36, 0x129D, 0x7F76, 0x130D, 0x7F7F, 
	0x1237, 0x7F91, 0x11E4, 0x7F11, 0x1252, 0x7F51, 0x126A, 0x7F9A, 0x12B5, 0x7F3F, 0x1279, 0x7FE4, 0x1328, 0x7F91, 0x12C1, 0x7F5A, 
	0x118B, 0x7F6C, 0x1205, 0x7F76, 0x1208, 0x7FED, 0x131A, 0x7FB6, 0x125E, 0x7EEC, 0x1231, 0x7F76, 0x1220, 0x7F7F, 0x11A7, 0x7FB6, 
	0x1263, 0x7F91, 0x131E, 0x7F48, 0x11DA, 0x7F1A, 0x1279, 0x7F11, 0x11A0, 0x7F48, 0x11A8, 0x7F76, 0x12F4, 0x7F63, 0x121A, 0x7F2C, 
	0x1242, 0x7F48, 0x11BE, 0x7F91, 0x1202, 0x7FAD, 0x1224, 0x7F36, 0x1226, 0x7F48, 0x12F1, 0x7F76, 0x120E, 0x7F23, 0x127D, 0x7F9A, 
	0x1237, 0x7F36, 0x12D5, 0x7FB6, 0x1273, 0x7F76, 0x1239, 0x7F51, 0x11D8, 0x7F6C, 0x11B6, 0x7EFF, 0x1282, 0x7F48, 0x1334, 0x7FBF, 
	0x1222, 0x7F36, 0x1227, 0x7F88, 0x116C, 0x7F08, 0x1310, 0x7F23, 0x12C8, 0x7F63, 0x12EE, 0x7F5A, 0x11FC, 0x7F08, 0x135E, 0x7F51, 
	0x138F, 0x7F6C, 0x139C, 0x7F91, 0x13F7, 0x7F2C, 0x1399, 0x7F51, 0x129F, 0x7F2C, 0x138D, 0x7F5A, 0x134B, 0x7EFF, 0x124E, 0x7F51, 
	0x13B6, 0x7F11, 0x1303, 0x7EE3, 0x1275, 0x7F76, 0x138F, 0x7F3F, 0x13DA, 0x7EEC, 0x1349, 0x7F91, 0x13D0, 0x7F6C, 0x1339, 0x7F2C, 
	0x136D, 0x7F88, 0x133E, 0x7F63, 0x1342, 0x7F6C, 0x13C0, 0x7F23, 0x1319, 0x7F48, 0x1481, 0x7F51, 0x12EC, 0x7F2C, 0x1455, 0x7EE3, 
	0x13AD, 0x7F36, 0x13AD, 0x7F9A, 0x13F4, 0x7F48, 0x13BF, 0x7FBF, 0x137B, 0x7F2C, 0x1344, 0x7F91, 0x13D4, 0x7F63, 0x151E, 0x7FBF, 
	0x143C, 0x7F63, 0x14BF, 0x7F23, 0x1417, 0x7FAD, 0x14FD, 0x7F88, 0x13ED, 0x7F76, 0x13A8, 0x7F2C, 0x140E, 0x7F5A, 0x13FB, 0x7F6C, 
	0x13E7, 0x7FED, 0x1434, 0x7FE4, 0x1419, 0x7FF7, 0x1546, 0x7F91, 0x1394, 0x7FBF, 0x1472, 0x7FD2, 0x13BA, 0x7FB6, 0x13D6, 0x7F7F, 
	0x13D4, 0x7F9A, 0x13C0, 0x7FC9, 0x13C6, 0x7FA4, 0x1518, 0x7FC9, 0x133A, 0x7FB6, 0x13AC, 0x7FA4, 0x1323, 0x7FAD, 0x1370, 0x804A, 
	0x12CF, 0x7FC9, 0x1444, 0x7F5A, 0x1393, 0x7F7F, 0x1407, 0x7FD2, 0x12C6, 0x7FAD, 0x1381, 0x7FF7, 0x13C9, 0x7F23, 0x13BD, 0x7FA4, 
	0x136B, 0x8013, 0x13C2, 0x802E, 0x1385, 0x8013, 0x1389, 0x801C, 0x1362, 0x7FD2, 0x1411, 0x8000, 0x1357, 0x8025, 0x1292, 0x7FBF, 
	0x1431, 0x7FAD, 0x1397, 0x7FED, 0x13AA, 0x802E, 0x1324, 0x8082, 0x1236, 0x801C, 0x1366, 0x8013, 0x12C7, 0x805D, 0x12A5, 0x809E, 
	0x130B, 0x80B1, 0x116D, 0x8038, 0x11EA, 0x8000, 0x1332, 0x809E, 0x123B, 0x8038, 0x12AF, 0x8118, 0x124E, 0x8095, 0x12C4, 0x804A, 
	0x12E9, 0x810F, 0x131C, 0x80CD, 0x116A, 0x80CD, 0x1107, 0x80BA, 0x1380, 0x8025, 0x127A, 0x8105, 0x123A, 0x80C4, 0x127E, 0x80C4, 
	0x1219, 0x80C4, 0x11D9, 0x809E, 0x1216, 0x8105, 0x117E, 0x80B1, 0x11EA, 0x8105, 0x11E6, 0x80D6, 0x115F, 0x80CD, 0x102C, 0x809E, 
	0x124A, 0x8079, 0x110E, 0x80B1, 0x1085, 0x810F, 0x116A, 0x8122, 0x1092, 0x80D6, 0x11FB, 0x80D6, 0x10C9, 0x80D6, 0x1100, 0x8122, 
	0x10B1, 0x80E0, 0x1009, 0x8147, 0x1120, 0x812B, 0x1031, 0x8070, 0x0FF6, 0x8147, 0x10F7, 0x8118, 0x102C, 0x8079, 0x105E, 0x80E0, 
	0x0F99, 0x8147, 0x1051, 0x8118, 0x0F6B, 0x8118, 0x0F76, 0x8180, 0x0F6F, 0x8164, 0x0F89, 0x819D, 0x0FD5, 0x80E0, 0x0FEE, 0x8151, 
	0x101B, 0x81DF, 0x0FB9, 0x81D6, 0x1007, 0x8151, 0x1141, 0x8193, 0x10E7, 0x816D, 0x105F, 0x81C3, 0x10EC, 0x816D, 0x0FD4, 0x8193, 
	0x106F, 0x815A, 0x10A5, 0x8219, 0x108C, 0x81B0, 0x10EA, 0x81CC, 0x102F, 0x81DF, 0x10B7, 0x8105, 0x114A, 0x819D, 0x1134, 0x813E, 
	0x1095, 0x819D, 0x10A3, 0x8180, 0x121D, 0x8180, 0x11CC, 0x81CC, 0x110E, 0x8193, 0x11A0, 0x81B9, 0x1152, 0x81B9, 0x1106, 0x818A, 
	0x11FD, 0x81E9, 0x11DF, 0x81FC, 0x1224, 0x81FC, 0x11F7, 0x8180, 0x120E, 0x819D, 0x11CF, 0x81D6, 0x1229, 0x81E9, 0x11A8, 0x8164, 
	0x110C, 0x8193, 0x1172, 0x8164, 0x124C, 0x8193, 0x126E, 0x818A, 0x11CD, 0x81E9, 0x1245, 0x8193, 0x12C7, 0x8180, 0x12C1, 0x822C, 
	0x1277, 0x81C3, 0x1164, 0x81CC, 0x120F, 0x81A6, 0x1224, 0x81D6, 0x11B0, 0x81F2, 0x11D8, 0x81FC, 0x124D, 0x820F, 0x120D, 0x819D, 
	0x12B0, 0x81F2, 0x11FE, 0x81B0, 0x11EA, 0x822C, 0x1151, 0x8219, 0x11AB, 0x81B9, 0x125A, 0x8222, 0x126B, 0x8235, 0x11CD, 0x81B9, 
	0x11AE, 0x8252, 0x11B8, 0x81FC, 0x1231, 0x8235, 0x1281, 0x8235, 0x11C0, 0x823F, 0x1142, 0x826F, 0x115B, 0x8193, 0x1214, 0x820F, 
	0x1271, 0x8248, 0x12A7, 0x823F, 0x10E9, 0x828C, 0x11E1, 0x81DF, 0x126B, 0x8222, 0x1265, 0x8252, 0x130A, 0x828C, 0x12ED, 0x8235, 
	0x1241, 0x81D6, 0x11FC, 0x826F, 0x1184, 0x8279, 0x12D2, 0x8248, 0x11C8, 0x8295, 0x128A, 0x8235, 0x12DE, 0x826F, 0x12C6, 0x822C, 
	0x12D0, 0x82D9, 0x1301, 0x82C6, 0x1334, 0x8205, 0x1300, 0x829F, 0x134C, 0x8222, 0x1325, 0x82D9, 0x12E8, 0x8279, 0x12DF, 0x8282, 
	0x1280, 0x8295, 0x12FA, 0x8282, 0x131E, 0x82B2, 0x12B9, 0x82EC, 0x122C, 0x829F, 0x13B9, 0x825C, 0x1368, 0x826F, 0x128F, 0x829F, 
	0x1319, 0x82E3, 0x1264, 0x822C, 0x12C6, 0x82BC, 0x134E, 0x826F, 0x12FE, 0x826F, 0x131B, 0x829F, 0x1344, 0x82C6, 0x12B6, 0x836B, 
	0x12EC, 0x837E, 0x1317, 0x8375, 0x12AA, 0x83D7, 0x138E, 0x8330, 0x134A, 0x8357, 0x135D, 0x82F6, 0x1363, 0x8344, 0x13FF, 0x839C, 
	0x148C, 0x839C, 0x1392, 0x837E, 0x14DA, 0x83FE, 0x1451, 0x8412, 0x148D, 0x8488, 0x1468, 0x850A, 0x12CC, 0x83A6, 0x1314, 0x8300, 
	0x13A7, 0x8252, 0x1399, 0x826F, 0x1353, 0x8205, 0x12C6, 0x82B2, 0x1340, 0x8248, 0x1281, 0x8248, 0x1281, 0x8222, 0x1354, 0x8265, 
	0x1407, 0x81F2, 0x1398, 0x81DF, 0x12EA, 0x820F, 0x12E6, 0x81F2, 0x136A, 0x8205, 0x126C, 0x818A, 0x1446, 0x81D6, 0x1470, 0x81E9, 
	0x12C4, 0x8222, 0x1320, 0x81CC, 0x1340, 0x8180, 0x1383, 0x81B0, 0x1334, 0x81C3, 0x13AF, 0x818A, 0x12E7, 0x81C3, 0x1307, 0x8177, 
	0x12B7, 0x8164, 0x13E8, 0x8151, 0x12A6, 0x8105, 0x1398, 0x8193, 0x1360, 0x815A, 0x130F, 0x815A, 0x1378, 0x80C4, 0x1367, 0x812B, 
	0x12D1, 0x810F, 0x1342, 0x810F, 0x13ED, 0x80E9, 0x1419, 0x8105, 0x146F, 0x80FC, 0x1332, 0x810F, 0x13AA, 0x80C4, 0x140A, 0x80E9, 
	0x1388, 0x80A8, 0x13D7, 0x80BA, 0x137C, 0x80B1, 0x1283, 0x80CD, 0x12FE, 0x8095, 0x13C6, 0x8082, 0x136F, 0x8066, 0x1334, 0x802E, 
	0x146C, 0x804A, 0x14B3, 0x804A, 0x13B6, 0x8041, 0x13FF, 0x8070, 0x135E, 0x8038, 0x13A3, 0x8000, 0x1354, 0x8009, 0x1415, 0x7FDB, 
	0x13DE, 0x7FF7, 0x1237, 0x8038, 0x12FD, 0x7FAD, 0x1438, 0x8000, 0x13FC, 0x7FE4, 0x13DE, 0x804A, 0x133A, 0x7FD2, 0x13F2, 0x7FA4, 
	0x149A, 0x8000, 0x1348, 0x802E, 0x133D, 0x7F88, 0x139F, 0x8066, 0x13A9, 0x7F88, 0x1336, 0x7FC9, 0x13B4, 0x8013, 0x13F8, 0x7FB6, 
	0x12FB, 0x7FD2, 0x13F1, 0x7F9A, 0x1285, 0x7F5A, 0x13C2, 0x7FF7, 0x12F9, 0x7FD2, 0x12AD, 0x7FED, 0x1336, 0x7F3F, 0x133A, 0x7FAD, 
	0x12E2, 0x7F76, 0x121A, 0x7FA4, 0x11D7, 0x7F63, 0x1261, 0x7F36, 0x129D, 0x7F76, 0x130D, 0x7F7F, 0x1237, 0x7F91, 0x11E4, 0x7F11, 
	0x1252, 0x7F51, 0x126A, 0x7F9A, 0x12B5, 0x7F3F, 0x1279, 0x7FE4, 0x1328, 0x7F91, 0x12C1, 0x7F5A, 0x118B, 0x7F6C, 0x1205, 0x7F76, 
	0x1208, 0x7FED, 0x131A, 0x7FB6, 0x125E, 0x7EEC, 0x1231, 0x7F76, 0x1220, 0x7F7F, 0x11A7, 0x7FB6, 0x1263, 0x7F91, 0x131E, 0x7F48, 
	0x11DA, 0x7F1A, 0x1279, 0x7F11, 0x11A0, 0x7F48, 0x11A8, 0x7F76, 0x12F4, 0x7F63, 0x121A, 0x7F2C, 0x1242, 0x7F48, 0x11BE, 0x7F91, 
	0x1202, 0x7FAD, 0x1224, 0x7F36, 0x1226, 0x7F48, 0x12F1, 0x7F76, 0x120E, 0x7F23, 0x127D, 0x7F9A, 0x1237, 0x7F36, 0x12D5, 0x7FB6, 
	0x1273, 0x7F76, 0x1239, 0x7F51, 0x11D8, 0x7F6C, 0x11B6, 0x7EFF, 0x1282, 0x7F48, 0x1334, 0x7FBF, 0x1222, 0x7F36, 0x1227, 0x7F88, 
	0x116C, 0x7F08, 0x1310, 0x7F23, 0x12C8, 0x7F63, 0x12EE, 0x7F5A, 0x11FC, 0x7F08, 0x135E, 0x7F51, 0x138F, 0x7F6C, 0x139C, 0x7F91, 
	0x13F7, 0x7F2C, 0x1399, 0x7F51, 0x129F, 0x7F2C, 0x138D, 0x7F5A, 0x134B, 0x7EFF, 0x124E, 0x7F51, 0x13B6, 0x7F11, 0x1303, 0x7EE3, 
	0x1275, 0x7F76, 0x138F, 0x7F3F, 0x13DA, 0x7EEC, 0x1349, 0x7F91, 0x13D0, 0x7F6C, 0x1339, 0x7F2C, 0x136D, 0x7F88, 0x133E, 0x7F63, 
	0x1342, 0x7F6C, 0x13C0, 0x7F23, 0x1319, 0x7F48, 0x1481, 0x7F51, 0x12EC, 0x7F2C, 0x1455, 0x7EE3, 0x13AD, 0x7F36, 0x13AD, 0x7F9A, 
	0x13F4, 0x7F48, 0x13BF, 0x7FBF, 0x137B, 0x7F2C, 0x1344, 0x7F91, 0x13D4, 0x7F63, 0x151E, 0x7FBF, 0x143C, 0x7F63, 0x14BF, 0x7F23, 
	0x1417, 0x7FAD, 0x14FD, 0x7F88, 0x13ED, 0x7F76, 0x13A8, 0x7F2C, 0x140E, 0x7F5A, 0x13FB, 0x7F6C, 0x13E7, 0x7FED, 0x1434, 0x7FE4, 
	0x1419, 0x7FF7, 0x1546, 0x7F91, 0x1394, 0x7FBF, 0x1472, 0x7FD2, 0x13BA, 0x7FB6, 0x13D6, 0x7F7F, 0x13D4, 0x7F9A, 0x13C0, 0x7FC9, 
	0x13C6, 0x7FA4, 0x1518, 0x7FC9, 0x133A, 0x7FB6, 0x13AC, 0x7FA4, 0x1323, 0x7FAD, 0x1370, 0x804A, 0x12CF, 0x7FC9, 0x1444, 0x7F5A, 
	0x1393, 0x7F7F, 0x1407, 0x7FD2, 0x12C6, 0x7FAD, 0x1381, 0x7FF7, 0x13C9, 0x7F23, 0x13BD, 0x7FA4, 0x136B, 0x8013, 0x13C2, 0x802E, 
	0x1385, 0x8013, 0x1389, 0x801C, 0x1362, 0x7FD2, 0x1411, 0x8000, 0x1357, 0x8025, 0x1292, 0x7FBF, 0x1431, 0x7FAD, 0x1397, 0x7FED, 
	0x13AA, 0x802E, 0x1324, 0x8082, 0x1236, 0x801C, 0x1366, 0x8013, 0x12C7, 0x805D, 0x12A5, 0x809E, 0x130B, 0x80B1, 0x116D, 0x8038, 
	0x11EA, 0x8000, 0x1332, 0x809E, 0x123B, 0x8038, 0x12AF, 0x8118, 0x124E, 0x8095, 0x12C4, 0x804A, 0x12E9, 0x810F, 0x131C, 0x80CD, 
	0x116A, 0x80CD, 0x1107, 0x80BA, 0x1380, 0x8025, 0x127A, 0x8105, 0x123A, 0x80C4, 0x127E, 0x80C4, 0x1219, 0x80C4, 0x11D9, 0x809E, 
	0x1216, 0x8105, 0x117E, 0x80B1, 0x11EA, 0x8105, 0x11E6, 0x80D6, 0x115F, 0x80CD, 0x102C, 0x809E, 0x124A, 0x8079, 0x110E, 0x80B1, 
	0x1085, 0x810F, 0x116A, 0x8122, 0x1092, 0x80D6, 0x11FB, 0x80D6, 0x10C9, 0x80D6, 0x1100, 0x8122, 0x10B1, 0x80E0, 0x1009, 0x8147, 
	0x1120, 0x812B, 0x1031, 0x8070, 0x0FF6, 0x8147, 0x10F7, 0x8118, 0x102C, 0x8079, 0x105E, 0x80E0, 0x0F99, 0x8147, 0x1051, 0x8118, 
	0x12A8, 0x825C, 0x128D, 0x82CF, 0x125A, 0x82A9, 0x12BC, 0x8279, 0x128F, 0x823F, 0x124B, 0x81F2, 0x12C6, 0x81FC, 0x1267, 0x8282, 
	0x11BD, 0x822C, 0x11E3, 0x8193, 0x1278, 0x81B0, 0x12AA, 0x8222, 0x11E2, 0x8219, 0x1219, 0x820F, 0x1182, 0x816D, 0x11EE, 0x81CC, 
	0x13D0, 0x81B0, 0x13A5, 0x81F2, 0x127A, 0x81D6, 0x131A, 0x81E9, 0x1224, 0x81D6, 0x1355, 0x822C, 0x1302, 0x81B9, 0x1261, 0x81B9, 
	0x1299, 0x81CC, 0x12B4, 0x8180, 0x12D8, 0x816D, 0x1350, 0x81C3, 0x1280, 0x810F, 0x12C1, 0x8177, 0x1293, 0x80F3, 0x12F8, 0x8135, 
	0x12A7, 0x80F3, 0x130E, 0x816D, 0x12D2, 0x813E, 0x1304, 0x818A, 0x1342, 0x8118, 0x1314, 0x812B, 0x12BD, 0x8135, 0x127E, 0x80E0, 
	0x1308, 0x80B1, 0x12B8, 0x80E9, 0x1262, 0x80CD, 0x130F, 0x80F3, 0x12D6, 0x808C, 0x12A6, 0x8079, 0x1232, 0x8079, 0x1399, 0x8095, 
	0x1267, 0x80B1, 0x1268, 0x8070, 0x133D, 0x8082, 0x13DE, 0x80D6, 0x138E, 0x8013, 0x1406, 0x8041, 0x12D0, 0x8054, 0x1366, 0x802E, 
	0x1345, 0x8009, 0x12B7, 0x8079, 0x1332, 0x8066, 0x122D, 0x804A, 0x1293, 0x7FC9, 0x133B, 0x7FD2, 0x130C, 0x8009, 0x13DC, 0x801C, 
	0x1260, 0x7FED, 0x13CD, 0x7FD2, 0x13B7, 0x7F91, 0x12DE, 0x8070, 0x13D3, 0x7FBF, 0x132D, 0x7FC9, 0x1354, 0x7F9A, 0x1271, 0x7FAD, 
	0x1272, 0x8038, 0x132B, 0x7FB6, 0x12AB, 0x7F88, 0x13F8, 0x7FD2, 0x1231, 0x7F6C, 0x12ED, 0x8013, 0x125C, 0x7FC9, 0x11E3, 0x7F88, 
	0x1269, 0x7FAD, 0x124B, 0x7FC9, 0x12A2, 0x7FA4, 0x11E1, 0x801C, 0x1110, 0x7FAD, 0x120D, 0x7FAD, 0x11FF, 0x7FBF, 0x124A, 0x7FBF, 
	0x1172, 0x7F7F, 0x10FD, 0x7F36, 0x11F1, 0x7F7F, 0x1220, 0x7F9A, 0x11F5, 0x7F76, 0x1180, 0x7FB6, 0x11A2, 0x7F36, 0x1266, 0x7F63, 
	0x1160, 0x7FD2, 0x122E, 0x7FDB, 0x11AD, 0x8009, 0x1246, 0x7FE4, 0x11C7, 0x7F36, 0x12E2, 0x7FF7, 0x11C1, 0x7F76, 0x1145, 0x7F9A, 
	0x11D0, 0x7FA4, 0x11DB, 0x7F76, 0x11A5, 0x7FE4, 0x1195, 0x7F48, 0x1248, 0x7FDB, 0x1196, 0x7FC9, 0x12F2, 0x7F2C, 0x11D6, 0x7FD2, 
	0x120C, 0x7F7F, 0x1186, 0x7F7F, 0x1109, 0x7F7F, 0x1285, 0x7FAD, 0x11E1, 0x7F88, 0x121E, 0x7FC9, 0x11AE, 0x7F48, 0x11FB, 0x7FE4, 
	0x1186, 0x7F63, 0x12BB, 0x7F63, 0x1223, 0x7FD2, 0x1204, 0x7F7F, 0x121A, 0x7F6C, 0x107C, 0x7F48, 0x1254, 0x7F51, 0x1253, 0x7FC9, 
	0x11CF, 0x7F7F, 0x11C4, 0x7F3F, 0x11BE, 0x7EFF, 0x11D2, 0x7F9A, 0x11FC, 0x7F08, 0x1249, 0x7F3F, 0x1285, 0x7F23, 0x1287, 0x7F5A, 
	0x12F7, 0x7F7F, 0x1217, 0x7F88, 0x12EB, 0x7F08, 0x1349, 0x7F91, 0x1301, 0x7F1A, 0x126C, 0x7F2C, 0x12C3, 0x7EFF, 0x122B, 0x7EEC, 
	0x133D, 0x7F9A, 0x12E0, 0x7F1A, 0x1277, 0x7F91, 0x12B0, 0x7F5A, 0x1277, 0x7EBF, 0x12CE, 0x7F11, 0x134F, 0x7F48, 0x12DD, 0x7F3F, 
	0x12A7, 0x7F5A, 0x12CE, 0x7FA4, 0x1325, 0x7FAD, 0x13EF, 0x7FBF, 0x1366, 0x7F91, 0x1379, 0x7F36, 0x12FE, 0x7F76, 0x1348, 0x7F91, 
	0x1376, 0x7F5A, 0x12A0, 0x7FAD, 0x134A, 0x7F08, 0x12F6, 0x7F7F, 0x1363, 0x7F2C, 0x1291, 0x7FDB, 0x1378, 0x7FA4, 0x13C0, 0x7F63, 
	0x13FF, 0x7F76, 0x1429, 0x7F3F, 0x12E5, 0x7FDB, 0x144F, 0x7F6C, 0x13FF, 0x7F51, 0x141D, 0x7FAD, 0x1455, 0x7F9A, 0x141B, 0x7F51, 
	0x1365, 0x7FD2, 0x1284, 0x8009, 0x14A6, 0x7FE4, 0x1432, 0x7FBF, 0x1368, 0x7FE4, 0x1411, 0x7FED, 0x131B, 0x8000, 0x1247, 0x7F63, 
	0x1259, 0x7FDB, 0x13A7, 0x8013, 0x141E, 0x7F76, 0x1478, 0x8009, 0x12A9, 0x7FAD, 0x1312, 0x804A, 0x1355, 0x7FC9, 0x1354, 0x8013, 
	0x1260, 0x802E, 0x13C0, 0x7F6C, 0x1318, 0x7FF7, 0x1311, 0x8013, 0x121E, 0x7F7F, 0x12A0, 0x8038, 0x135B, 0x7FED, 0x131C, 0x7FED, 
	0x133C, 0x804A, 0x12AA, 0x7FDB, 0x1346, 0x8041, 0x1359, 0x801C, 0x12F7, 0x7FE4, 0x12E0, 0x8025, 0x1245, 0x8070, 0x1234, 0x801C, 
	0x138F, 0x7FF7, 0x1274, 0x8066, 0x129C, 0x8000, 0x123D, 0x8066, 0x11BC, 0x802E, 0x12F4, 0x8041, 0x1273, 0x8079, 0x1220, 0x8041, 
	0x1268, 0x80A8, 0x11C1, 0x804A, 0x11A6, 0x8038, 0x128D, 0x8082, 0x11CD, 0x805D, 0x128D, 0x80CD, 0x1201, 0x80BA, 0x11D5, 0x8066, 
	0x11C1, 0x80BA, 0x12EB, 0x80B1, 0x1048, 0x808C, 0x1105, 0x80E0, 0x12B1, 0x8066, 0x119B, 0x80F3, 0x123D, 0x80A8, 0x117C, 0x80BA, 
	0x115F, 0x8164, 0x1168, 0x808C, 0x11CF, 0x80B1, 0x1183, 0x80C4, 0x1196, 0x80B1, 0x1169, 0x80A8, 0x104E, 0x8118, 0x1071, 0x80E9, 
	0x1181, 0x8105, 0x11AA, 0x80FC, 0x1064, 0x812B, 0x1029, 0x80B1, 0x0FF5, 0x80BA, 0x115D, 0x80F3, 0x10B4, 0x80C4, 0x1063, 0x80E9, 
	0x0FD7, 0x808C, 0x1008, 0x8105, 0x1030, 0x80CD, 0x0F6E, 0x8122, 0x0F83, 0x8122, 0x0FB2, 0x8118, 0x0FDF, 0x8164, 0x0FE6, 0x812B, 
	0x0EF1, 0x80E9, 0x1042, 0x8164, 0x0F36, 0x813E, 0x0F67, 0x813E, 0x0F56, 0x80E9, 0x0EB3, 0x813E, 0x0F95, 0x810F, 0x1018, 0x816D, 
	0x0F66, 0x815A, 0x0ED2, 0x8164, 0x0F57, 0x8122, 0x1032, 0x8151, 0x1082, 0x8164, 0x0F93, 0x8193, 0x10DE, 0x819D, 0x0F52, 0x8151, 
	0x0F99, 0x8164, 0x0F76, 0x8219, 0x0FEC, 0x81B0, 0x1098, 0x81B0, 0x0FF3, 0x81B9, 0x1070, 0x81B0, 0x10A9, 0x8177, 0x102A, 0x815A, 
	0x0FBA, 0x816D, 0x107D, 0x81B9, 0x1157, 0x81A6, 0x1121, 0x81FC, 0x1137, 0x81C3, 0x10EF, 0x81F2, 0x10AC, 0x8222, 0x105E, 0x812B, 
	0x11CB, 0x8205, 0x11A5, 0x81C3, 0x1186, 0x8222, 0x114A, 0x81CC, 0x119B, 0x81D6, 0x1193, 0x81A6, 0x1102, 0x81D6, 0x1102, 0x819D, 
	0x10E1, 0x8222, 0x1143, 0x818A, 0x1165, 0x8222, 0x11DA, 0x8222, 0x115E, 0x81F2, 0x10E1, 0x81DF, 0x1232, 0x819D, 0x1154, 0x8222, 
	0x1281, 0x8219, 0x1080, 0x81E9, 0x1125, 0x81D6, 0x1143, 0x81F2, 0x10C9, 0x81FC, 0x118E, 0x81F2, 0x10C9, 0x8252, 0x10DF, 0x81B0, 
	0x1250, 0x81A6, 0x1130, 0x8205, 0x1135, 0x81DF, 0x10EE, 0x8252, 0x105D, 0x81CC, 0x1259, 0x826F, 0x11AE, 0x81E9, 0x11F0, 0x81B0, 
	0x1104, 0x8252, 0x114D, 0x819D, 0x11BF, 0x8235, 0x119E, 0x825C, 0x1131, 0x8279, 0x1105, 0x8252, 0x10E5, 0x8219, 0x11A4, 0x8252, 
	0x1220, 0x829F, 0x1287, 0x823F, 0x0F69, 0x8205, 0x116F, 0x8248, 0x1233, 0x81FC, 0x1188, 0x825C, 0x126F, 0x8282, 0x1280, 0x8248, 
	0x1219, 0x8265, 0x11A6, 0x822C, 0x1100, 0x82A9, 0x128B, 0x82D9, 0x11A6, 0x8279, 0x1186, 0x8282, 0x1268, 0x829F, 0x124F, 0x82A9, 
	0x128A, 0x82B2, 0x1260, 0x8279, 0x13A6, 0x828C, 0x130C, 0x82B2, 0x12B5, 0x825C, 0x122B, 0x82B2, 0x12BA, 0x8279, 0x1290, 0x8265, 
	0x11A8, 0x82B2, 0x12AC, 0x8295, 0x11F8, 0x8279, 0x12DB, 0x8330, 0x11AC, 0x829F, 0x1327, 0x82B2, 0x1380, 0x82CF, 0x127B, 0x825C, 
	0x12BE, 0x82E3, 0x1374, 0x8282, 0x123D, 0x82E3, 0x1365, 0x82B2, 0x127E, 0x82C6, 0x11C4, 0x82E3, 0x134B, 0x82A9, 0x124E, 0x8327, 
	0x12BE, 0x839C, 0x12BA, 0x839C, 0x1276, 0x8361, 0x1306, 0x8375, 0x138D, 0x83C3, 0x1379, 0x8357, 0x12EC, 0x837E, 0x13DE, 0x8361, 
	0x13BE, 0x836B, 0x1344, 0x83D7, 0x13F6, 0x83F4, 0x136A, 0x84C4, 0x139A, 0x84D8, 0x13AC, 0x84E2, 0x12A8, 0x825C, 0x128D, 0x82CF, 
	0x125A, 0x82A9, 0x12BC, 0x8279, 0x128F, 0x823F, 0x124B, 0x81F2, 0x12C6, 0x81FC, 0x1267, 0x8282, 0x11BD, 0x822C, 0x11E3, 0x8193, 
	0x1278, 0x81B0, 0x12AA, 0x8222, 0x11E2, 0x8219, 0x1219, 0x820F, 0x1182, 0x816D, 0x11EE, 0x81CC, 0x13D0, 0x81B0, 0x13A5, 0x81F2, 
	0x127A, 0x81D6, 0x131A, 0x81E9, 0x1224, 0x81D6, 0x1355, 0x822C, 0x1302, 0x81B9, 0x1261, 0x81B9, 0x1299, 0x81CC, 0x12B4, 0x8180, 
	0x12D8, 0x816D, 0x1350, 0x81C3, 0x1280, 0x810F, 0x12C1, 0x8177, 0x1293, 0x80F3, 0x12F8, 0x8135, 0x12A7, 0x80F3, 0x130E, 0x816D, 
	0x12D2, 0x813E, 0x1304, 0x818A, 0x1342, 0x8118, 0x1314, 0x812B, 0x12BD, 0x8135, 0x127E, 0x80E0, 0x1308, 0x80B1, 0x12B8, 0x80E9, 
	0x1262, 0x80CD, 0x130F, 0x80F3, 0x12D6, 0x808C, 0x12A6, 0x8079, 0x1232, 0x8079, 0x1399, 0x8095, 0x1267, 0x80B1, 0x1268, 0x8070, 
	0x133D, 0x8082, 0x13DE, 0x80D6, 0x138E, 0x8013, 0x1406, 0x8041, 0x12D0, 0x8054, 0x1366, 0x802E, 0x1345, 0x8009, 0x12B7, 0x8079, 
	0x1332, 0x8066, 0x122D, 0x804A, 0x1293, 0x7FC9, 0x133B, 0x7FD2, 0x130C, 0x8009, 0x13DC, 0x801C, 0x1260, 0x7FED, 0x13CD, 0x7FD2, 
	0x13B7, 0x7F91, 0x12DE, 0x8070, 0x13D3, 0x7FBF, 0x132D, 0x7FC9, 0x1354, 0x7F9A, 0x1271, 0x7FAD, 0x1272, 0x8038, 0x132B, 0x7FB6, 
	0x12AB, 0x7F88, 0x13F8, 0x7FD2, 0x1231, 0x7F6C, 0x12ED, 0x8013, 0x125C, 0x7FC9, 0x11E3, 0x7F88, 0x1269, 0x7FAD, 0x124B, 0x7FC9, 
	0x12A2, 0x7FA4, 0x11E1, 0x801C, 0x1110, 0x7FAD, 0x120D, 0x7FAD, 0x11FF, 0x7FBF, 0x124A, 0x7FBF, 0x1172, 0x7F7F, 0x10FD, 0x7F36, 
	0x11F1, 0x7F7F, 0x1220, 0x7F9A, 0x11F5, 0x7F76, 0x1180, 0x7FB6, 0x11A2, 0x7F36, 0x1266, 0x7F63, 0x1160, 0x7FD2, 0x122E, 0x7FDB, 
	0x11AD, 0x8009, 0x1246, 0x7FE4, 0x11C7, 0x7F36, 0x12E2, 0x7FF7, 0x11C1, 0x7F76, 0x1145, 0x7F9A, 0x11D0, 0x7FA4, 0x11DB, 0x7F76, 
	0x11A5, 0x7FE4, 0x1195, 0x7F48, 0x1248, 0x7FDB, 0x1196, 0x7FC9, 0x12F2, 0x7F2C, 0x11D6, 0x7FD2, 0x120C, 0x7F7F, 0x1186, 0x7F7F, 
	0x1109, 0x7F7F, 0x1285, 0x7FAD, 0x11E1, 0x7F88, 0x121E, 0x7FC9, 0x11AE, 0x7F48, 0x11FB, 0x7FE4, 0x1186, 0x7F63, 0x12BB, 0x7F63, 
	0x1223, 0x7FD2, 0x1204, 0x7F7F, 0x121A, 0x7F6C, 0x107C, 0x7F48, 0x1254, 0x7F51, 0x1253, 0x7FC9, 0x11CF, 0x7F7F, 0x11C4, 0x7F3F, 
	0x11BE, 0x7EFF, 0x11D2, 0x7F9A, 0x11FC, 0x7F08, 0x1249, 0x7F3F, 0x1285, 0x7F23, 0x1287, 0x7F5A, 0x12F7, 0x7F7F, 0x1217, 0x7F88, 
	0x12EB, 0x7F08, 0x1349, 0x7F91, 0x1301, 0x7F1A, 0x126C, 0x7F2C, 0x12C3, 0x7EFF, 0x122B, 0x7EEC, 0x133D, 0x7F9A, 0x12E0, 0x7F1A, 
	0x1277, 0x7F91, 0x12B0, 0x7F5A, 0x1277, 0x7EBF, 0x12CE, 0x7F11, 0x134F, 0x7F48, 0x12DD, 0x7F3F, 0x12A7, 0x7F5A, 0x12CE, 0x7FA4, 
	0x1325, 0x7FAD, 0x13EF, 0x7FBF, 0x1366, 0x7F91, 0x1379, 0x7F36, 0x12FE, 0x7F76, 0x1348, 0x7F91, 0x1376, 0x7F5A, 0x12A0, 0x7FAD, 
	0x134A, 0x7F08, 0x12F6, 0x7F7F, 0x1363, 0x7F2C, 0x1291, 0x7FDB, 0x1378, 0x7FA4, 0x13C0, 0x7F63, 0x13FF, 0x7F76, 0x1429, 0x7F3F, 
	0x12E5, 0x7FDB, 0x144F, 0x7F6C, 0x13FF, 0x7F51, 0x141D, 0x7FAD, 0x1455, 0x7F9A, 0x141B, 0x7F51, 0x1365, 0x7FD2, 0x1284, 0x8009, 
	0x14A6, 0x7FE4, 0x1432, 0x7FBF, 0x1368, 0x7FE4, 0x1411, 0x7FED, 0x131B, 0x8000, 0x1247, 0x7F63, 0x1259, 0x7FDB, 0x13A7, 0x8013, 
	0x141E, 0x7F76, 0x1478, 0x8009, 0x12A9, 0x7FAD, 0x1312, 0x804A, 0x1355, 0x7FC9, 0x1354, 0x8013, 0x1260, 0x802E, 0x13C0, 0x7F6C, 
	0x1318, 0x7FF7, 0x1311, 0x8013, 0x121E, 0x7F7F, 0x12A0, 0x8038, 0x135B, 0x7FED, 0x131C, 0x7FED, 0x133C, 0x804A, 0x12AA, 0x7FDB, 
	0x1346, 0x8041, 0x1359, 0x801C, 0x12F7, 0x7FE4, 0x12E0, 0x8025, 0x1245, 0x8070, 0x1234, 0x801C, 0x138F, 0x7FF7, 0x1274, 0x8066, 
	0x129C, 0x8000, 0x123D, 0x8066, 0x11BC, 0x802E, 0x12F4, 0x8041, 0x1273, 0x8079, 0x1220, 0x8041, 0x1268, 0x80A8, 0x11C1, 0x804A, 
	0x11A6, 0x8038, 0x128D, 0x8082, 0x11CD, 0x805D, 0x128D, 0x80CD, 0x1201, 0x80BA, 0x11D5, 0x8066, 0x11C1, 0x80BA, 0x12EB, 0x80B1, 
	0x1048, 0x808C, 0x1105, 0x80E0, 0x12B1, 0x8066, 0x119B, 0x80F3, 0x123D, 0x80A8, 0x117C, 0x80BA, 0x115F, 0x8164, 0x1168, 0x808C, 
	0x11CF, 0x80B1, 0x1183, 0x80C4, 0x1196, 0x80B1, 0x1169, 0x80A8, 0x104E, 0x8118, 0x1071, 0x80E9, 0x1181, 0x8105, 0x11AA, 0x80FC, 
	0x1064, 0x812B, 0x1029, 0x80B1, 0x0FF5, 0x80BA, 0x115D, 0x80F3, 0x10B4, 0x80C4, 0x1063, 0x80E9, 0x0FD7, 0x808C, 0x1008, 0x8105, 
	0x1030, 0x80CD, 0x0F6E, 0x8122, 0x0F83, 0x8122, 0x0FB2, 0x8118, 0x0FDF, 0x8164, 0x0FE6, 0x812B, 0x0EF1, 0x80E9, 0x1042, 0x8164, 
	0x1312, 0x829F, 0x1373, 0x8295, 0x1304, 0x8279, 0x12A4, 0x8279, 0x12C6, 0x829F, 0x1318, 0x81F2, 0x1332, 0x820F, 0x1218, 0x8222, 
	0x1282, 0x81E9, 0x12EF, 0x8222, 0x1241, 0x819D, 0x12F4, 0x8235, 0x12EE, 0x8205, 0x1334, 0x81FC, 0x12C0, 0x819D, 0x12C0, 0x81A6, 
	0x13E9, 0x818A, 0x1367, 0x8193, 0x1276, 0x812B, 0x134A, 0x81FC, 0x130D, 0x813E, 0x139F, 0x818A, 0x1358, 0x81FC, 0x134A, 0x8151, 
	0x1288, 0x81C3, 0x1380, 0x815A, 0x1303, 0x80FC, 0x13A9, 0x8180, 0x12ED, 0x80D6, 0x1393, 0x815A, 0x1335, 0x8135, 0x133E, 0x812B, 
	0x1370, 0x80BA, 0x138A, 0x8122, 0x12C7, 0x80C4, 0x13A2, 0x80B1, 0x13FC, 0x80E0, 0x1310, 0x80FC, 0x135F, 0x80CD, 0x1367, 0x80E9, 
	0x1356, 0x8082, 0x1387, 0x80B1, 0x12A6, 0x80C4, 0x1397, 0x8105, 0x136F, 0x8041, 0x1322, 0x8135, 0x12E5, 0x80BA, 0x140D, 0x809E, 
	0x12E2, 0x8070, 0x12A4, 0x809E, 0x1404, 0x8070, 0x1445, 0x808C, 0x13A6, 0x8082, 0x140B, 0x8025, 0x132C, 0x8066, 0x1405, 0x8054, 
	0x13E2, 0x804A, 0x138D, 0x80E0, 0x1407, 0x801C, 0x12B8, 0x7FDB, 0x12DF, 0x7F6C, 0x1383, 0x8038, 0x1370, 0x801C, 0x1408, 0x7F88, 
	0x12D9, 0x8013, 0x13D3, 0x804A, 0x1465, 0x7FD2, 0x1364, 0x8079, 0x13BC, 0x7FB6, 0x13D9, 0x8000, 0x134D, 0x7FB6, 0x130C, 0x7FDB, 
	0x1327, 0x805D, 0x13BC, 0x7FF7, 0x1359, 0x7FB6, 0x143B, 0x7FE4, 0x12B2, 0x7FAD, 0x134E, 0x7FBF, 0x1366, 0x7F48, 0x121C, 0x7F7F, 
	0x1208, 0x7F76, 0x136E, 0x7FBF, 0x12B3, 0x7F7F, 0x1259, 0x7FC9, 0x11E1, 0x7F88, 0x12BB, 0x7F88, 0x129C, 0x7FD2, 0x1306, 0x7F2C, 
	0x11CF, 0x7F5A, 0x1197, 0x7F9A, 0x12E5, 0x7F63, 0x1221, 0x7F9A, 0x12B2, 0x7F5A, 0x1255, 0x7F91, 0x1274, 0x7F63, 0x126F, 0x7F9A, 
	0x116A, 0x7F9A, 0x12CB, 0x7FB6, 0x11D8, 0x7F36, 0x12FC, 0x7F63, 0x1210, 0x7F51, 0x12F9, 0x7F88, 0x124A, 0x7FA4, 0x11F5, 0x7F1A, 
	0x11F6, 0x7FA4, 0x1270, 0x7F63, 0x1199, 0x7F3F, 0x1217, 0x7F3F, 0x12CF, 0x7F88, 0x123C, 0x7F76, 0x1352, 0x7F48, 0x11FC, 0x7F91, 
	0x12BB, 0x7F5A, 0x123C, 0x7F76, 0x113E, 0x7F5A, 0x12E6, 0x7FAD, 0x1252, 0x7F3F, 0x1215, 0x7F7F, 0x1263, 0x7F1A, 0x12F9, 0x7F63, 
	0x1233, 0x7F88, 0x1319, 0x7FC9, 0x125A, 0x7F51, 0x1270, 0x7EEC, 0x1270, 0x7F63, 0x116B, 0x7F2C, 0x1282, 0x7F3F, 0x1269, 0x7F9A, 
	0x11F1, 0x7F7F, 0x1247, 0x7F63, 0x124A, 0x7ED1, 0x12C1, 0x7F5A, 0x12D9, 0x7F48, 0x12BE, 0x7F51, 0x1303, 0x7EE3, 0x12C7, 0x7F88, 
	0x1373, 0x7F63, 0x131B, 0x7F7F, 0x131B, 0x7F23, 0x1349, 0x7F88, 0x133B, 0x7F2C, 0x12B1, 0x7F1A, 0x1304, 0x7F3F, 0x12DD, 0x7F11, 
	0x13C1, 0x7EFF, 0x132C, 0x7EF6, 0x12ED, 0x7F23, 0x1369, 0x7F7F, 0x13D9, 0x7EFF, 0x137D, 0x7F6C, 0x136A, 0x7F63, 0x134F, 0x7F11, 
	0x1380, 0x7F08, 0x137E, 0x7F11, 0x13E8, 0x7FA4, 0x1411, 0x7FBF, 0x13C8, 0x7F63, 0x13F8, 0x7F2C, 0x1310, 0x7F63, 0x134F, 0x7F48, 
	0x1415, 0x7F48, 0x13A5, 0x7F88, 0x1386, 0x7F48, 0x136D, 0x7FB6, 0x137C, 0x7F51, 0x133E, 0x7F5A, 0x13D3, 0x7F9A, 0x1465, 0x7F7F, 
	0x141A, 0x7FB6, 0x146A, 0x7F6C, 0x132A, 0x7F9A, 0x14C6, 0x7FB6, 0x148B, 0x7F36, 0x139C, 0x7FBF, 0x1486, 0x7F88, 0x144C, 0x7FB6, 
	0x13C2, 0x7FBF, 0x1385, 0x7FE4, 0x14BA, 0x7FAD, 0x141D, 0x7FBF, 0x13B5, 0x8025, 0x13B3, 0x7FBF, 0x13CD, 0x7FF7, 0x1336, 0x7F88, 
	0x1333, 0x801C, 0x1417, 0x8041, 0x14B4, 0x7F5A, 0x14B1, 0x8000, 0x13A2, 0x7F9A, 0x1357, 0x7F88, 0x139A, 0x8041, 0x13A8, 0x7FDB, 
	0x1322, 0x805D, 0x144C, 0x7FE4, 0x138B, 0x7FF7, 0x138A, 0x8066, 0x12A9, 0x7FBF, 0x12C8, 0x7FB6, 0x1360, 0x8009, 0x13DA, 0x7FC9, 
	0x1381, 0x8095, 0x134A, 0x7FED, 0x138C, 0x8013, 0x134E, 0x7FE4, 0x1320, 0x8000, 0x1311, 0x80A8, 0x1303, 0x8000, 0x12D6, 0x8009, 
	0x13B2, 0x8025, 0x1309, 0x8066, 0x1301, 0x8038, 0x1272, 0x805D, 0x1265, 0x805D, 0x1337, 0x8038, 0x1356, 0x808C, 0x12C5, 0x8066, 
	0x1393, 0x805D, 0x11EB, 0x8054, 0x123D, 0x805D, 0x1358, 0x80E0, 0x121D, 0x80A8, 0x1255, 0x80A8, 0x1225, 0x810F, 0x1288, 0x8009, 
	0x11FC, 0x8070, 0x133B, 0x80E0, 0x10BE, 0x8082, 0x1132, 0x80E9, 0x12B2, 0x8105, 0x11B6, 0x80BA, 0x1258, 0x80FC, 0x11E9, 0x8054, 
	0x1107, 0x80B1, 0x1184, 0x808C, 0x12FD, 0x8095, 0x1180, 0x80B1, 0x122B, 0x80FC, 0x11D6, 0x809E, 0x110D, 0x810F, 0x10DE, 0x80D6, 
	0x119D, 0x8105, 0x11EA, 0x809E, 0x1111, 0x80D6, 0x1115, 0x80C4, 0x1097, 0x8122, 0x11A5, 0x8105, 0x113A, 0x8105, 0x1148, 0x8135, 
	0x102C, 0x8070, 0x103C, 0x80D6, 0x10A6, 0x8118, 0x0F93, 0x80F3, 0x0FD3, 0x80F3, 0x107E, 0x808C, 0x100B, 0x8105, 0x109B, 0x80F3, 
	0x0F75, 0x8122, 0x1064, 0x812B, 0x0F95, 0x8122, 0x0F65, 0x810F, 0x103E, 0x813E, 0x0F54, 0x8122, 0x100B, 0x8164, 0x106E, 0x8147, 
	0x0FA4, 0x81B0, 0x0FE5, 0x8151, 0x0FB2, 0x8164, 0x10F0, 0x80E9, 0x112E, 0x81D6, 0x0FF2, 0x8135, 0x1128, 0x8164, 0x101F, 0x8147, 
	0x0FE8, 0x8180, 0x1026, 0x8151, 0x107F, 0x8177, 0x111C, 0x81DF, 0x1043, 0x818A, 0x10AB, 0x81A6, 0x10CC, 0x8180, 0x1088, 0x816D, 
	0x1072, 0x81B9, 0x10DE, 0x81D6, 0x11D6, 0x8147, 0x113C, 0x81F2, 0x1158, 0x8177, 0x115B, 0x81C3, 0x110D, 0x823F, 0x1143, 0x8180, 
	0x11E9, 0x81F2, 0x12A3, 0x81A6, 0x11F5, 0x818A, 0x11DB, 0x8177, 0x128A, 0x819D, 0x11EC, 0x81A6, 0x121E, 0x81B9, 0x11BF, 0x81A6, 
	0x1105, 0x81A6, 0x1255, 0x819D, 0x11A3, 0x81E9, 0x1281, 0x81C3, 0x1147, 0x8205, 0x11B8, 0x8180, 0x12FA, 0x81CC, 0x122C, 0x81D6, 
	0x1246, 0x820F, 0x11C4, 0x81FC, 0x11A6, 0x815A, 0x1235, 0x8222, 0x11CB, 0x8222, 0x11B0, 0x818A, 0x117B, 0x820F, 0x116E, 0x81E9, 
	0x1299, 0x8205, 0x11AC, 0x81DF, 0x11F3, 0x81F2, 0x113C, 0x8252, 0x1162, 0x81FC, 0x12C7, 0x8248, 0x1202, 0x825C, 0x122F, 0x81CC, 
	0x117E, 0x823F, 0x11E1, 0x81F2, 0x1225, 0x8222, 0x120B, 0x8248, 0x1179, 0x822C, 0x11D3, 0x820F, 0x1192, 0x8248, 0x11AE, 0x8219, 
	0x126F, 0x8235, 0x136D, 0x8235, 0x1052, 0x8219, 0x11B1, 0x81DF, 0x124A, 0x823F, 0x11C5, 0x8295, 0x1319, 0x828C, 0x12EA, 0x8265, 
	0x1302, 0x823F, 0x1230, 0x8295, 0x1171, 0x82C6, 0x12AF, 0x82C6, 0x127A, 0x822C, 0x1260, 0x8235, 0x129A, 0x82C6, 0x12D3, 0x8295, 
	0x12A8, 0x82A9, 0x12E8, 0x8222, 0x1379, 0x8295, 0x134F, 0x8235, 0x12B3, 0x8282, 0x1285, 0x8265, 0x13B7, 0x81F2, 0x129E, 0x8248, 
	0x12B4, 0x82A9, 0x1264, 0x833A, 0x12BE, 0x82BC, 0x135A, 0x82C6, 0x12E1, 0x823F, 0x1422, 0x8295, 0x141E, 0x834E, 0x1362, 0x826F, 
	0x12C0, 0x8295, 0x13A1, 0x82C6, 0x1352, 0x82D9, 0x1397, 0x833A, 0x130E, 0x8313, 0x1271, 0x82A9, 0x1319, 0x831D, 0x1284, 0x8300, 
	0x1340, 0x8375, 0x136A, 0x8357, 0x12D6, 0x8313, 0x138B, 0x8344, 0x13A6, 0x8327, 0x13BF, 0x836B, 0x1375, 0x8357, 0x14A2, 0x834E, 
	0x13B4, 0x833A, 0x1396, 0x83AF, 0x144F, 0x83A6, 0x1438, 0x842F, 0x14A6, 0x8528, 0x1427, 0x850A, 0x1312, 0x829F, 0x1373, 0x8295, 
	0x1304, 0x8279, 0x12A4, 0x8279, 0x12C6, 0x829F, 0x1318, 0x81F2, 0x1332, 0x820F, 0x1218, 0x8222, 0x1282, 0x81E9, 0x12EF, 0x8222, 
	0x1241, 0x819D, 0x12F4, 0x8235, 0x12EE, 0x8205, 0x1334, 0x81FC, 0x12C0, 0x819D, 0x12C0, 0x81A6, 0x13E9, 0x818A, 0x1367, 0x8193, 
	0x1276, 0x812B, 0x134A, 0x81FC, 0x130D, 0x813E, 0x139F, 0x818A, 0x1358, 0x81FC, 0x134A, 0x8151, 0x1288, 0x81C3, 0x1380, 0x815A, 
	0x1303, 0x80FC, 0x13A9, 0x8180, 0x12ED, 0x80D6, 0x1393, 0x815A, 0x1335, 0x8135, 0x133E, 0x812B, 0x1370, 0x80BA, 0x138A, 0x8122, 
	0x12C7, 0x80C4, 0x13A2, 0x80B1, 0x13FC, 0x80E0, 0x1310, 0x80FC, 0x135F, 0x80CD, 0x1367, 0x80E9, 0x1356, 0x8082, 0x1387, 0x80B1, 
	0x12A6, 0x80C4, 0x1397, 0x8105, 0x136F, 0x8041, 0x1322, 0x8135, 0x12E5, 0x80BA, 0x140D, 0x809E, 0x12E2, 0x8070, 0x12A4, 0x809E, 
	0x1404, 0x8070, 0x1445, 0x808C, 0x13A6, 0x8082, 0x140B, 0x8025, 0x132C, 0x8066, 0x1405, 0x8054, 0x13E2, 0x804A, 0x138D, 0x80E0, 
	0x1407, 0x801C, 0x12B8, 0x7FDB, 0x12DF, 0x7F6C, 0x1383, 0x8038, 0x1370, 0x801C, 0x1408, 0x7F88, 0x12D9, 0x8013, 0x13D3, 0x804A, 
	0x1465, 0x7FD2, 0x1364, 0x8079, 0x13BC, 0x7FB6, 0x13D9, 0x8000, 0x134D, 0x7FB6, 0x130C, 0x7FDB, 0x1327, 0x805D, 0x13BC, 0x7FF7, 
	0x1359, 0x7FB6, 0x143B, 0x7FE4, 0x12B2, 0x7FAD, 0x134E, 0x7FBF, 0x1366, 0x7F48, 0x121C, 0x7F7F, 0x1208, 0x7F76, 0x136E, 0x7FBF, 
	0x12B3, 0x7F7F, 0x1259, 0x7FC9, 0x11E1, 0x7F88, 0x12BB, 0x7F88, 0x129C, 0x7FD2, 0x1306, 0x7F2C, 0x11CF, 0x7F5A, 0x1197, 0x7F9A, 
	0x12E5, 0x7F63, 0x1221, 0x7F9A, 0x12B2, 0x7F5A, 0x1255, 0x7F91, 0x1274, 0x7F63, 0x126F, 0x7F9A, 0x116A, 0x7F9A, 0x12CB, 0x7FB6, 
	0x11D8, 0x7F36, 0x12FC, 0x7F63, 0x1210, 0x7F51, 0x12F9, 0x7F88, 0x124A, 0x7FA4, 0x11F5, 0x7F1A, 0x11F6, 0x7FA4, 0x1270, 0x7F63, 
	0x1199, 0x7F3F, 0x1217, 0x7F3F, 0x12CF, 0x7F88, 0x123C, 0x7F76, 0x1352, 0x7F48, 0x11FC, 0x7F91, 0x12BB, 0x7F5A, 0x123C, 0x7F76, 
	0x113E, 0x7F5A, 0x12E6, 0x7FAD, 0x1252, 0x7F3F, 0x1215, 0x7F7F, 0x1263, 0x7F1A, 0x12F9, 0x7F63, 0x1233, 0x7F88, 0x1319, 0x7FC9, 
	0x125A, 0x7F51, 0x1270, 0x7EEC, 0x1270, 0x7F63, 0x116B, 0x7F2C, 0x1282, 0x7F3F, 0x1269, 0x7F9A, 0x11F1, 0x7F7F, 0x1247, 0x7F63, 
	0x124A, 0x7ED1, 0x12C1, 0x7F5A, 0x12D9, 0x7F48, 0x12BE, 0x7F51, 0x1303, 0x7EE3, 0x12C7, 0x7F88, 0x1373, 0x7F63, 0x131B, 0x7F7F, 
	0x131B, 0x7F23, 0x1349, 0x7F88, 0x133B, 0x7F2C, 0x12B1, 0x7F1A, 0x1304, 0x7F3F, 0x12DD, 0x7F11, 0x13C1, 0x7EFF, 0x132C, 0x7EF6, 
	0x12ED, 0x7F23, 0x1369, 0x7F7F, 0x13D9, 0x7EFF, 0x137D, 0x7F6C, 0x136A, 0x7F63, 0x134F, 0x7F11, 0x1380, 0x7F08, 0x137E, 0x7F11, 
	0x13E8, 0x7FA4, 0x1411, 0x7FBF, 0x13C8, 0x7F63, 0x13F8, 0x7F2C, 0x1310, 0x7F63, 0x134F, 0x7F48, 0x1415, 0x7F48, 0x13A5, 0x7F88, 
	0x1386, 0x7F48, 0x136D, 0x7FB6, 0x137C, 0x7F51, 0x133E, 0x7F5A, 0x13D3, 0x7F9A, 0x1465, 0x7F7F, 0x141A, 0x7FB6, 0x146A, 0x7F6C, 
	0x132A, 0x7F9A, 0x14C6, 0x7FB6, 0x148B, 0x7F36, 0x139C, 0x7FBF, 0x1486, 0x7F88, 0x144C, 0x7FB6, 0x13C2, 0x7FBF, 0x1385, 0x7FE4, 
	0x14BA, 0x7FAD, 0x141D, 0x7FBF, 0x13B5, 0x8025, 0x13B3, 0x7FBF, 0x13CD, 0x7FF7, 0x1336, 0x7F88, 0x1333, 0x801C, 0x1417, 0x8041, 
	0x14B4, 0x7F5A, 0x14B1, 0x8000, 0x13A2, 0x7F9A, 0x1357, 0x7F88, 0x139A, 0x8041, 0x13A8, 0x7FDB, 0x1322, 0x805D, 0x144C, 0x7FE4, 
	0x138B, 0x7FF7, 0x138A, 0x8066, 0x12A9, 0x7FBF, 0x12C8, 0x7FB6, 0x1360, 0x8009, 0x13DA, 0x7FC9, 0x1381, 0x8095, 0x134A, 0x7FED, 
	0x138C, 0x8013, 0x134E, 0x7FE4, 0x1320, 0x8000, 0x1311, 0x80A8, 0x1303, 0x8000, 0x12D6, 0x8009, 0x13B2, 0x8025, 0x1309, 0x8066, 
	0x1301, 0x8038, 0x1272, 0x805D, 0x1265, 0x805D, 0x1337, 0x8038, 0x1356, 0x808C, 0x12C5, 0x8066, 0x1393, 0x805D, 0x11EB, 0x8054, 
	0x123D, 0x805D, 0x1358, 0x80E0, 0x121D, 0x80A8, 0x1255, 0x80A8, 0x1225, 0x810F, 0x1288, 0x8009, 0x11FC, 0x8070, 0x133B, 0x80E0, 
	0x10BE, 0x8082, 0x1132, 0x80E9, 0x12B2, 0x8105, 0x11B6, 0x80BA, 0x1258, 0x80FC, 0x11E9, 0x8054, 0x1107, 0x80B1, 0x1184, 0x808C, 
	0x12FD, 0x8095, 0x1180, 0x80B1, 0x122B, 0x80FC, 0x11D6, 0x809E, 0x110D, 0x810F, 0x10DE, 0x80D6, 0x119D, 0x8105, 0x11EA, 0x809E, 
	0x1111, 0x80D6, 0x1115, 0x80C4, 0x1097, 0x8122, 0x11A5, 0x8105, 0x113A, 0x8105, 0x1148, 0x8135, 0x102C, 0x8070, 0x103C, 0x80D6, 
	0x10A6, 0x8118, 0x0F93, 0x80F3, 0x0FD3, 0x80F3, 0x107E, 0x808C, 0x100B, 0x8105, 0x109B, 0x80F3, 0x0F75, 0x8122, 0x1064, 0x812B, 
	0x11D7, 0x82EC, 0x11E4, 0x82EC, 0x1240, 0x823F, 0x11D9, 0x828C, 0x1215, 0x8279, 0x11DE, 0x8248, 0x1206, 0x81F2, 0x11F1, 0x8295, 
	0x1249, 0x81FC, 0x1295, 0x823F, 0x1268, 0x81B0, 0x1200, 0x81B9, 0x120C, 0x81DF, 0x11D4, 0x8219, 0x11D0, 0x8235, 0x1119, 0x8235, 
	0x1363, 0x8177, 0x1377, 0x819D, 0x12A0, 0x8205, 0x128B, 0x8252, 0x1280, 0x820F, 0x1230, 0x8177, 0x128C, 0x81F2, 0x1253, 0x816D, 
	0x1298, 0x8205, 0x12EE, 0x8193, 0x129B, 0x8135, 0x129B, 0x815A, 0x12C1, 0x8180, 0x12C5, 0x8147, 0x12E9, 0x815A, 0x121E, 0x815A, 
	0x132B, 0x80F3, 0x12C8, 0x8105, 0x118E, 0x812B, 0x1214, 0x810F, 0x138D, 0x805D, 0x1302, 0x8147, 0x1302, 0x8079, 0x12F7, 0x813E, 
	0x1228, 0x80E9, 0x12D8, 0x80C4, 0x128E, 0x8079, 0x12DB, 0x80D6, 0x130C, 0x8105, 0x129A, 0x80BA, 0x123D, 0x8082, 0x1263, 0x80B1, 
	0x124C, 0x8079, 0x12EC, 0x8079, 0x1348, 0x8082, 0x1443, 0x8041, 0x131F, 0x809E, 0x1376, 0x8013, 0x136D, 0x8066, 0x1383, 0x8025, 
	0x12F6, 0x8009, 0x12D7, 0x8082, 0x13FE, 0x8025, 0x12B3, 0x8070, 0x1259, 0x7FC9, 0x1324, 0x7FAD, 0x12A8, 0x8070, 0x139B, 0x7FAD, 
	0x1211, 0x7FB6, 0x137F, 0x805D, 0x1357, 0x7FC9, 0x12B9, 0x8041, 0x12CE, 0x804A, 0x12D3, 0x7FC9, 0x12AA, 0x801C, 0x1343, 0x8054, 
	0x1211, 0x7FDB, 0x131E, 0x801C, 0x12C5, 0x804A, 0x12FA, 0x804A, 0x12A2, 0x7FD2, 0x125A, 0x7FF7, 0x1268, 0x7FF7, 0x11C9, 0x7FC9, 
	0x124D, 0x7F7F, 0x1264, 0x7F76, 0x1208, 0x7FF7, 0x11F8, 0x7FC9, 0x116A, 0x7FA4, 0x11F5, 0x7F7F, 0x1256, 0x7FED, 0x1224, 0x7FF7, 
	0x117B, 0x7F2C, 0x1113, 0x7F88, 0x1234, 0x7F48, 0x1176, 0x7FE4, 0x12D6, 0x7F91, 0x113F, 0x7FC9, 0x11DD, 0x7F9A, 0x11F6, 0x7F7F, 
	0x1127, 0x7F23, 0x11B4, 0x7FED, 0x10DE, 0x7FBF, 0x11B6, 0x7F63, 0x11A6, 0x7F6C, 0x120B, 0x7FBF, 0x11AE, 0x7FAD, 0x11B4, 0x7FAD, 
	0x117F, 0x7F3F, 0x1254, 0x7F76, 0x11F3, 0x7F76, 0x11C7, 0x7F91, 0x1257, 0x7F76, 0x116B, 0x7F88, 0x123C, 0x7FED, 0x11B6, 0x7F63, 
	0x11C0, 0x7F88, 0x1162, 0x7FC9, 0x11B4, 0x7FA4, 0x1238, 0x7FAD, 0x11D5, 0x7F76, 0x111B, 0x7F3F, 0x11CF, 0x7F51, 0x1224, 0x7FED, 
	0x10AB, 0x7FA4, 0x1294, 0x7F91, 0x11F8, 0x7F9A, 0x11AB, 0x7F23, 0x1174, 0x7F48, 0x1181, 0x7F36, 0x12BA, 0x7F2C, 0x120B, 0x7F9A, 
	0x107B, 0x7F51, 0x1141, 0x7F1A, 0x11C8, 0x7F36, 0x129E, 0x7EF6, 0x126C, 0x7F5A, 0x127A, 0x7F23, 0x1237, 0x7F2C, 0x129B, 0x7F2C, 
	0x12CD, 0x7EFF, 0x1302, 0x7FB6, 0x1299, 0x7F2C, 0x12E5, 0x7F88, 0x1296, 0x7F5A, 0x1340, 0x7F3F, 0x129D, 0x7F76, 0x130A, 0x7F88, 
	0x133A, 0x7F11, 0x133B, 0x7EFF, 0x1264, 0x7F3F, 0x1333, 0x7F1A, 0x130A, 0x7F23, 0x12F8, 0x7F2C, 0x12DC, 0x7FC9, 0x13B9, 0x7F23, 
	0x12DC, 0x7F63, 0x1298, 0x7FF7, 0x1351, 0x7F5A, 0x138E, 0x7FF7, 0x12F7, 0x7F63, 0x13DE, 0x7F63, 0x1240, 0x7FA4, 0x12A6, 0x7FAD, 
	0x12D0, 0x7F51, 0x1386, 0x7FA4, 0x1300, 0x7F76, 0x130B, 0x7F91, 0x1343, 0x7F1A, 0x12D6, 0x7FAD, 0x1388, 0x7F7F, 0x1473, 0x7FA4, 
	0x1360, 0x7F76, 0x142D, 0x7F7F, 0x1393, 0x7F76, 0x148D, 0x7FC9, 0x1454, 0x7FC9, 0x12C1, 0x7FB6, 0x133C, 0x7F7F, 0x142E, 0x7FAD, 
	0x13B6, 0x7FAD, 0x133D, 0x7FDB, 0x1352, 0x7F91, 0x137C, 0x7FBF, 0x13A3, 0x7FDB, 0x1360, 0x7F88, 0x13E5, 0x8054, 0x12A5, 0x7FB6, 
	0x1307, 0x7F76, 0x137C, 0x8009, 0x1416, 0x7FBF, 0x1470, 0x7FD2, 0x1344, 0x7F48, 0x1304, 0x7F6C, 0x1376, 0x805D, 0x130F, 0x805D, 
	0x12A7, 0x8025, 0x1424, 0x7FC9, 0x1365, 0x8013, 0x1279, 0x8054, 0x11EE, 0x7FF7, 0x1262, 0x7FAD, 0x12B0, 0x8070, 0x133D, 0x7F9A, 
	0x12FC, 0x804A, 0x13E4, 0x8000, 0x1352, 0x804A, 0x12AC, 0x8041, 0x12C1, 0x7FED, 0x1342, 0x8041, 0x1294, 0x802E, 0x11E4, 0x8000, 
	0x13C6, 0x8025, 0x12ED, 0x8070, 0x1197, 0x8079, 0x1279, 0x80FC, 0x1107, 0x8041, 0x12E1, 0x8079, 0x122B, 0x8082, 0x11FD, 0x809E, 
	0x1245, 0x80B1, 0x10F8, 0x80A8, 0x119F, 0x8066, 0x11D1, 0x809E, 0x11D9, 0x8066, 0x125E, 0x8066, 0x11A2, 0x80F3, 0x11C9, 0x8079, 
	0x11C2, 0x80A8, 0x11F7, 0x80E0, 0x1073, 0x809E, 0x10D6, 0x8070, 0x11BA, 0x809E, 0x11A3, 0x80E9, 0x11A1, 0x812B, 0x1122, 0x80E9, 
	0x112A, 0x8118, 0x1184, 0x80BA, 0x1190, 0x80D6, 0x114F, 0x8105, 0x10E7, 0x80D6, 0x10D7, 0x80C4, 0x1086, 0x80E0, 0x0F69, 0x8118, 
	0x1164, 0x8118, 0x113C, 0x80BA, 0x10CC, 0x809E, 0x1114, 0x80E9, 0x105E, 0x80F3, 0x1049, 0x812B, 0x10CE, 0x80C4, 0x1057, 0x80E0, 
	0x100A, 0x80C4, 0x0FED, 0x80CD, 0x100E, 0x8118, 0x1014, 0x8118, 0x0FBA, 0x812B, 0x101E, 0x80F3, 0x0FFA, 0x8151, 0x0F73, 0x8164, 
	0x0E60, 0x813E, 0x0FC5, 0x815A, 0x0F18, 0x80F3, 0x0F68, 0x8105, 0x0F83, 0x819D, 0x0E97, 0x812B, 0x0F6A, 0x815A, 0x1011, 0x8151, 
	0x0FB8, 0x818A, 0x0F18, 0x81C3, 0x0F50, 0x815A, 0x0FF6, 0x813E, 0x10AA, 0x81B0, 0x1035, 0x81C3, 0x10A7, 0x820F, 0x1040, 0x8177, 
	0x0F2C, 0x8177, 0x0FBD, 0x819D, 0x104F, 0x81A6, 0x10AC, 0x8219, 0x1009, 0x81B0, 0x109E, 0x812B, 0x10A8, 0x81CC, 0x1070, 0x81E9, 
	0x106A, 0x8180, 0x1045, 0x81CC, 0x1191, 0x8164, 0x10CD, 0x81B0, 0x1123, 0x8219, 0x107F, 0x825C, 0x10AD, 0x823F, 0x1069, 0x8177, 
	0x11B8, 0x81A6, 0x120F, 0x823F, 0x11D0, 0x818A, 0x1162, 0x8205, 0x1123, 0x8151, 0x116C, 0x81FC, 0x117D, 0x820F, 0x1095, 0x820F, 
	0x10C6, 0x8222, 0x119F, 0x81E9, 0x114A, 0x8205, 0x1228, 0x81B0, 0x1130, 0x8248, 0x1135, 0x81DF, 0x11C3, 0x81B0, 0x11EF, 0x8248, 
	0x118E, 0x81CC, 0x1139, 0x8222, 0x1174, 0x81CC, 0x11B0, 0x81F2, 0x10B8, 0x8252, 0x114C, 0x8205, 0x1112, 0x81FC, 0x1192, 0x820F, 
	0x120E, 0x81F2, 0x1183, 0x8282, 0x1131, 0x820F, 0x10DE, 0x8265, 0x10C1, 0x8205, 0x11E1, 0x82BC, 0x1181, 0x82D9, 0x1224, 0x8205, 
	0x1110, 0x81D6, 0x10D3, 0x822C, 0x1163, 0x8222, 0x1203, 0x8248, 0x111C, 0x8279, 0x10FC, 0x823F, 0x107C, 0x828C, 0x11B5, 0x82B2, 
	0x11D4, 0x8252, 0x121F, 0x8252, 0x1030, 0x8205, 0x115C, 0x8248, 0x1218, 0x8219, 0x120F, 0x8282, 0x1249, 0x82C6, 0x1256, 0x825C, 
	0x11C9, 0x825C, 0x10FF, 0x8248, 0x10F2, 0x82D9, 0x1177, 0x82E3, 0x114E, 0x829F, 0x11DC, 0x822C, 0x1294, 0x8295, 0x1200, 0x82B2, 
	0x1266, 0x82A9, 0x129F, 0x826F, 0x12A0, 0x8252, 0x1258, 0x82C6, 0x123F, 0x82BC, 0x1181, 0x82C6, 0x12CE, 0x82D9, 0x1227, 0x828C, 
	0x130A, 0x82B2, 0x1251, 0x831D, 0x12BC, 0x82BC, 0x128E, 0x82B2, 0x1251, 0x8282, 0x135D, 0x82EC, 0x1326, 0x82D9, 0x124B, 0x82D9, 
	0x12CA, 0x82EC, 0x12CB, 0x8357, 0x1306, 0x8300, 0x129D, 0x8282, 0x1225, 0x8313, 0x1262, 0x82BC, 0x129F, 0x8330, 0x1254, 0x8327, 
	0x12DF, 0x8388, 0x1328, 0x8327, 0x1215, 0x83A6, 0x12D5, 0x8300, 0x1308, 0x839C, 0x12D0, 0x8330, 0x12D3, 0x837E, 0x13DC, 0x83D7, 
	0x1351, 0x8388, 0x13A6, 0x83F4, 0x1425, 0x83FE, 0x13FB, 0x8439, 0x135D, 0x849C, 0x13DC, 0x84C4, 0x11D7, 0x82EC, 0x11E4, 0x82EC, 
	0x1240, 0x823F, 0x11D9, 0x828C, 0x1215, 0x8279, 0x11DE, 0x8248, 0x1206, 0x81F2, 0x11F1, 0x8295, 0x1249, 0x81FC, 0x1295, 0x823F, 
	0x1268, 0x81B0, 0x1200, 0x81B9, 0x120C, 0x81DF, 0x11D4, 0x8219, 0x11D0, 0x8235, 0x1119, 0x8235, 0x1363, 0x8177, 0x1377, 0x819D, 
	0x12A0, 0x8205, 0x128B, 0x8252, 0x1280, 0x820F, 0x1230, 0x8177, 0x128C, 0x81F2, 0x1253, 0x816D, 0x1298, 0x8205, 0x12EE, 0x8193, 
	0x129B, 0x8135, 0x129B, 0x815A, 0x12C1, 0x8180, 0x12C5, 0x8147, 0x12E9, 0x815A, 0x121E, 0x815A, 0x132B, 0x80F3, 0x12C8, 0x8105, 
	0x118E, 0x812B, 0x1214, 0x810F, 0x138D, 0x805D, 0x1302, 0x8147, 0x1302, 0x8079, 0x12F7, 0x813E, 0x1228, 0x80E9, 0x12D8, 0x80C4, 
	0x128E, 0x8079, 0x12DB, 0x80D6, 0x130C, 0x8105, 0x129A, 0x80BA, 0x123D, 0x8082, 0x1263, 0x80B1, 0x124C, 0x8079, 0x12EC, 0x8079, 
	0x1348, 0x8082, 0x1443, 0x8041, 0x131F, 0x809E, 0x1376, 0x8013, 0x136D, 0x8066, 0x1383, 0x8025, 0x12F6, 0x8009, 0x12D7, 0x8082, 
	0x13FE, 0x8025, 0x12B3, 0x8070, 0x1259, 0x7FC9, 0x1324, 0x7FAD, 0x12A8, 0x8070, 0x139B, 0x7FAD, 0x1211, 0x7FB6, 0x137F, 0x805D, 
	0x1357, 0x7FC9, 0x12B9, 0x8041, 0x12CE, 0x804A, 0x12D3, 0x7FC9, 0x12AA, 0x801C, 0x1343, 0x8054, 0x1211, 0x7FDB, 0x131E, 0x801C, 
	0x12C5, 0x804A, 0x12FA, 0x804A, 0x12A2, 0x7FD2, 0x125A, 0x7FF7, 0x1268, 0x7FF7, 0x11C9, 0x7FC9, 0x124D, 0x7F7F, 0x1264, 0x7F76, 
	0x1208, 0x7FF7, 0x11F8, 0x7FC9, 0x116A, 0x7FA4, 0x11F5, 0x7F7F, 0x1256, 0x7FED, 0x1224, 0x7FF7, 0x117B, 0x7F2C, 0x1113, 0x7F88, 
	0x1234, 0x7F48, 0x1176, 0x7FE4, 0x12D6, 0x7F91, 0x113F, 0x7FC9, 0x11DD, 0x7F9A, 0x11F6, 0x7F7F, 0x1127, 0x7F23, 0x11B4, 0x7FED, 
	0x10DE, 0x7FBF, 0x11B6, 0x7F63, 0x11A6, 0x7F6C, 0x120B, 0x7FBF, 0x11AE, 0x7FAD, 0x11B4, 0x7FAD, 0x117F, 0x7F3F, 0x1254, 0x7F76, 
	0x11F3, 0x7F76, 0x11C7, 0x7F91, 0x1257, 0x7F76, 0x116B, 0x7F88, 0x123C, 0x7FED, 0x11B6, 0x7F63, 0x11C0, 0x7F88, 0x1162, 0x7FC9, 
	0x11B4, 0x7FA4, 0x1238, 0x7FAD, 0x11D5, 0x7F76, 0x111B, 0x7F3F, 0x11CF, 0x7F51, 0x1224, 0x7FED, 0x10AB, 0x7FA4, 0x1294, 0x7F91, 
	0x11F8, 0x7F9A, 0x11AB, 0x7F23, 0x1174, 0x7F48, 0x1181, 0x7F36, 0x12BA, 0x7F2C, 0x120B, 0x7F9A, 0x107B, 0x7F51, 0x1141, 0x7F1A, 
	0x11C8, 0x7F36, 0x129E, 0x7EF6, 0x126C, 0x7F5A, 0x127A, 0x7F23, 0x1237, 0x7F2C, 0x129B, 0x7F2C, 0x12CD, 0x7EFF, 0x1302, 0x7FB6, 
	0x1299, 0x7F2C, 0x12E5, 0x7F88, 0x1296, 0x7F5A, 0x1340, 0x7F3F, 0x129D, 0x7F76, 0x130A, 0x7F88, 0x133A, 0x7F11, 0x133B, 0x7EFF, 
	0x1264, 0x7F3F, 0x1333, 0x7F1A, 0x130A, 0x7F23, 0x12F8, 0x7F2C, 0x12DC, 0x7FC9, 0x13B9, 0x7F23, 0x12DC, 0x7F63, 0x1298, 0x7FF7, 
	0x1351, 0x7F5A, 0x138E, 0x7FF7, 0x12F7, 0x7F63, 0x13DE, 0x7F63, 0x1240, 0x7FA4, 0x12A6, 0x7FAD, 0x12D0, 0x7F51, 0x1386, 0x7FA4, 
	0x1300, 0x7F76, 0x130B, 0x7F91, 0x1343, 0x7F1A, 0x12D6, 0x7FAD, 0x1388, 0x7F7F, 0x1473, 0x7FA4, 0x1360, 0x7F76, 0x142D, 0x7F7F, 
	0x1393, 0x7F76, 0x148D, 0x7FC9, 0x1454, 0x7FC9, 0x12C1, 0x7FB6, 0x133C, 0x7F7F, 0x142E, 0x7FAD, 0x13B6, 0x7FAD, 0x133D, 0x7FDB, 
	0x1352, 0x7F91, 0x137C, 0x7FBF, 0x13A3, 0x7FDB, 0x1360, 0x7F88, 0x13E5, 0x8054, 0x12A5, 0x7FB6, 0x1307, 0x7F76, 0x137C, 0x8009, 
	0x1416, 0x7FBF, 0x1470, 0x7FD2, 0x1344, 0x7F48, 0x1304, 0x7F6C, 0x1376, 0x805D, 0x130F, 0x805D, 0x12A7, 0x8025, 0x1424, 0x7FC9, 
	0x1365, 0x8013, 0x1279, 0x8054, 0x11EE, 0x7FF7, 0x1262, 0x7FAD, 0x12B0, 0x8070, 0x133D, 0x7F9A, 0x12FC, 0x804A, 0x13E4, 0x8000, 
	0x1352, 0x804A, 0x12AC, 0x8041, 0x12C1, 0x7FED, 0x1342, 0x8041, 0x1294, 0x802E, 0x11E4, 0x8000, 0x13C6, 0x8025, 0x12ED, 0x8070, 
	0x1197, 0x8079, 0x1279, 0x80FC, 0x1107, 0x8041, 0x12E1, 0x8079, 0x122B, 0x8082, 0x11FD, 0x809E, 0x1245, 0x80B1, 0x10F8, 0x80A8, 
	0x119F, 0x8066, 0x11D1, 0x809E, 0x11D9, 0x8066, 0x125E, 0x8066, 0x11A2, 0x80F3, 0x11C9, 0x8079, 0x11C2, 0x80A8, 0x11F7, 0x80E0, 
	0x1073, 0x809E, 0x10D6, 0x8070, 0x11BA, 0x809E, 0x11A3, 0x80E9, 0x11A1, 0x812B, 0x1122, 0x80E9, 0x112A, 0x8118, 0x1184, 0x80BA, 
	0x1190, 0x80D6, 0x114F, 0x8105, 0x10E7, 0x80D6, 0x10D7, 0x80C4, 0x1086, 0x80E0, 0x0F69, 0x8118, 0x1164, 0x8118, 0x113C, 0x80BA, 
	0x10CC, 0x809E, 0x1114, 0x80E9, 0x105E, 0x80F3, 0x1049, 0x812B, 0x10CE, 0x80C4, 0x1057, 0x80E0, 0x100A, 0x80C4, 0x0FED, 0x80CD, 
	0x100E, 0x8118, 0x1014, 0x8118, 0x0FBA, 0x812B, 0x101E, 0x80F3, 0x0FFA, 0x8151, 0x0F73, 0x8164, 0x0E60, 0x813E, 0x0FC5, 0x815A, 
	0x1294, 0x8252, 0x120E, 0x82EC, 0x12E4, 0x828C, 0x1241, 0x82BC, 0x1295, 0x82D9, 0x1285, 0x828C, 0x12CC, 0x81B9, 0x1223, 0x82A9, 
	0x121B, 0x8205, 0x12B1, 0x829F, 0x1295, 0x81A6, 0x12DD, 0x8193, 0x1280, 0x81A6, 0x129E, 0x81E9, 0x1257, 0x81E9, 0x119E, 0x81B0, 
	0x132E, 0x8151, 0x1394, 0x81C3, 0x1348, 0x8193, 0x12CD, 0x822C, 0x129C, 0x8265, 0x127E, 0x8177, 0x12B5, 0x8193, 0x1305, 0x81A6, 
	0x12D5, 0x81C3, 0x133C, 0x8205, 0x1309, 0x812B, 0x1309, 0x80E9, 0x131C, 0x815A, 0x131C, 0x81B0, 0x1325, 0x819D, 0x12C9, 0x80E0, 
	0x13A7, 0x8122, 0x132B, 0x818A, 0x12CF, 0x8122, 0x12A0, 0x815A, 0x13F0, 0x80E9, 0x13AF, 0x8122, 0x136A, 0x80CD, 0x137C, 0x8164, 
	0x1356, 0x80BA, 0x1356, 0x80FC, 0x1268, 0x80BA, 0x12F2, 0x80CD, 0x133E, 0x8082, 0x12A7, 0x808C, 0x12D7, 0x80A8, 0x137C, 0x80E0, 
	0x12E0, 0x8082, 0x12F9, 0x8079, 0x13D4, 0x8038, 0x1415, 0x802E, 0x13EE, 0x80BA, 0x13AF, 0x8000, 0x1304, 0x8013, 0x13F4, 0x805D, 
	0x12AC, 0x7FED, 0x1368, 0x80C4, 0x1400, 0x8054, 0x133D, 0x802E, 0x12B1, 0x7FE4, 0x1409, 0x7FED, 0x130D, 0x8041, 0x13DD, 0x7FDB, 
	0x12B2, 0x8013, 0x13D9, 0x8066, 0x13C2, 0x7F9A, 0x12EB, 0x80D6, 0x1330, 0x804A, 0x13BB, 0x7FAD, 0x1316, 0x7FF7, 0x1357, 0x7FC9, 
	0x129E, 0x7F6C, 0x13B8, 0x7FC9, 0x12DD, 0x7FF7, 0x139A, 0x7FE4, 0x1389, 0x7FB6, 0x1358, 0x7F88, 0x12F0, 0x7FBF, 0x1252, 0x7FC9, 
	0x123C, 0x7F63, 0x12C8, 0x7F9A, 0x12D1, 0x7FED, 0x127F, 0x7FBF, 0x11D2, 0x7F51, 0x11E6, 0x7FB6, 0x1289, 0x7FB6, 0x12AD, 0x7FF7, 
	0x11AA, 0x7F76, 0x11A7, 0x7FC9, 0x129D, 0x7F51, 0x11E8, 0x7F91, 0x1357, 0x7EF6, 0x1263, 0x7FBF, 0x1244, 0x7FB6, 0x123E, 0x7FC9, 
	0x117F, 0x7FC9, 0x12B4, 0x7F76, 0x11CA, 0x7FBF, 0x1251, 0x7F6C, 0x1240, 0x7F63, 0x1299, 0x7FC9, 0x1195, 0x7F88, 0x1177, 0x7F7F, 
	0x120E, 0x7F51, 0x12DD, 0x7FBF, 0x1294, 0x7F9A, 0x12AF, 0x7F2C, 0x12AB, 0x7F6C, 0x1201, 0x7FAD, 0x12B7, 0x7FBF, 0x1254, 0x7F9A, 
	0x1226, 0x7F48, 0x11DB, 0x7FBF, 0x125D, 0x7F48, 0x12F6, 0x7F7F, 0x1219, 0x7FC9, 0x11EB, 0x7F23, 0x11E8, 0x7F91, 0x130F, 0x7F6C, 
	0x113D, 0x7F7F, 0x1283, 0x7FE4, 0x1278, 0x7F51, 0x1123, 0x7F7F, 0x128C, 0x7F48, 0x11A9, 0x7F36, 0x1209, 0x7F9A, 0x12E6, 0x7EFF, 
	0x110B, 0x7F11, 0x115E, 0x7F2C, 0x1221, 0x7F91, 0x1249, 0x7F11, 0x1254, 0x7F5A, 0x1289, 0x7F48, 0x11F2, 0x7ED1, 0x131C, 0x7F1A, 
	0x12F6, 0x7F1A, 0x1388, 0x7F88, 0x12BD, 0x7F6C, 0x12C5, 0x7F23, 0x1329, 0x7F2C, 0x1367, 0x7F3F, 0x1307, 0x7F36, 0x1330, 0x7F76, 
	0x12CA, 0x7EEC, 0x1304, 0x7EEC, 0x12F5, 0x7F5A, 0x134E, 0x7F76, 0x135F, 0x7F1A, 0x1323, 0x7ED1, 0x13C8, 0x7F51, 0x13D9, 0x7F1A, 
	0x1380, 0x7F91, 0x12B2, 0x7FD2, 0x1365, 0x7F08, 0x13C6, 0x7F88, 0x1390, 0x7FA4, 0x1415, 0x7FC9, 0x120D, 0x7FB6, 0x13A5, 0x7F2C, 
	0x12DC, 0x7F51, 0x1369, 0x7F51, 0x1376, 0x7F48, 0x1392, 0x7F91, 0x139A, 0x7EFF, 0x127F, 0x7F2C, 0x13E9, 0x7F2C, 0x148D, 0x7F76, 
	0x137D, 0x7FB6, 0x14FE, 0x7F36, 0x1417, 0x7F5A, 0x14AE, 0x7F7F, 0x1467, 0x7F7F, 0x132C, 0x7FF7, 0x13C2, 0x7F6C, 0x14DF, 0x7FA4, 
	0x1404, 0x7FAD, 0x13C7, 0x8009, 0x13F7, 0x7FF7, 0x148C, 0x7F7F, 0x148C, 0x7FD2, 0x13A6, 0x7F08, 0x1413, 0x801C, 0x1328, 0x7FB6, 
	0x137E, 0x7F3F, 0x137E, 0x7FED, 0x1463, 0x7FB6, 0x14BF, 0x7FED, 0x1356, 0x7FE4, 0x133F, 0x7F91, 0x13CB, 0x8054, 0x137C, 0x8025, 
	0x126D, 0x8025, 0x151C, 0x7FA4, 0x1335, 0x7F91, 0x12FD, 0x801C, 0x122A, 0x801C, 0x1264, 0x7FF7, 0x13A6, 0x7FED, 0x13A5, 0x7FE4, 
	0x12FD, 0x7FF7, 0x13BD, 0x801C, 0x1422, 0x802E, 0x12DC, 0x802E, 0x12DA, 0x8013, 0x13F4, 0x8038, 0x1334, 0x8082, 0x12CB, 0x8041, 
	0x13E9, 0x8013, 0x12D9, 0x802E, 0x1258, 0x8025, 0x127A, 0x8095, 0x11C5, 0x804A, 0x12DD, 0x802E, 0x1221, 0x801C, 0x1252, 0x802E, 
	0x12D2, 0x808C, 0x115C, 0x8079, 0x11D4, 0x805D, 0x121E, 0x8066, 0x123C, 0x8000, 0x12A3, 0x808C, 0x11E4, 0x8105, 0x126E, 0x8070, 
	0x1199, 0x80BA, 0x12E5, 0x80B1, 0x1125, 0x80A8, 0x1159, 0x7FF7, 0x1210, 0x8105, 0x127A, 0x80D6, 0x124E, 0x8105, 0x1262, 0x80BA, 
	0x11B3, 0x810F, 0x11BF, 0x80E9, 0x11E4, 0x80C4, 0x119A, 0x805D, 0x10E0, 0x80FC, 0x114B, 0x8105, 0x1171, 0x80FC, 0x1059, 0x8118, 
	0x11B4, 0x80BA, 0x1168, 0x809E, 0x1186, 0x80E0, 0x1185, 0x80B1, 0x10CD, 0x819D, 0x1120, 0x80FC, 0x10F7, 0x80E0, 0x10B0, 0x80BA, 
	0x1035, 0x80B1, 0x100C, 0x80BA, 0x108B, 0x813E, 0x0F5F, 0x8105, 0x1014, 0x80B1, 0x10DB, 0x812B, 0x101A, 0x816D, 0x1026, 0x815A, 
	0x0F03, 0x80BA, 0x101D, 0x80A8, 0x0FF1, 0x816D, 0x0FE2, 0x8177, 0x0FEC, 0x810F, 0x0EBB, 0x816D, 0x0FC7, 0x8193, 0x1029, 0x815A, 
	0x101F, 0x812B, 0x0FA8, 0x8177, 0x0FA9, 0x8147, 0x1071, 0x80E9, 0x1108, 0x8193, 0x101A, 0x8151, 0x1113, 0x81DF, 0x10CB, 0x8177, 
	0x0FEC, 0x810F, 0x1008, 0x81CC, 0x10C1, 0x819D, 0x111B, 0x81FC, 0x10BC, 0x81A6, 0x10EA, 0x8105, 0x1185, 0x819D, 0x111A, 0x81F2, 
	0x1117, 0x8151, 0x107A, 0x823F, 0x1233, 0x8118, 0x1166, 0x816D, 0x11C3, 0x8193, 0x1183, 0x81C3, 0x10DD, 0x820F, 0x1102, 0x81A6, 
	0x117B, 0x818A, 0x1230, 0x818A, 0x12C2, 0x8205, 0x11C6, 0x81E9, 0x11E2, 0x81C3, 0x1169, 0x8193, 0x1237, 0x81DF, 0x10E3, 0x81C3, 
	0x117C, 0x823F, 0x1184, 0x819D, 0x1193, 0x81CC, 0x1248, 0x8147, 0x1197, 0x8235, 0x1151, 0x81CC, 0x1264, 0x81B0, 0x127F, 0x823F, 
	0x1265, 0x8151, 0x11A9, 0x8235, 0x11E3, 0x823F, 0x115B, 0x822C, 0x118D, 0x8219, 0x11B5, 0x81D6, 0x1174, 0x8205, 0x1145, 0x82A9, 
	0x1249, 0x819D, 0x1154, 0x8222, 0x11E4, 0x8219, 0x1132, 0x820F, 0x1173, 0x8222, 0x120A, 0x8222, 0x1210, 0x82CF, 0x12B2, 0x81FC, 
	0x1237, 0x8248, 0x119C, 0x8205, 0x1275, 0x8205, 0x123C, 0x81FC, 0x11AC, 0x82BC, 0x1153, 0x8282, 0x10CF, 0x8235, 0x11FF, 0x826F, 
	0x11DA, 0x8222, 0x1291, 0x825C, 0x1055, 0x822C, 0x11F5, 0x822C, 0x1255, 0x81D6, 0x11E0, 0x8222, 0x128F, 0x82BC, 0x124A, 0x8282, 
	0x1217, 0x8235, 0x11D0, 0x823F, 0x117A, 0x82A9, 0x122A, 0x82A9, 0x11D6, 0x82C6, 0x1201, 0x829F, 0x12EF, 0x826F, 0x133A, 0x825C, 
	0x1279, 0x82A9, 0x12F7, 0x82BC, 0x1313, 0x825C, 0x12C5, 0x8248, 0x12F6, 0x8282, 0x120C, 0x82F6, 0x136D, 0x825C, 0x12F3, 0x82A9, 
	0x12F6, 0x829F, 0x129E, 0x8265, 0x133B, 0x82CF, 0x1326, 0x82EC, 0x12DF, 0x82E3, 0x13C3, 0x82C6, 0x13AF, 0x82C6, 0x136C, 0x831D, 
	0x1347, 0x82C6, 0x134F, 0x8300, 0x1345, 0x8300, 0x134B, 0x81E9, 0x12B4, 0x82BC, 0x1330, 0x82C6, 0x12FC, 0x8330, 0x1284, 0x8392, 
	0x131F, 0x8375, 0x1343, 0x8330, 0x1346, 0x8327, 0x12EA, 0x8361, 0x136D, 0x83A6, 0x1320, 0x831D, 0x1376, 0x8344, 0x1427, 0x8327, 
	0x1417, 0x839C, 0x1394, 0x8488, 0x14E9, 0x83CD, 0x13AE, 0x8439, 0x1470, 0x8457, 0x13E8, 0x84E2, 0x1294, 0x8252, 0x120E, 0x82EC, 
	0x12E4, 0x828C, 0x1241, 0x82BC, 0x1295, 0x82D9, 0x1285, 0x828C, 0x12CC, 0x81B9, 0x1223, 0x82A9, 0x121B, 0x8205, 0x12B1, 0x829F, 
	0x1295, 0x81A6, 0x12DD, 0x8193, 0x1280, 0x81A6, 0x129E, 0x81E9, 0x1257, 0x81E9, 0x119E, 0x81B0, 0x132E, 0x8151, 0x1394, 0x81C3, 
	0x1348, 0x8193, 0x12CD, 0x822C, 0x129C, 0x8265, 0x127E, 0x8177, 0x12B5, 0x8193, 0x1305, 0x81A6, 0x12D5, 0x81C3, 0x133C, 0x8205, 
	0x1309, 0x812B, 0x1309, 0x80E9, 0x131C, 0x815A, 0x131C, 0x81B0, 0x1325, 0x819D, 0x12C9, 0x80E0, 0x13A7, 0x8122, 0x132B, 0x818A, 
	0x12CF, 0x8122, 0x12A0, 0x815A, 0x13F0, 0x80E9, 0x13AF, 0x8122, 0x136A, 0x80CD, 0x137C, 0x8164, 0x1356, 0x80BA, 0x1356, 0x80FC, 
	0x1268, 0x80BA, 0x12F2, 0x80CD, 0x133E, 0x8082, 0x12A7, 0x808C, 0x12D7, 0x80A8, 0x137C, 0x80E0, 0x12E0, 0x8082, 0x12F9, 0x8079, 
	0x13D4, 0x8038, 0x1415, 0x802E, 0x13EE, 0x80BA, 0x13AF, 0x8000, 0x1304, 0x8013, 0x13F4, 0x805D, 0x12AC, 0x7FED, 0x1368, 0x80C4, 
	0x1400, 0x8054, 0x133D, 0x802E, 0x12B1, 0x7FE4, 0x1409, 0x7FED, 0x130D, 0x8041, 0x13DD, 0x7FDB, 0x12B2, 0x8013, 0x13D9, 0x8066, 
	0x13C2, 0x7F9A, 0x12EB, 0x80D6, 0x1330, 0x804A, 0x13BB, 0x7FAD, 0x1316, 0x7FF7, 0x1357, 0x7FC9, 0x129E, 0x7F6C, 0x13B8, 0x7FC9, 
	0x12DD, 0x7FF7, 0x139A, 0x7FE4, 0x1389, 0x7FB6, 0x1358, 0x7F88, 0x12F0, 0x7FBF, 0x1252, 0x7FC9, 0x123C, 0x7F63, 0x12C8, 0x7F9A, 
	0x12D1, 0x7FED, 0x127F, 0x7FBF, 0x11D2, 0x7F51, 0x11E6, 0x7FB6, 0x1289, 0x7FB6, 0x12AD, 0x7FF7, 0x11AA, 0x7F76, 0x11A7, 0x7FC9, 
	0x129D, 0x7F51, 0x11E8, 0x7F91, 0x1357, 0x7EF6, 0x1263, 0x7FBF, 0x1244, 0x7FB6, 0x123E, 0x7FC9, 0x117F, 0x7FC9, 0x12B4, 0x7F76, 
	0x11CA, 0x7FBF, 0x1251, 0x7F6C, 0x1240, 0x7F63, 0x1299, 0x7FC9, 0x1195, 0x7F88, 0x1177, 0x7F7F, 0x120E, 0x7F51, 0x12DD, 0x7FBF, 
	0x1294, 0x7F9A, 0x12AF, 0x7F2C, 0x12AB, 0x7F6C, 0x1201, 0x7FAD, 0x12B7, 0x7FBF, 0x1254, 0x7F9A, 0x1226, 0x7F48, 0x11DB, 0x7FBF, 
	0x125D, 0x7F48, 0x12F6, 0x7F7F, 0x1219, 0x7FC9, 0x11EB, 0x7F23, 0x11E8, 0x7F91, 0x130F, 0x7F6C, 0x113D, 0x7F7F, 0x1283, 0x7FE4, 
	0x1278, 0x7F51, 0x1123, 0x7F7F, 0x128C, 0x7F48, 0x11A9, 0x7F36, 0x1209, 0x7F9A, 0x12E6, 0x7EFF, 0x110B, 0x7F11, 0x115E, 0x7F2C, 
	0x1221, 0x7F91, 0x1249, 0x7F11, 0x1254, 0x7F5A, 0x1289, 0x7F48, 0x11F2, 0x7ED1, 0x131C, 0x7F1A, 0x12F6, 0x7F1A, 0x1388, 0x7F88, 
	0x12BD, 0x7F6C, 0x12C5, 0x7F23, 0x1329, 0x7F2C, 0x1367, 0x7F3F, 0x1307, 0x7F36, 0x1330, 0x7F76, 0x12CA, 0x7EEC, 0x1304, 0x7EEC, 
	0x12F5, 0x7F5A, 0x134E, 0x7F76, 0x135F, 0x7F1A, 0x1323, 0x7ED1, 0x13C8, 0x7F51, 0x13D9, 0x7F1A, 0x1380, 0x7F91, 0x12B2, 0x7FD2, 
	0x1365, 0x7F08, 0x13C6, 0x7F88, 0x1390, 0x7FA4, 0x1415, 0x7FC9, 0x120D, 0x7FB6, 0x13A5, 0x7F2C, 0x12DC, 0x7F51, 0x1369, 0x7F51, 
	0x1376, 0x7F48, 0x1392, 0x7F91, 0x139A, 0x7EFF, 0x127F, 0x7F2C, 0x13E9, 0x7F2C, 0x148D, 0x7F76, 0x137D, 0x7FB6, 0x14FE, 0x7F36, 
	0x1417, 0x7F5A, 0x14AE, 0x7F7F, 0x1467, 0x7F7F, 0x132C, 0x7FF7, 0x13C2, 0x7F6C, 0x14DF, 0x7FA4, 0x1404, 0x7FAD, 0x13C7, 0x8009, 
	0x13F7, 0x7FF7, 0x148C, 0x7F7F, 0x148C, 0x7FD2, 0x13A6, 0x7F08, 0x1413, 0x801C, 0x1328, 0x7FB6, 0x137E, 0x7F3F, 0x137E, 0x7FED, 
	0x1463, 0x7FB6, 0x14BF, 0x7FED, 0x1356, 0x7FE4, 0x133F, 0x7F91, 0x13CB, 0x8054, 0x137C, 0x8025, 0x126D, 0x8025, 0x151C, 0x7FA4, 
	0x1335, 0x7F91, 0x12FD, 0x801C, 0x122A, 0x801C, 0x1264, 0x7FF7, 0x13A6, 0x7FED, 0x13A5, 0x7FE4, 0x12FD, 0x7FF7, 0x13BD, 0x801C, 
	0x1422, 0x802E, 0x12DC, 0x802E, 0x12DA, 0x8013, 0x13F4, 0x8038, 0x1334, 0x8082, 0x12CB, 0x8041, 0x13E9, 0x8013, 0x12D9, 0x802E, 
	0x1258, 0x8025, 0x127A, 0x8095, 0x11C5, 0x804A, 0x12DD, 0x802E, 0x1221, 0x801C, 0x1252, 0x802E, 0x12D2, 0x808C, 0x115C, 0x8079, 
	0x11D4, 0x805D, 0x121E, 0x8066, 0x123C, 0x8000, 0x12A3, 0x808C, 0x11E4, 0x8105, 0x126E, 0x8070, 0x1199, 0x80BA, 0x12E5, 0x80B1, 
	0x1125, 0x80A8, 0x1159, 0x7FF7, 0x1210, 0x8105, 0x127A, 0x80D6, 0x124E, 0x8105, 0x1262, 0x80BA, 0x11B3, 0x810F, 0x11BF, 0x80E9, 
	0x11E4, 0x80C4, 0x119A, 0x805D, 0x10E0, 0x80FC, 0x114B, 0x8105, 0x1171, 0x80FC, 0x1059, 0x8118, 0x11B4, 0x80BA, 0x1168, 0x809E, 
	0x1186, 0x80E0, 0x1185, 0x80B1, 0x10CD, 0x819D, 0x1120, 0x80FC, 0x10F7, 0x80E0, 0x10B0, 0x80BA, 0x1035, 0x80B1, 0x100C, 0x80BA, 
	0x108B, 0x813E, 0x0F5F, 0x8105, 0x1014, 0x80B1, 0x10DB, 0x812B, 0x101A, 0x816D, 0x1026, 0x815A, 0x0F03, 0x80BA, 0x101D, 0x80A8, 
	0x1219, 0x8279, 0x11EC, 0x829F, 0x1251, 0x82EC, 0x1262, 0x82F6, 0x11F5, 0x829F, 0x11D7, 0x8279, 0x1241, 0x81C3, 0x11DD, 0x829F, 
	0x11BA, 0x8265, 0x11D2, 0x8279, 0x127F, 0x81F2, 0x1263, 0x820F, 0x11DD, 0x81CC, 0x12D0, 0x823F, 0x11DF, 0x820F, 0x113A, 0x81E9, 
	0x12B7, 0x81A6, 0x1417, 0x81F2, 0x1245, 0x820F, 0x1241, 0x8205, 0x120F, 0x81CC, 0x11FB, 0x813E, 0x11E4, 0x819D, 0x1396, 0x81CC, 
	0x121B, 0x81D6, 0x1232, 0x81B0, 0x12AF, 0x819D, 0x12CA, 0x80FC, 0x125A, 0x8180, 0x124E, 0x8180, 0x126C, 0x816D, 0x130D, 0x80CD, 
	0x130F, 0x80E9, 0x1321, 0x8151, 0x120A, 0x8135, 0x1268, 0x8180, 0x12C1, 0x80D6, 0x136C, 0x809E, 0x12F6, 0x80C4, 0x12B3, 0x818A, 
	0x1251, 0x810F, 0x123E, 0x813E, 0x1274, 0x809E, 0x12A2, 0x8079, 0x1321, 0x8105, 0x120F, 0x8122, 0x1251, 0x80A8, 0x135B, 0x80C4, 
	0x1250, 0x802E, 0x1248, 0x8082, 0x136B, 0x808C, 0x1431, 0x804A, 0x12FD, 0x80C4, 0x1389, 0x8041, 0x135C, 0x8009, 0x13ED, 0x80C4, 
	0x1261, 0x8079, 0x133F, 0x8079, 0x139D, 0x7FD2, 0x1200, 0x7FAD, 0x11C9, 0x8038, 0x12BC, 0x8000, 0x126D, 0x8070, 0x13B0, 0x8066, 
	0x12A9, 0x8079, 0x1376, 0x8009, 0x146F, 0x7FE4, 0x1369, 0x8070, 0x1330, 0x7FF7, 0x1375, 0x804A, 0x1269, 0x8000, 0x1281, 0x8000, 
	0x12B2, 0x7FF7, 0x1293, 0x8038, 0x129E, 0x7FED, 0x1392, 0x8025, 0x1253, 0x7FDB, 0x12E9, 0x7FD2, 0x1242, 0x7FBF, 0x11AC, 0x8009, 
	0x1258, 0x7F5A, 0x1277, 0x7FDB, 0x12D3, 0x7F9A, 0x10E1, 0x7FE4, 0x11A9, 0x7FB6, 0x1180, 0x7FAD, 0x1202, 0x8000, 0x12A3, 0x7FAD, 
	0x1188, 0x7FD2, 0x1122, 0x7FAD, 0x1217, 0x7F51, 0x1091, 0x7F76, 0x11EB, 0x7F88, 0x119D, 0x8000, 0x116B, 0x7F7F, 0x11D4, 0x7FBF, 
	0x10A3, 0x7F51, 0x11E7, 0x7F6C, 0x111E, 0x7FB6, 0x1204, 0x8000, 0x11C1, 0x7F6C, 0x11FC, 0x7FA4, 0x11D2, 0x7F5A, 0x1170, 0x7FF7, 
	0x1165, 0x7F51, 0x11CE, 0x7FD2, 0x11B3, 0x7FA4, 0x11DC, 0x7F51, 0x11C4, 0x7FAD, 0x115F, 0x7FAD, 0x11DA, 0x7F9A, 0x11FB, 0x7FB6, 
	0x1160, 0x7F23, 0x10E8, 0x7F91, 0x1220, 0x7F6C, 0x1289, 0x7F9A, 0x1175, 0x8038, 0x1118, 0x7F76, 0x11B0, 0x7F3F, 0x1203, 0x7FB6, 
	0x1174, 0x7F7F, 0x1244, 0x7FD2, 0x1149, 0x7F76, 0x1198, 0x7F5A, 0x11B8, 0x7F88, 0x1112, 0x7F9A, 0x1208, 0x7F76, 0x1295, 0x7FAD, 
	0x10B2, 0x7EE3, 0x116F, 0x7F51, 0x118B, 0x7F48, 0x1206, 0x7F63, 0x11B9, 0x7F91, 0x1244, 0x7F2C, 0x11CD, 0x7EF6, 0x127B, 0x7F7F, 
	0x12F9, 0x7FB6, 0x12B8, 0x7FD2, 0x121B, 0x7F6C, 0x12F3, 0x7F5A, 0x12ED, 0x7F9A, 0x138A, 0x7F88, 0x129D, 0x7F9A, 0x12F4, 0x7F9A, 
	0x12A2, 0x7EE3, 0x1299, 0x7F11, 0x1264, 0x7F3F, 0x12A9, 0x7F63, 0x1362, 0x7F23, 0x12C9, 0x7E92, 0x12B5, 0x7F2C, 0x1334, 0x7F63, 
	0x1291, 0x7F63, 0x128F, 0x7F6C, 0x1324, 0x7EC8, 0x1439, 0x7F36, 0x1333, 0x7FAD, 0x133D, 0x7F88, 0x117D, 0x7FC9, 0x1296, 0x7F23, 
	0x132B, 0x7F36, 0x1304, 0x7F7F, 0x12E1, 0x7FB6, 0x1252, 0x7FC9, 0x134E, 0x7F6C, 0x122D, 0x7F6C, 0x137D, 0x7F3F, 0x1482, 0x7F88, 
	0x132F, 0x7F76, 0x14B7, 0x7FA4, 0x139C, 0x7FD2, 0x1401, 0x7F63, 0x147B, 0x7FC9, 0x1311, 0x7FDB, 0x13C4, 0x7F5A, 0x13B2, 0x7FE4, 
	0x1370, 0x7FC9, 0x1365, 0x7FAD, 0x13A1, 0x7FA4, 0x13DE, 0x7F9A, 0x135F, 0x7FED, 0x13F5, 0x7F9A, 0x132D, 0x7FBF, 0x1349, 0x7F6C, 
	0x12CC, 0x7F5A, 0x13B6, 0x8041, 0x148D, 0x8025, 0x137D, 0x8009, 0x12DC, 0x7FDB, 0x12D4, 0x7FDB, 0x1313, 0x8041, 0x1367, 0x802E, 
	0x125C, 0x7FBF, 0x136D, 0x7FC9, 0x1259, 0x8041, 0x133B, 0x801C, 0x128A, 0x7FF7, 0x12BB, 0x8054, 0x125B, 0x7FD2, 0x1307, 0x8013, 
	0x1308, 0x804A, 0x136B, 0x8013, 0x1377, 0x805D, 0x127B, 0x8041, 0x130A, 0x8041, 0x12FD, 0x8000, 0x12C4, 0x8025, 0x1242, 0x801C, 
	0x1371, 0x7FE4, 0x12D1, 0x802E, 0x121A, 0x8025, 0x1258, 0x804A, 0x11BD, 0x802E, 0x122A, 0x801C, 0x1176, 0x801C, 0x1214, 0x7FF7, 
	0x1194, 0x8095, 0x1118, 0x8079, 0x1179, 0x8013, 0x123C, 0x808C, 0x1192, 0x8041, 0x1257, 0x80A8, 0x126B, 0x80E0, 0x1268, 0x80BA, 
	0x114F, 0x809E, 0x12AD, 0x80E9, 0x10CD, 0x80F3, 0x102D, 0x80B1, 0x117A, 0x80E9, 0x11DC, 0x810F, 0x11E7, 0x809E, 0x1143, 0x80FC, 
	0x1136, 0x810F, 0x106D, 0x8105, 0x112E, 0x8135, 0x1152, 0x809E, 0x10EB, 0x80C4, 0x11B0, 0x815A, 0x106B, 0x815A, 0x104E, 0x8118, 
	0x1196, 0x80B1, 0x1124, 0x808C, 0x10C2, 0x80F3, 0x10DD, 0x815A, 0x1009, 0x810F, 0x109F, 0x8095, 0x0FC7, 0x80C4, 0x10CE, 0x810F, 
	0x0FFB, 0x80FC, 0x0FA9, 0x80F3, 0x1064, 0x8135, 0x0F1A, 0x80B1, 0x0FC9, 0x80B1, 0x1077, 0x80D6, 0x0F5F, 0x80BA, 0x0FFC, 0x812B, 
	0x0EFF, 0x80CD, 0x0FB5, 0x810F, 0x0FAD, 0x813E, 0x0EEF, 0x81CC, 0x0F9F, 0x818A, 0x0EFD, 0x81B9, 0x0F45, 0x80BA, 0x0FFB, 0x8193, 
	0x0F02, 0x8151, 0x0EEC, 0x81A6, 0x0F53, 0x8193, 0x102C, 0x80D6, 0x1095, 0x81DF, 0x0FD0, 0x8193, 0x10C1, 0x81B0, 0x0F57, 0x81F2, 
	0x0FCF, 0x813E, 0x0F9B, 0x819D, 0x100E, 0x820F, 0x0F51, 0x81C3, 0x0FDB, 0x818A, 0x106D, 0x815A, 0x10F0, 0x815A, 0x107B, 0x820F, 
	0x0FC5, 0x8151, 0x0FBD, 0x81C3, 0x1135, 0x8105, 0x1093, 0x816D, 0x1070, 0x819D, 0x10D9, 0x8193, 0x0FFC, 0x8193, 0x10D7, 0x8193, 
	0x1113, 0x81C3, 0x11F3, 0x8164, 0x119C, 0x820F, 0x10E8, 0x81B0, 0x1171, 0x8164, 0x1086, 0x81A6, 0x1167, 0x81A6, 0x10C2, 0x81B0, 
	0x1095, 0x825C, 0x116E, 0x81C3, 0x113B, 0x81FC, 0x1169, 0x81D6, 0x117A, 0x8205, 0x11E6, 0x81B0, 0x11D9, 0x81B9, 0x1183, 0x81FC, 
	0x1159, 0x81B9, 0x10B4, 0x8219, 0x10A9, 0x81DF, 0x10DA, 0x822C, 0x1055, 0x8235, 0x116E, 0x81D6, 0x114F, 0x8205, 0x1149, 0x826F, 
	0x11DF, 0x820F, 0x10B6, 0x81FC, 0x1162, 0x822C, 0x10E4, 0x826F, 0x0FE6, 0x81D6, 0x1183, 0x8248, 0x11A8, 0x825C, 0x118E, 0x81E9, 
	0x1121, 0x8279, 0x111D, 0x823F, 0x11F4, 0x829F, 0x116D, 0x828C, 0x1112, 0x82C6, 0x1148, 0x81E9, 0x1138, 0x822C, 0x11F1, 0x826F, 
	0x119B, 0x8248, 0x12C7, 0x8295, 0x0FC3, 0x8279, 0x1146, 0x81B0, 0x1205, 0x8265, 0x11C3, 0x8279, 0x124C, 0x8282, 0x11D4, 0x8265, 
	0x112F, 0x829F, 0x11AA, 0x8295, 0x1132, 0x82A9, 0x11BF, 0x82C6, 0x113F, 0x8282, 0x1181, 0x826F, 0x1169, 0x8295, 0x120B, 0x826F, 
	0x12A8, 0x82C6, 0x1271, 0x82B2, 0x1311, 0x828C, 0x11DF, 0x8295, 0x1276, 0x829F, 0x1204, 0x82F6, 0x12B0, 0x825C, 0x1306, 0x82E3, 
	0x1255, 0x828C, 0x1242, 0x822C, 0x129F, 0x8279, 0x12D6, 0x82EC, 0x1266, 0x8300, 0x138E, 0x836B, 0x1339, 0x8279, 0x12AE, 0x82E3, 
	0x11D9, 0x82D9, 0x12CB, 0x8344, 0x12C5, 0x8309, 0x12D5, 0x826F, 0x11E9, 0x8327, 0x1293, 0x82D9, 0x1261, 0x8361, 0x1240, 0x82C6, 
	0x125C, 0x836B, 0x12C4, 0x8392, 0x126A, 0x8375, 0x1351, 0x8327, 0x12C7, 0x83C3, 0x12D3, 0x8330, 0x1337, 0x8375, 0x14C9, 0x83CD, 
	0x142E, 0x8375, 0x1370, 0x8439, 0x146D, 0x839C, 0x13DB, 0x8439, 0x13BF, 0x847E, 0x1413, 0x8532, 0x1219, 0x8279, 0x11EC, 0x829F, 
	0x1251, 0x82EC, 0x1262, 0x82F6, 0x11F5, 0x829F, 0x11D7, 0x8279, 0x1241, 0x81C3, 0x11DD, 0x829F, 0x11BA, 0x8265, 0x11D2, 0x8279, 
	0x127F, 0x81F2, 0x1263, 0x820F, 0x11DD, 0x81CC, 0x12D0, 0x823F, 0x11DF, 0x820F, 0x113A, 0x81E9, 0x12B7, 0x81A6, 0x1417, 0x81F2, 
	0x1245, 0x820F, 0x1241, 0x8205, 0x120F, 0x81CC, 0x11FB, 0x813E, 0x11E4, 0x819D, 0x1396, 0x81CC, 0x121B, 0x81D6, 0x1232, 0x81B0, 
	0x12AF, 0x819D, 0x12CA, 0x80FC, 0x125A, 0x8180, 0x124E, 0x8180, 0x126C, 0x816D, 0x130D, 0x80CD, 0x130F, 0x80E9, 0x1321, 0x8151, 
	0x120A, 0x8135, 0x1268, 0x8180, 0x12C1, 0x80D6, 0x136C, 0x809E, 0x12F6, 0x80C4, 0x12B3, 0x818A, 0x1251, 0x810F, 0x123E, 0x813E, 
	0x1274, 0x809E, 0x12A2, 0x8079, 0x1321, 0x8105, 0x120F, 0x8122, 0x1251, 0x80A8, 0x135B, 0x80C4, 0x1250, 0x802E, 0x1248, 0x8082, 
	0x136B, 0x808C, 0x1431, 0x804A, 0x12FD, 0x80C4, 0x1389, 0x8041, 0x135C, 0x8009, 0x13ED, 0x80C4, 0x1261, 0x8079, 0x133F, 0x8079, 
	0x139D, 0x7FD2, 0x1200, 0x7FAD, 0x11C9, 0x8038, 0x12BC, 0x8000, 0x126D, 0x8070, 0x13B0, 0x8066, 0x12A9, 0x8079, 0x1376, 0x8009, 
	0x146F, 0x7FE4, 0x1369, 0x8070, 0x1330, 0x7FF7, 0x1375, 0x804A, 0x1269, 0x8000, 0x1281, 0x8000, 0x12B2, 0x7FF7, 0x1293, 0x8038, 
	0x129E, 0x7FED, 0x1392, 0x8025, 0x1253, 0x7FDB, 0x12E9, 0x7FD2, 0x1242, 0x7FBF, 0x11AC, 0x8009, 0x1258, 0x7F5A, 0x1277, 0x7FDB, 
	0x12D3, 0x7F9A, 0x10E1, 0x7FE4, 0x11A9, 0x7FB6, 0x1180, 0x7FAD, 0x1202, 0x8000, 0x12A3, 0x7FAD, 0x1188, 0x7FD2, 0x1122, 0x7FAD, 
	0x1217, 0x7F51, 0x1091, 0x7F76, 0x11EB, 0x7F88, 0x119D, 0x8000, 0x116B, 0x7F7F, 0x11D4, 0x7FBF, 0x10A3, 0x7F51, 0x11E7, 0x7F6C, 
	0x111E, 0x7FB6, 0x1204, 0x8000, 0x11C1, 0x7F6C, 0x11FC, 0x7FA4, 0x11D2, 0x7F5A, 0x1170, 0x7FF7, 0x1165, 0x7F51, 0x11CE, 0x7FD2, 
	0x11B3, 0x7FA4, 0x11DC, 0x7F51, 0x11C4, 0x7FAD, 0x115F, 0x7FAD, 0x11DA, 0x7F9A, 0x11FB, 0x7FB6, 0x1160, 0x7F23, 0x10E8, 0x7F91, 
	0x1220, 0x7F6C, 0x1289, 0x7F9A, 0x1175, 0x8038, 0x1118, 0x7F76, 0x11B0, 0x7F3F, 0x1203, 0x7FB6, 0x1174, 0x7F7F, 0x1244, 0x7FD2, 
	0x1149, 0x7F76, 0x1198, 0x7F5A, 0x11B8, 0x7F88, 0x1112, 0x7F9A, 0x1208, 0x7F76, 0x1295, 0x7FAD, 0x10B2, 0x7EE3, 0x116F, 0x7F51, 
	0x118B, 0x7F48, 0x1206, 0x7F63, 0x11B9, 0x7F91, 0x1244, 0x7F2C, 0x11CD, 0x7EF6, 0x127B, 0x7F7F, 0x12F9, 0x7FB6, 0x12B8, 0x7FD2, 
	0x121B, 0x7F6C, 0x12F3, 0x7F5A, 0x12ED, 0x7F9A, 0x138A, 0x7F88, 0x129D, 0x7F9A, 0x12F4, 0x7F9A, 0x12A2, 0x7EE3, 0x1299, 0x7F11, 
	0x1264, 0x7F3F, 0x12A9, 0x7F63, 0x1362, 0x7F23, 0x12C9, 0x7E92, 0x12B5, 0x7F2C, 0x1334, 0x7F63, 0x1291, 0x7F63, 0x128F, 0x7F6C, 
	0x1324, 0x7EC8, 0x1439, 0x7F36, 0x1333, 0x7FAD, 0x133D, 0x7F88, 0x117D, 0x7FC9, 0x1296, 0x7F23, 0x132B, 0x7F36, 0x1304, 0x7F7F, 
	0x12E1, 0x7FB6, 0x1252, 0x7FC9, 0x134E, 0x7F6C, 0x122D, 0x7F6C, 0x137D, 0x7F3F, 0x1482, 0x7F88, 0x132F, 0x7F76, 0x14B7, 0x7FA4, 
	0x139C, 0x7FD2, 0x1401, 0x7F63, 0x147B, 0x7FC9, 0x1311, 0x7FDB, 0x13C4, 0x7F5A, 0x13B2, 0x7FE4, 0x1370, 0x7FC9, 0x1365, 0x7FAD, 
	0x13A1, 0x7FA4, 0x13DE, 0x7F9A, 0x135F, 0x7FED, 0x13F5, 0x7F9A, 0x132D, 0x7FBF, 0x1349, 0x7F6C, 0x12CC, 0x7F5A, 0x13B6, 0x8041, 
	0x148D, 0x8025, 0x137D, 0x8009, 0x12DC, 0x7FDB, 0x12D4, 0x7FDB, 0x1313, 0x8041, 0x1367, 0x802E, 0x125C, 0x7FBF, 0x136D, 0x7FC9, 
	0x1259, 0x8041, 0x133B, 0x801C, 0x128A, 0x7FF7, 0x12BB, 0x8054, 0x125B, 0x7FD2, 0x1307, 0x8013, 0x1308, 0x804A, 0x136B, 0x8013, 
	0x1377, 0x805D, 0x127B, 0x8041, 0x130A, 0x8041, 0x12FD, 0x8000, 0x12C4, 0x8025, 0x1242, 0x801C, 0x1371, 0x7FE4, 0x12D1, 0x802E, 
	0x121A, 0x8025, 0x1258, 0x804A, 0x11BD, 0x802E, 0x122A, 0x801C, 0x1176, 0x801C, 0x1214, 0x7FF7, 0x1194, 0x8095, 0x1118, 0x8079, 
	0x1179, 0x8013, 0x123C, 0x808C, 0x1192, 0x8041, 0x1257, 0x80A8, 0x126B, 0x80E0, 0x1268, 0x80BA, 0x114F, 0x809E, 0x12AD, 0x80E9, 
	0x10CD, 0x80F3, 0x102D, 0x80B1, 0x117A, 0x80E9, 0x11DC, 0x810F, 0x11E7, 0x809E, 0x1143, 0x80FC, 0x1136, 0x810F, 0x106D, 0x8105, 
	0x112E, 0x8135, 0x1152, 0x809E, 0x10EB, 0x80C4, 0x11B0, 0x815A, 0x106B, 0x815A, 0x104E, 0x8118, 0x1196, 0x80B1, 0x1124, 0x808C, 
	0x10C2, 0x80F3, 0x10DD, 0x815A, 0x1009, 0x810F, 0x109F, 0x8095, 0x0FC7, 0x80C4, 0x10CE, 0x810F, 0x0FFB, 0x80FC, 0x0FA9, 0x80F3, 
	0x1064, 0x8135, 0x0F1A, 0x80B1, 0x0FC9, 0x80B1, 0x1077, 0x80D6, 0x0F5F, 0x80BA, 0x0FFC, 0x812B, 0x0EFF, 0x80CD, 0x0FB5, 0x810F, 
	0x11E8, 0x826F, 0x127C, 0x82D9, 0x12AA, 0x82D9, 0x12A9, 0x828C, 0x11FE, 0x8279, 0x121B, 0x825C, 0x1285, 0x81B9, 0x1232, 0x82EC, 
	0x123A, 0x826F, 0x1205, 0x8252, 0x1317, 0x81F2, 0x12EB, 0x822C, 0x125C, 0x81FC, 0x12D0, 0x8222, 0x1221, 0x81C3, 0x1211, 0x81C3, 
	0x1320, 0x819D, 0x1496, 0x8222, 0x12BB, 0x822C, 0x1296, 0x8248, 0x12E4, 0x81D6, 0x12D0, 0x8151, 0x12C4, 0x819D, 0x13C5, 0x81E9, 
	0x1303, 0x8193, 0x1298, 0x819D, 0x12D6, 0x812B, 0x135E, 0x816D, 0x12A5, 0x818A, 0x12DD, 0x81B9, 0x124E, 0x8151, 0x12CE, 0x810F, 
	0x1390, 0x808C, 0x12E4, 0x815A, 0x1274, 0x810F, 0x12AC, 0x8122, 0x12D9, 0x80F3, 0x13D5, 0x8147, 0x1371, 0x80CD, 0x12AB, 0x818A, 
	0x1321, 0x80A8, 0x11F5, 0x80B1, 0x1379, 0x80A8, 0x1317, 0x8041, 0x138B, 0x8105, 0x1235, 0x80F3, 0x1272, 0x8079, 0x136A, 0x8105, 
	0x12D0, 0x80A8, 0x12C1, 0x801C, 0x13BD, 0x8066, 0x1512, 0x801C, 0x13A7, 0x8066, 0x13EE, 0x7FF7, 0x1390, 0x8066, 0x13DC, 0x809E, 
	0x129F, 0x8054, 0x1332, 0x8025, 0x13B2, 0x8054, 0x1238, 0x7FDB, 0x11D8, 0x8038, 0x12D2, 0x7FF7, 0x12CC, 0x7FED, 0x1422, 0x7FDB, 
	0x1312, 0x7FF7, 0x13FE, 0x801C, 0x1499, 0x8009, 0x1409, 0x8000, 0x1324, 0x7F76, 0x132A, 0x7FAD, 0x1300, 0x7FD2, 0x12E7, 0x7FDB, 
	0x130A, 0x8000, 0x12D9, 0x802E, 0x131A, 0x804A, 0x1443, 0x8009, 0x125F, 0x7FC9, 0x137E, 0x7FBF, 0x12F4, 0x7FD2, 0x121C, 0x7FBF, 
	0x12B3, 0x7F76, 0x12F3, 0x7FE4, 0x1328, 0x7F7F, 0x11F5, 0x8000, 0x11BB, 0x7F9A, 0x12DD, 0x7F48, 0x11CD, 0x7F88, 0x130B, 0x7FC9, 
	0x119A, 0x7FDB, 0x1188, 0x7F7F, 0x12D3, 0x7F3F, 0x1144, 0x7F6C, 0x1244, 0x7F91, 0x127A, 0x7FED, 0x11FF, 0x7F5A, 0x12EA, 0x7FAD, 
	0x1126, 0x7F9A, 0x123F, 0x7F51, 0x117C, 0x8000, 0x11E4, 0x7F88, 0x1213, 0x7F2C, 0x12D8, 0x7F63, 0x12B2, 0x7F76, 0x11DC, 0x7FAD, 
	0x11E2, 0x7F9A, 0x1246, 0x7F76, 0x11DF, 0x7FB6, 0x11C9, 0x7F3F, 0x12C0, 0x7FAD, 0x11CF, 0x7FB6, 0x1274, 0x7F1A, 0x11B4, 0x7FC9, 
	0x1204, 0x7F3F, 0x1153, 0x7F91, 0x11ED, 0x7FD2, 0x12AF, 0x7F88, 0x1190, 0x7FDB, 0x11ED, 0x7F5A, 0x11BF, 0x7EFF, 0x1267, 0x7FAD, 
	0x1228, 0x7F11, 0x1283, 0x7F9A, 0x11DD, 0x7F11, 0x11BA, 0x7F23, 0x125C, 0x7F6C, 0x123B, 0x7F91, 0x1246, 0x7F88, 0x12CD, 0x7F6C, 
	0x1187, 0x7F11, 0x11F3, 0x7F5A, 0x1269, 0x7F7F, 0x1244, 0x7F48, 0x129C, 0x7F2C, 0x11E0, 0x7EDA, 0x1257, 0x7F11, 0x12B8, 0x7F48, 
	0x130D, 0x7EFF, 0x12E8, 0x7F48, 0x12F1, 0x7F51, 0x12C3, 0x7F63, 0x12B2, 0x7F63, 0x1352, 0x7FF7, 0x13E4, 0x7F63, 0x12D0, 0x7F76, 
	0x136F, 0x7EDA, 0x12F7, 0x7F91, 0x1224, 0x7FC9, 0x131F, 0x7F36, 0x12E2, 0x7F23, 0x1351, 0x7EAD, 0x135B, 0x7F2C, 0x13A6, 0x7F88, 
	0x12BA, 0x7F63, 0x1305, 0x7F2C, 0x13D8, 0x7EBF, 0x143F, 0x7F5A, 0x1303, 0x7F6C, 0x1347, 0x7FAD, 0x123F, 0x7F7F, 0x12FF, 0x7F51, 
	0x134D, 0x7F11, 0x137E, 0x7FC9, 0x131B, 0x7FDB, 0x12D9, 0x7FAD, 0x1367, 0x7F08, 0x131F, 0x7F6C, 0x13D9, 0x7F63, 0x1486, 0x7FBF, 
	0x13C5, 0x7FC9, 0x14C2, 0x7EAD, 0x142A, 0x7FD2, 0x14C9, 0x7F9A, 0x147E, 0x7F36, 0x1384, 0x7FDB, 0x139B, 0x7F88, 0x13F6, 0x7FED, 
	0x1427, 0x7FA4, 0x13C3, 0x7FE4, 0x1456, 0x7FED, 0x14B7, 0x7FB6, 0x13DC, 0x8000, 0x14BF, 0x7F51, 0x1317, 0x7F91, 0x13BA, 0x7FB6, 
	0x1310, 0x7FB6, 0x13BF, 0x7FD2, 0x151C, 0x7FDB, 0x1417, 0x8025, 0x138A, 0x7FAD, 0x1386, 0x8009, 0x13CA, 0x7FB6, 0x1323, 0x802E, 
	0x12E9, 0x7FED, 0x137D, 0x7FC9, 0x12B3, 0x8013, 0x1399, 0x8000, 0x123C, 0x7FBF, 0x1264, 0x7FDB, 0x12FD, 0x7FAD, 0x1378, 0x7FF7, 
	0x1340, 0x802E, 0x133C, 0x7FDB, 0x1370, 0x8025, 0x131E, 0x801C, 0x1366, 0x8025, 0x13DA, 0x8000, 0x12F7, 0x8025, 0x1276, 0x7FA4, 
	0x1408, 0x7FBF, 0x12AC, 0x804A, 0x128E, 0x8038, 0x122F, 0x8025, 0x11EB, 0x7FE4, 0x1392, 0x7FB6, 0x11AF, 0x8025, 0x120F, 0x8070, 
	0x127A, 0x8013, 0x11A9, 0x8025, 0x120E, 0x802E, 0x1253, 0x8082, 0x11CD, 0x8041, 0x12AC, 0x80CD, 0x12AD, 0x80F3, 0x12F8, 0x8079, 
	0x1183, 0x80BA, 0x132D, 0x80A8, 0x1134, 0x80FC, 0x1104, 0x8079, 0x121B, 0x8079, 0x1233, 0x810F, 0x1270, 0x805D, 0x11AD, 0x80F3, 
	0x111C, 0x80E9, 0x1158, 0x80F3, 0x11DF, 0x8147, 0x1186, 0x8095, 0x117D, 0x80E9, 0x11A6, 0x80D6, 0x1138, 0x80E0, 0x107F, 0x815A, 
	0x11B8, 0x8079, 0x11C5, 0x8095, 0x111C, 0x813E, 0x10D7, 0x8082, 0x10D2, 0x8122, 0x1124, 0x8095, 0x1051, 0x80FC, 0x10E3, 0x810F, 
	0x10F2, 0x80A8, 0x0F9B, 0x813E, 0x10CE, 0x8164, 0x0F52, 0x8095, 0x103D, 0x8135, 0x1081, 0x80A8, 0x0FC1, 0x8105, 0x104A, 0x8105, 
	0x0F5A, 0x80E0, 0x0FE0, 0x8135, 0x0FD1, 0x8122, 0x0F4C, 0x815A, 0x0FF4, 0x81C3, 0x0F81, 0x8164, 0x0F9A, 0x8147, 0x10B1, 0x819D, 
	0x0F9D, 0x8164, 0x0F4E, 0x813E, 0x1026, 0x8151, 0x104F, 0x810F, 0x10B5, 0x81A6, 0x1044, 0x816D, 0x10DC, 0x819D, 0x1026, 0x8180, 
	0x1089, 0x8135, 0x0FEE, 0x8205, 0x10CB, 0x8222, 0x1033, 0x81B9, 0x1044, 0x818A, 0x10EF, 0x80F3, 0x1158, 0x81DF, 0x1142, 0x8219, 
	0x1010, 0x81FC, 0x1059, 0x8205, 0x1171, 0x812B, 0x1152, 0x8177, 0x10AB, 0x81B9, 0x110A, 0x81DF, 0x105C, 0x820F, 0x1175, 0x8180, 
	0x1141, 0x813E, 0x11C2, 0x818A, 0x11F0, 0x81E9, 0x11D6, 0x81C3, 0x112D, 0x815A, 0x1177, 0x816D, 0x11BD, 0x8235, 0x11EA, 0x826F, 
	0x1131, 0x8252, 0x121F, 0x816D, 0x1175, 0x8205, 0x11AE, 0x8193, 0x117A, 0x8265, 0x119F, 0x820F, 0x12A0, 0x8180, 0x122C, 0x8219, 
	0x117A, 0x8180, 0x1103, 0x822C, 0x10F8, 0x8205, 0x1138, 0x81D6, 0x1103, 0x81E9, 0x1169, 0x820F, 0x117D, 0x81DF, 0x1188, 0x8279, 
	0x1221, 0x8219, 0x1106, 0x8252, 0x120E, 0x8222, 0x111C, 0x820F, 0x10F9, 0x8248, 0x1208, 0x822C, 0x1264, 0x8235, 0x11F8, 0x8219, 
	0x11E3, 0x82A9, 0x10F3, 0x8205, 0x119F, 0x8252, 0x11F5, 0x8265, 0x114A, 0x826F, 0x1193, 0x8252, 0x118E, 0x81DF, 0x1255, 0x8252, 
	0x122D, 0x822C, 0x12C7, 0x828C, 0x106A, 0x81FC, 0x11D7, 0x8235, 0x1250, 0x8222, 0x1263, 0x8265, 0x1285, 0x8282, 0x1202, 0x820F, 
	0x124C, 0x8282, 0x119B, 0x8235, 0x1148, 0x828C, 0x124F, 0x825C, 0x1187, 0x8279, 0x1248, 0x823F, 0x11E6, 0x823F, 0x128F, 0x8265, 
	0x131A, 0x82F6, 0x130D, 0x82E3, 0x13C6, 0x8295, 0x1230, 0x826F, 0x12FE, 0x82CF, 0x1232, 0x8327, 0x12F4, 0x825C, 0x129B, 0x825C, 
	0x1280, 0x8295, 0x1270, 0x8219, 0x1311, 0x829F, 0x1313, 0x82E3, 0x12DC, 0x82C6, 0x13AA, 0x82F6, 0x137A, 0x82A9, 0x1307, 0x829F, 
	0x12A7, 0x82E3, 0x13AE, 0x82E3, 0x1308, 0x8357, 0x1337, 0x8235, 0x1266, 0x82EC, 0x131B, 0x8300, 0x1301, 0x836B, 0x125C, 0x8344, 
	0x123C, 0x8392, 0x131E, 0x8344, 0x12EC, 0x83A6, 0x1335, 0x8392, 0x1307, 0x83A6, 0x130B, 0x8313, 0x1331, 0x8330, 0x14E5, 0x83B9, 
	0x1467, 0x834E, 0x13E8, 0x842F, 0x14B2, 0x83F4, 0x1448, 0x8425, 0x13F6, 0x8532, 0x1411, 0x8597, 0x11E8, 0x826F, 0x127C, 0x82D9, 
	0x12AA, 0x82D9, 0x12A9, 0x828C, 0x11FE, 0x8279, 0x121B, 0x825C, 0x1285, 0x81B9, 0x1232, 0x82EC, 0x123A, 0x826F, 0x1205, 0x8252, 
	0x1317, 0x81F2, 0x12EB, 0x822C, 0x125C, 0x81FC, 0x12D0, 0x8222, 0x1221, 0x81C3, 0x1211, 0x81C3, 0x1320, 0x819D, 0x1496, 0x8222, 
	0x12BB, 0x822C, 0x1296, 0x8248, 0x12E4, 0x81D6, 0x12D0, 0x8151, 0x12C4, 0x819D, 0x13C5, 0x81E9, 0x1303, 0x8193, 0x1298, 0x819D, 
	0x12D6, 0x812B, 0x135E, 0x816D, 0x12A5, 0x818A, 0x12DD, 0x81B9, 0x124E, 0x8151, 0x12CE, 0x810F, 0x1390, 0x808C, 0x12E4, 0x815A, 
	0x1274, 0x810F, 0x12AC, 0x8122, 0x12D9, 0x80F3, 0x13D5, 0x8147, 0x1371, 0x80CD, 0x12AB, 0x818A, 0x1321, 0x80A8, 0x11F5, 0x80B1, 
	0x1379, 0x80A8, 0x1317, 0x8041, 0x138B, 0x8105, 0x1235, 0x80F3, 0x1272, 0x8079, 0x136A, 0x8105, 0x12D0, 0x80A8, 0x12C1, 0x801C, 
	0x13BD, 0x8066, 0x1512, 0x801C, 0x13A7, 0x8066, 0x13EE, 0x7FF7, 0x1390, 0x8066, 0x13DC, 0x809E, 0x129F, 0x8054, 0x1332, 0x8025, 
	0x13B2, 0x8054, 0x1238, 0x7FDB, 0x11D8, 0x8038, 0x12D2, 0x7FF7, 0x12CC, 0x7FED, 0x1422, 0x7FDB, 0x1312, 0x7FF7, 0x13FE, 0x801C, 
	0x1499, 0x8009, 0x1409, 0x8000, 0x1324, 0x7F76, 0x132A, 0x7FAD, 0x1300, 0x7FD2, 0x12E7, 0x7FDB, 0x130A, 0x8000, 0x12D9, 0x802E, 
	0x131A, 0x804A, 0x1443, 0x8009, 0x125F, 0x7FC9, 0x137E, 0x7FBF, 0x12F4, 0x7FD2, 0x121C, 0x7FBF, 0x12B3, 0x7F76, 0x12F3, 0x7FE4, 
	0x1328, 0x7F7F, 0x11F5, 0x8000, 0x11BB, 0x7F9A, 0x12DD, 0x7F48, 0x11CD, 0x7F88, 0x130B, 0x7FC9, 0x119A, 0x7FDB, 0x1188, 0x7F7F, 
	0x12D3, 0x7F3F, 0x1144, 0x7F6C, 0x1244, 0x7F91, 0x127A, 0x7FED, 0x11FF, 0x7F5A, 0x12EA, 0x7FAD, 0x1126, 0x7F9A, 0x123F, 0x7F51, 
	0x117C, 0x8000, 0x11E4, 0x7F88, 0x1213, 0x7F2C, 0x12D8, 0x7F63, 0x12B2, 0x7F76, 0x11DC, 0x7FAD, 0x11E2, 0x7F9A, 0x1246, 0x7F76, 
	0x11DF, 0x7FB6, 0x11C9, 0x7F3F, 0x12C0, 0x7FAD, 0x11CF, 0x7FB6, 0x1274, 0x7F1A, 0x11B4, 0x7FC9, 0x1204, 0x7F3F, 0x1153, 0x7F91, 
	0x11ED, 0x7FD2, 0x12AF, 0x7F88, 0x1190, 0x7FDB, 0x11ED, 0x7F5A, 0x11BF, 0x7EFF, 0x1267, 0x7FAD, 0x1228, 0x7F11, 0x1283, 0x7F9A, 
	0x11DD, 0x7F11, 0x11BA, 0x7F23, 0x125C, 0x7F6C, 0x123B, 0x7F91, 0x1246, 0x7F88, 0x12CD, 0x7F6C, 0x1187, 0x7F11, 0x11F3, 0x7F5A, 
	0x1269, 0x7F7F, 0x1244, 0x7F48, 0x129C, 0x7F2C, 0x11E0, 0x7EDA, 0x1257, 0x7F11, 0x12B8, 0x7F48, 0x130D, 0x7EFF, 0x12E8, 0x7F48, 
	0x12F1, 0x7F51, 0x12C3, 0x7F63, 0x12B2, 0x7F63, 0x1352, 0x7FF7, 0x13E4, 0x7F63, 0x12D0, 0x7F76, 0x136F, 0x7EDA, 0x12F7, 0x7F91, 
	0x1224, 0x7FC9, 0x131F, 0x7F36, 0x12E2, 0x7F23, 0x1351, 0x7EAD, 0x135B, 0x7F2C, 0x13A6, 0x7F88, 0x12BA, 0x7F63, 0x1305, 0x7F2C, 
	0x13D8, 0x7EBF, 0x143F, 0x7F5A, 0x1303, 0x7F6C, 0x1347, 0x7FAD, 0x123F, 0x7F7F, 0x12FF, 0x7F51, 0x134D, 0x7F11, 0x137E, 0x7FC9, 
	0x131B, 0x7FDB, 0x12D9, 0x7FAD, 0x1367, 0x7F08, 0x131F, 0x7F6C, 0x13D9, 0x7F63, 0x1486, 0x7FBF, 0x13C5, 0x7FC9, 0x14C2, 0x7EAD, 
	0x142A, 0x7FD2, 0x14C9, 0x7F9A, 0x147E, 0x7F36, 0x1384, 0x7FDB, 0x139B, 0x7F88, 0x13F6, 0x7FED, 0x1427, 0x7FA4, 0x13C3, 0x7FE4, 
	0x1456, 0x7FED, 0x14B7, 0x7FB6, 0x13DC, 0x8000, 0x14BF, 0x7F51, 0x1317, 0x7F91, 0x13BA, 0x7FB6, 0x1310, 0x7FB6, 0x13BF, 0x7FD2, 
	0x151C, 0x7FDB, 0x1417, 0x8025, 0x138A, 0x7FAD, 0x1386, 0x8009, 0x13CA, 0x7FB6, 0x1323, 0x802E, 0x12E9, 0x7FED, 0x137D, 0x7FC9, 
	0x12B3, 0x8013, 0x1399, 0x8000, 0x123C, 0x7FBF, 0x1264, 0x7FDB, 0x12FD, 0x7FAD, 0x1378, 0x7FF7, 0x1340, 0x802E, 0x133C, 0x7FDB, 
	0x1370, 0x8025, 0x131E, 0x801C, 0x1366, 0x8025, 0x13DA, 0x8000, 0x12F7, 0x8025, 0x1276, 0x7FA4, 0x1408, 0x7FBF, 0x12AC, 0x804A, 
	0x128E, 0x8038, 0x122F, 0x8025, 0x11EB, 0x7FE4, 0x1392, 0x7FB6, 0x11AF, 0x8025, 0x120F, 0x8070, 0x127A, 0x8013, 0x11A9, 0x8025, 
	0x120E, 0x802E, 0x1253, 0x8082, 0x11CD, 0x8041, 0x12AC, 0x80CD, 0x12AD, 0x80F3, 0x12F8, 0x8079, 0x1183, 0x80BA, 0x132D, 0x80A8, 
	0x1134, 0x80FC, 0x1104, 0x8079, 0x121B, 0x8079, 0x1233, 0x810F, 0x1270, 0x805D, 0x11AD, 0x80F3, 0x111C, 0x80E9, 0x1158, 0x80F3, 
	0x11DF, 0x8147, 0x1186, 0x8095, 0x117D, 0x80E9, 0x11A6, 0x80D6, 0x1138, 0x80E0, 0x107F, 0x815A, 0x11B8, 0x8079, 0x11C5, 0x8095, 
	0x111C, 0x813E, 0x10D7, 0x8082, 0x10D2, 0x8122, 0x1124, 0x8095, 0x1051, 0x80FC, 0x10E3, 0x810F, 0x10F2, 0x80A8, 0x0F9B, 0x813E, 
	0x10CE, 0x8164, 0x0F52, 0x8095, 0x103D, 0x8135, 0x1081, 0x80A8, 0x0FC1, 0x8105, 0x104A, 0x8105, 0x0F5A, 0x80E0, 0x0FE0, 0x8135, 
	0x11FC, 0x825C, 0x121B, 0x82D9, 0x123C, 0x82EC, 0x124D, 0x82EC, 0x115C, 0x825C, 0x1197, 0x8235, 0x1211, 0x823F, 0x1139, 0x8295, 
	0x1225, 0x8282, 0x11C0, 0x828C, 0x11E8, 0x81FC, 0x129A, 0x8252, 0x118A, 0x81DF, 0x122C, 0x8235, 0x1111, 0x81CC, 0x114E, 0x8205, 
	0x12C3, 0x818A, 0x133A, 0x81DF, 0x1215, 0x81D6, 0x11EE, 0x81CC, 0x122A, 0x81C3, 0x1219, 0x816D, 0x11D8, 0x8164, 0x1244, 0x829F, 
	0x122C, 0x819D, 0x1291, 0x816D, 0x11FB, 0x8118, 0x12D3, 0x8164, 0x1241, 0x8193, 0x138A, 0x81C3, 0x1253, 0x813E, 0x11B4, 0x80F3, 
	0x12FA, 0x80FC, 0x12CA, 0x8177, 0x10F7, 0x815A, 0x123D, 0x812B, 0x11FC, 0x80BA, 0x1301, 0x8151, 0x13A9, 0x81F2, 0x121D, 0x816D, 
	0x12F2, 0x80B1, 0x11D9, 0x8095, 0x1271, 0x8105, 0x128B, 0x8122, 0x1231, 0x810F, 0x1269, 0x80D6, 0x122C, 0x80C4, 0x130A, 0x8082, 
	0x11E6, 0x80BA, 0x1285, 0x80E0, 0x13B0, 0x80A8, 0x137B, 0x8070, 0x122E, 0x8041, 0x12BA, 0x8013, 0x12D3, 0x804A, 0x12F1, 0x805D, 
	0x1283, 0x8095, 0x12EF, 0x8070, 0x133B, 0x8070, 0x1239, 0x801C, 0x124E, 0x7FF7, 0x12D0, 0x7FC9, 0x12A6, 0x8025, 0x1361, 0x7FD2, 
	0x1249, 0x8038, 0x1387, 0x8054, 0x1327, 0x7FE4, 0x1372, 0x8082, 0x12E5, 0x7F6C, 0x1266, 0x8013, 0x12B3, 0x7FD2, 0x1278, 0x8025, 
	0x1230, 0x8025, 0x1267, 0x8095, 0x12CC, 0x7FF7, 0x1342, 0x7FF7, 0x1227, 0x7FAD, 0x1307, 0x8041, 0x125C, 0x8025, 0x1141, 0x7F76, 
	0x11A8, 0x7FA4, 0x128C, 0x8013, 0x12A4, 0x7F9A, 0x10C6, 0x8025, 0x118A, 0x7FB6, 0x11DB, 0x7F6C, 0x1111, 0x7F7F, 0x1163, 0x7F91, 
	0x1158, 0x7FD2, 0x1085, 0x7F48, 0x1227, 0x7F51, 0x11A1, 0x7F7F, 0x11F5, 0x7FB6, 0x1225, 0x8070, 0x115B, 0x7FBF, 0x122B, 0x7FC9, 
	0x10BB, 0x7F5A, 0x1158, 0x7F88, 0x112E, 0x8038, 0x1228, 0x8013, 0x1152, 0x7EF6, 0x118A, 0x7FAD, 0x119F, 0x7F51, 0x1157, 0x7FBF, 
	0x1178, 0x7F88, 0x11E2, 0x7F36, 0x1125, 0x7F88, 0x11FC, 0x7F36, 0x123F, 0x7FBF, 0x10FF, 0x7F88, 0x128F, 0x7F6C, 0x11CC, 0x7FD2, 
	0x120E, 0x7F91, 0x119B, 0x7F76, 0x1156, 0x7F91, 0x11F7, 0x7F51, 0x1145, 0x7FDB, 0x114D, 0x7FAD, 0x11B0, 0x7F7F, 0x1215, 0x7FD2, 
	0x1163, 0x7F9A, 0x1209, 0x7FA4, 0x11A0, 0x7F88, 0x11D3, 0x7F36, 0x1194, 0x7FB6, 0x118D, 0x7F7F, 0x11DF, 0x7F3F, 0x1219, 0x7F91, 
	0x112F, 0x7F3F, 0x11A6, 0x7F6C, 0x1184, 0x7F7F, 0x11E1, 0x7F76, 0x12BA, 0x7F36, 0x121B, 0x7F5A, 0x1159, 0x7EF6, 0x12B6, 0x7FA4, 
	0x123E, 0x7F91, 0x130D, 0x7F5A, 0x127A, 0x7F63, 0x12F3, 0x7F2C, 0x1279, 0x7F5A, 0x1235, 0x7FAD, 0x12DE, 0x7F2C, 0x126D, 0x7F5A, 
	0x1291, 0x7F63, 0x1214, 0x7F3F, 0x1213, 0x7FE4, 0x12DF, 0x7F48, 0x12CC, 0x7F1A, 0x129B, 0x7F6C, 0x12B2, 0x7F6C, 0x1288, 0x7F48, 
	0x127F, 0x7F36, 0x12A8, 0x7FD2, 0x1308, 0x7F3F, 0x135F, 0x7FAD, 0x131F, 0x7FB6, 0x137B, 0x7FBF, 0x1203, 0x7FBF, 0x12BA, 0x7F51, 
	0x1338, 0x7F23, 0x12D9, 0x7F6C, 0x12F8, 0x7FBF, 0x12B8, 0x7FA4, 0x12FD, 0x7F48, 0x12FB, 0x7FA4, 0x133E, 0x7F91, 0x13B3, 0x7FED, 
	0x1348, 0x7FBF, 0x13A8, 0x7F36, 0x137B, 0x8013, 0x141C, 0x7F9A, 0x13AA, 0x7FB6, 0x12EF, 0x7FDB, 0x1395, 0x7F88, 0x1376, 0x7F48, 
	0x12E2, 0x7F91, 0x1320, 0x7FA4, 0x135F, 0x7FED, 0x13ED, 0x7F51, 0x1339, 0x7F9A, 0x1331, 0x7FA4, 0x1353, 0x7F91, 0x122E, 0x8038, 
	0x1243, 0x7FAD, 0x1353, 0x7FBF, 0x13D5, 0x8009, 0x13E4, 0x8009, 0x1227, 0x7F91, 0x126D, 0x8038, 0x12F4, 0x8013, 0x12BA, 0x7FDB, 
	0x11CA, 0x7FE4, 0x1332, 0x7FAD, 0x1251, 0x8025, 0x1344, 0x8038, 0x115A, 0x7FD2, 0x11D9, 0x8041, 0x12D2, 0x7FED, 0x1395, 0x7F91, 
	0x12E6, 0x8009, 0x12F7, 0x7FF7, 0x1308, 0x8041, 0x129C, 0x8025, 0x1262, 0x7FED, 0x1322, 0x808C, 0x129E, 0x8054, 0x118A, 0x801C, 
	0x134D, 0x802E, 0x1278, 0x7FF7, 0x120B, 0x8054, 0x11CD, 0x804A, 0x1100, 0x7FDB, 0x132E, 0x7F63, 0x1252, 0x8070, 0x111E, 0x805D, 
	0x11EF, 0x80E9, 0x10CD, 0x8066, 0x113D, 0x8025, 0x11AD, 0x808C, 0x1146, 0x8095, 0x11A5, 0x80E0, 0x116D, 0x805D, 0x1232, 0x80B1, 
	0x1198, 0x80C4, 0x12A7, 0x80A8, 0x10E7, 0x8105, 0x104F, 0x8095, 0x11FB, 0x80B1, 0x11A3, 0x80BA, 0x11A8, 0x80E0, 0x119D, 0x8118, 
	0x1149, 0x80C4, 0x118C, 0x808C, 0x1145, 0x80CD, 0x113A, 0x8105, 0x110A, 0x80F3, 0x114C, 0x818A, 0x1110, 0x80CD, 0x0FFF, 0x818A, 
	0x11C1, 0x8066, 0x1162, 0x8070, 0x1004, 0x8105, 0x1109, 0x8095, 0x1080, 0x80E0, 0x1069, 0x8122, 0x0FCA, 0x80BA, 0x1043, 0x813E, 
	0x0FFF, 0x810F, 0x0F4F, 0x8151, 0x1013, 0x8164, 0x0F6D, 0x8095, 0x0F6A, 0x8151, 0x1095, 0x8118, 0x0EBC, 0x8105, 0x0FE3, 0x8147, 
	0x0EDC, 0x80BA, 0x0FB4, 0x8151, 0x0F63, 0x81F2, 0x0EF9, 0x818A, 0x0F09, 0x8105, 0x0E47, 0x816D, 0x0F6D, 0x81B0, 0x1020, 0x81C3, 
	0x0F9D, 0x81CC, 0x0E1F, 0x818A, 0x0F8C, 0x812B, 0x0FCD, 0x815A, 0x1012, 0x819D, 0x0F8C, 0x81C3, 0x106E, 0x81CC, 0x0EFC, 0x813E, 
	0x0FD0, 0x8180, 0x0FD4, 0x81B9, 0x1099, 0x823F, 0x1092, 0x81D6, 0x100A, 0x81B9, 0x1040, 0x816D, 0x10E8, 0x81C3, 0x0FA5, 0x8282, 
	0x109E, 0x81D6, 0x0FD4, 0x81DF, 0x1114, 0x816D, 0x10E0, 0x8193, 0x10FD, 0x819D, 0x10C8, 0x8205, 0x100A, 0x818A, 0x10BA, 0x816D, 
	0x1099, 0x81B0, 0x11A1, 0x81CC, 0x1170, 0x81D6, 0x118E, 0x8222, 0x1126, 0x8193, 0x117C, 0x81C3, 0x1121, 0x81B9, 0x112F, 0x822C, 
	0x1098, 0x8222, 0x1131, 0x8164, 0x10BD, 0x81E9, 0x11DA, 0x8235, 0x110D, 0x8248, 0x10F8, 0x81D6, 0x11D3, 0x8180, 0x1127, 0x81CC, 
	0x11AD, 0x81DF, 0x1023, 0x81E9, 0x108B, 0x8252, 0x1134, 0x8248, 0x106A, 0x8222, 0x1128, 0x8282, 0x10F0, 0x822C, 0x106E, 0x8219, 
	0x121F, 0x8205, 0x1145, 0x822C, 0x1141, 0x823F, 0x10BB, 0x8252, 0x1006, 0x8282, 0x121F, 0x828C, 0x11DB, 0x8252, 0x120D, 0x822C, 
	0x1171, 0x8279, 0x10EB, 0x81F2, 0x1103, 0x82BC, 0x1178, 0x8265, 0x10D5, 0x825C, 0x10A1, 0x825C, 0x108C, 0x820F, 0x114A, 0x82A9, 
	0x1145, 0x836B, 0x11FB, 0x8248, 0x0FCC, 0x8248, 0x119C, 0x820F, 0x11EC, 0x828C, 0x1187, 0x826F, 0x11BB, 0x82CF, 0x117D, 0x8252, 
	0x1104, 0x8265, 0x1101, 0x8282, 0x10F7, 0x82C6, 0x11C0, 0x8279, 0x111A, 0x8279, 0x11F5, 0x8252, 0x1168, 0x828C, 0x1271, 0x82A9, 
	0x12D0, 0x828C, 0x1245, 0x8279, 0x12D6, 0x828C, 0x1280, 0x82CF, 0x1228, 0x8282, 0x11F7, 0x8357, 0x12F1, 0x8222, 0x1298, 0x829F, 
	0x1210, 0x8279, 0x1291, 0x8279, 0x12E9, 0x8309, 0x1209, 0x82D9, 0x1299, 0x8295, 0x12F6, 0x8309, 0x12A3, 0x82B2, 0x11D9, 0x834E, 
	0x12AC, 0x82D9, 0x129E, 0x8248, 0x12A3, 0x8309, 0x1317, 0x8252, 0x11AE, 0x8309, 0x11E1, 0x8344, 0x123F, 0x8361, 0x1297, 0x82F6, 
	0x133B, 0x833A, 0x1260, 0x834E, 0x1228, 0x83B9, 0x12C6, 0x8361, 0x12C8, 0x8408, 0x12A8, 0x8327, 0x1251, 0x833A, 0x138B, 0x839C, 
	0x13C4, 0x8388, 0x1312, 0x8443, 0x1416, 0x83D7, 0x1328, 0x84BA, 0x13D3, 0x8500, 0x1393, 0x8532, 0x11FC, 0x825C, 0x121B, 0x82D9, 
	0x123C, 0x82EC, 0x124D, 0x82EC, 0x115C, 0x825C, 0x1197, 0x8235, 0x1211, 0x823F, 0x1139, 0x8295, 0x1225, 0x8282, 0x11C0, 0x828C, 
	0x11E8, 0x81FC, 0x129A, 0x8252, 0x118A, 0x81DF, 0x122C, 0x8235, 0x1111, 0x81CC, 0x114E, 0x8205, 0x12C3, 0x818A, 0x133A, 0x81DF, 
	0x1215, 0x81D6, 0x11EE, 0x81CC, 0x122A, 0x81C3, 0x1219, 0x816D, 0x11D8, 0x8164, 0x1244, 0x829F, 0x122C, 0x819D, 0x1291, 0x816D, 
	0x11FB, 0x8118, 0x12D3, 0x8164, 0x1241, 0x8193, 0x138A, 0x81C3, 0x1253, 0x813E, 0x11B4, 0x80F3, 0x12FA, 0x80FC, 0x12CA, 0x8177, 
	0x10F7, 0x815A, 0x123D, 0x812B, 0x11FC, 0x80BA, 0x1301, 0x8151, 0x13A9, 0x81F2, 0x121D, 0x816D, 0x12F2, 0x80B1, 0x11D9, 0x8095, 
	0x1271, 0x8105, 0x128B, 0x8122, 0x1231, 0x810F, 0x1269, 0x80D6, 0x122C, 0x80C4, 0x130A, 0x8082, 0x11E6, 0x80BA, 0x1285, 0x80E0, 
	0x13B0, 0x80A8, 0x137B, 0x8070, 0x122E, 0x8041, 0x12BA, 0x8013, 0x12D3, 0x804A, 0x12F1, 0x805D, 0x1283, 0x8095, 0x12EF, 0x8070, 
	0x133B, 0x8070, 0x1239, 0x801C, 0x124E, 0x7FF7, 0x12D0, 0x7FC9, 0x12A6, 0x8025, 0x1361, 0x7FD2, 0x1249, 0x8038, 0x1387, 0x8054, 
	0x1327, 0x7FE4, 0x1372, 0x8082, 0x12E5, 0x7F6C, 0x1266, 0x8013, 0x12B3, 0x7FD2, 0x1278, 0x8025, 0x1230, 0x8025, 0x1267, 0x8095, 
	0x12CC, 0x7FF7, 0x1342, 0x7FF7, 0x1227, 0x7FAD, 0x1307, 0x8041, 0x125C, 0x8025, 0x1141, 0x7F76, 0x11A8, 0x7FA4, 0x128C, 0x8013, 
	0x12A4, 0x7F9A, 0x10C6, 0x8025, 0x118A, 0x7FB6, 0x11DB, 0x7F6C, 0x1111, 0x7F7F, 0x1163, 0x7F91, 0x1158, 0x7FD2, 0x1085, 0x7F48, 
	0x1227, 0x7F51, 0x11A1, 0x7F7F, 0x11F5, 0x7FB6, 0x1225, 0x8070, 0x115B, 0x7FBF, 0x122B, 0x7FC9, 0x10BB, 0x7F5A, 0x1158, 0x7F88, 
	0x112E, 0x8038, 0x1228, 0x8013, 0x1152, 0x7EF6, 0x118A, 0x7FAD, 0x119F, 0x7F51, 0x1157, 0x7FBF, 0x1178, 0x7F88, 0x11E2, 0x7F36, 
	0x1125, 0x7F88, 0x11FC, 0x7F36, 0x123F, 0x7FBF, 0x10FF, 0x7F88, 0x128F, 0x7F6C, 0x11CC, 0x7FD2, 0x120E, 0x7F91, 0x119B, 0x7F76, 
	0x1156, 0x7F91, 0x11F7, 0x7F51, 0x1145, 0x7FDB, 0x114D, 0x7FAD, 0x11B0, 0x7F7F, 0x1215, 0x7FD2, 0x1163, 0x7F9A, 0x1209, 0x7FA4, 
	0x11A0, 0x7F88, 0x11D3, 0x7F36, 0x1194, 0x7FB6, 0x118D, 0x7F7F, 0x11DF, 0x7F3F, 0x1219, 0x7F91, 0x112F, 0x7F3F, 0x11A6, 0x7F6C, 
	0x1184, 0x7F7F, 0x11E1, 0x7F76, 0x12BA, 0x7F36, 0x121B, 0x7F5A, 0x1159, 0x7EF6, 0x12B6, 0x7FA4, 0x123E, 0x7F91, 0x130D, 0x7F5A, 
	0x127A, 0x7F63, 0x12F3, 0x7F2C, 0x1279, 0x7F5A, 0x1235, 0x7FAD, 0x12DE, 0x7F2C, 0x126D, 0x7F5A, 0x1291, 0x7F63, 0x1214, 0x7F3F, 
	0x1213, 0x7FE4, 0x12DF, 0x7F48, 0x12CC, 0x7F1A, 0x129B, 0x7F6C, 0x12B2, 0x7F6C, 0x1288, 0x7F48, 0x127F, 0x7F36, 0x12A8, 0x7FD2, 
	0x1308, 0x7F3F, 0x135F, 0x7FAD, 0x131F, 0x7FB6, 0x137B, 0x7FBF, 0x1203, 0x7FBF, 0x12BA, 0x7F51, 0x1338, 0x7F23, 0x12D9, 0x7F6C, 
	0x12F8, 0x7FBF, 0x12B8, 0x7FA4, 0x12FD, 0x7F48, 0x12FB, 0x7FA4, 0x133E, 0x7F91, 0x13B3, 0x7FED, 0x1348, 0x7FBF, 0x13A8, 0x7F36, 
	0x137B, 0x8013, 0x141C, 0x7F9A, 0x13AA, 0x7FB6, 0x12EF, 0x7FDB, 0x1395, 0x7F88, 0x1376, 0x7F48, 0x12E2, 0x7F91, 0x1320, 0x7FA4, 
	0x135F, 0x7FED, 0x13ED, 0x7F51, 0x1339, 0x7F9A, 0x1331, 0x7FA4, 0x1353, 0x7F91, 0x122E, 0x8038, 0x1243, 0x7FAD, 0x1353, 0x7FBF, 
	0x13D5, 0x8009, 0x13E4, 0x8009, 0x1227, 0x7F91, 0x126D, 0x8038, 0x12F4, 0x8013, 0x12BA, 0x7FDB, 0x11CA, 0x7FE4, 0x1332, 0x7FAD, 
	0x1251, 0x8025, 0x1344, 0x8038, 0x115A, 0x7FD2, 0x11D9, 0x8041, 0x12D2, 0x7FED, 0x1395, 0x7F91, 0x12E6, 0x8009, 0x12F7, 0x7FF7, 
	0x1308, 0x8041, 0x129C, 0x8025, 0x1262, 0x7FED, 0x1322, 0x808C, 0x129E, 0x8054, 0x118A, 0x801C, 0x134D, 0x802E, 0x1278, 0x7FF7, 
	0x120B, 0x8054, 0x11CD, 0x804A, 0x1100, 0x7FDB, 0x132E, 0x7F63, 0x1252, 0x8070, 0x111E, 0x805D, 0x11EF, 0x80E9, 0x10CD, 0x8066, 
	0x113D, 0x8025, 0x11AD, 0x808C, 0x1146, 0x8095, 0x11A5, 0x80E0, 0x116D, 0x805D, 0x1232, 0x80B1, 0x1198, 0x80C4, 0x12A7, 0x80A8, 
	0x10E7, 0x8105, 0x104F, 0x8095, 0x11FB, 0x80B1, 0x11A3, 0x80BA, 0x11A8, 0x80E0, 0x119D, 0x8118, 0x1149, 0x80C4, 0x118C, 0x808C, 
	0x1145, 0x80CD, 0x113A, 0x8105, 0x110A, 0x80F3, 0x114C, 0x818A, 0x1110, 0x80CD, 0x0FFF, 0x818A, 0x11C1, 0x8066, 0x1162, 0x8070, 
	0x1004, 0x8105, 0x1109, 0x8095, 0x1080, 0x80E0, 0x1069, 0x8122, 0x0FCA, 0x80BA, 0x1043, 0x813E, 0x0FFF, 0x810F, 0x0F4F, 0x8151, 
	0x1013, 0x8164, 0x0F6D, 0x8095, 0x0F6A, 0x8151, 0x1095, 0x8118, 0x0EBC, 0x8105, 0x0FE3, 0x8147, 0x0EDC, 0x80BA, 0x0FB4, 0x8151, 
	0x120B, 0x82B2, 0x1257, 0x8330, 0x1231, 0x8282, 0x12AA, 0x8282, 0x1185, 0x8295, 0x11B2, 0x82D9, 0x12BB, 0x8252, 0x117D, 0x828C, 
	0x120E, 0x82BC, 0x1266, 0x823F, 0x1241, 0x8193, 0x12E9, 0x828C, 0x11E5, 0x81F2, 0x12D2, 0x822C, 0x112B, 0x81CC, 0x11F9, 0x81B0, 
	0x1337, 0x820F, 0x135F, 0x8193, 0x1252, 0x81D6, 0x12AC, 0x8235, 0x120C, 0x8193, 0x12A0, 0x81D6, 0x1201, 0x818A, 0x131C, 0x81A6, 
	0x1294, 0x8180, 0x1351, 0x816D, 0x12CA, 0x8193, 0x133A, 0x815A, 0x1256, 0x8164, 0x13AA, 0x81A6, 0x12E9, 0x815A, 0x12F7, 0x8151, 
	0x1354, 0x80E0, 0x1353, 0x8164, 0x127A, 0x810F, 0x1290, 0x80C4, 0x128C, 0x80CD, 0x1376, 0x8151, 0x1362, 0x80E9, 0x12B7, 0x80FC, 
	0x12D3, 0x80CD, 0x1290, 0x80C4, 0x12E7, 0x812B, 0x132D, 0x8105, 0x12F4, 0x80CD, 0x125C, 0x808C, 0x12E6, 0x8066, 0x138C, 0x8070, 
	0x12F1, 0x80A8, 0x12E0, 0x8079, 0x131D, 0x8070, 0x1442, 0x8041, 0x129B, 0x80B1, 0x138E, 0x8066, 0x1350, 0x809E, 0x133B, 0x8038, 
	0x12E3, 0x8038, 0x13B0, 0x8009, 0x13C8, 0x8000, 0x1272, 0x805D, 0x12DC, 0x7FF7, 0x137C, 0x8095, 0x1372, 0x8013, 0x13F4, 0x8025, 
	0x12FC, 0x7FBF, 0x1432, 0x8000, 0x13A6, 0x7FE4, 0x1393, 0x802E, 0x1399, 0x7FF7, 0x1304, 0x8000, 0x129A, 0x7F76, 0x127E, 0x7F7F, 
	0x122A, 0x7FDB, 0x136D, 0x8009, 0x12CE, 0x7FED, 0x136C, 0x7FBF, 0x11F5, 0x7F7F, 0x12E5, 0x7FD2, 0x12B2, 0x7FDB, 0x118F, 0x7FA4, 
	0x1210, 0x7F3F, 0x12DF, 0x7FB6, 0x131F, 0x7FAD, 0x116C, 0x8000, 0x10FD, 0x7F23, 0x11C4, 0x7F1A, 0x11C9, 0x7FD2, 0x1179, 0x7F88, 
	0x11BE, 0x7FAD, 0x10FE, 0x7F51, 0x1238, 0x7F48, 0x11C7, 0x7F9A, 0x122F, 0x7F5A, 0x1245, 0x8066, 0x1208, 0x7F51, 0x122E, 0x7F51, 
	0x11A5, 0x7FBF, 0x11DB, 0x7FBF, 0x11DB, 0x7F91, 0x12C0, 0x8038, 0x11FA, 0x7F51, 0x124A, 0x7FE4, 0x1190, 0x8013, 0x119E, 0x7FB6, 
	0x122B, 0x7FB6, 0x123F, 0x7F36, 0x11E2, 0x7FAD, 0x1241, 0x7FB6, 0x1289, 0x7FA4, 0x118E, 0x7FB6, 0x12C5, 0x7FA4, 0x11EC, 0x7FED, 
	0x12EA, 0x7F88, 0x1155, 0x7FB6, 0x111A, 0x7FE4, 0x1259, 0x7F91, 0x1189, 0x7F88, 0x113C, 0x7FA4, 0x1200, 0x7F51, 0x1208, 0x7F5A, 
	0x11C0, 0x7F48, 0x11EC, 0x7F5A, 0x127D, 0x7F88, 0x123B, 0x7F23, 0x11CC, 0x7FA4, 0x11B2, 0x7F91, 0x1221, 0x7F3F, 0x12B8, 0x7FBF, 
	0x11A4, 0x7F76, 0x11CF, 0x7F7F, 0x11F0, 0x7F2C, 0x11F6, 0x7FB6, 0x129E, 0x7F5A, 0x12B2, 0x7F3F, 0x1244, 0x7F11, 0x12BE, 0x7F76, 
	0x131D, 0x7F3F, 0x137C, 0x7F6C, 0x12FB, 0x7F7F, 0x133D, 0x7FB6, 0x123F, 0x7F36, 0x12EE, 0x7F48, 0x130A, 0x7F48, 0x126B, 0x7F2C, 
	0x1320, 0x7F63, 0x12FA, 0x7F3F, 0x1242, 0x7FAD, 0x12E1, 0x7F5A, 0x13D9, 0x7F08, 0x136A, 0x7F7F, 0x1369, 0x7F88, 0x1342, 0x7F11, 
	0x132C, 0x7F5A, 0x1294, 0x7EFF, 0x1355, 0x7F3F, 0x13DB, 0x7F7F, 0x133D, 0x7F5A, 0x13AD, 0x7F3F, 0x12FB, 0x7F88, 0x136C, 0x7F63, 
	0x138E, 0x7F36, 0x12EA, 0x7F48, 0x1325, 0x7F5A, 0x12EB, 0x7FAD, 0x1343, 0x7F1A, 0x132E, 0x7F76, 0x139D, 0x7F6C, 0x140F, 0x7FB6, 
	0x13F9, 0x7FAD, 0x13DF, 0x7F6C, 0x13D2, 0x7FD2, 0x144B, 0x7F9A, 0x1422, 0x7F5A, 0x134F, 0x7FAD, 0x13EA, 0x7FB6, 0x13F3, 0x7F88, 
	0x1338, 0x7FED, 0x133F, 0x7FC9, 0x1371, 0x7F51, 0x143D, 0x7FC9, 0x13DB, 0x7FC9, 0x13BD, 0x7FDB, 0x1358, 0x7FED, 0x134B, 0x7FA4, 
	0x130C, 0x7F88, 0x13E1, 0x8025, 0x14A0, 0x7FAD, 0x1404, 0x7FDB, 0x12D9, 0x7F5A, 0x1343, 0x8009, 0x13D3, 0x7FF7, 0x1390, 0x8000, 
	0x125F, 0x8025, 0x13DE, 0x7F91, 0x1266, 0x7FD2, 0x1358, 0x804A, 0x1220, 0x7F91, 0x1242, 0x8009, 0x1388, 0x7F76, 0x130D, 0x7FAD, 
	0x12E3, 0x7FC9, 0x12F3, 0x7FF7, 0x1304, 0x7FF7, 0x12CD, 0x8009, 0x1277, 0x7FC9, 0x134D, 0x804A, 0x1320, 0x8000, 0x1175, 0x7FDB, 
	0x12FB, 0x7FED, 0x12B0, 0x7FF7, 0x1239, 0x8066, 0x1268, 0x8082, 0x11AB, 0x8009, 0x12EF, 0x8013, 0x12D2, 0x808C, 0x11AF, 0x804A, 
	0x1218, 0x8095, 0x10D4, 0x8038, 0x11E1, 0x8000, 0x124E, 0x8054, 0x1187, 0x805D, 0x125A, 0x80E0, 0x1191, 0x8095, 0x1255, 0x808C, 
	0x1224, 0x80B1, 0x12F9, 0x80E9, 0x11D7, 0x8122, 0x1111, 0x8070, 0x1207, 0x804A, 0x1232, 0x8095, 0x11B7, 0x80C4, 0x11DD, 0x80A8, 
	0x1161, 0x8122, 0x122A, 0x808C, 0x11F1, 0x80E9, 0x1188, 0x80D6, 0x1131, 0x8151, 0x122A, 0x80E9, 0x1125, 0x80B1, 0x1020, 0x80E9, 
	0x1217, 0x80E0, 0x116E, 0x805D, 0x10ED, 0x812B, 0x1136, 0x809E, 0x10EC, 0x80FC, 0x10CC, 0x80F3, 0x10AE, 0x812B, 0x1085, 0x8135, 
	0x1058, 0x8095, 0x0FE1, 0x80D6, 0x10B4, 0x818A, 0x0FAC, 0x8118, 0x0FF1, 0x8135, 0x10DD, 0x80D6, 0x101F, 0x80F3, 0x109B, 0x815A, 
	0x0F2F, 0x8105, 0x10B5, 0x8180, 0x0FB5, 0x8151, 0x0F9C, 0x8105, 0x0F9C, 0x818A, 0x0EC9, 0x81B9, 0x0FDF, 0x81E9, 0x0FCD, 0x81B9, 
	0x0FC1, 0x81B9, 0x0F31, 0x8147, 0x0FD6, 0x818A, 0x105C, 0x816D, 0x1088, 0x81B0, 0x100A, 0x81A6, 0x10B8, 0x8180, 0x1033, 0x813E, 
	0x1015, 0x81D6, 0x102F, 0x81D6, 0x10FA, 0x8219, 0x1106, 0x81DF, 0x100D, 0x81F2, 0x10C0, 0x81A6, 0x1138, 0x81B9, 0x1069, 0x81F2, 
	0x10B7, 0x81C3, 0x0FFB, 0x81CC, 0x11A0, 0x81D6, 0x10FB, 0x81DF, 0x112B, 0x819D, 0x10C4, 0x822C, 0x10D0, 0x8193, 0x10B9, 0x81A6, 
	0x1142, 0x81DF, 0x124E, 0x81FC, 0x11FC, 0x81E9, 0x1217, 0x81D6, 0x1157, 0x8177, 0x11C5, 0x8193, 0x1184, 0x8193, 0x11CF, 0x820F, 
	0x1112, 0x820F, 0x11D9, 0x819D, 0x1137, 0x8219, 0x124A, 0x826F, 0x1123, 0x8235, 0x11D1, 0x8219, 0x1237, 0x820F, 0x116D, 0x8265, 
	0x126C, 0x822C, 0x10A0, 0x818A, 0x1121, 0x820F, 0x125A, 0x8219, 0x1092, 0x81D6, 0x1183, 0x822C, 0x110E, 0x8205, 0x1114, 0x81E9, 
	0x1245, 0x81E9, 0x1179, 0x8205, 0x11BE, 0x8248, 0x1173, 0x8265, 0x1066, 0x81C3, 0x11FB, 0x820F, 0x11E2, 0x825C, 0x11EF, 0x8295, 
	0x11E5, 0x8279, 0x1174, 0x8180, 0x1171, 0x822C, 0x11E1, 0x8235, 0x1182, 0x8248, 0x110C, 0x825C, 0x110A, 0x8222, 0x1167, 0x8252, 
	0x116A, 0x820F, 0x12AC, 0x8282, 0x1013, 0x8279, 0x11D6, 0x8193, 0x1188, 0x820F, 0x1164, 0x8222, 0x12A6, 0x8295, 0x117F, 0x8222, 
	0x113D, 0x8248, 0x11A5, 0x823F, 0x1180, 0x82BC, 0x1295, 0x8309, 0x11C5, 0x82A9, 0x11F8, 0x8282, 0x1206, 0x8235, 0x12C5, 0x82B2, 
	0x13AE, 0x8300, 0x1297, 0x8282, 0x1372, 0x8279, 0x1313, 0x828C, 0x12E2, 0x826F, 0x1268, 0x831D, 0x12EF, 0x82A9, 0x129A, 0x82A9, 
	0x125D, 0x82D9, 0x126A, 0x8279, 0x131F, 0x82E3, 0x12B3, 0x82CF, 0x1301, 0x8282, 0x130C, 0x82E3, 0x1350, 0x82D9, 0x12A6, 0x8313, 
	0x12F4, 0x8313, 0x12F2, 0x8248, 0x1359, 0x833A, 0x1325, 0x82F6, 0x1289, 0x8309, 0x123E, 0x833A, 0x12C8, 0x831D, 0x133C, 0x8357, 
	0x1382, 0x8392, 0x1253, 0x8357, 0x1255, 0x83A6, 0x131C, 0x82F6, 0x135B, 0x839C, 0x1381, 0x834E, 0x137F, 0x83A6, 0x13ED, 0x83E0, 
	0x140A, 0x836B, 0x13E8, 0x8408, 0x14BE, 0x842F, 0x139F, 0x8443, 0x1452, 0x8546, 0x141E, 0x84EC, 0x120B, 0x82B2, 0x1257, 0x8330, 
	0x1231, 0x8282, 0x12AA, 0x8282, 0x1185, 0x8295, 0x11B2, 0x82D9, 0x12BB, 0x8252, 0x117D, 0x828C, 0x120E, 0x82BC, 0x1266, 0x823F, 
	0x1241, 0x8193, 0x12E9, 0x828C, 0x11E5, 0x81F2, 0x12D2, 0x822C, 0x112B, 0x81CC, 0x11F9, 0x81B0, 0x1337, 0x820F, 0x135F, 0x8193, 
	0x1252, 0x81D6, 0x12AC, 0x8235, 0x120C, 0x8193, 0x12A0, 0x81D6, 0x1201, 0x818A, 0x131C, 0x81A6, 0x1294, 0x8180, 0x1351, 0x816D, 
	0x12CA, 0x8193, 0x133A, 0x815A, 0x1256, 0x8164, 0x13AA, 0x81A6, 0x12E9, 0x815A, 0x12F7, 0x8151, 0x1354, 0x80E0, 0x1353, 0x8164, 
	0x127A, 0x810F, 0x1290, 0x80C4, 0x128C, 0x80CD, 0x1376, 0x8151, 0x1362, 0x80E9, 0x12B7, 0x80FC, 0x12D3, 0x80CD, 0x1290, 0x80C4, 
	0x12E7, 0x812B, 0x132D, 0x8105, 0x12F4, 0x80CD, 0x125C, 0x808C, 0x12E6, 0x8066, 0x138C, 0x8070, 0x12F1, 0x80A8, 0x12E0, 0x8079, 
	0x131D, 0x8070, 0x1442, 0x8041, 0x129B, 0x80B1, 0x138E, 0x8066, 0x1350, 0x809E, 0x133B, 0x8038, 0x12E3, 0x8038, 0x13B0, 0x8009, 
	0x13C8, 0x8000, 0x1272, 0x805D, 0x12DC, 0x7FF7, 0x137C, 0x8095, 0x1372, 0x8013, 0x13F4, 0x8025, 0x12FC, 0x7FBF, 0x1432, 0x8000, 
	0x13A6, 0x7FE4, 0x1393, 0x802E, 0x1399, 0x7FF7, 0x1304, 0x8000, 0x129A, 0x7F76, 0x127E, 0x7F7F, 0x122A, 0x7FDB, 0x136D, 0x8009, 
	0x12CE, 0x7FED, 0x136C, 0x7FBF, 0x11F5, 0x7F7F, 0x12E5, 0x7FD2, 0x12B2, 0x7FDB, 0x118F, 0x7FA4, 0x1210, 0x7F3F, 0x12DF, 0x7FB6, 
	0x131F, 0x7FAD, 0x116C, 0x8000, 0x10FD, 0x7F23, 0x11C4, 0x7F1A, 0x11C9, 0x7FD2, 0x1179, 0x7F88, 0x11BE, 0x7FAD, 0x10FE, 0x7F51, 
	0x1238, 0x7F48, 0x11C7, 0x7F9A, 0x122F, 0x7F5A, 0x1245, 0x8066, 0x1208, 0x7F51, 0x122E, 0x7F51, 0x11A5, 0x7FBF, 0x11DB, 0x7FBF, 
	0x11DB, 0x7F91, 0x12C0, 0x8038, 0x11FA, 0x7F51, 0x124A, 0x7FE4, 0x1190, 0x8013, 0x119E, 0x7FB6, 0x122B, 0x7FB6, 0x123F, 0x7F36, 
	0x11E2, 0x7FAD, 0x1241, 0x7FB6, 0x1289, 0x7FA4, 0x118E, 0x7FB6, 0x12C5, 0x7FA4, 0x11EC, 0x7FED, 0x12EA, 0x7F88, 0x1155, 0x7FB6, 
	0x111A, 0x7FE4, 0x1259, 0x7F91, 0x1189, 0x7F88, 0x113C, 0x7FA4, 0x1200, 0x7F51, 0x1208, 0x7F5A, 0x11C0, 0x7F48, 0x11EC, 0x7F5A, 
	0x127D, 0x7F88, 0x123B, 0x7F23, 0x11CC, 0x7FA4, 0x11B2, 0x7F91, 0x1221, 0x7F3F, 0x12B8, 0x7FBF, 0x11A4, 0x7F76, 0x11CF, 0x7F7F, 
	0x11F0, 0x7F2C, 0x11F6, 0x7FB6, 0x129E, 0x7F5A, 0x12B2, 0x7F3F, 0x1244, 0x7F11, 0x12BE, 0x7F76, 0x131D, 0x7F3F, 0x137C, 0x7F6C, 
	0x12FB, 0x7F7F, 0x133D, 0x7FB6, 0x123F, 0x7F36, 0x12EE, 0x7F48, 0x130A, 0x7F48, 0x126B, 0x7F2C, 0x1320, 0x7F63, 0x12FA, 0x7F3F, 
	0x1242, 0x7FAD, 0x12E1, 0x7F5A, 0x13D9, 0x7F08, 0x136A, 0x7F7F, 0x1369, 0x7F88, 0x1342, 0x7F11, 0x132C, 0x7F5A, 0x1294, 0x7EFF, 
	0x1355, 0x7F3F, 0x13DB, 0x7F7F, 0x133D, 0x7F5A, 0x13AD, 0x7F3F, 0x12FB, 0x7F88, 0x136C, 0x7F63, 0x138E, 0x7F36, 0x12EA, 0x7F48, 
	0x1325, 0x7F5A, 0x12EB, 0x7FAD, 0x1343, 0x7F1A, 0x132E, 0x7F76, 0x139D, 0x7F6C, 0x140F, 0x7FB6, 0x13F9, 0x7FAD, 0x13DF, 0x7F6C, 
	0x13D2, 0x7FD2, 0x144B, 0x7F9A, 0x1422, 0x7F5A, 0x134F, 0x7FAD, 0x13EA, 0x7FB6, 0x13F3, 0x7F88, 0x1338, 0x7FED, 0x133F, 0x7FC9, 
	0x1371, 0x7F51, 0x143D, 0x7FC9, 0x13DB, 0x7FC9, 0x13BD, 0x7FDB, 0x1358, 0x7FED, 0x134B, 0x7FA4, 0x130C, 0x7F88, 0x13E1, 0x8025, 
	0x14A0, 0x7FAD, 0x1404, 0x7FDB, 0x12D9, 0x7F5A, 0x1343, 0x8009, 0x13D3, 0x7FF7, 0x1390, 0x8000, 0x125F, 0x8025, 0x13DE, 0x7F91, 
	0x1266, 0x7FD2, 0x1358, 0x804A, 0x1220, 0x7F91, 0x1242, 0x8009, 0x1388, 0x7F76, 0x130D, 0x7FAD, 0x12E3, 0x7FC9, 0x12F3, 0x7FF7, 
	0x1304, 0x7FF7, 0x12CD, 0x8009, 0x1277, 0x7FC9, 0x134D, 0x804A, 0x1320, 0x8000, 0x1175, 0x7FDB, 0x12FB, 0x7FED, 0x12B0, 0x7FF7, 
	0x1239, 0x8066, 0x1268, 0x8082, 0x11AB, 0x8009, 0x12EF, 0x8013, 0x12D2, 0x808C, 0x11AF, 0x804A, 0x1218, 0x8095, 0x10D4, 0x8038, 
	0x11E1, 0x8000, 0x124E, 0x8054, 0x1187, 0x805D, 0x125A, 0x80E0, 0x1191, 0x8095, 0x1255, 0x808C, 0x1224, 0x80B1, 0x12F9, 0x80E9, 
	0x11D7, 0x8122, 0x1111, 0x8070, 0x1207, 0x804A, 0x1232, 0x8095, 0x11B7, 0x80C4, 0x11DD, 0x80A8, 0x1161, 0x8122, 0x122A, 0x808C, 
	0x11F1, 0x80E9, 0x1188, 0x80D6, 0x1131, 0x8151, 0x122A, 0x80E9, 0x1125, 0x80B1, 0x1020, 0x80E9, 0x1217, 0x80E0, 0x116E, 0x805D, 
	0x10ED, 0x812B, 0x1136, 0x809E, 0x10EC, 0x80FC, 0x10CC, 0x80F3, 0x10AE, 0x812B, 0x1085, 0x8135, 0x1058, 0x8095, 0x0FE1, 0x80D6, 
	0x10B4, 0x818A, 0x0FAC, 0x8118, 0x0FF1, 0x8135, 0x10DD, 0x80D6, 0x101F, 0x80F3, 0x109B, 0x815A, 0x0F2F, 0x8105, 0x10B5, 0x8180, 
	0x125D, 0x82CF, 0x11CC, 0x828C, 0x1278, 0x829F, 0x11F6, 0x829F, 0x10AA, 0x822C, 0x1143, 0x820F, 0x1246, 0x8265, 0x1185, 0x8235, 
	0x1196, 0x8265, 0x127A, 0x822C, 0x11EF, 0x818A, 0x12C1, 0x8282, 0x10EC, 0x81C3, 0x11D5, 0x8235, 0x126D, 0x818A, 0x1107, 0x81DF, 
	0x12B8, 0x81B9, 0x12CE, 0x81B9, 0x11A5, 0x8151, 0x121F, 0x820F, 0x11FA, 0x8193, 0x1221, 0x81FC, 0x11B2, 0x81A6, 0x12F6, 0x81A6, 
	0x1265, 0x80E9, 0x1327, 0x8135, 0x12CB, 0x815A, 0x1284, 0x81B9, 0x1196, 0x815A, 0x12BE, 0x8147, 0x128F, 0x8177, 0x127A, 0x8164, 
	0x12D3, 0x80FC, 0x1290, 0x812B, 0x1221, 0x80E9, 0x1274, 0x8122, 0x12A8, 0x810F, 0x12BF, 0x815A, 0x12D6, 0x8105, 0x12B9, 0x80F3, 
	0x12A8, 0x80B1, 0x12A7, 0x80BA, 0x128E, 0x8105, 0x1212, 0x80F3, 0x1279, 0x80CD, 0x124E, 0x80CD, 0x119D, 0x80CD, 0x12CA, 0x80D6, 
	0x1207, 0x80B1, 0x1274, 0x8095, 0x1305, 0x8082, 0x13D7, 0x8070, 0x12EF, 0x8041, 0x12E5, 0x8025, 0x1306, 0x80BA, 0x1271, 0x7FF7, 
	0x127F, 0x8070, 0x1262, 0x8038, 0x1317, 0x7FED, 0x123D, 0x808C, 0x122D, 0x7FDB, 0x130B, 0x8054, 0x1361, 0x8041, 0x135F, 0x7FBF, 
	0x129F, 0x7FED, 0x1373, 0x7FDB, 0x133E, 0x8041, 0x129D, 0x8038, 0x123E, 0x7F48, 0x12EE, 0x7FE4, 0x12C9, 0x7F6C, 0x1273, 0x7FAD, 
	0x1240, 0x8009, 0x137D, 0x8041, 0x11FF, 0x7FB6, 0x1352, 0x7FDB, 0x1201, 0x7FED, 0x12F0, 0x7FE4, 0x12A8, 0x7FED, 0x11C8, 0x7F7F, 
	0x1222, 0x7FA4, 0x12B1, 0x7FD2, 0x11DB, 0x7FBF, 0x11AA, 0x7F7F, 0x0FF3, 0x7F5A, 0x11E0, 0x7F5A, 0x11B3, 0x8041, 0x1218, 0x7F7F, 
	0x10DE, 0x7F2C, 0x1154, 0x7F63, 0x1251, 0x7F1A, 0x116C, 0x7FAD, 0x128A, 0x7F9A, 0x112E, 0x7FF7, 0x113E, 0x7F91, 0x1197, 0x7F88, 
	0x1082, 0x8000, 0x1176, 0x7FED, 0x1105, 0x7FAD, 0x1284, 0x7FE4, 0x11B1, 0x7F5A, 0x1272, 0x7FAD, 0x11E8, 0x7F51, 0x10D6, 0x7F9A, 
	0x10E9, 0x7F76, 0x11A9, 0x7F9A, 0x10E7, 0x7F6C, 0x11A0, 0x7F91, 0x1197, 0x7FA4, 0x11CE, 0x7FA4, 0x1248, 0x7F6C, 0x1196, 0x7F5A, 
	0x11D3, 0x7F76, 0x1195, 0x7FF7, 0x111E, 0x7FAD, 0x11F6, 0x7F63, 0x11BE, 0x8000, 0x114B, 0x7FD2, 0x11B0, 0x7F76, 0x126D, 0x7F7F, 
	0x1127, 0x7F23, 0x11ED, 0x7F2C, 0x1208, 0x7F6C, 0x119A, 0x7F36, 0x11A8, 0x7FA4, 0x1199, 0x7FA4, 0x1207, 0x7F63, 0x1236, 0x7FBF, 
	0x1158, 0x7F1A, 0x114C, 0x7F63, 0x10C6, 0x7F5A, 0x1200, 0x7F76, 0x120A, 0x7F08, 0x1166, 0x7F5A, 0x1196, 0x7F2C, 0x11A9, 0x7FA4, 
	0x11BF, 0x7F2C, 0x12A4, 0x7F91, 0x1219, 0x7F6C, 0x12DB, 0x7F88, 0x128A, 0x7E80, 0x1208, 0x7F76, 0x12C1, 0x7F91, 0x1220, 0x7F63, 
	0x12A9, 0x7F76, 0x1225, 0x7F48, 0x11F8, 0x7F91, 0x1272, 0x7F2C, 0x12D0, 0x7F2C, 0x1340, 0x7F7F, 0x12F3, 0x7F3F, 0x1291, 0x7F76, 
	0x12D9, 0x7F63, 0x126F, 0x7F48, 0x13B0, 0x7EEC, 0x13C2, 0x7FAD, 0x12CF, 0x7F3F, 0x1347, 0x7F48, 0x1216, 0x7FA4, 0x1358, 0x7F9A, 
	0x12F1, 0x7F3F, 0x12E6, 0x7F76, 0x1296, 0x7F91, 0x133D, 0x7FC9, 0x12B7, 0x7F48, 0x11E9, 0x7FC9, 0x137E, 0x7FDB, 0x1414, 0x7FB6, 
	0x139E, 0x7F76, 0x13C4, 0x7F48, 0x12DF, 0x7F91, 0x13EF, 0x7FDB, 0x137E, 0x7FAD, 0x12BD, 0x7F88, 0x1345, 0x7F88, 0x132D, 0x7F9A, 
	0x1397, 0x7FAD, 0x1371, 0x8025, 0x133A, 0x7FA4, 0x1483, 0x7FBF, 0x12F2, 0x7FED, 0x1373, 0x7F6C, 0x12DE, 0x7FA4, 0x128B, 0x7FAD, 
	0x12DD, 0x8009, 0x1265, 0x7FC9, 0x1411, 0x7FAD, 0x146D, 0x7FED, 0x12AC, 0x7F76, 0x12F5, 0x7FDB, 0x1372, 0x801C, 0x1333, 0x8013, 
	0x124F, 0x8013, 0x13AA, 0x7F91, 0x126C, 0x8000, 0x1304, 0x804A, 0x123B, 0x7F5A, 0x1228, 0x801C, 0x129F, 0x7FBF, 0x12E6, 0x7FE4, 
	0x125E, 0x8025, 0x131A, 0x7F7F, 0x1273, 0x7FF7, 0x12B2, 0x7FAD, 0x12A5, 0x7FF7, 0x1300, 0x8054, 0x1278, 0x8000, 0x116F, 0x7FA4, 
	0x12B6, 0x7FB6, 0x1187, 0x7FF7, 0x123D, 0x8009, 0x11F1, 0x8066, 0x1141, 0x8013, 0x1365, 0x805D, 0x12B6, 0x8079, 0x1175, 0x8070, 
	0x12E9, 0x80BA, 0x10BC, 0x801C, 0x111C, 0x8025, 0x1224, 0x80B1, 0x11A0, 0x804A, 0x1173, 0x80A8, 0x1167, 0x80D6, 0x1243, 0x7FED, 
	0x1206, 0x8118, 0x1313, 0x80BA, 0x1051, 0x810F, 0x1065, 0x815A, 0x122C, 0x8095, 0x1189, 0x80BA, 0x112A, 0x8135, 0x1157, 0x80FC, 
	0x115A, 0x8105, 0x113E, 0x80B1, 0x114D, 0x810F, 0x110C, 0x80F3, 0x10D7, 0x8164, 0x11E6, 0x80F3, 0x1091, 0x80A8, 0x0F8F, 0x8105, 
	0x1184, 0x810F, 0x1143, 0x809E, 0x1067, 0x80C4, 0x10A6, 0x80CD, 0x1028, 0x81CC, 0x1063, 0x80E9, 0x101E, 0x80CD, 0x10BA, 0x8147, 
	0x1046, 0x80FC, 0x0FAF, 0x8118, 0x1029, 0x8118, 0x0F52, 0x813E, 0x0EF8, 0x8105, 0x10BC, 0x810F, 0x104E, 0x80C4, 0x0FBB, 0x8177, 
	0x0E6D, 0x8118, 0x0FC9, 0x815A, 0x0F95, 0x810F, 0x102B, 0x8105, 0x0F5F, 0x8193, 0x0E74, 0x81DF, 0x0FCC, 0x8219, 0x0F9E, 0x8164, 
	0x0F40, 0x81A6, 0x0F69, 0x81B9, 0x0F72, 0x8164, 0x1043, 0x8164, 0x102F, 0x819D, 0x0FA0, 0x81B0, 0x0FEB, 0x81B0, 0x0F6E, 0x81D6, 
	0x0FB6, 0x81CC, 0x0FA4, 0x8222, 0x0FE2, 0x81A6, 0x10E3, 0x81E9, 0x100A, 0x820F, 0x10A9, 0x8180, 0x110C, 0x81F2, 0x0FA2, 0x81B0, 
	0x0FE2, 0x81F2, 0x0FF9, 0x81CC, 0x1121, 0x81A6, 0x10D7, 0x820F, 0x1120, 0x81CC, 0x10BE, 0x8219, 0x1064, 0x81E9, 0x1064, 0x820F, 
	0x10C2, 0x81D6, 0x1158, 0x81E9, 0x1148, 0x81E9, 0x116F, 0x8205, 0x10D1, 0x816D, 0x10DB, 0x81C3, 0x10D4, 0x8252, 0x10C7, 0x81D6, 
	0x109A, 0x81F2, 0x11D2, 0x81FC, 0x113A, 0x8235, 0x11C9, 0x8235, 0x110D, 0x823F, 0x10F8, 0x8205, 0x1237, 0x825C, 0x115C, 0x823F, 
	0x1159, 0x8205, 0x1010, 0x81DF, 0x10CA, 0x81C3, 0x10E7, 0x8219, 0x110A, 0x8222, 0x113F, 0x823F, 0x1146, 0x8265, 0x1100, 0x819D, 
	0x11E6, 0x81FC, 0x1190, 0x8279, 0x1114, 0x81E9, 0x1115, 0x8235, 0x104C, 0x8219, 0x116D, 0x828C, 0x1198, 0x823F, 0x1198, 0x8282, 
	0x10FF, 0x828C, 0x1119, 0x81FC, 0x1124, 0x82C6, 0x119A, 0x8265, 0x10C4, 0x8222, 0x10CE, 0x828C, 0x1089, 0x825C, 0x10F2, 0x8235, 
	0x10D1, 0x828C, 0x11B7, 0x82A9, 0x0FBA, 0x8282, 0x1127, 0x8205, 0x1173, 0x8248, 0x118F, 0x8265, 0x11B6, 0x8265, 0x10B7, 0x822C, 
	0x114C, 0x825C, 0x10E4, 0x8282, 0x1178, 0x82E3, 0x117B, 0x82BC, 0x1137, 0x826F, 0x1114, 0x8265, 0x10F8, 0x828C, 0x126C, 0x8282, 
	0x12B2, 0x82EC, 0x1291, 0x828C, 0x12FD, 0x829F, 0x121A, 0x82C6, 0x11D4, 0x82C6, 0x11BC, 0x82CF, 0x12D0, 0x82CF, 0x12B7, 0x82D9, 
	0x124A, 0x8282, 0x121B, 0x828C, 0x1291, 0x8248, 0x1260, 0x82A9, 0x1211, 0x8248, 0x1329, 0x82CF, 0x1384, 0x82D9, 0x1268, 0x82CF, 
	0x11CB, 0x82BC, 0x130E, 0x82C6, 0x12BF, 0x82EC, 0x12ED, 0x831D, 0x12B5, 0x8309, 0x122C, 0x82E3, 0x1238, 0x8309, 0x119B, 0x8344, 
	0x12BF, 0x83E0, 0x1267, 0x8330, 0x12CC, 0x83CD, 0x1328, 0x82E3, 0x12CA, 0x8375, 0x135A, 0x836B, 0x1374, 0x836B, 0x141C, 0x8392, 
	0x137E, 0x837E, 0x12CF, 0x8439, 0x13D4, 0x847E, 0x138A, 0x8461, 0x13DD, 0x850A, 0x13CD, 0x8500, 0x125D, 0x82CF, 0x11CC, 0x828C, 
	0x1278, 0x829F, 0x11F6, 0x829F, 0x10AA, 0x822C, 0x1143, 0x820F, 0x1246, 0x8265, 0x1185, 0x8235, 0x1196, 0x8265, 0x127A, 0x822C, 
	0x11EF, 0x818A, 0x12C1, 0x8282, 0x10EC, 0x81C3, 0x11D5, 0x8235, 0x126D, 0x818A, 0x1107, 0x81DF, 0x12B8, 0x81B9, 0x12CE, 0x81B9, 
	0x11A5, 0x8151, 0x121F, 0x820F, 0x11FA, 0x8193, 0x1221, 0x81FC, 0x11B2, 0x81A6, 0x12F6, 0x81A6, 0x1265, 0x80E9, 0x1327, 0x8135, 
	0x12CB, 0x815A, 0x1284, 0x81B9, 0x1196, 0x815A, 0x12BE, 0x8147, 0x128F, 0x8177, 0x127A, 0x8164, 0x12D3, 0x80FC, 0x1290, 0x812B, 
	0x1221, 0x80E9, 0x1274, 0x8122, 0x12A8, 0x810F, 0x12BF, 0x815A, 0x12D6, 0x8105, 0x12B9, 0x80F3, 0x12A8, 0x80B1, 0x12A7, 0x80BA, 
	0x128E, 0x8105, 0x1212, 0x80F3, 0x1279, 0x80CD, 0x124E, 0x80CD, 0x119D, 0x80CD, 0x12CA, 0x80D6, 0x1207, 0x80B1, 0x1274, 0x8095, 
	0x1305, 0x8082, 0x13D7, 0x8070, 0x12EF, 0x8041, 0x12E5, 0x8025, 0x1306, 0x80BA, 0x1271, 0x7FF7, 0x127F, 0x8070, 0x1262, 0x8038, 
	0x1317, 0x7FED, 0x123D, 0x808C, 0x122D, 0x7FDB, 0x130B, 0x8054, 0x1361, 0x8041, 0x135F, 0x7FBF, 0x129F, 0x7FED, 0x1373, 0x7FDB, 
	0x133E, 0x8041, 0x129D, 0x8038, 0x123E, 0x7F48, 0x12EE, 0x7FE4, 0x12C9, 0x7F6C, 0x1273, 0x7FAD, 0x1240, 0x8009, 0x137D, 0x8041, 
	0x11FF, 0x7FB6, 0x1352, 0x7FDB, 0x1201, 0x7FED, 0x12F0, 0x7FE4, 0x12A8, 0x7FED, 0x11C8, 0x7F7F, 0x1222, 0x7FA4, 0x12B1, 0x7FD2, 
	0x11DB, 0x7FBF, 0x11AA, 0x7F7F, 0x0FF3, 0x7F5A, 0x11E0, 0x7F5A, 0x11B3, 0x8041, 0x1218, 0x7F7F, 0x10DE, 0x7F2C, 0x1154, 0x7F63, 
	0x1251, 0x7F1A, 0x116C, 0x7FAD, 0x128A, 0x7F9A, 0x112E, 0x7FF7, 0x113E, 0x7F91, 0x1197, 0x7F88, 0x1082, 0x8000, 0x1176, 0x7FED, 
	0x1105, 0x7FAD, 0x1284, 0x7FE4, 0x11B1, 0x7F5A, 0x1272, 0x7FAD, 0x11E8, 0x7F51, 0x10D6, 0x7F9A, 0x10E9, 0x7F76, 0x11A9, 0x7F9A, 
	0x10E7, 0x7F6C, 0x11A0, 0x7F91, 0x1197, 0x7FA4, 0x11CE, 0x7FA4, 0x1248, 0x7F6C, 0x1196, 0x7F5A, 0x11D3, 0x7F76, 0x1195, 0x7FF7, 
	0x111E, 0x7FAD, 0x11F6, 0x7F63, 0x11BE, 0x8000, 0x114B, 0x7FD2, 0x11B0, 0x7F76, 0x126D, 0x7F7F, 0x1127, 0x7F23, 0x11ED, 0x7F2C, 
	0x1208, 0x7F6C, 0x119A, 0x7F36, 0x11A8, 0x7FA4, 0x1199, 0x7FA4, 0x1207, 0x7F63, 0x1236, 0x7FBF, 0x1158, 0x7F1A, 0x114C, 0x7F63, 
	0x10C6, 0x7F5A, 0x1200, 0x7F76, 0x120A, 0x7F08, 0x1166, 0x7F5A, 0x1196, 0x7F2C, 0x11A9, 0x7FA4, 0x11BF, 0x7F2C, 0x12A4, 0x7F91, 
	0x1219, 0x7F6C, 0x12DB, 0x7F88, 0x128A, 0x7E80, 0x1208, 0x7F76, 0x12C1, 0x7F91, 0x1220, 0x7F63, 0x12A9, 0x7F76, 0x1225, 0x7F48, 
	0x11F8, 0x7F91, 0x1272, 0x7F2C, 0x12D0, 0x7F2C, 0x1340, 0x7F7F, 0x12F3, 0x7F3F, 0x1291, 0x7F76, 0x12D9, 0x7F63, 0x126F, 0x7F48, 
	0x13B0, 0x7EEC, 0x13C2, 0x7FAD, 0x12CF, 0x7F3F, 0x1347, 0x7F48, 0x1216, 0x7FA4, 0x1358, 0x7F9A, 0x12F1, 0x7F3F, 0x12E6, 0x7F76, 
	0x1296, 0x7F91, 0x133D, 0x7FC9, 0x12B7, 0x7F48, 0x11E9, 0x7FC9, 0x137E, 0x7FDB, 0x1414, 0x7FB6, 0x139E, 0x7F76, 0x13C4, 0x7F48, 
	0x12DF, 0x7F91, 0x13EF, 0x7FDB, 0x137E, 0x7FAD, 0x12BD, 0x7F88, 0x1345, 0x7F88, 0x132D, 0x7F9A, 0x1397, 0x7FAD, 0x1371, 0x8025, 
	0x133A, 0x7FA4, 0x1483, 0x7FBF, 0x12F2, 0x7FED, 0x1373, 0x7F6C, 0x12DE, 0x7FA4, 0x128B, 0x7FAD, 0x12DD, 0x8009, 0x1265, 0x7FC9, 
	0x1411, 0x7FAD, 0x146D, 0x7FED, 0x12AC, 0x7F76, 0x12F5, 0x7FDB, 0x1372, 0x801C, 0x1333, 0x8013, 0x124F, 0x8013, 0x13AA, 0x7F91, 
	0x126C, 0x8000, 0x1304, 0x804A, 0x123B, 0x7F5A, 0x1228, 0x801C, 0x129F, 0x7FBF, 0x12E6, 0x7FE4, 0x125E, 0x8025, 0x131A, 0x7F7F, 
	0x1273, 0x7FF7, 0x12B2, 0x7FAD, 0x12A5, 0x7FF7, 0x1300, 0x8054, 0x1278, 0x8000, 0x116F, 0x7FA4, 0x12B6, 0x7FB6, 0x1187, 0x7FF7, 
	0x123D, 0x8009, 0x11F1, 0x8066, 0x1141, 0x8013, 0x1365, 0x805D, 0x12B6, 0x8079, 0x1175, 0x8070, 0x12E9, 0x80BA, 0x10BC, 0x801C, 
	0x111C, 0x8025, 0x1224, 0x80B1, 0x11A0, 0x804A, 0x1173, 0x80A8, 0x1167, 0x80D6, 0x1243, 0x7FED, 0x1206, 0x8118, 0x1313, 0x80BA, 
	0x1051, 0x810F, 0x1065, 0x815A, 0x122C, 0x8095, 0x1189, 0x80BA, 0x112A, 0x8135, 0x1157, 0x80FC, 0x115A, 0x8105, 0x113E, 0x80B1, 
	0x114D, 0x810F, 0x110C, 0x80F3, 0x10D7, 0x8164, 0x11E6, 0x80F3, 0x1091, 0x80A8, 0x0F8F, 0x8105, 0x1184, 0x810F, 0x1143, 0x809E, 
	0x1067, 0x80C4, 0x10A6, 0x80CD, 0x1028, 0x81CC, 0x1063, 0x80E9, 0x101E, 0x80CD, 0x10BA, 0x8147, 0x1046, 0x80FC, 0x0FAF, 0x8118, 
	0x1029, 0x8118, 0x0F52, 0x813E, 0x0EF8, 0x8105, 0x10BC, 0x810F, 0x104E, 0x80C4, 0x0FBB, 0x8177, 0x0E6D, 0x8118, 0x0FC9, 0x815A, 
	0x128C, 0x831D, 0x12AB, 0x8295, 0x12C7, 0x8295, 0x1270, 0x825C, 0x11B5, 0x82CF, 0x119A, 0x825C, 0x128C, 0x8222, 0x11E6, 0x8252, 
	0x120F, 0x81B9, 0x1273, 0x8295, 0x11F3, 0x819D, 0x131F, 0x8222, 0x11D8, 0x81F2, 0x1249, 0x81CC, 0x1275, 0x8219, 0x112C, 0x81B0, 
	0x124F, 0x81B9, 0x12A6, 0x8180, 0x1210, 0x8147, 0x1250, 0x8205, 0x124D, 0x8193, 0x129C, 0x8193, 0x11C3, 0x81F2, 0x131B, 0x8164, 
	0x1296, 0x8135, 0x1341, 0x816D, 0x1301, 0x8164, 0x1245, 0x8180, 0x11A2, 0x8122, 0x1369, 0x8180, 0x12AE, 0x8105, 0x1278, 0x8135, 
	0x125F, 0x812B, 0x1286, 0x815A, 0x1219, 0x813E, 0x12CC, 0x80E9, 0x1346, 0x80E0, 0x12C4, 0x8118, 0x133F, 0x80D6, 0x1328, 0x8135, 
	0x12BE, 0x80B1, 0x133D, 0x80CD, 0x1285, 0x8118, 0x133F, 0x80E0, 0x12ED, 0x8079, 0x12D1, 0x80A8, 0x1270, 0x80BA, 0x1333, 0x80E0, 
	0x127C, 0x8066, 0x1366, 0x809E, 0x135A, 0x8147, 0x13BF, 0x8082, 0x139B, 0x7FF7, 0x1329, 0x7FF7, 0x12B2, 0x809E, 0x1289, 0x801C, 
	0x138F, 0x8038, 0x12D6, 0x8082, 0x13B0, 0x7FED, 0x12DA, 0x80FC, 0x11F1, 0x7FF7, 0x12BA, 0x8009, 0x135F, 0x8025, 0x13BC, 0x7FD2, 
	0x12AE, 0x8000, 0x13CD, 0x8054, 0x135F, 0x7FB6, 0x1328, 0x80CD, 0x1308, 0x7F76, 0x132C, 0x802E, 0x128C, 0x7FD2, 0x12E1, 0x7FAD, 
	0x12CD, 0x8000, 0x132E, 0x8066, 0x126A, 0x8009, 0x13B2, 0x7F6C, 0x1248, 0x7FD2, 0x135B, 0x8025, 0x12EC, 0x8000, 0x11F2, 0x7FB6, 
	0x126B, 0x7F91, 0x12EC, 0x7F9A, 0x11EC, 0x7FC9, 0x1183, 0x7FE4, 0x10F4, 0x7F11, 0x1256, 0x7FE4, 0x11FF, 0x7FAD, 0x1289, 0x8000, 
	0x114D, 0x7F48, 0x1170, 0x7F9A, 0x1268, 0x7F48, 0x11B6, 0x8000, 0x1337, 0x7FB6, 0x1157, 0x7FBF, 0x1141, 0x7F91, 0x11AD, 0x7FB6, 
	0x1144, 0x7FD2, 0x1163, 0x8025, 0x1106, 0x7FA4, 0x1269, 0x7FBF, 0x1215, 0x7F48, 0x128F, 0x7FD2, 0x120A, 0x7F88, 0x1119, 0x7FB6, 
	0x115F, 0x7FB6, 0x123F, 0x7F9A, 0x11A6, 0x7FE4, 0x11F8, 0x7FED, 0x123F, 0x7FA4, 0x11A0, 0x801C, 0x1237, 0x7FC9, 0x1221, 0x7F76, 
	0x119C, 0x7FB6, 0x11B2, 0x8009, 0x118C, 0x7F3F, 0x1273, 0x7F7F, 0x119C, 0x7F63, 0x113C, 0x7F63, 0x1190, 0x7F2C, 0x1308, 0x801C, 
	0x1171, 0x7F48, 0x121F, 0x7F9A, 0x11F7, 0x7F7F, 0x1155, 0x7F63, 0x11FA, 0x7F7F, 0x11CA, 0x7F23, 0x1224, 0x7F63, 0x1269, 0x7FBF, 
	0x1174, 0x7F5A, 0x1194, 0x7F48, 0x113E, 0x7F48, 0x121C, 0x7FAD, 0x11EB, 0x7F48, 0x11E8, 0x7F08, 0x11FF, 0x7F5A, 0x122C, 0x7FC9, 
	0x131C, 0x7F2C, 0x1297, 0x7FB6, 0x1270, 0x7F48, 0x1308, 0x7FA4, 0x12B2, 0x7F36, 0x1243, 0x7F48, 0x1309, 0x7F91, 0x129B, 0x7F48, 
	0x1335, 0x7F6C, 0x1258, 0x7F6C, 0x12A6, 0x7F1A, 0x126A, 0x7F51, 0x134E, 0x7F88, 0x12D5, 0x7F48, 0x1338, 0x7FAD, 0x13A7, 0x7F2C, 
	0x134E, 0x7F63, 0x1306, 0x7F36, 0x13A8, 0x7F1A, 0x13C8, 0x7F88, 0x13DB, 0x7F51, 0x137A, 0x7F9A, 0x1276, 0x7F9A, 0x1392, 0x7F3F, 
	0x12A2, 0x7F91, 0x1276, 0x7FD2, 0x1305, 0x7F91, 0x137F, 0x7FE4, 0x132F, 0x7F08, 0x11FD, 0x7FA4, 0x13F6, 0x7F9A, 0x1439, 0x7FB6, 
	0x1467, 0x7FF7, 0x148C, 0x7F08, 0x135F, 0x7FC9, 0x148C, 0x7F88, 0x1427, 0x7F91, 0x1302, 0x7FDB, 0x13D2, 0x7FAD, 0x137B, 0x8000, 
	0x13D1, 0x7FE4, 0x1353, 0x8013, 0x136F, 0x7F88, 0x1503, 0x7FA4, 0x1314, 0x7FE4, 0x135A, 0x7FD2, 0x1358, 0x8009, 0x1322, 0x7FDB, 
	0x12C2, 0x7F9A, 0x12DD, 0x7FF7, 0x14DE, 0x7FBF, 0x1413, 0x8000, 0x133B, 0x7FA4, 0x12E3, 0x7FAD, 0x12FB, 0x8013, 0x13A3, 0x8009, 
	0x12B8, 0x7F88, 0x1402, 0x7FD2, 0x129B, 0x8000, 0x1385, 0x8009, 0x1233, 0x7F76, 0x12D3, 0x7FB6, 0x1322, 0x7FED, 0x135F, 0x7F9A, 
	0x12B1, 0x8054, 0x1339, 0x8038, 0x12FD, 0x801C, 0x12D6, 0x7FBF, 0x1325, 0x801C, 0x1340, 0x802E, 0x12DF, 0x804A, 0x1244, 0x7FC9, 
	0x130D, 0x7F9A, 0x1299, 0x8066, 0x1282, 0x801C, 0x126A, 0x804A, 0x11C2, 0x801C, 0x13A0, 0x801C, 0x130B, 0x8095, 0x11CF, 0x8041, 
	0x12B5, 0x8095, 0x1128, 0x8066, 0x118E, 0x8013, 0x129B, 0x8038, 0x11A3, 0x8066, 0x11BE, 0x80B1, 0x121E, 0x80E0, 0x126C, 0x801C, 
	0x125F, 0x80D6, 0x12DF, 0x80F3, 0x1010, 0x8122, 0x10D3, 0x8066, 0x12A1, 0x8095, 0x118B, 0x80E0, 0x1169, 0x810F, 0x10CC, 0x8122, 
	0x11AD, 0x812B, 0x11C5, 0x810F, 0x1173, 0x80CD, 0x1181, 0x8147, 0x10F1, 0x80E0, 0x11A8, 0x80C4, 0x1108, 0x80A8, 0x1048, 0x8122, 
	0x11C7, 0x8164, 0x1131, 0x80E0, 0x1063, 0x8105, 0x113F, 0x80CD, 0x109C, 0x80E9, 0x1081, 0x8177, 0x1021, 0x8164, 0x10ED, 0x80E9, 
	0x1044, 0x80D6, 0x103E, 0x813E, 0x1072, 0x815A, 0x0FFC, 0x8147, 0x0F71, 0x810F, 0x1145, 0x80A8, 0x1057, 0x80D6, 0x0FD9, 0x80C4, 
	0x0F20, 0x8118, 0x1064, 0x8164, 0x100C, 0x818A, 0x1048, 0x8135, 0x104A, 0x8193, 0x0ECB, 0x8151, 0x105D, 0x81A6, 0x106B, 0x8193, 
	0x0F75, 0x8193, 0x0F69, 0x81E9, 0x0F61, 0x816D, 0x1069, 0x816D, 0x100C, 0x8193, 0x0FFD, 0x8177, 0x108E, 0x81D6, 0x0FC9, 0x8180, 
	0x0FD8, 0x8151, 0x0F62, 0x81D6, 0x1065, 0x8219, 0x10B0, 0x81F2, 0x0FFD, 0x822C, 0x10CF, 0x81A6, 0x1167, 0x81CC, 0x1076, 0x81DF, 
	0x1026, 0x81FC, 0x0FFA, 0x81CC, 0x113C, 0x813E, 0x10BF, 0x81B9, 0x1172, 0x8164, 0x10E7, 0x81FC, 0x10A8, 0x8205, 0x10A1, 0x8180, 
	0x10E4, 0x81B0, 0x11D1, 0x81F2, 0x1168, 0x8222, 0x119E, 0x8252, 0x117F, 0x81CC, 0x10F6, 0x8279, 0x119C, 0x81F2, 0x1105, 0x8222, 
	0x107B, 0x81D6, 0x11AB, 0x81FC, 0x117B, 0x825C, 0x11A0, 0x81D6, 0x1136, 0x81DF, 0x113D, 0x81CC, 0x12B9, 0x81FC, 0x11E5, 0x823F, 
	0x11B2, 0x81E9, 0x10AD, 0x825C, 0x1134, 0x8219, 0x1144, 0x820F, 0x1126, 0x820F, 0x117C, 0x822C, 0x1203, 0x820F, 0x10E0, 0x8205, 
	0x1281, 0x81C3, 0x11F2, 0x8219, 0x1179, 0x8219, 0x1108, 0x8279, 0x10C2, 0x8205, 0x1194, 0x826F, 0x1283, 0x8265, 0x1231, 0x81DF, 
	0x113D, 0x8252, 0x11A5, 0x81E9, 0x1102, 0x826F, 0x1187, 0x82C6, 0x10F4, 0x825C, 0x10A2, 0x829F, 0x1110, 0x81F2, 0x1198, 0x8219, 
	0x116D, 0x8295, 0x1231, 0x829F, 0x1033, 0x822C, 0x1211, 0x825C, 0x11DB, 0x8219, 0x1180, 0x8295, 0x122C, 0x8235, 0x1179, 0x8222, 
	0x113D, 0x826F, 0x110D, 0x829F, 0x115B, 0x82A9, 0x11DF, 0x828C, 0x10FF, 0x829F, 0x1158, 0x8279, 0x1192, 0x82B2, 0x11F4, 0x828C, 
	0x12FE, 0x8309, 0x1268, 0x8248, 0x134B, 0x8265, 0x1243, 0x8309, 0x1252, 0x82C6, 0x11C2, 0x831D, 0x1357, 0x8282, 0x12D2, 0x8282, 
	0x1307, 0x828C, 0x1252, 0x826F, 0x1248, 0x828C, 0x12EC, 0x82E3, 0x1213, 0x82A9, 0x12E9, 0x828C, 0x13C0, 0x8330, 0x1264, 0x829F, 
	0x1241, 0x83F4, 0x1339, 0x82BC, 0x12AC, 0x8327, 0x1312, 0x82BC, 0x1323, 0x8300, 0x1295, 0x82EC, 0x1281, 0x834E, 0x1265, 0x8344, 
	0x134C, 0x83A6, 0x12CB, 0x8388, 0x1332, 0x8388, 0x1376, 0x8361, 0x1311, 0x8388, 0x12F2, 0x837E, 0x1382, 0x8375, 0x141A, 0x83E0, 
	0x13B8, 0x83AF, 0x1336, 0x844D, 0x1477, 0x83EA, 0x141B, 0x84A6, 0x14A7, 0x84EC, 0x146B, 0x8532, 0x128C, 0x831D, 0x12AB, 0x8295, 
	0x12C7, 0x8295, 0x1270, 0x825C, 0x11B5, 0x82CF, 0x119A, 0x825C, 0x128C, 0x8222, 0x11E6, 0x8252, 0x120F, 0x81B9, 0x1273, 0x8295, 
	0x11F3, 0x819D, 0x131F, 0x8222, 0x11D8, 0x81F2, 0x1249, 0x81CC, 0x1275, 0x8219, 0x112C, 0x81B0, 0x124F, 0x81B9, 0x12A6, 0x8180, 
	0x1210, 0x8147, 0x1250, 0x8205, 0x124D, 0x8193, 0x129C, 0x8193, 0x11C3, 0x81F2, 0x131B, 0x8164, 0x1296, 0x8135, 0x1341, 0x816D, 
	0x1301, 0x8164, 0x1245, 0x8180, 0x11A2, 0x8122, 0x1369, 0x8180, 0x12AE, 0x8105, 0x1278, 0x8135, 0x125F, 0x812B, 0x1286, 0x815A, 
	0x1219, 0x813E, 0x12CC, 0x80E9, 0x1346, 0x80E0, 0x12C4, 0x8118, 0x133F, 0x80D6, 0x1328, 0x8135, 0x12BE, 0x80B1, 0x133D, 0x80CD, 
	0x1285, 0x8118, 0x133F, 0x80E0, 0x12ED, 0x8079, 0x12D1, 0x80A8, 0x1270, 0x80BA, 0x1333, 0x80E0, 0x127C, 0x8066, 0x1366, 0x809E, 
	0x135A, 0x8147, 0x13BF, 0x8082, 0x139B, 0x7FF7, 0x1329, 0x7FF7, 0x12B2, 0x809E, 0x1289, 0x801C, 0x138F, 0x8038, 0x12D6, 0x8082, 
	0x13B0, 0x7FED, 0x12DA, 0x80FC, 0x11F1, 0x7FF7, 0x12BA, 0x8009, 0x135F, 0x8025, 0x13BC, 0x7FD2, 0x12AE, 0x8000, 0x13CD, 0x8054, 
	0x135F, 0x7FB6, 0x1328, 0x80CD, 0x1308, 0x7F76, 0x132C, 0x802E, 0x128C, 0x7FD2, 0x12E1, 0x7FAD, 0x12CD, 0x8000, 0x132E, 0x8066, 
	0x126A, 0x8009, 0x13B2, 0x7F6C, 0x1248, 0x7FD2, 0x135B, 0x8025, 0x12EC, 0x8000, 0x11F2, 0x7FB6, 0x126B, 0x7F91, 0x12EC, 0x7F9A, 
	0x11EC, 0x7FC9, 0x1183, 0x7FE4, 0x10F4, 0x7F11, 0x1256, 0x7FE4, 0x11FF, 0x7FAD, 0x1289, 0x8000, 0x114D, 0x7F48, 0x1170, 0x7F9A, 
	0x1268, 0x7F48, 0x11B6, 0x8000, 0x1337, 0x7FB6, 0x1157, 0x7FBF, 0x1141, 0x7F91, 0x11AD, 0x7FB6, 0x1144, 0x7FD2, 0x1163, 0x8025, 
	0x1106, 0x7FA4, 0x1269, 0x7FBF, 0x1215, 0x7F48, 0x128F, 0x7FD2, 0x120A, 0x7F88, 0x1119, 0x7FB6, 0x115F, 0x7FB6, 0x123F, 0x7F9A, 
	0x11A6, 0x7FE4, 0x11F8, 0x7FED, 0x123F, 0x7FA4, 0x11A0, 0x801C, 0x1237, 0x7FC9, 0x1221, 0x7F76, 0x119C, 0x7FB6, 0x11B2, 0x8009, 
	0x118C, 0x7F3F, 0x1273, 0x7F7F, 0x119C, 0x7F63, 0x113C, 0x7F63, 0x1190, 0x7F2C, 0x1308, 0x801C, 0x1171, 0x7F48, 0x121F, 0x7F9A, 
	0x11F7, 0x7F7F, 0x1155, 0x7F63, 0x11FA, 0x7F7F, 0x11CA, 0x7F23, 0x1224, 0x7F63, 0x1269, 0x7FBF, 0x1174, 0x7F5A, 0x1194, 0x7F48, 
	0x113E, 0x7F48, 0x121C, 0x7FAD, 0x11EB, 0x7F48, 0x11E8, 0x7F08, 0x11FF, 0x7F5A, 0x122C, 0x7FC9, 0x131C, 0x7F2C, 0x1297, 0x7FB6, 
	0x1270, 0x7F48, 0x1308, 0x7FA4, 0x12B2, 0x7F36, 0x1243, 0x7F48, 0x1309, 0x7F91, 0x129B, 0x7F48, 0x1335, 0x7F6C, 0x1258, 0x7F6C, 
	0x12A6, 0x7F1A, 0x126A, 0x7F51, 0x134E, 0x7F88, 0x12D5, 0x7F48, 0x1338, 0x7FAD, 0x13A7, 0x7F2C, 0x134E, 0x7F63, 0x1306, 0x7F36, 
	0x13A8, 0x7F1A, 0x13C8, 0x7F88, 0x13DB, 0x7F51, 0x137A, 0x7F9A, 0x1276, 0x7F9A, 0x1392, 0x7F3F, 0x12A2, 0x7F91, 0x1276, 0x7FD2, 
	0x1305, 0x7F91, 0x137F, 0x7FE4, 0x132F, 0x7F08, 0x11FD, 0x7FA4, 0x13F6, 0x7F9A, 0x1439, 0x7FB6, 0x1467, 0x7FF7, 0x148C, 0x7F08, 
	0x135F, 0x7FC9, 0x148C, 0x7F88, 0x1427, 0x7F91, 0x1302, 0x7FDB, 0x13D2, 0x7FAD, 0x137B, 0x8000, 0x13D1, 0x7FE4, 0x1353, 0x8013, 
	0x136F, 0x7F88, 0x1503, 0x7FA4, 0x1314, 0x7FE4, 0x135A, 0x7FD2, 0x1358, 0x8009, 0x1322, 0x7FDB, 0x12C2, 0x7F9A, 0x12DD, 0x7FF7, 
	0x14DE, 0x7FBF, 0x1413, 0x8000, 0x133B, 0x7FA4, 0x12E3, 0x7FAD, 0x12FB, 0x8013, 0x13A3, 0x8009, 0x12B8, 0x7F88, 0x1402, 0x7FD2, 
	0x129B, 0x8000, 0x1385, 0x8009, 0x1233, 0x7F76, 0x12D3, 0x7FB6, 0x1322, 0x7FED, 0x135F, 0x7F9A, 0x12B1, 0x8054, 0x1339, 0x8038, 
	0x12FD, 0x801C, 0x12D6, 0x7FBF, 0x1325, 0x801C, 0x1340, 0x802E, 0x12DF, 0x804A, 0x1244, 0x7FC9, 0x130D, 0x7F9A, 0x1299, 0x8066, 
	0x1282, 0x801C, 0x126A, 0x804A, 0x11C2, 0x801C, 0x13A0, 0x801C, 0x130B, 0x8095, 0x11CF, 0x8041, 0x12B5, 0x8095, 0x1128, 0x8066, 
	0x118E, 0x8013, 0x129B, 0x8038, 0x11A3, 0x8066, 0x11BE, 0x80B1, 0x121E, 0x80E0, 0x126C, 0x801C, 0x125F, 0x80D6, 0x12DF, 0x80F3, 
	0x1010, 0x8122, 0x10D3, 0x8066, 0x12A1, 0x8095, 0x118B, 0x80E0, 0x1169, 0x810F, 0x10CC, 0x8122, 0x11AD, 0x812B, 0x11C5, 0x810F, 
	0x1173, 0x80CD, 0x1181, 0x8147, 0x10F1, 0x80E0, 0x11A8, 0x80C4, 0x1108, 0x80A8, 0x1048, 0x8122, 0x11C7, 0x8164, 0x1131, 0x80E0, 
	0x1063, 0x8105, 0x113F, 0x80CD, 0x109C, 0x80E9, 0x1081, 0x8177, 0x1021, 0x8164, 0x10ED, 0x80E9, 0x1044, 0x80D6, 0x103E, 0x813E, 
	0x1072, 0x815A, 0x0FFC, 0x8147, 0x0F71, 0x810F, 0x1145, 0x80A8, 0x1057, 0x80D6, 0x0FD9, 0x80C4, 0x0F20, 0x8118, 0x1064, 0x8164, 
	0x11FF, 0x82EC, 0x11C3, 0x8279, 0x1220, 0x82F6, 0x1288, 0x82A9, 0x116B, 0x82BC, 0x11BD, 0x8248, 0x1173, 0x81CC, 0x1190, 0x823F, 
	0x113B, 0x822C, 0x1188, 0x829F, 0x1149, 0x8219, 0x123F, 0x820F, 0x1119, 0x81E9, 0x1209, 0x822C, 0x120A, 0x8235, 0x113D, 0x8219, 
	0x122C, 0x8164, 0x1328, 0x81CC, 0x120A, 0x819D, 0x1220, 0x820F, 0x1146, 0x81CC, 0x113F, 0x8177, 0x1171, 0x81C3, 0x12E9, 0x8147, 
	0x11CB, 0x816D, 0x124C, 0x819D, 0x12AC, 0x8147, 0x12D9, 0x81B0, 0x1248, 0x8147, 0x1307, 0x8180, 0x11E0, 0x810F, 0x122B, 0x813E, 
	0x12C5, 0x80A8, 0x1296, 0x8147, 0x1187, 0x813E, 0x123F, 0x8135, 0x123F, 0x80A8, 0x129C, 0x80E0, 0x12BE, 0x80E9, 0x1269, 0x8147, 
	0x11CB, 0x80CD, 0x129E, 0x8095, 0x125A, 0x80E0, 0x1227, 0x80D6, 0x12A7, 0x8095, 0x119A, 0x80E0, 0x11FA, 0x808C, 0x1272, 0x80C4, 
	0x120F, 0x8041, 0x1284, 0x80B1, 0x126E, 0x808C, 0x13BB, 0x805D, 0x12B5, 0x8066, 0x12AF, 0x801C, 0x12C6, 0x805D, 0x12AE, 0x8054, 
	0x1198, 0x8054, 0x1219, 0x809E, 0x130B, 0x7FED, 0x11B2, 0x8066, 0x1203, 0x8013, 0x12C1, 0x7FBF, 0x11DB, 0x804A, 0x1348, 0x7F88, 
	0x11D5, 0x8038, 0x1330, 0x7FE4, 0x129B, 0x7FBF, 0x1229, 0x809E, 0x12D7, 0x7FDB, 0x1294, 0x8000, 0x1250, 0x7FDB, 0x120F, 0x7FD2, 
	0x11EB, 0x7FDB, 0x1284, 0x8082, 0x11DA, 0x8038, 0x1346, 0x7F9A, 0x1192, 0x7F76, 0x11A9, 0x8000, 0x11EE, 0x7FE4, 0x117A, 0x8025, 
	0x11A1, 0x7F48, 0x1203, 0x7F51, 0x1216, 0x7F6C, 0x1124, 0x8000, 0x10D0, 0x7FBF, 0x11BE, 0x7FD2, 0x1133, 0x8000, 0x1126, 0x7FE4, 
	0x10F7, 0x7FDB, 0x10EE, 0x7F88, 0x11E0, 0x7FA4, 0x112E, 0x7F51, 0x122E, 0x7FE4, 0x1129, 0x7FAD, 0x118B, 0x7F91, 0x11BC, 0x7FB6, 
	0x107F, 0x7F91, 0x11C4, 0x8009, 0x10AD, 0x7FDB, 0x1187, 0x7FAD, 0x1126, 0x7F7F, 0x11F6, 0x7FB6, 0x118D, 0x7FE4, 0x10E2, 0x7FF7, 
	0x1103, 0x7F9A, 0x1252, 0x7FBF, 0x1120, 0x7F9A, 0x110C, 0x7FAD, 0x11C0, 0x7FC9, 0x10B2, 0x7FE4, 0x122C, 0x7FBF, 0x1134, 0x8000, 
	0x11BC, 0x7F7F, 0x10DF, 0x7FE4, 0x10B0, 0x7F11, 0x118E, 0x7F48, 0x1181, 0x7FD2, 0x115E, 0x7F88, 0x10F7, 0x7F88, 0x1226, 0x7F88, 
	0x10E9, 0x7EEC, 0x1238, 0x7FB6, 0x121E, 0x7F23, 0x11A1, 0x7F36, 0x11A7, 0x7F48, 0x10E3, 0x7F51, 0x1245, 0x7FBF, 0x126B, 0x7F91, 
	0x110C, 0x7F48, 0x1144, 0x7F5A, 0x10CA, 0x7F51, 0x1133, 0x7F88, 0x11B9, 0x7FDB, 0x11F7, 0x7F88, 0x1194, 0x7F2C, 0x1242, 0x7FAD, 
	0x1274, 0x7EFF, 0x11D9, 0x8000, 0x119B, 0x7EF6, 0x11FF, 0x7F3F, 0x1274, 0x7F63, 0x1238, 0x7F23, 0x1232, 0x7FE4, 0x11CC, 0x7F6C, 
	0x1255, 0x7F63, 0x11FA, 0x7F11, 0x1237, 0x7F5A, 0x12AD, 0x7F88, 0x1229, 0x7F1A, 0x1260, 0x7F63, 0x12A5, 0x7F76, 0x12A5, 0x7FA4, 
	0x1288, 0x7F91, 0x1358, 0x7FC9, 0x12F0, 0x7F7F, 0x1328, 0x7F88, 0x12DF, 0x7F63, 0x135C, 0x7F6C, 0x1197, 0x7F9A, 0x12DA, 0x7F91, 
	0x123C, 0x7F91, 0x1260, 0x7FB6, 0x12B1, 0x7FAD, 0x1276, 0x7FA4, 0x1309, 0x7F6C, 0x11B3, 0x7F9A, 0x12D5, 0x7FA4, 0x13CF, 0x7FF7, 
	0x132B, 0x7FBF, 0x13E2, 0x7F23, 0x1315, 0x7F9A, 0x1381, 0x7F2C, 0x13C3, 0x7FA4, 0x12C4, 0x7F88, 0x1305, 0x7F63, 0x13B0, 0x7FE4, 
	0x1336, 0x7FBF, 0x12E2, 0x801C, 0x1379, 0x7FB6, 0x1389, 0x7FDB, 0x138B, 0x805D, 0x12F5, 0x7F9A, 0x1341, 0x8013, 0x12D9, 0x7FDB, 
	0x127F, 0x7FBF, 0x127C, 0x7FA4, 0x13D0, 0x7F63, 0x1389, 0x7FDB, 0x12FD, 0x7FDB, 0x121B, 0x7F7F, 0x1273, 0x7FED, 0x12C3, 0x8066, 
	0x11B6, 0x8000, 0x13DC, 0x8013, 0x12EE, 0x7FF7, 0x12C0, 0x8066, 0x117B, 0x8000, 0x119B, 0x801C, 0x1255, 0x7FF7, 0x1318, 0x7FD2, 
	0x1278, 0x805D, 0x1364, 0x7FD2, 0x1306, 0x7F91, 0x1323, 0x7FBF, 0x12F5, 0x7FED, 0x12E0, 0x7FED, 0x1208, 0x8079, 0x11F2, 0x7FB6, 
	0x127D, 0x8000, 0x128B, 0x8066, 0x1287, 0x8009, 0x1196, 0x804A, 0x113F, 0x804A, 0x12E5, 0x8066, 0x1205, 0x8066, 0x1177, 0x805D, 
	0x11CE, 0x809E, 0x10AB, 0x80A8, 0x1159, 0x8038, 0x11B8, 0x801C, 0x10BD, 0x809E, 0x1191, 0x809E, 0x11CC, 0x80BA, 0x11DF, 0x8082, 
	0x113E, 0x80E0, 0x1245, 0x80FC, 0x103C, 0x80CD, 0x0FC5, 0x8135, 0x1195, 0x8082, 0x11B6, 0x809E, 0x11B5, 0x80CD, 0x1155, 0x80E0, 
	0x113A, 0x80D6, 0x10CE, 0x80F3, 0x11BB, 0x810F, 0x1114, 0x80F3, 0x1045, 0x8122, 0x1180, 0x80E9, 0x108F, 0x80E0, 0x1080, 0x8122, 
	0x1162, 0x809E, 0x1083, 0x80E0, 0x108D, 0x80F3, 0x108F, 0x80E9, 0x0FE7, 0x810F, 0x10ED, 0x80E0, 0x1078, 0x8177, 0x10D1, 0x80E0, 
	0x101B, 0x8147, 0x0FC4, 0x8151, 0x10A5, 0x813E, 0x0F3A, 0x8164, 0x0F7E, 0x8122, 0x1074, 0x809E, 0x0FA2, 0x8147, 0x0FDC, 0x8164, 
	0x0ED3, 0x815A, 0x105F, 0x8180, 0x0F36, 0x8122, 0x0F78, 0x8193, 0x0F3B, 0x8193, 0x0E81, 0x812B, 0x0EFC, 0x8177, 0x100D, 0x81CC, 
	0x0F7A, 0x818A, 0x0E6C, 0x81CC, 0x0F62, 0x81B0, 0x105B, 0x8122, 0x0FBB, 0x81E9, 0x0FCC, 0x818A, 0x0FE6, 0x822C, 0x0F11, 0x815A, 
	0x0F80, 0x819D, 0x0F5F, 0x81C3, 0x106F, 0x8177, 0x0FA1, 0x81D6, 0x0F41, 0x823F, 0x0FB5, 0x813E, 0x1052, 0x81DF, 0x0F8B, 0x81D6, 
	0x0F6E, 0x81F2, 0x102A, 0x8219, 0x1102, 0x8180, 0x10A1, 0x8205, 0x104F, 0x81DF, 0x1149, 0x8248, 0x101C, 0x820F, 0x109D, 0x81E9, 
	0x1057, 0x8222, 0x112F, 0x81E9, 0x1110, 0x8248, 0x107D, 0x8219, 0x107E, 0x81D6, 0x1088, 0x81C3, 0x112B, 0x820F, 0x1091, 0x81F2, 
	0x1049, 0x81FC, 0x1092, 0x81CC, 0x10D5, 0x823F, 0x116A, 0x81D6, 0x1112, 0x8252, 0x1068, 0x8235, 0x1256, 0x8222, 0x1110, 0x82A9, 
	0x11A3, 0x8222, 0x1100, 0x828C, 0x10F4, 0x8235, 0x106A, 0x823F, 0x10A3, 0x8248, 0x10DF, 0x8205, 0x1073, 0x8279, 0x1073, 0x8282, 
	0x118E, 0x81E9, 0x1068, 0x8252, 0x1126, 0x8248, 0x104F, 0x8222, 0x109A, 0x8222, 0x1108, 0x8222, 0x10F1, 0x8279, 0x11A4, 0x81FC, 
	0x10B4, 0x8235, 0x107E, 0x8235, 0x10D0, 0x81FC, 0x10D1, 0x82B2, 0x10F8, 0x8295, 0x10BC, 0x8222, 0x1099, 0x8265, 0x1137, 0x8265, 
	0x10DD, 0x822C, 0x1225, 0x82E3, 0x0F84, 0x826F, 0x109E, 0x8205, 0x1179, 0x8265, 0x10FC, 0x829F, 0x119F, 0x8295, 0x1176, 0x828C, 
	0x112D, 0x8295, 0x1115, 0x8252, 0x10A0, 0x82B2, 0x110E, 0x8265, 0x1086, 0x82C6, 0x110A, 0x828C, 0x1194, 0x8279, 0x1258, 0x823F, 
	0x1217, 0x8309, 0x127A, 0x82EC, 0x1271, 0x8279, 0x1244, 0x82A9, 0x120F, 0x82A9, 0x114C, 0x8309, 0x1256, 0x82C6, 0x123D, 0x82E3, 
	0x113B, 0x8282, 0x11F6, 0x82B2, 0x11F6, 0x82C6, 0x122F, 0x82F6, 0x11F4, 0x8309, 0x12FA, 0x82F6, 0x121B, 0x82CF, 0x11E1, 0x82B2, 
	0x11F8, 0x826F, 0x138D, 0x82B2, 0x12B1, 0x82EC, 0x1224, 0x82BC, 0x11F9, 0x8330, 0x12E8, 0x82B2, 0x1201, 0x837E, 0x11C9, 0x839C, 
	0x12D8, 0x83B9, 0x1330, 0x8313, 0x1264, 0x8330, 0x12F9, 0x837E, 0x133A, 0x83C3, 0x1329, 0x83A6, 0x127A, 0x8327, 0x13B8, 0x83E0, 
	0x13D1, 0x8361, 0x1355, 0x8408, 0x141E, 0x8408, 0x12CC, 0x842F, 0x13BD, 0x84B0, 0x13C3, 0x851E, 0x11FF, 0x82EC, 0x11C3, 0x8279, 
	0x1220, 0x82F6, 0x1288, 0x82A9, 0x116B, 0x82BC, 0x11BD, 0x8248, 0x1173, 0x81CC, 0x1190, 0x823F, 0x113B, 0x822C, 0x1188, 0x829F, 
	0x1149, 0x8219, 0x123F, 0x820F, 0x1119, 0x81E9, 0x1209, 0x822C, 0x120A, 0x8235, 0x113D, 0x8219, 0x122C, 0x8164, 0x1328, 0x81CC, 
	0x120A, 0x819D, 0x1220, 0x820F, 0x1146, 0x81CC, 0x113F, 0x8177, 0x1171, 0x81C3, 0x12E9, 0x8147, 0x11CB, 0x816D, 0x124C, 0x819D, 
	0x12AC, 0x8147, 0x12D9, 0x81B0, 0x1248, 0x8147, 0x1307, 0x8180, 0x11E0, 0x810F, 0x122B, 0x813E, 0x12C5, 0x80A8, 0x1296, 0x8147, 
	0x1187, 0x813E, 0x123F, 0x8135, 0x123F, 0x80A8, 0x129C, 0x80E0, 0x12BE, 0x80E9, 0x1269, 0x8147, 0x11CB, 0x80CD, 0x129E, 0x8095, 
	0x125A, 0x80E0, 0x1227, 0x80D6, 0x12A7, 0x8095, 0x119A, 0x80E0, 0x11FA, 0x808C, 0x1272, 0x80C4, 0x120F, 0x8041, 0x1284, 0x80B1, 
	0x126E, 0x808C, 0x13BB, 0x805D, 0x12B5, 0x8066, 0x12AF, 0x801C, 0x12C6, 0x805D, 0x12AE, 0x8054, 0x1198, 0x8054, 0x1219, 0x809E, 
	0x130B, 0x7FED, 0x11B2, 0x8066, 0x1203, 0x8013, 0x12C1, 0x7FBF, 0x11DB, 0x804A, 0x1348, 0x7F88, 0x11D5, 0x8038, 0x1330, 0x7FE4, 
	0x129B, 0x7FBF, 0x1229, 0x809E, 0x12D7, 0x7FDB, 0x1294, 0x8000, 0x1250, 0x7FDB, 0x120F, 0x7FD2, 0x11EB, 0x7FDB, 0x1284, 0x8082, 
	0x11DA, 0x8038, 0x1346, 0x7F9A, 0x1192, 0x7F76, 0x11A9, 0x8000, 0x11EE, 0x7FE4, 0x117A, 0x8025, 0x11A1, 0x7F48, 0x1203, 0x7F51, 
	0x1216, 0x7F6C, 0x1124, 0x8000, 0x10D0, 0x7FBF, 0x11BE, 0x7FD2, 0x1133, 0x8000, 0x1126, 0x7FE4, 0x10F7, 0x7FDB, 0x10EE, 0x7F88, 
	0x11E0, 0x7FA4, 0x112E, 0x7F51, 0x122E, 0x7FE4, 0x1129, 0x7FAD, 0x118B, 0x7F91, 0x11BC, 0x7FB6, 0x107F, 0x7F91, 0x11C4, 0x8009, 
	0x10AD, 0x7FDB, 0x1187, 0x7FAD, 0x1126, 0x7F7F, 0x11F6, 0x7FB6, 0x118D, 0x7FE4, 0x10E2, 0x7FF7, 0x1103, 0x7F9A, 0x1252, 0x7FBF, 
	0x1120, 0x7F9A, 0x110C, 0x7FAD, 0x11C0, 0x7FC9, 0x10B2, 0x7FE4, 0x122C, 0x7FBF, 0x1134, 0x8000, 0x11BC, 0x7F7F, 0x10DF, 0x7FE4, 
	0x10B0, 0x7F11, 0x118E, 0x7F48, 0x1181, 0x7FD2, 0x115E, 0x7F88, 0x10F7, 0x7F88, 0x1226, 0x7F88, 0x10E9, 0x7EEC, 0x1238, 0x7FB6, 
	0x121E, 0x7F23, 0x11A1, 0x7F36, 0x11A7, 0x7F48, 0x10E3, 0x7F51, 0x1245, 0x7FBF, 0x126B, 0x7F91, 0x110C, 0x7F48, 0x1144, 0x7F5A, 
	0x10CA, 0x7F51, 0x1133, 0x7F88, 0x11B9, 0x7FDB, 0x11F7, 0x7F88, 0x1194, 0x7F2C, 0x1242, 0x7FAD, 0x1274, 0x7EFF, 0x11D9, 0x8000, 
	0x119B, 0x7EF6, 0x11FF, 0x7F3F, 0x1274, 0x7F63, 0x1238, 0x7F23, 0x1232, 0x7FE4, 0x11CC, 0x7F6C, 0x1255, 0x7F63, 0x11FA, 0x7F11, 
	0x1237, 0x7F5A, 0x12AD, 0x7F88, 0x1229, 0x7F1A, 0x1260, 0x7F63, 0x12A5, 0x7F76, 0x12A5, 0x7FA4, 0x1288, 0x7F91, 0x1358, 0x7FC9, 
	0x12F0, 0x7F7F, 0x1328, 0x7F88, 0x12DF, 0x7F63, 0x135C, 0x7F6C, 0x1197, 0x7F9A, 0x12DA, 0x7F91, 0x123C, 0x7F91, 0x1260, 0x7FB6, 
	0x12B1, 0x7FAD, 0x1276, 0x7FA4, 0x1309, 0x7F6C, 0x11B3, 0x7F9A, 0x12D5, 0x7FA4, 0x13CF, 0x7FF7, 0x132B, 0x7FBF, 0x13E2, 0x7F23, 
	0x1315, 0x7F9A, 0x1381, 0x7F2C, 0x13C3, 0x7FA4, 0x12C4, 0x7F88, 0x1305, 0x7F63, 0x13B0, 0x7FE4, 0x1336, 0x7FBF, 0x12E2, 0x801C, 
	0x1379, 0x7FB6, 0x1389, 0x7FDB, 0x138B, 0x805D, 0x12F5, 0x7F9A, 0x1341, 0x8013, 0x12D9, 0x7FDB, 0x127F, 0x7FBF, 0x127C, 0x7FA4, 
	0x13D0, 0x7F63, 0x1389, 0x7FDB, 0x12FD, 0x7FDB, 0x121B, 0x7F7F, 0x1273, 0x7FED, 0x12C3, 0x8066, 0x11B6, 0x8000, 0x13DC, 0x8013, 
	0x12EE, 0x7FF7, 0x12C0, 0x8066, 0x117B, 0x8000, 0x119B, 0x801C, 0x1255, 0x7FF7, 0x1318, 0x7FD2, 0x1278, 0x805D, 0x1364, 0x7FD2, 
	0x1306, 0x7F91, 0x1323, 0x7FBF, 0x12F5, 0x7FED, 0x12E0, 0x7FED, 0x1208, 0x8079, 0x11F2, 0x7FB6, 0x127D, 0x8000, 0x128B, 0x8066, 
	0x1287, 0x8009, 0x1196, 0x804A, 0x113F, 0x804A, 0x12E5, 0x8066, 0x1205, 0x8066, 0x1177, 0x805D, 0x11CE, 0x809E, 0x10AB, 0x80A8, 
	0x1159, 0x8038, 0x11B8, 0x801C, 0x10BD, 0x809E, 0x1191, 0x809E, 0x11CC, 0x80BA, 0x11DF, 0x8082, 0x113E, 0x80E0, 0x1245, 0x80FC, 
	0x103C, 0x80CD, 0x0FC5, 0x8135, 0x1195, 0x8082, 0x11B6, 0x809E, 0x11B5, 0x80CD, 0x1155, 0x80E0, 0x113A, 0x80D6, 0x10CE, 0x80F3, 
	0x11BB, 0x810F, 0x1114, 0x80F3, 0x1045, 0x8122, 0x1180, 0x80E9, 0x108F, 0x80E0, 0x1080, 0x8122, 0x1162, 0x809E, 0x1083, 0x80E0, 
	0x108D, 0x80F3, 0x108F, 0x80E9, 0x0FE7, 0x810F, 0x10ED, 0x80E0, 0x1078, 0x8177, 0x10D1, 0x80E0, 0x101B, 0x8147, 0x0FC4, 0x8151, 
	0x10A5, 0x813E, 0x0F3A, 0x8164, 0x0F7E, 0x8122, 0x1074, 0x809E, 0x0FA2, 0x8147, 0x0FDC, 0x8164, 0x0ED3, 0x815A, 0x105F, 0x8180, 
	0x1225, 0x82D9, 0x11FE, 0x82B2, 0x1279, 0x828C, 0x12F3, 0x82D9, 0x11F1, 0x825C, 0x1182, 0x82B2, 0x1218, 0x8235, 0x125C, 0x822C, 
	0x1127, 0x8222, 0x1203, 0x82EC, 0x123D, 0x81DF, 0x126B, 0x815A, 0x114B, 0x825C, 0x1246, 0x823F, 0x1248, 0x8222, 0x1174, 0x820F, 
	0x12DF, 0x812B, 0x13E4, 0x81A6, 0x12CD, 0x818A, 0x123E, 0x8219, 0x11FA, 0x819D, 0x1179, 0x8105, 0x1253, 0x8164, 0x1389, 0x81F2, 
	0x122E, 0x81CC, 0x1281, 0x81B9, 0x12BE, 0x808C, 0x1316, 0x8135, 0x1283, 0x8105, 0x1344, 0x816D, 0x124D, 0x8135, 0x12EB, 0x80E9, 
	0x1303, 0x812B, 0x1300, 0x815A, 0x1275, 0x8147, 0x124A, 0x8122, 0x1307, 0x808C, 0x1275, 0x80C4, 0x12FD, 0x809E, 0x12D7, 0x80E9, 
	0x1249, 0x80E0, 0x12C3, 0x80A8, 0x12C7, 0x80CD, 0x1252, 0x80E0, 0x12EC, 0x80F3, 0x1202, 0x80FC, 0x1275, 0x808C, 0x1331, 0x80C4, 
	0x1210, 0x8025, 0x12D2, 0x80B1, 0x1237, 0x80E9, 0x146A, 0x8009, 0x132B, 0x80A8, 0x1361, 0x8000, 0x131E, 0x804A, 0x12A4, 0x80A8, 
	0x12AE, 0x808C, 0x129A, 0x8082, 0x13D4, 0x804A, 0x1262, 0x8013, 0x1253, 0x7FED, 0x12EE, 0x7FC9, 0x1259, 0x805D, 0x137E, 0x7FD2, 
	0x12A1, 0x7FDB, 0x1357, 0x8013, 0x1336, 0x7FD2, 0x12EC, 0x802E, 0x1312, 0x7FE4, 0x1373, 0x7F91, 0x131A, 0x7FE4, 0x1298, 0x7FC9, 
	0x127E, 0x8025, 0x12CA, 0x8066, 0x12B4, 0x804A, 0x1372, 0x7FB6, 0x11E0, 0x7F36, 0x126B, 0x7FED, 0x1266, 0x8000, 0x11DD, 0x7FED, 
	0x11F3, 0x7F51, 0x1278, 0x7F5A, 0x1254, 0x7F5A, 0x11CB, 0x8038, 0x11DF, 0x7F91, 0x1196, 0x7F76, 0x11C9, 0x7FE4, 0x120D, 0x7F51, 
	0x11A5, 0x7F9A, 0x10DE, 0x7FAD, 0x1206, 0x7FC9, 0x116A, 0x7F88, 0x1298, 0x7FA4, 0x118B, 0x7FD2, 0x115A, 0x7FB6, 0x1230, 0x7FB6, 
	0x10CC, 0x7F63, 0x1159, 0x7FC9, 0x1179, 0x8013, 0x1213, 0x7FE4, 0x1245, 0x7F6C, 0x125B, 0x7FB6, 0x121C, 0x7F08, 0x1142, 0x7FED, 
	0x11AC, 0x7F9A, 0x1234, 0x8013, 0x1113, 0x7FD2, 0x1192, 0x8000, 0x1212, 0x7FBF, 0x1114, 0x7F48, 0x12C4, 0x801C, 0x1179, 0x7FAD, 
	0x11EF, 0x7F6C, 0x113D, 0x7FE4, 0x11D3, 0x7FA4, 0x118C, 0x8000, 0x11BB, 0x8000, 0x1213, 0x7F2C, 0x1190, 0x7F3F, 0x1317, 0x7FA4, 
	0x11FF, 0x7F7F, 0x1284, 0x7F9A, 0x1291, 0x7F91, 0x11A4, 0x7EF6, 0x11F1, 0x7FB6, 0x118A, 0x7F76, 0x121E, 0x7F88, 0x12A0, 0x7F63, 
	0x1139, 0x7EB6, 0x11B0, 0x7EF6, 0x1137, 0x7F91, 0x11B0, 0x7F88, 0x1256, 0x7F76, 0x11F3, 0x7F48, 0x1202, 0x7F11, 0x1256, 0x7F7F, 
	0x1277, 0x7F7F, 0x124E, 0x7FDB, 0x126C, 0x7F76, 0x122E, 0x7EFF, 0x1319, 0x7F6C, 0x12C6, 0x7F76, 0x1317, 0x7FB6, 0x126A, 0x7F5A, 
	0x12F5, 0x7EFF, 0x1322, 0x7F51, 0x1282, 0x7FD2, 0x12B7, 0x7F23, 0x1310, 0x7F6C, 0x12BB, 0x7EEC, 0x12BD, 0x7F6C, 0x1344, 0x7F5A, 
	0x129D, 0x7F91, 0x1397, 0x7F6C, 0x13B9, 0x7F23, 0x13D1, 0x7FB6, 0x1321, 0x7F6C, 0x1336, 0x7FAD, 0x120B, 0x8009, 0x134B, 0x7F7F, 
	0x12FE, 0x7EFF, 0x12DB, 0x7F7F, 0x12E7, 0x7FDB, 0x126A, 0x7F9A, 0x135C, 0x7F6C, 0x1272, 0x7F51, 0x1350, 0x7F36, 0x13E2, 0x7F63, 
	0x1377, 0x7FB6, 0x13E2, 0x7F6C, 0x13AC, 0x7FA4, 0x13FC, 0x7F63, 0x142B, 0x7F63, 0x1358, 0x7FA4, 0x135F, 0x7F6C, 0x13D8, 0x7FDB, 
	0x1352, 0x7F9A, 0x138A, 0x7FAD, 0x1435, 0x7FDB, 0x1441, 0x7F63, 0x1408, 0x7FED, 0x13C5, 0x7FBF, 0x13B5, 0x7FF7, 0x137D, 0x7F7F, 
	0x1311, 0x7F2C, 0x1310, 0x801C, 0x146F, 0x7FC9, 0x13F9, 0x7FF7, 0x12CE, 0x7FE4, 0x12BB, 0x7FD2, 0x1367, 0x8038, 0x1373, 0x8041, 
	0x1229, 0x7FDB, 0x1482, 0x7FDB, 0x132F, 0x7FC9, 0x1336, 0x8013, 0x11EA, 0x8000, 0x1230, 0x801C, 0x12A8, 0x7FB6, 0x1327, 0x7FD2, 
	0x1356, 0x8025, 0x135E, 0x7FED, 0x1395, 0x7FB6, 0x1375, 0x7FF7, 0x12D8, 0x7FED, 0x12BD, 0x8000, 0x12AB, 0x8000, 0x1263, 0x8000, 
	0x132F, 0x8038, 0x12E1, 0x7FD2, 0x12A4, 0x7FE4, 0x121A, 0x805D, 0x11A1, 0x7FDB, 0x1303, 0x8054, 0x1290, 0x8041, 0x11D0, 0x8054, 
	0x11F9, 0x8013, 0x10E9, 0x808C, 0x11E0, 0x8066, 0x1230, 0x8025, 0x112E, 0x804A, 0x11D8, 0x80BA, 0x120A, 0x80D6, 0x1274, 0x80E9, 
	0x1177, 0x80BA, 0x1273, 0x809E, 0x1067, 0x80F3, 0x104F, 0x80D6, 0x1235, 0x8118, 0x1253, 0x80B1, 0x120E, 0x80C4, 0x11C5, 0x8122, 
	0x11C4, 0x8066, 0x1181, 0x808C, 0x117A, 0x8105, 0x1125, 0x805D, 0x1126, 0x8151, 0x11FD, 0x80FC, 0x1119, 0x812B, 0x10E6, 0x80FC, 
	0x1159, 0x80C4, 0x109A, 0x810F, 0x10FE, 0x8105, 0x112D, 0x813E, 0x1087, 0x80CD, 0x10EC, 0x8135, 0x104D, 0x80E9, 0x10F9, 0x80FC, 
	0x0FA3, 0x809E, 0x0FDE, 0x813E, 0x110A, 0x815A, 0x0FB7, 0x80D6, 0x100B, 0x810F, 0x10E5, 0x8105, 0x0FE3, 0x818A, 0x0FDC, 0x8177, 
	0x0EC7, 0x8082, 0x112B, 0x8164, 0x0FA5, 0x80C4, 0x0FC7, 0x8177, 0x0FC7, 0x8177, 0x0F1C, 0x8164, 0x0FF3, 0x81B0, 0x108C, 0x81B9, 
	0x0FEF, 0x81B9, 0x0EF6, 0x819D, 0x0F86, 0x8193, 0x1066, 0x8105, 0x1067, 0x81CC, 0x1035, 0x8164, 0x1087, 0x81F2, 0x0FBC, 0x8180, 
	0x0FCC, 0x8151, 0x0FEB, 0x81B9, 0x100E, 0x820F, 0x1023, 0x8219, 0x0F9D, 0x8265, 0x108E, 0x812B, 0x10B8, 0x81F2, 0x10B2, 0x81E9, 
	0x0FD5, 0x81B9, 0x1087, 0x8252, 0x115E, 0x8180, 0x10FD, 0x8151, 0x1134, 0x8193, 0x11AB, 0x81E9, 0x1038, 0x8252, 0x105C, 0x81B9, 
	0x10D4, 0x8193, 0x119D, 0x813E, 0x11C1, 0x826F, 0x10FA, 0x8222, 0x1124, 0x8193, 0x1139, 0x822C, 0x119C, 0x8193, 0x1119, 0x8222, 
	0x102B, 0x820F, 0x10C1, 0x81B9, 0x1111, 0x81DF, 0x11BB, 0x822C, 0x1187, 0x8222, 0x114D, 0x81F2, 0x120C, 0x81D6, 0x11C5, 0x8282, 
	0x1244, 0x8205, 0x1167, 0x825C, 0x115D, 0x8252, 0x1107, 0x822C, 0x10B1, 0x8248, 0x10CB, 0x81C3, 0x112B, 0x8295, 0x103A, 0x8248, 
	0x11A6, 0x8235, 0x10FC, 0x829F, 0x11D4, 0x823F, 0x1095, 0x820F, 0x10B7, 0x823F, 0x1134, 0x820F, 0x113A, 0x826F, 0x11F1, 0x8252, 
	0x1125, 0x8252, 0x10F6, 0x823F, 0x115E, 0x81F2, 0x1105, 0x8295, 0x1152, 0x829F, 0x10BF, 0x825C, 0x109B, 0x8235, 0x11AB, 0x8265, 
	0x114F, 0x828C, 0x1270, 0x82C6, 0x1040, 0x82A9, 0x111D, 0x820F, 0x11C6, 0x8252, 0x1179, 0x8282, 0x115C, 0x82D9, 0x129D, 0x82CF, 
	0x11D1, 0x8265, 0x10F4, 0x8235, 0x10FD, 0x82BC, 0x118B, 0x828C, 0x1108, 0x82BC, 0x11AE, 0x8265, 0x118E, 0x8295, 0x124D, 0x8295, 
	0x127D, 0x82C6, 0x12C8, 0x8330, 0x12DC, 0x8300, 0x12C4, 0x8265, 0x12AD, 0x82B2, 0x123E, 0x82D9, 0x130D, 0x8327, 0x131B, 0x82A9, 
	0x11FE, 0x8282, 0x126F, 0x82BC, 0x1275, 0x8300, 0x1274, 0x82C6, 0x127F, 0x8344, 0x131A, 0x82EC, 0x129A, 0x82C6, 0x12D5, 0x82BC, 
	0x12C4, 0x82D9, 0x136A, 0x82D9, 0x1397, 0x82EC, 0x11DE, 0x825C, 0x128C, 0x8357, 0x1334, 0x82CF, 0x1266, 0x8309, 0x12A7, 0x83C3, 
	0x1312, 0x8388, 0x130A, 0x834E, 0x134A, 0x836B, 0x12DB, 0x8388, 0x1367, 0x83B9, 0x12D5, 0x8357, 0x12AC, 0x834E, 0x1426, 0x83A6, 
	0x13F7, 0x834E, 0x13F1, 0x8461, 0x152F, 0x83CD, 0x1304, 0x8412, 0x1441, 0x84CE, 0x1412, 0x84CE, 0x1225, 0x82D9, 0x11FE, 0x82B2, 
	0x1279, 0x828C, 0x12F3, 0x82D9, 0x11F1, 0x825C, 0x1182, 0x82B2, 0x1218, 0x8235, 0x125C, 0x822C, 0x1127, 0x8222, 0x1203, 0x82EC, 
	0x123D, 0x81DF, 0x126B, 0x815A, 0x114B, 0x825C, 0x1246, 0x823F, 0x1248, 0x8222, 0x1174, 0x820F, 0x12DF, 0x812B, 0x13E4, 0x81A6, 
	0x12CD, 0x818A, 0x123E, 0x8219, 0x11FA, 0x819D, 0x1179, 0x8105, 0x1253, 0x8164, 0x1389, 0x81F2, 0x122E, 0x81CC, 0x1281, 0x81B9, 
	0x12BE, 0x808C, 0x1316, 0x8135, 0x1283, 0x8105, 0x1344, 0x816D, 0x124D, 0x8135, 0x12EB, 0x80E9, 0x1303, 0x812B, 0x1300, 0x815A, 
	0x1275, 0x8147, 0x124A, 0x8122, 0x1307, 0x808C, 0x1275, 0x80C4, 0x12FD, 0x809E, 0x12D7, 0x80E9, 0x1249, 0x80E0, 0x12C3, 0x80A8, 
	0x12C7, 0x80CD, 0x1252, 0x80E0, 0x12EC, 0x80F3, 0x1202, 0x80FC, 0x1275, 0x808C, 0x1331, 0x80C4, 0x1210, 0x8025, 0x12D2, 0x80B1, 
	0x1237, 0x80E9, 0x146A, 0x8009, 0x132B, 0x80A8, 0x1361, 0x8000, 0x131E, 0x804A, 0x12A4, 0x80A8, 0x12AE, 0x808C, 0x129A, 0x8082, 
	0x13D4, 0x804A, 0x1262, 0x8013, 0x1253, 0x7FED, 0x12EE, 0x7FC9, 0x1259, 0x805D, 0x137E, 0x7FD2, 0x12A1, 0x7FDB, 0x1357, 0x8013, 
	0x1336, 0x7FD2, 0x12EC, 0x802E, 0x1312, 0x7FE4, 0x1373, 0x7F91, 0x131A, 0x7FE4, 0x1298, 0x7FC9, 0x127E, 0x8025, 0x12CA, 0x8066, 
	0x12B4, 0x804A, 0x1372, 0x7FB6, 0x11E0, 0x7F36, 0x126B, 0x7FED, 0x1266, 0x8000, 0x11DD, 0x7FED, 0x11F3, 0x7F51, 0x1278, 0x7F5A, 
	0x1254, 0x7F5A, 0x11CB, 0x8038, 0x11DF, 0x7F91, 0x1196, 0x7F76, 0x11C9, 0x7FE4, 0x120D, 0x7F51, 0x11A5, 0x7F9A, 0x10DE, 0x7FAD, 
	0x1206, 0x7FC9, 0x116A, 0x7F88, 0x1298, 0x7FA4, 0x118B, 0x7FD2, 0x115A, 0x7FB6, 0x1230, 0x7FB6, 0x10CC, 0x7F63, 0x1159, 0x7FC9, 
	0x1179, 0x8013, 0x1213, 0x7FE4, 0x1245, 0x7F6C, 0x125B, 0x7FB6, 0x121C, 0x7F08, 0x1142, 0x7FED, 0x11AC, 0x7F9A, 0x1234, 0x8013, 
	0x1113, 0x7FD2, 0x1192, 0x8000, 0x1212, 0x7FBF, 0x1114, 0x7F48, 0x12C4, 0x801C, 0x1179, 0x7FAD, 0x11EF, 0x7F6C, 0x113D, 0x7FE4, 
	0x11D3, 0x7FA4, 0x118C, 0x8000, 0x11BB, 0x8000, 0x1213, 0x7F2C, 0x1190, 0x7F3F, 0x1317, 0x7FA4, 0x11FF, 0x7F7F, 0x1284, 0x7F9A, 
	0x1291, 0x7F91, 0x11A4, 0x7EF6, 0x11F1, 0x7FB6, 0x118A, 0x7F76, 0x121E, 0x7F88, 0x12A0, 0x7F63, 0x1139, 0x7EB6, 0x11B0, 0x7EF6, 
	0x1137, 0x7F91, 0x11B0, 0x7F88, 0x1256, 0x7F76, 0x11F3, 0x7F48, 0x1202, 0x7F11, 0x1256, 0x7F7F, 0x1277, 0x7F7F, 0x124E, 0x7FDB, 
	0x126C, 0x7F76, 0x122E, 0x7EFF, 0x1319, 0x7F6C, 0x12C6, 0x7F76, 0x1317, 0x7FB6, 0x126A, 0x7F5A, 0x12F5, 0x7EFF, 0x1322, 0x7F51, 
	0x1282, 0x7FD2, 0x12B7, 0x7F23, 0x1310, 0x7F6C, 0x12BB, 0x7EEC, 0x12BD, 0x7F6C, 0x1344, 0x7F5A, 0x129D, 0x7F91, 0x1397, 0x7F6C, 
	0x13B9, 0x7F23, 0x13D1, 0x7FB6, 0x1321, 0x7F6C, 0x1336, 0x7FAD, 0x120B, 0x8009, 0x134B, 0x7F7F, 0x12FE, 0x7EFF, 0x12DB, 0x7F7F, 
	0x12E7, 0x7FDB, 0x126A, 0x7F9A, 0x135C, 0x7F6C, 0x1272, 0x7F51, 0x1350, 0x7F36, 0x13E2, 0x7F63, 0x1377, 0x7FB6, 0x13E2, 0x7F6C, 
	0x13AC, 0x7FA4, 0x13FC, 0x7F63, 0x142B, 0x7F63, 0x1358, 0x7FA4, 0x135F, 0x7F6C, 0x13D8, 0x7FDB, 0x1352, 0x7F9A, 0x138A, 0x7FAD, 
	0x1435, 0x7FDB, 0x1441, 0x7F63, 0x1408, 0x7FED, 0x13C5, 0x7FBF, 0x13B5, 0x7FF7, 0x137D, 0x7F7F, 0x1311, 0x7F2C, 0x1310, 0x801C, 
	0x146F, 0x7FC9, 0x13F9, 0x7FF7, 0x12CE, 0x7FE4, 0x12BB, 0x7FD2, 0x1367, 0x8038, 0x1373, 0x8041, 0x1229, 0x7FDB, 0x1482, 0x7FDB, 
	0x132F, 0x7FC9, 0x1336, 0x8013, 0x11EA, 0x8000, 0x1230, 0x801C, 0x12A8, 0x7FB6, 0x1327, 0x7FD2, 0x1356, 0x8025, 0x135E, 0x7FED, 
	0x1395, 0x7FB6, 0x1375, 0x7FF7, 0x12D8, 0x7FED, 0x12BD, 0x8000, 0x12AB, 0x8000, 0x1263, 0x8000, 0x132F, 0x8038, 0x12E1, 0x7FD2, 
	0x12A4, 0x7FE4, 0x121A, 0x805D, 0x11A1, 0x7FDB, 0x1303, 0x8054, 0x1290, 0x8041, 0x11D0, 0x8054, 0x11F9, 0x8013, 0x10E9, 0x808C, 
	0x11E0, 0x8066, 0x1230, 0x8025, 0x112E, 0x804A, 0x11D8, 0x80BA, 0x120A, 0x80D6, 0x1274, 0x80E9, 0x1177, 0x80BA, 0x1273, 0x809E, 
	0x1067, 0x80F3, 0x104F, 0x80D6, 0x1235, 0x8118, 0x1253, 0x80B1, 0x120E, 0x80C4, 0x11C5, 0x8122, 0x11C4, 0x8066, 0x1181, 0x808C, 
	0x117A, 0x8105, 0x1125, 0x805D, 0x1126, 0x8151, 0x11FD, 0x80FC, 0x1119, 0x812B, 0x10E6, 0x80FC, 0x1159, 0x80C4, 0x109A, 0x810F, 
	0x10FE, 0x8105, 0x112D, 0x813E, 0x1087, 0x80CD, 0x10EC, 0x8135, 0x104D, 0x80E9, 0x10F9, 0x80FC, 0x0FA3, 0x809E, 0x0FDE, 0x813E, 
	0x110A, 0x815A, 0x0FB7, 0x80D6, 0x100B, 0x810F, 0x10E5, 0x8105, 0x0FE3, 0x818A, 0x0FDC, 0x8177, 0x0EC7, 0x8082, 0x112B, 0x8164, 
	0x11D8, 0x8252, 0x1193, 0x82CF, 0x11AF, 0x829F, 0x121A, 0x82C6, 0x1140, 0x82CF, 0x112F, 0x8219, 0x11CF, 0x81DF, 0x11B0, 0x82B2, 
	0x11AE, 0x8265, 0x110E, 0x8282, 0x111E, 0x81F2, 0x129E, 0x81B9, 0x1169, 0x81CC, 0x122A, 0x823F, 0x118D, 0x81E9, 0x10DE, 0x822C, 
	0x12AD, 0x816D, 0x12FE, 0x81B9, 0x117F, 0x81D6, 0x11B8, 0x8219, 0x11D8, 0x81DF, 0x124A, 0x8135, 0x119E, 0x8147, 0x128D, 0x81E9, 
	0x1266, 0x8147, 0x1224, 0x8177, 0x1204, 0x8222, 0x126E, 0x8164, 0x11CF, 0x816D, 0x12E4, 0x8177, 0x11C6, 0x8122, 0x1239, 0x80CD, 
	0x12B1, 0x80E9, 0x1223, 0x812B, 0x11ED, 0x81B0, 0x11BD, 0x80CD, 0x1272, 0x8122, 0x11F1, 0x8105, 0x12E7, 0x8070, 0x121F, 0x8105, 
	0x1176, 0x80CD, 0x1264, 0x808C, 0x128E, 0x80BA, 0x1240, 0x80CD, 0x11E9, 0x80C4, 0x1214, 0x8105, 0x1232, 0x809E, 0x1258, 0x809E, 
	0x116D, 0x8025, 0x1226, 0x8079, 0x1236, 0x80CD, 0x139B, 0x8054, 0x129D, 0x8038, 0x131C, 0x7F7F, 0x1277, 0x8054, 0x1273, 0x801C, 
	0x12DD, 0x808C, 0x1296, 0x8079, 0x12AB, 0x7FED, 0x1162, 0x8066, 0x117E, 0x8025, 0x12A8, 0x804A, 0x123E, 0x809E, 0x12EC, 0x8079, 
	0x11C2, 0x7FED, 0x1385, 0x8041, 0x12EE, 0x7FED, 0x11DD, 0x8041, 0x12A4, 0x7FAD, 0x12EB, 0x7F88, 0x11EA, 0x7FDB, 0x11E1, 0x7F5A, 
	0x122C, 0x8009, 0x1280, 0x80FC, 0x122E, 0x805D, 0x12FA, 0x7F88, 0x112F, 0x7FDB, 0x1231, 0x8013, 0x11BC, 0x8009, 0x1119, 0x7F9A, 
	0x11A6, 0x7F63, 0x1180, 0x7FB6, 0x1191, 0x7F51, 0x1172, 0x7FC9, 0x10B8, 0x7FAD, 0x117D, 0x7FAD, 0x111D, 0x7FA4, 0x1271, 0x7FAD, 
	0x110F, 0x7F76, 0x1086, 0x7F5A, 0x1207, 0x7FD2, 0x1099, 0x7FC9, 0x11B4, 0x7FA4, 0x115B, 0x8000, 0x1126, 0x7FA4, 0x11BF, 0x8025, 
	0x10D0, 0x7F76, 0x1133, 0x7F88, 0x1171, 0x7FED, 0x11DC, 0x7F91, 0x117F, 0x7FAD, 0x1186, 0x7F7F, 0x11EC, 0x7FA4, 0x1143, 0x7FF7, 
	0x10DE, 0x7F7F, 0x11DD, 0x8009, 0x10D3, 0x7FD2, 0x11D3, 0x7F48, 0x11C5, 0x7F5A, 0x10BC, 0x7FC9, 0x11F2, 0x7FC9, 0x1114, 0x7FF7, 
	0x114C, 0x7F48, 0x1123, 0x80BA, 0x1155, 0x7FAD, 0x11B2, 0x7F63, 0x1150, 0x7FC9, 0x10EC, 0x7F51, 0x10D6, 0x7F2C, 0x1248, 0x7FC9, 
	0x123D, 0x7F48, 0x11BF, 0x7FBF, 0x11F9, 0x7F63, 0x1150, 0x7F5A, 0x112E, 0x7F9A, 0x110F, 0x7F7F, 0x115D, 0x7FBF, 0x1261, 0x7FDB, 
	0x10FE, 0x7F48, 0x1150, 0x7F63, 0x10E3, 0x7F48, 0x1104, 0x7F36, 0x1209, 0x7FAD, 0x11D3, 0x7F23, 0x120B, 0x7F23, 0x127F, 0x7F88, 
	0x11D8, 0x7F7F, 0x12D6, 0x7FB6, 0x1212, 0x7F5A, 0x11D1, 0x7F63, 0x1282, 0x7FBF, 0x1272, 0x801C, 0x125C, 0x7F7F, 0x1204, 0x7FAD, 
	0x1328, 0x7F48, 0x11E2, 0x7F48, 0x1223, 0x7FF7, 0x1225, 0x7F3F, 0x12E2, 0x7F51, 0x12F7, 0x7F63, 0x12AF, 0x7F36, 0x12F2, 0x7F5A, 
	0x127E, 0x7F9A, 0x128B, 0x7F88, 0x1383, 0x7F23, 0x13C2, 0x7F51, 0x12FB, 0x7F11, 0x12B3, 0x7F23, 0x11B9, 0x7F9A, 0x12C9, 0x7F76, 
	0x12D3, 0x7F11, 0x1295, 0x7FAD, 0x12E2, 0x7F9A, 0x127D, 0x7FBF, 0x129D, 0x7F5A, 0x1254, 0x7F51, 0x12E2, 0x7F88, 0x1398, 0x7F7F, 
	0x130E, 0x7FAD, 0x1375, 0x7F3F, 0x127F, 0x7FED, 0x133F, 0x7FBF, 0x133D, 0x7F9A, 0x128A, 0x7FA4, 0x1331, 0x7F7F, 0x138C, 0x7F9A, 
	0x12D2, 0x7F5A, 0x12A5, 0x7F63, 0x1377, 0x7FE4, 0x1391, 0x7FB6, 0x1334, 0x7FF7, 0x1340, 0x7FED, 0x12DB, 0x7F91, 0x1321, 0x804A, 
	0x11F5, 0x7FD2, 0x12F3, 0x801C, 0x1368, 0x7FED, 0x136C, 0x7FA4, 0x1288, 0x7FDB, 0x12D5, 0x7FC9, 0x1248, 0x8000, 0x1365, 0x8025, 
	0x11AF, 0x8025, 0x1280, 0x8066, 0x128E, 0x7FF7, 0x12BA, 0x8013, 0x119E, 0x7FBF, 0x11E8, 0x8000, 0x1250, 0x7F76, 0x1236, 0x7F76, 
	0x1230, 0x7FA4, 0x1298, 0x8009, 0x12D7, 0x7FE4, 0x1272, 0x801C, 0x11FC, 0x7FF7, 0x12A8, 0x8054, 0x11DE, 0x7FAD, 0x1114, 0x7FF7, 
	0x12BE, 0x7FBF, 0x12F9, 0x8025, 0x12BF, 0x8025, 0x122F, 0x8082, 0x114D, 0x802E, 0x12A8, 0x804A, 0x11A7, 0x804A, 0x1117, 0x8038, 
	0x1181, 0x8105, 0x1046, 0x808C, 0x10C3, 0x8041, 0x11B4, 0x801C, 0x10F3, 0x801C, 0x11D4, 0x80CD, 0x1142, 0x80BA, 0x1253, 0x808C, 
	0x118B, 0x808C, 0x1288, 0x8118, 0x0FF5, 0x812B, 0x103D, 0x8066, 0x1231, 0x80D6, 0x113E, 0x80A8, 0x1118, 0x80E0, 0x1185, 0x80F3, 
	0x110C, 0x80E9, 0x1156, 0x8082, 0x1150, 0x8105, 0x1111, 0x80A8, 0x1122, 0x808C, 0x113B, 0x8118, 0x10D2, 0x816D, 0x1009, 0x80FC, 
	0x1158, 0x80FC, 0x10C1, 0x80C4, 0x10E2, 0x812B, 0x10DF, 0x80FC, 0x0F64, 0x80F3, 0x10C3, 0x8235, 0x1079, 0x813E, 0x107C, 0x80CD, 
	0x1028, 0x812B, 0x0F78, 0x813E, 0x0FDB, 0x8105, 0x0FC7, 0x80E0, 0x0F85, 0x80E9, 0x1041, 0x80F3, 0x0FAB, 0x8147, 0x0F62, 0x80FC, 
	0x0ECD, 0x80D6, 0x10A3, 0x8122, 0x0FF7, 0x818A, 0x0FA6, 0x81E9, 0x0F59, 0x81A6, 0x0F32, 0x816D, 0x0EF9, 0x81CC, 0x0FE8, 0x8193, 
	0x0FBC, 0x8222, 0x0EF7, 0x81B9, 0x0F3E, 0x81D6, 0x0FC6, 0x812B, 0x101F, 0x81B9, 0x0FDB, 0x81FC, 0x0F98, 0x81B0, 0x1021, 0x81CC, 
	0x0F42, 0x815A, 0x0F79, 0x819D, 0x1020, 0x81E9, 0x1053, 0x81C3, 0x0FEA, 0x81A6, 0x1058, 0x8177, 0x1070, 0x8118, 0x10B9, 0x8222, 
	0x0F55, 0x81C3, 0x0F1A, 0x82A9, 0x1129, 0x819D, 0x107D, 0x815A, 0x1098, 0x81F2, 0x1046, 0x820F, 0x0FEB, 0x8219, 0x1005, 0x822C, 
	0x1094, 0x819D, 0x110B, 0x81B0, 0x115E, 0x8282, 0x1102, 0x8252, 0x1058, 0x81F2, 0x1022, 0x8219, 0x10C2, 0x81DF, 0x1060, 0x81F2, 
	0x0FBE, 0x8222, 0x1099, 0x81B9, 0x1150, 0x823F, 0x1157, 0x820F, 0x1096, 0x81F2, 0x1037, 0x8235, 0x11B0, 0x822C, 0x10CC, 0x8252, 
	0x10DE, 0x81FC, 0x1034, 0x822C, 0x1096, 0x823F, 0x109A, 0x81F2, 0x0FFA, 0x823F, 0x10AB, 0x823F, 0x10CF, 0x820F, 0x109F, 0x826F, 
	0x1204, 0x8235, 0x10BB, 0x820F, 0x10AD, 0x822C, 0x1133, 0x823F, 0x1034, 0x820F, 0x1157, 0x823F, 0x1108, 0x822C, 0x11E7, 0x81E9, 
	0x10A9, 0x8279, 0x1109, 0x8205, 0x10D2, 0x8279, 0x10FD, 0x8282, 0x1076, 0x828C, 0x10F2, 0x8222, 0x103F, 0x81F2, 0x10D3, 0x823F, 
	0x1119, 0x8282, 0x1173, 0x8282, 0x0F28, 0x8279, 0x1177, 0x8219, 0x1230, 0x82B2, 0x1153, 0x8295, 0x11E5, 0x8300, 0x11ED, 0x82A9, 
	0x115E, 0x8300, 0x10E5, 0x8252, 0x104B, 0x82C6, 0x1136, 0x828C, 0x10CD, 0x8282, 0x1112, 0x82CF, 0x10E3, 0x8295, 0x11ED, 0x8265, 
	0x11E2, 0x831D, 0x123B, 0x82EC, 0x12B1, 0x8309, 0x125E, 0x826F, 0x1255, 0x82B2, 0x11BA, 0x82B2, 0x12AF, 0x829F, 0x12ED, 0x8309, 
	0x121E, 0x822C, 0x11E9, 0x82F6, 0x122A, 0x8330, 0x121C, 0x82E3, 0x1232, 0x82D9, 0x130A, 0x82C6, 0x1247, 0x8327, 0x11C6, 0x82E3, 
	0x1231, 0x82A9, 0x12CE, 0x8327, 0x1284, 0x8330, 0x1225, 0x829F, 0x12BD, 0x833A, 0x121C, 0x8357, 0x1212, 0x8330, 0x1250, 0x83A6, 
	0x1207, 0x8327, 0x12D8, 0x8330, 0x132C, 0x83AF, 0x1391, 0x8361, 0x1287, 0x83CD, 0x1254, 0x8375, 0x11E5, 0x837E, 0x1350, 0x83CD, 
	0x1433, 0x8375, 0x135C, 0x846B, 0x1403, 0x83D7, 0x1369, 0x847E, 0x1479, 0x8488, 0x1356, 0x8564, 0x11D8, 0x8252, 0x1193, 0x82CF, 
	0x11AF, 0x829F, 0x121A, 0x82C6, 0x1140, 0x82CF, 0x112F, 0x8219, 0x11CF, 0x81DF, 0x11B0, 0x82B2, 0x11AE, 0x8265, 0x110E, 0x8282, 
	0x111E, 0x81F2, 0x129E, 0x81B9, 0x1169, 0x81CC, 0x122A, 0x823F, 0x118D, 0x81E9, 0x10DE, 0x822C, 0x12AD, 0x816D, 0x12FE, 0x81B9, 
	0x117F, 0x81D6, 0x11B8, 0x8219, 0x11D8, 0x81DF, 0x124A, 0x8135, 0x119E, 0x8147, 0x128D, 0x81E9, 0x1266, 0x8147, 0x1224, 0x8177, 
	0x1204, 0x8222, 0x126E, 0x8164, 0x11CF, 0x816D, 0x12E4, 0x8177, 0x11C6, 0x8122, 0x1239, 0x80CD, 0x12B1, 0x80E9, 0x1223, 0x812B, 
	0x11ED, 0x81B0, 0x11BD, 0x80CD, 0x1272, 0x8122, 0x11F1, 0x8105, 0x12E7, 0x8070, 0x121F, 0x8105, 0x1176, 0x80CD, 0x1264, 0x808C, 
	0x128E, 0x80BA, 0x1240, 0x80CD, 0x11E9, 0x80C4, 0x1214, 0x8105, 0x1232, 0x809E, 0x1258, 0x809E, 0x116D, 0x8025, 0x1226, 0x8079, 
	0x1236, 0x80CD, 0x139B, 0x8054, 0x129D, 0x8038, 0x131C, 0x7F7F, 0x1277, 0x8054, 0x1273, 0x801C, 0x12DD, 0x808C, 0x1296, 0x8079, 
	0x12AB, 0x7FED, 0x1162, 0x8066, 0x117E, 0x8025, 0x12A8, 0x804A, 0x123E, 0x809E, 0x12EC, 0x8079, 0x11C2, 0x7FED, 0x1385, 0x8041, 
	0x12EE, 0x7FED, 0x11DD, 0x8041, 0x12A4, 0x7FAD, 0x12EB, 0x7F88, 0x11EA, 0x7FDB, 0x11E1, 0x7F5A, 0x122C, 0x8009, 0x1280, 0x80FC, 
	0x122E, 0x805D, 0x12FA, 0x7F88, 0x112F, 0x7FDB, 0x1231, 0x8013, 0x11BC, 0x8009, 0x1119, 0x7F9A, 0x11A6, 0x7F63, 0x1180, 0x7FB6, 
	0x1191, 0x7F51, 0x1172, 0x7FC9, 0x10B8, 0x7FAD, 0x117D, 0x7FAD, 0x111D, 0x7FA4, 0x1271, 0x7FAD, 0x110F, 0x7F76, 0x1086, 0x7F5A, 
	0x1207, 0x7FD2, 0x1099, 0x7FC9, 0x11B4, 0x7FA4, 0x115B, 0x8000, 0x1126, 0x7FA4, 0x11BF, 0x8025, 0x10D0, 0x7F76, 0x1133, 0x7F88, 
	0x1171, 0x7FED, 0x11DC, 0x7F91, 0x117F, 0x7FAD, 0x1186, 0x7F7F, 0x11EC, 0x7FA4, 0x1143, 0x7FF7, 0x10DE, 0x7F7F, 0x11DD, 0x8009, 
	0x10D3, 0x7FD2, 0x11D3, 0x7F48, 0x11C5, 0x7F5A, 0x10BC, 0x7FC9, 0x11F2, 0x7FC9, 0x1114, 0x7FF7, 0x114C, 0x7F48, 0x1123, 0x80BA, 
	0x1155, 0x7FAD, 0x11B2, 0x7F63, 0x1150, 0x7FC9, 0x10EC, 0x7F51, 0x10D6, 0x7F2C, 0x1248, 0x7FC9, 0x123D, 0x7F48, 0x11BF, 0x7FBF, 
	0x11F9, 0x7F63, 0x1150, 0x7F5A, 0x112E, 0x7F9A, 0x110F, 0x7F7F, 0x115D, 0x7FBF, 0x1261, 0x7FDB, 0x10FE, 0x7F48, 0x1150, 0x7F63, 
	0x10E3, 0x7F48, 0x1104, 0x7F36, 0x1209, 0x7FAD, 0x11D3, 0x7F23, 0x120B, 0x7F23, 0x127F, 0x7F88, 0x11D8, 0x7F7F, 0x12D6, 0x7FB6, 
	0x1212, 0x7F5A, 0x11D1, 0x7F63, 0x1282, 0x7FBF, 0x1272, 0x801C, 0x125C, 0x7F7F, 0x1204, 0x7FAD, 0x1328, 0x7F48, 0x11E2, 0x7F48, 
	0x1223, 0x7FF7, 0x1225, 0x7F3F, 0x12E2, 0x7F51, 0x12F7, 0x7F63, 0x12AF, 0x7F36, 0x12F2, 0x7F5A, 0x127E, 0x7F9A, 0x128B, 0x7F88, 
	0x1383, 0x7F23, 0x13C2, 0x7F51, 0x12FB, 0x7F11, 0x12B3, 0x7F23, 0x11B9, 0x7F9A, 0x12C9, 0x7F76, 0x12D3, 0x7F11, 0x1295, 0x7FAD, 
	0x12E2, 0x7F9A, 0x127D, 0x7FBF, 0x129D, 0x7F5A, 0x1254, 0x7F51, 0x12E2, 0x7F88, 0x1398, 0x7F7F, 0x130E, 0x7FAD, 0x1375, 0x7F3F, 
	0x127F, 0x7FED, 0x133F, 0x7FBF, 0x133D, 0x7F9A, 0x128A, 0x7FA4, 0x1331, 0x7F7F, 0x138C, 0x7F9A, 0x12D2, 0x7F5A, 0x12A5, 0x7F63, 
	0x1377, 0x7FE4, 0x1391, 0x7FB6, 0x1334, 0x7FF7, 0x1340, 0x7FED, 0x12DB, 0x7F91, 0x1321, 0x804A, 0x11F5, 0x7FD2, 0x12F3, 0x801C, 
	0x1368, 0x7FED, 0x136C, 0x7FA4, 0x1288, 0x7FDB, 0x12D5, 0x7FC9, 0x1248, 0x8000, 0x1365, 0x8025, 0x11AF, 0x8025, 0x1280, 0x8066, 
	0x128E, 0x7FF7, 0x12BA, 0x8013, 0x119E, 0x7FBF, 0x11E8, 0x8000, 0x1250, 0x7F76, 0x1236, 0x7F76, 0x1230, 0x7FA4, 0x1298, 0x8009, 
	0x12D7, 0x7FE4, 0x1272, 0x801C, 0x11FC, 0x7FF7, 0x12A8, 0x8054, 0x11DE, 0x7FAD, 0x1114, 0x7FF7, 0x12BE, 0x7FBF, 0x12F9, 0x8025, 
	0x12BF, 0x8025, 0x122F, 0x8082, 0x114D, 0x802E, 0x12A8, 0x804A, 0x11A7, 0x804A, 0x1117, 0x8038, 0x1181, 0x8105, 0x1046, 0x808C, 
	0x10C3, 0x8041, 0x11B4, 0x801C, 0x10F3, 0x801C, 0x11D4, 0x80CD, 0x1142, 0x80BA, 0x1253, 0x808C, 0x118B, 0x808C, 0x1288, 0x8118, 
	0x0FF5, 0x812B, 0x103D, 0x8066, 0x1231, 0x80D6, 0x113E, 0x80A8, 0x1118, 0x80E0, 0x1185, 0x80F3, 0x110C, 0x80E9, 0x1156, 0x8082, 
	0x1150, 0x8105, 0x1111, 0x80A8, 0x1122, 0x808C, 0x113B, 0x8118, 0x10D2, 0x816D, 0x1009, 0x80FC, 0x1158, 0x80FC, 0x10C1, 0x80C4, 
	0x10E2, 0x812B, 0x10DF, 0x80FC, 0x0F64, 0x80F3, 0x10C3, 0x8235, 0x1079, 0x813E, 0x107C, 0x80CD, 0x1028, 0x812B, 0x0F78, 0x813E, 
	0x0FDB, 0x8105, 0x0FC7, 0x80E0, 0x0F85, 0x80E9, 0x1041, 0x80F3, 0x0FAB, 0x8147, 0x0F62, 0x80FC, 0x0ECD, 0x80D6, 0x10A3, 0x8122, 
	0x1225, 0x82BC, 0x11B8, 0x82EC, 0x12A7, 0x8300, 0x123D, 0x82D9, 0x1182, 0x8265, 0x124D, 0x8282, 0x11E7, 0x8219, 0x11EB, 0x82C6, 
	0x118C, 0x8205, 0x11DB, 0x828C, 0x11D9, 0x825C, 0x127E, 0x81B9, 0x1250, 0x81A6, 0x1251, 0x8235, 0x11C4, 0x8180, 0x1133, 0x8193, 
	0x124D, 0x81A6, 0x13D6, 0x81FC, 0x11CE, 0x8235, 0x1214, 0x81FC, 0x121C, 0x81A6, 0x1273, 0x8147, 0x1245, 0x8135, 0x12E5, 0x822C, 
	0x12A8, 0x8180, 0x11F5, 0x81CC, 0x12B6, 0x80BA, 0x126F, 0x8095, 0x1214, 0x81B0, 0x1314, 0x813E, 0x121F, 0x80FC, 0x1298, 0x80CD, 
	0x1336, 0x80D6, 0x12C6, 0x812B, 0x129C, 0x818A, 0x11D4, 0x8118, 0x1236, 0x80CD, 0x131B, 0x80CD, 0x12DE, 0x80A8, 0x1273, 0x815A, 
	0x1236, 0x80A8, 0x1275, 0x80A8, 0x1321, 0x80BA, 0x1295, 0x809E, 0x1242, 0x80FC, 0x12AF, 0x80D6, 0x11EC, 0x80A8, 0x1295, 0x80A8, 
	0x11CD, 0x8054, 0x12C4, 0x8095, 0x12B5, 0x808C, 0x13B4, 0x8070, 0x12FF, 0x804A, 0x1348, 0x804A, 0x126B, 0x8025, 0x1285, 0x8095, 
	0x133A, 0x801C, 0x12FB, 0x801C, 0x12C8, 0x8038, 0x1206, 0x8025, 0x1199, 0x7FD2, 0x12F4, 0x8013, 0x12CC, 0x804A, 0x13A2, 0x805D, 
	0x123B, 0x7FED, 0x1356, 0x7FF7, 0x1360, 0x7FED, 0x128D, 0x8041, 0x12BB, 0x7FC9, 0x1333, 0x7FF7, 0x12DA, 0x7FE4, 0x129F, 0x7FDB, 
	0x128A, 0x8000, 0x129D, 0x8066, 0x126A, 0x7FF7, 0x136B, 0x7FA4, 0x11BD, 0x7F6C, 0x12B0, 0x7FED, 0x1267, 0x7FE4, 0x11AF, 0x7FA4, 
	0x121A, 0x801C, 0x1232, 0x7FDB, 0x125C, 0x7F23, 0x11F5, 0x7FAD, 0x10D9, 0x7F9A, 0x1252, 0x7FB6, 0x116E, 0x7FD2, 0x124C, 0x7F88, 
	0x116B, 0x7FE4, 0x107A, 0x7F7F, 0x122C, 0x7F63, 0x1110, 0x7FE4, 0x1252, 0x7FB6, 0x1147, 0x801C, 0x111B, 0x7F9A, 0x11F3, 0x7F5A, 
	0x1155, 0x7FDB, 0x122C, 0x7FB6, 0x1170, 0x8041, 0x122D, 0x8038, 0x11F9, 0x7FB6, 0x11E7, 0x7FD2, 0x11DF, 0x7FAD, 0x1171, 0x7FC9, 
	0x1199, 0x7FE4, 0x121E, 0x7FA4, 0x1164, 0x8000, 0x1218, 0x7F9A, 0x125C, 0x7FB6, 0x1192, 0x7FE4, 0x126C, 0x7F5A, 0x1104, 0x7FD2, 
	0x11A4, 0x7F36, 0x1150, 0x8000, 0x11BB, 0x7FBF, 0x1263, 0x7FC9, 0x1197, 0x7F76, 0x1192, 0x7FA4, 0x1150, 0x7F36, 0x1268, 0x7FBF, 
	0x121F, 0x7F91, 0x1233, 0x7FBF, 0x1244, 0x7F2C, 0x1189, 0x7F1A, 0x11D4, 0x7F63, 0x1172, 0x7F7F, 0x126E, 0x7FDB, 0x1263, 0x7FB6, 
	0x1147, 0x7F48, 0x117D, 0x7F1A, 0x119C, 0x7FAD, 0x11B8, 0x7FB6, 0x11DF, 0x7F3F, 0x1253, 0x7F63, 0x11EC, 0x7EF6, 0x1247, 0x7FF7, 
	0x1310, 0x7F88, 0x12D4, 0x7FB6, 0x12C4, 0x7F6C, 0x124F, 0x7F63, 0x1251, 0x7FB6, 0x127E, 0x7FDB, 0x130A, 0x7F9A, 0x126F, 0x7FC9, 
	0x13BF, 0x7F1A, 0x1277, 0x7F36, 0x125C, 0x8054, 0x12D5, 0x7F9A, 0x128A, 0x7F2C, 0x12D8, 0x7F23, 0x129D, 0x7F36, 0x1311, 0x7FD2, 
	0x12B4, 0x7F63, 0x12D5, 0x8013, 0x1315, 0x7F3F, 0x140E, 0x7EF6, 0x1365, 0x7FDB, 0x1347, 0x7F6C, 0x11E6, 0x7FAD, 0x12E3, 0x7F51, 
	0x1328, 0x7F6C, 0x12C5, 0x7F91, 0x12E3, 0x7F23, 0x12CC, 0x7F9A, 0x12F7, 0x7ED1, 0x1277, 0x7F88, 0x1352, 0x7F63, 0x13EB, 0x7F9A, 
	0x1364, 0x7FE4, 0x1361, 0x7F7F, 0x137D, 0x8000, 0x142E, 0x8000, 0x13E3, 0x8000, 0x131A, 0x7FBF, 0x1377, 0x7F7F, 0x13EB, 0x7F5A, 
	0x1325, 0x7F6C, 0x1311, 0x7FDB, 0x141F, 0x8025, 0x13D9, 0x8038, 0x134C, 0x7FA4, 0x1313, 0x8025, 0x1339, 0x7FE4, 0x130E, 0x8013, 
	0x12A1, 0x7FE4, 0x131A, 0x7FED, 0x13B8, 0x7F9A, 0x13CA, 0x802E, 0x12C2, 0x7FC9, 0x12F8, 0x8009, 0x1278, 0x7FF7, 0x135E, 0x8054, 
	0x1292, 0x8000, 0x138B, 0x7FED, 0x12C3, 0x8054, 0x1303, 0x7FBF, 0x11BD, 0x7F9A, 0x1285, 0x7FA4, 0x12BD, 0x7FE4, 0x137B, 0x7FF7, 
	0x1295, 0x7FF7, 0x12ED, 0x8025, 0x131D, 0x7FAD, 0x11AC, 0x801C, 0x127E, 0x7FE4, 0x1304, 0x804A, 0x11D3, 0x8025, 0x11BC, 0x8013, 
	0x12ED, 0x7FD2, 0x136B, 0x80CD, 0x1304, 0x8025, 0x12A7, 0x8066, 0x118C, 0x7FF7, 0x1386, 0x802E, 0x120F, 0x8038, 0x1170, 0x8066, 
	0x1246, 0x809E, 0x1118, 0x8070, 0x1167, 0x8054, 0x11B8, 0x8041, 0x10E5, 0x8070, 0x123C, 0x80F3, 0x1202, 0x80F3, 0x12C5, 0x80A8, 
	0x11BE, 0x804A, 0x12E4, 0x8066, 0x109F, 0x80E9, 0x1082, 0x80BA, 0x1278, 0x8095, 0x11BE, 0x80E0, 0x11C1, 0x8105, 0x10D6, 0x8122, 
	0x1135, 0x8082, 0x1172, 0x80B1, 0x1122, 0x80F3, 0x1133, 0x805D, 0x1144, 0x80CD, 0x10BE, 0x80F3, 0x1148, 0x815A, 0x100B, 0x8105, 
	0x1220, 0x80C4, 0x1158, 0x8135, 0x10F5, 0x818A, 0x1160, 0x80F3, 0x1081, 0x8164, 0x10F5, 0x8164, 0x10E8, 0x80A8, 0x1115, 0x8151, 
	0x1132, 0x8118, 0x0FE1, 0x819D, 0x1057, 0x8135, 0x0FAC, 0x810F, 0x0F74, 0x810F, 0x10A2, 0x8164, 0x0F8F, 0x816D, 0x0FCC, 0x8095, 
	0x0F71, 0x8135, 0x10D5, 0x8135, 0x0F98, 0x8135, 0x0F9D, 0x818A, 0x0FF7, 0x813E, 0x0FAB, 0x81C3, 0x0FC7, 0x818A, 0x0FC7, 0x81FC, 
	0x0F84, 0x8193, 0x0F34, 0x815A, 0x0FCA, 0x81DF, 0x1073, 0x8118, 0x102C, 0x81D6, 0x1024, 0x820F, 0x1069, 0x81FC, 0x1076, 0x81D6, 
	0x0F91, 0x8164, 0x1022, 0x81D6, 0x10B5, 0x8252, 0x10CF, 0x818A, 0x1035, 0x8193, 0x101A, 0x8151, 0x10BA, 0x816D, 0x107C, 0x82A9, 
	0x0FC7, 0x819D, 0x0F6B, 0x8248, 0x1114, 0x815A, 0x10CD, 0x81B0, 0x10FF, 0x8205, 0x1082, 0x820F, 0x1020, 0x8252, 0x1060, 0x8205, 
	0x10E0, 0x81DF, 0x11AF, 0x81D6, 0x1185, 0x8282, 0x115D, 0x8205, 0x10EA, 0x823F, 0x115C, 0x81F2, 0x10F8, 0x8222, 0x1038, 0x822C, 
	0x1093, 0x828C, 0x10A5, 0x81E9, 0x1123, 0x81F2, 0x11F1, 0x8235, 0x10E6, 0x826F, 0x10C6, 0x8265, 0x1185, 0x823F, 0x1145, 0x825C, 
	0x119B, 0x825C, 0x1073, 0x825C, 0x10F0, 0x8235, 0x108A, 0x8219, 0x103F, 0x8252, 0x1162, 0x81B0, 0x10A4, 0x8265, 0x1098, 0x8252, 
	0x11F0, 0x8252, 0x1171, 0x8222, 0x113B, 0x8252, 0x1118, 0x822C, 0x109E, 0x8219, 0x11A2, 0x825C, 0x11B0, 0x825C, 0x1214, 0x81B9, 
	0x1133, 0x823F, 0x108E, 0x81C3, 0x1131, 0x8235, 0x119A, 0x8252, 0x116F, 0x825C, 0x10A9, 0x8265, 0x1080, 0x81E9, 0x119C, 0x82A9, 
	0x1124, 0x8295, 0x1208, 0x834E, 0x0FE2, 0x826F, 0x11B3, 0x823F, 0x11BD, 0x82CF, 0x11E0, 0x82BC, 0x11FE, 0x82BC, 0x11EF, 0x829F, 
	0x1248, 0x828C, 0x1176, 0x8252, 0x111D, 0x8300, 0x117C, 0x8279, 0x10B0, 0x8279, 0x11DC, 0x82B2, 0x1180, 0x82B2, 0x11EA, 0x8282, 
	0x128C, 0x8300, 0x126E, 0x82B2, 0x1328, 0x82D9, 0x1245, 0x829F, 0x126A, 0x82CF, 0x1252, 0x834E, 0x12B9, 0x8295, 0x12CB, 0x82B2, 
	0x12E5, 0x826F, 0x11D4, 0x82BC, 0x12E2, 0x8344, 0x12E7, 0x82D9, 0x1262, 0x82D9, 0x137B, 0x8300, 0x12CE, 0x82E3, 0x11F2, 0x831D, 
	0x1309, 0x831D, 0x132E, 0x82E3, 0x1296, 0x8375, 0x12B5, 0x82D9, 0x12E0, 0x8361, 0x12C2, 0x8361, 0x12CB, 0x831D, 0x11FE, 0x8388, 
	0x12FA, 0x8327, 0x12E7, 0x8344, 0x1309, 0x8492, 0x139D, 0x831D, 0x1321, 0x83E0, 0x12D0, 0x8361, 0x12EB, 0x836B, 0x13E5, 0x83F4, 
	0x14C1, 0x839C, 0x1348, 0x8488, 0x1424, 0x8408, 0x13AF, 0x8461, 0x14AE, 0x84F6, 0x1416, 0x85F2, 0x1225, 0x82BC, 0x11B8, 0x82EC, 
	0x12A7, 0x8300, 0x123D, 0x82D9, 0x1182, 0x8265, 0x124D, 0x8282, 0x11E7, 0x8219, 0x11EB, 0x82C6, 0x118C, 0x8205, 0x11DB, 0x828C, 
	0x11D9, 0x825C, 0x127E, 0x81B9, 0x1250, 0x81A6, 0x1251, 0x8235, 0x11C4, 0x8180, 0x1133, 0x8193, 0x124D, 0x81A6, 0x13D6, 0x81FC, 
	0x11CE, 0x8235, 0x1214, 0x81FC, 0x121C, 0x81A6, 0x1273, 0x8147, 0x1245, 0x8135, 0x12E5, 0x822C, 0x12A8, 0x8180, 0x11F5, 0x81CC, 
	0x12B6, 0x80BA, 0x126F, 0x8095, 0x1214, 0x81B0, 0x1314, 0x813E, 0x121F, 0x80FC, 0x1298, 0x80CD, 0x1336, 0x80D6, 0x12C6, 0x812B, 
	0x129C, 0x818A, 0x11D4, 0x8118, 0x1236, 0x80CD, 0x131B, 0x80CD, 0x12DE, 0x80A8, 0x1273, 0x815A, 0x1236, 0x80A8, 0x1275, 0x80A8, 
	0x1321, 0x80BA, 0x1295, 0x809E, 0x1242, 0x80FC, 0x12AF, 0x80D6, 0x11EC, 0x80A8, 0x1295, 0x80A8, 0x11CD, 0x8054, 0x12C4, 0x8095, 
	0x12B5, 0x808C, 0x13B4, 0x8070, 0x12FF, 0x804A, 0x1348, 0x804A, 0x126B, 0x8025, 0x1285, 0x8095, 0x133A, 0x801C, 0x12FB, 0x801C, 
	0x12C8, 0x8038, 0x1206, 0x8025, 0x1199, 0x7FD2, 0x12F4, 0x8013, 0x12CC, 0x804A, 0x13A2, 0x805D, 0x123B, 0x7FED, 0x1356, 0x7FF7, 
	0x1360, 0x7FED, 0x128D, 0x8041, 0x12BB, 0x7FC9, 0x1333, 0x7FF7, 0x12DA, 0x7FE4, 0x129F, 0x7FDB, 0x128A, 0x8000, 0x129D, 0x8066, 
	0x126A, 0x7FF7, 0x136B, 0x7FA4, 0x11BD, 0x7F6C, 0x12B0, 0x7FED, 0x1267, 0x7FE4, 0x11AF, 0x7FA4, 0x121A, 0x801C, 0x1232, 0x7FDB, 
	0x125C, 0x7F23, 0x11F5, 0x7FAD, 0x10D9, 0x7F9A, 0x1252, 0x7FB6, 0x116E, 0x7FD2, 0x124C, 0x7F88, 0x116B, 0x7FE4, 0x107A, 0x7F7F, 
	0x122C, 0x7F63, 0x1110, 0x7FE4, 0x1252, 0x7FB6, 0x1147, 0x801C, 0x111B, 0x7F9A, 0x11F3, 0x7F5A, 0x1155, 0x7FDB, 0x122C, 0x7FB6, 
	0x1170, 0x8041, 0x122D, 0x8038, 0x11F9, 0x7FB6, 0x11E7, 0x7FD2, 0x11DF, 0x7FAD, 0x1171, 0x7FC9, 0x1199, 0x7FE4, 0x121E, 0x7FA4, 
	0x1164, 0x8000, 0x1218, 0x7F9A, 0x125C, 0x7FB6, 0x1192, 0x7FE4, 0x126C, 0x7F5A, 0x1104, 0x7FD2, 0x11A4, 0x7F36, 0x1150, 0x8000, 
	0x11BB, 0x7FBF, 0x1263, 0x7FC9, 0x1197, 0x7F76, 0x1192, 0x7FA4, 0x1150, 0x7F36, 0x1268, 0x7FBF, 0x121F, 0x7F91, 0x1233, 0x7FBF, 
	0x1244, 0x7F2C, 0x1189, 0x7F1A, 0x11D4, 0x7F63, 0x1172, 0x7F7F, 0x126E, 0x7FDB, 0x1263, 0x7FB6, 0x1147, 0x7F48, 0x117D, 0x7F1A, 
	0x119C, 0x7FAD, 0x11B8, 0x7FB6, 0x11DF, 0x7F3F, 0x1253, 0x7F63, 0x11EC, 0x7EF6, 0x1247, 0x7FF7, 0x1310, 0x7F88, 0x12D4, 0x7FB6, 
	0x12C4, 0x7F6C, 0x124F, 0x7F63, 0x1251, 0x7FB6, 0x127E, 0x7FDB, 0x130A, 0x7F9A, 0x126F, 0x7FC9, 0x13BF, 0x7F1A, 0x1277, 0x7F36, 
	0x125C, 0x8054, 0x12D5, 0x7F9A, 0x128A, 0x7F2C, 0x12D8, 0x7F23, 0x129D, 0x7F36, 0x1311, 0x7FD2, 0x12B4, 0x7F63, 0x12D5, 0x8013, 
	0x1315, 0x7F3F, 0x140E, 0x7EF6, 0x1365, 0x7FDB, 0x1347, 0x7F6C, 0x11E6, 0x7FAD, 0x12E3, 0x7F51, 0x1328, 0x7F6C, 0x12C5, 0x7F91, 
	0x12E3, 0x7F23, 0x12CC, 0x7F9A, 0x12F7, 0x7ED1, 0x1277, 0x7F88, 0x1352, 0x7F63, 0x13EB, 0x7F9A, 0x1364, 0x7FE4, 0x1361, 0x7F7F, 
	0x137D, 0x8000, 0x142E, 0x8000, 0x13E3, 0x8000, 0x131A, 0x7FBF, 0x1377, 0x7F7F, 0x13EB, 0x7F5A, 0x1325, 0x7F6C, 0x1311, 0x7FDB, 
	0x141F, 0x8025, 0x13D9, 0x8038, 0x134C, 0x7FA4, 0x1313, 0x8025, 0x1339, 0x7FE4, 0x130E, 0x8013, 0x12A1, 0x7FE4, 0x131A, 0x7FED, 
	0x13B8, 0x7F9A, 0x13CA, 0x802E, 0x12C2, 0x7FC9, 0x12F8, 0x8009, 0x1278, 0x7FF7, 0x135E, 0x8054, 0x1292, 0x8000, 0x138B, 0x7FED, 
	0x12C3, 0x8054, 0x1303, 0x7FBF, 0x11BD, 0x7F9A, 0x1285, 0x7FA4, 0x12BD, 0x7FE4, 0x137B, 0x7FF7, 0x1295, 0x7FF7, 0x12ED, 0x8025, 
	0x131D, 0x7FAD, 0x11AC, 0x801C, 0x127E, 0x7FE4, 0x1304, 0x804A, 0x11D3, 0x8025, 0x11BC, 0x8013, 0x12ED, 0x7FD2, 0x136B, 0x80CD, 
	0x1304, 0x8025, 0x12A7, 0x8066, 0x118C, 0x7FF7, 0x1386, 0x802E, 0x120F, 0x8038, 0x1170, 0x8066, 0x1246, 0x809E, 0x1118, 0x8070, 
	0x1167, 0x8054, 0x11B8, 0x8041, 0x10E5, 0x8070, 0x123C, 0x80F3, 0x1202, 0x80F3, 0x12C5, 0x80A8, 0x11BE, 0x804A, 0x12E4, 0x8066, 
	0x109F, 0x80E9, 0x1082, 0x80BA, 0x1278, 0x8095, 0x11BE, 0x80E0, 0x11C1, 0x8105, 0x10D6, 0x8122, 0x1135, 0x8082, 0x1172, 0x80B1, 
	0x1122, 0x80F3, 0x1133, 0x805D, 0x1144, 0x80CD, 0x10BE, 0x80F3, 0x1148, 0x815A, 0x100B, 0x8105, 0x1220, 0x80C4, 0x1158, 0x8135, 
	0x10F5, 0x818A, 0x1160, 0x80F3, 0x1081, 0x8164, 0x10F5, 0x8164, 0x10E8, 0x80A8, 0x1115, 0x8151, 0x1132, 0x8118, 0x0FE1, 0x819D, 
	0x1057, 0x8135, 0x0FAC, 0x810F, 0x0F74, 0x810F, 0x10A2, 0x8164, 0x0F8F, 0x816D, 0x0FCC, 0x8095, 0x0F71, 0x8135, 0x10D5, 0x8135, 
	0x115D, 0x82BC, 0x11FC, 0x82E3, 0x1222, 0x8300, 0x1196, 0x82F6, 0x10BB, 0x822C, 0x1164, 0x826F, 0x1179, 0x82B2, 0x1166, 0x82BC, 
	0x111E, 0x823F, 0x118D, 0x826F, 0x11A8, 0x81FC, 0x12C1, 0x81F2, 0x1246, 0x822C, 0x1255, 0x8265, 0x11CC, 0x81D6, 0x1107, 0x81B9, 
	0x1271, 0x81D6, 0x1295, 0x81DF, 0x11C1, 0x8219, 0x11E9, 0x81A6, 0x112A, 0x81D6, 0x120F, 0x81F2, 0x11FA, 0x815A, 0x12B8, 0x81F2, 
	0x1283, 0x8147, 0x121F, 0x81FC, 0x12B6, 0x8122, 0x127A, 0x80D6, 0x1268, 0x81B9, 0x12AF, 0x8164, 0x1224, 0x8135, 0x1289, 0x80FC, 
	0x1333, 0x80CD, 0x1294, 0x8147, 0x11A2, 0x81B0, 0x11E4, 0x8151, 0x11F6, 0x80A8, 0x12A6, 0x8105, 0x1263, 0x80D6, 0x11A4, 0x8147, 
	0x11E7, 0x8082, 0x11DD, 0x809E, 0x1256, 0x80C4, 0x1258, 0x8054, 0x1188, 0x80FC, 0x117F, 0x80E0, 0x11A2, 0x8095, 0x1293, 0x80C4, 
	0x11FF, 0x80C4, 0x11BE, 0x80E9, 0x1260, 0x8041, 0x12CE, 0x8079, 0x12CA, 0x80A8, 0x12F0, 0x8025, 0x1285, 0x8070, 0x12C5, 0x8095, 
	0x1214, 0x8079, 0x12DB, 0x8054, 0x121A, 0x801C, 0x1179, 0x804A, 0x11DC, 0x8009, 0x129F, 0x8079, 0x122C, 0x8054, 0x123C, 0x808C, 
	0x1116, 0x7FF7, 0x1293, 0x7FA4, 0x1295, 0x8013, 0x125D, 0x804A, 0x1206, 0x7FA4, 0x12E2, 0x7FE4, 0x1239, 0x7FE4, 0x1223, 0x7FF7, 
	0x1278, 0x7F88, 0x12D0, 0x7FED, 0x1130, 0x7FDB, 0x1236, 0x7F6C, 0x11AC, 0x7F88, 0x1286, 0x8009, 0x122D, 0x805D, 0x1154, 0x7FB6, 
	0x1165, 0x7F88, 0x114A, 0x7FAD, 0x11BC, 0x7F88, 0x10AB, 0x801C, 0x1051, 0x7FE4, 0x1176, 0x7F63, 0x1179, 0x7F5A, 0x116E, 0x7FBF, 
	0x1127, 0x7FD2, 0x110E, 0x7F51, 0x1198, 0x7F9A, 0x1166, 0x7FB6, 0x11D7, 0x7F6C, 0x10FE, 0x8041, 0x116B, 0x7FAD, 0x11C2, 0x7F6C, 
	0x107D, 0x7F7F, 0x10B6, 0x7FC9, 0x1131, 0x8025, 0x1165, 0x801C, 0x10F8, 0x7F1A, 0x1226, 0x7FD2, 0x118B, 0x7FB6, 0x10FF, 0x7FBF, 
	0x11AD, 0x8000, 0x117C, 0x7F08, 0x10D7, 0x8000, 0x1158, 0x8000, 0x11E6, 0x8009, 0x1199, 0x7FB6, 0x1223, 0x7F5A, 0x114D, 0x7FED, 
	0x118B, 0x7F2C, 0x10DE, 0x8013, 0x1155, 0x7FE4, 0x11AF, 0x7F88, 0x117B, 0x7FA4, 0x11BF, 0x7F76, 0x1197, 0x7F5A, 0x11FA, 0x7FE4, 
	0x11C9, 0x7F88, 0x1207, 0x7FD2, 0x1244, 0x7F76, 0x119A, 0x7F7F, 0x1196, 0x7F5A, 0x1132, 0x7FA4, 0x121D, 0x7F7F, 0x11B1, 0x7FBF, 
	0x116A, 0x7F6C, 0x113D, 0x7FA4, 0x10C9, 0x7F3F, 0x10CC, 0x7F63, 0x116F, 0x7EE3, 0x123F, 0x7F5A, 0x1119, 0x7EF6, 0x11EF, 0x7FB6, 
	0x1264, 0x7F76, 0x12B2, 0x7F88, 0x121E, 0x7F76, 0x12AA, 0x7F48, 0x125A, 0x7FB6, 0x1240, 0x7F63, 0x12D9, 0x7F7F, 0x11F5, 0x7F7F, 
	0x12AB, 0x7F08, 0x124F, 0x7F63, 0x1252, 0x8000, 0x1232, 0x7FAD, 0x12BE, 0x7FAD, 0x12BE, 0x7FAD, 0x1237, 0x7F6C, 0x1285, 0x7FAD, 
	0x128D, 0x7FAD, 0x12C6, 0x7FBF, 0x1273, 0x7F1A, 0x131C, 0x7F51, 0x1252, 0x7FB6, 0x12DA, 0x7FED, 0x1249, 0x7FB6, 0x128C, 0x7F51, 
	0x12A3, 0x7F7F, 0x1346, 0x7FF7, 0x12BA, 0x7F5A, 0x1260, 0x7FE4, 0x1228, 0x7F48, 0x11A9, 0x7F5A, 0x129E, 0x7FB6, 0x139C, 0x7F7F, 
	0x12FA, 0x7F6C, 0x1375, 0x7F11, 0x12FF, 0x7FDB, 0x1379, 0x8025, 0x1348, 0x7FA4, 0x12CB, 0x7FB6, 0x129B, 0x7F9A, 0x131F, 0x7FB6, 
	0x12FC, 0x8000, 0x1226, 0x7F91, 0x1342, 0x7FC9, 0x1371, 0x8025, 0x1303, 0x7FE4, 0x134D, 0x8038, 0x12F2, 0x7FBF, 0x12A1, 0x7FDB, 
	0x12D2, 0x7FB6, 0x12B1, 0x7FB6, 0x13CD, 0x802E, 0x136F, 0x8009, 0x12C2, 0x7FED, 0x1273, 0x801C, 0x12DD, 0x8041, 0x128D, 0x805D, 
	0x1158, 0x805D, 0x12D8, 0x8009, 0x1230, 0x801C, 0x12E0, 0x8070, 0x1115, 0x7FC9, 0x1257, 0x8038, 0x1200, 0x7F88, 0x12A9, 0x7FF7, 
	0x12A3, 0x8000, 0x1206, 0x7FED, 0x126D, 0x804A, 0x12A2, 0x7FA4, 0x12E4, 0x7FD2, 0x12F7, 0x8013, 0x1253, 0x8025, 0x11CE, 0x802E, 
	0x130C, 0x8000, 0x11C2, 0x8013, 0x1205, 0x8066, 0x1131, 0x80BA, 0x110C, 0x801C, 0x1323, 0x8041, 0x11CE, 0x8070, 0x1131, 0x805D, 
	0x1176, 0x80F3, 0x10A1, 0x8041, 0x1154, 0x805D, 0x115A, 0x7FC9, 0x114F, 0x8095, 0x11F5, 0x812B, 0x11B7, 0x8054, 0x117F, 0x8070, 
	0x1187, 0x8070, 0x1271, 0x80BA, 0x0FB7, 0x812B, 0x1092, 0x80FC, 0x1243, 0x8054, 0x11C5, 0x8122, 0x11AD, 0x809E, 0x10FB, 0x813E, 
	0x10FE, 0x80D6, 0x10C8, 0x804A, 0x1163, 0x8105, 0x112E, 0x8079, 0x110C, 0x80CD, 0x1172, 0x8122, 0x10EC, 0x80C4, 0x0FDB, 0x8147, 
	0x11B9, 0x80F3, 0x10A4, 0x80E9, 0x101E, 0x8122, 0x108D, 0x80F3, 0x108F, 0x80F3, 0x10D7, 0x8122, 0x1077, 0x8118, 0x1049, 0x8193, 
	0x1053, 0x8151, 0x0F58, 0x8164, 0x10BA, 0x80FC, 0x0F7F, 0x8105, 0x0EDF, 0x8193, 0x10CD, 0x8151, 0x0F8B, 0x81B0, 0x0F43, 0x8177, 
	0x0F4F, 0x8118, 0x100C, 0x8151, 0x0F8C, 0x8164, 0x0F6C, 0x81B0, 0x0F01, 0x813E, 0x0EE4, 0x815A, 0x0F24, 0x81CC, 0x0F3A, 0x81DF, 
	0x0F95, 0x81D6, 0x0E27, 0x818A, 0x0F5C, 0x81F2, 0x1002, 0x8147, 0x1009, 0x820F, 0x0F86, 0x81B0, 0x103A, 0x81CC, 0x0F7E, 0x8135, 
	0x0F18, 0x81A6, 0x0FC1, 0x81A6, 0x0FA8, 0x81FC, 0x1020, 0x820F, 0x0EB5, 0x81D6, 0x1007, 0x819D, 0x1033, 0x81DF, 0x0FC1, 0x822C, 
	0x0FA8, 0x81FC, 0x0F53, 0x81C3, 0x1071, 0x81B9, 0x1065, 0x81A6, 0x1022, 0x8222, 0x10AC, 0x81FC, 0x0F86, 0x8279, 0x1019, 0x820F, 
	0x10CA, 0x8248, 0x10ED, 0x820F, 0x1144, 0x8265, 0x10C3, 0x822C, 0x100B, 0x8222, 0x106D, 0x8219, 0x10F2, 0x820F, 0x10D4, 0x826F, 
	0x0FF5, 0x826F, 0x10C0, 0x81A6, 0x10C4, 0x8235, 0x10E7, 0x8205, 0x0FD6, 0x8265, 0x107D, 0x823F, 0x1212, 0x8205, 0x107A, 0x8248, 
	0x1135, 0x828C, 0x0FDC, 0x820F, 0x1068, 0x829F, 0x104C, 0x8222, 0x10C6, 0x8265, 0x1082, 0x828C, 0x10CD, 0x8219, 0x1093, 0x81CC, 
	0x11E2, 0x820F, 0x10CB, 0x823F, 0x10C0, 0x825C, 0x1095, 0x81D6, 0x107A, 0x81F2, 0x1189, 0x8282, 0x117A, 0x81DF, 0x10EB, 0x825C, 
	0x1104, 0x826F, 0x1083, 0x81E9, 0x117C, 0x8279, 0x10C4, 0x8219, 0x1040, 0x825C, 0x1096, 0x8222, 0x103E, 0x8248, 0x1129, 0x828C, 
	0x10E6, 0x8295, 0x121D, 0x8279, 0x0F80, 0x8282, 0x11A3, 0x8265, 0x1154, 0x8252, 0x116F, 0x82C6, 0x1180, 0x8300, 0x117A, 0x8248, 
	0x1179, 0x829F, 0x10B8, 0x82B2, 0x110B, 0x8279, 0x1153, 0x82D9, 0x1068, 0x828C, 0x1084, 0x825C, 0x115C, 0x828C, 0x1218, 0x828C, 
	0x12D5, 0x8330, 0x1188, 0x8235, 0x1261, 0x8295, 0x11E7, 0x82B2, 0x121E, 0x829F, 0x1125, 0x8357, 0x126F, 0x826F, 0x1269, 0x8279, 
	0x1251, 0x8295, 0x123C, 0x8235, 0x126E, 0x8344, 0x12D9, 0x8309, 0x11D2, 0x82EC, 0x12BE, 0x82F6, 0x127D, 0x82D9, 0x11AB, 0x8309, 
	0x11F5, 0x831D, 0x12CB, 0x8265, 0x1253, 0x82EC, 0x1278, 0x82F6, 0x121C, 0x837E, 0x121F, 0x8676, 0x133E, 0x8361, 0x1261, 0x8313, 
	0x12CC, 0x836B, 0x1226, 0x8392, 0x125B, 0x83B9, 0x1293, 0x8344, 0x124F, 0x839C, 0x1280, 0x8388, 0x12CD, 0x8375, 0x13F7, 0x83D7, 
	0x13B4, 0x8375, 0x12AF, 0x841B, 0x1431, 0x8412, 0x13D0, 0x83FE, 0x13BD, 0x84A6, 0x13D2, 0x850A, 0x115D, 0x82BC, 0x11FC, 0x82E3, 
	0x1222, 0x8300, 0x1196, 0x82F6, 0x10BB, 0x822C, 0x1164, 0x826F, 0x1179, 0x82B2, 0x1166, 0x82BC, 0x111E, 0x823F, 0x118D, 0x826F, 
	0x11A8, 0x81FC, 0x12C1, 0x81F2, 0x1246, 0x822C, 0x1255, 0x8265, 0x11CC, 0x81D6, 0x1107, 0x81B9, 0x1271, 0x81D6, 0x1295, 0x81DF, 
	0x11C1, 0x8219, 0x11E9, 0x81A6, 0x112A, 0x81D6, 0x120F, 0x81F2, 0x11FA, 0x815A, 0x12B8, 0x81F2, 0x1283, 0x8147, 0x121F, 0x81FC, 
	0x12B6, 0x8122, 0x127A, 0x80D6, 0x1268, 0x81B9, 0x12AF, 0x8164, 0x1224, 0x8135, 0x1289, 0x80FC, 0x1333, 0x80CD, 0x1294, 0x8147, 
	0x11A2, 0x81B0, 0x11E4, 0x8151, 0x11F6, 0x80A8, 0x12A6, 0x8105, 0x1263, 0x80D6, 0x11A4, 0x8147, 0x11E7, 0x8082, 0x11DD, 0x809E, 
	0x1256, 0x80C4, 0x1258, 0x8054, 0x1188, 0x80FC, 0x117F, 0x80E0, 0x11A2, 0x8095, 0x1293, 0x80C4, 0x11FF, 0x80C4, 0x11BE, 0x80E9, 
	0x1260, 0x8041, 0x12CE, 0x8079, 0x12CA, 0x80A8, 0x12F0, 0x8025, 0x1285, 0x8070, 0x12C5, 0x8095, 0x1214, 0x8079, 0x12DB, 0x8054, 
	0x121A, 0x801C, 0x1179, 0x804A, 0x11DC, 0x8009, 0x129F, 0x8079, 0x122C, 0x8054, 0x123C, 0x808C, 0x1116, 0x7FF7, 0x1293, 0x7FA4, 
	0x1295, 0x8013, 0x125D, 0x804A, 0x1206, 0x7FA4, 0x12E2, 0x7FE4, 0x1239, 0x7FE4, 0x1223, 0x7FF7, 0x1278, 0x7F88, 0x12D0, 0x7FED, 
	0x1130, 0x7FDB, 0x1236, 0x7F6C, 0x11AC, 0x7F88, 0x1286, 0x8009, 0x122D, 0x805D, 0x1154, 0x7FB6, 0x1165, 0x7F88, 0x114A, 0x7FAD, 
	0x11BC, 0x7F88, 0x10AB, 0x801C, 0x1051, 0x7FE4, 0x1176, 0x7F63, 0x1179, 0x7F5A, 0x116E, 0x7FBF, 0x1127, 0x7FD2, 0x110E, 0x7F51, 
	0x1198, 0x7F9A, 0x1166, 0x7FB6, 0x11D7, 0x7F6C, 0x10FE, 0x8041, 0x116B, 0x7FAD, 0x11C2, 0x7F6C, 0x107D, 0x7F7F, 0x10B6, 0x7FC9, 
	0x1131, 0x8025, 0x1165, 0x801C, 0x10F8, 0x7F1A, 0x1226, 0x7FD2, 0x118B, 0x7FB6, 0x10FF, 0x7FBF, 0x11AD, 0x8000, 0x117C, 0x7F08, 
	0x10D7, 0x8000, 0x1158, 0x8000, 0x11E6, 0x8009, 0x1199, 0x7FB6, 0x1223, 0x7F5A, 0x114D, 0x7FED, 0x118B, 0x7F2C, 0x10DE, 0x8013, 
	0x1155, 0x7FE4, 0x11AF, 0x7F88, 0x117B, 0x7FA4, 0x11BF, 0x7F76, 0x1197, 0x7F5A, 0x11FA, 0x7FE4, 0x11C9, 0x7F88, 0x1207, 0x7FD2, 
	0x1244, 0x7F76, 0x119A, 0x7F7F, 0x1196, 0x7F5A, 0x1132, 0x7FA4, 0x121D, 0x7F7F, 0x11B1, 0x7FBF, 0x116A, 0x7F6C, 0x113D, 0x7FA4, 
	0x10C9, 0x7F3F, 0x10CC, 0x7F63, 0x116F, 0x7EE3, 0x123F, 0x7F5A, 0x1119, 0x7EF6, 0x11EF, 0x7FB6, 0x1264, 0x7F76, 0x12B2, 0x7F88, 
	0x121E, 0x7F76, 0x12AA, 0x7F48, 0x125A, 0x7FB6, 0x1240, 0x7F63, 0x12D9, 0x7F7F, 0x11F5, 0x7F7F, 0x12AB, 0x7F08, 0x124F, 0x7F63, 
	0x1252, 0x8000, 0x1232, 0x7FAD, 0x12BE, 0x7FAD, 0x12BE, 0x7FAD, 0x1237, 0x7F6C, 0x1285, 0x7FAD, 0x128D, 0x7FAD, 0x12C6, 0x7FBF, 
	0x1273, 0x7F1A, 0x131C, 0x7F51, 0x1252, 0x7FB6, 0x12DA, 0x7FED, 0x1249, 0x7FB6, 0x128C, 0x7F51, 0x12A3, 0x7F7F, 0x1346, 0x7FF7, 
	0x12BA, 0x7F5A, 0x1260, 0x7FE4, 0x1228, 0x7F48, 0x11A9, 0x7F5A, 0x129E, 0x7FB6, 0x139C, 0x7F7F, 0x12FA, 0x7F6C, 0x1375, 0x7F11, 
	0x12FF, 0x7FDB, 0x1379, 0x8025, 0x1348, 0x7FA4, 0x12CB, 0x7FB6, 0x129B, 0x7F9A, 0x131F, 0x7FB6, 0x12FC, 0x8000, 0x1226, 0x7F91, 
	0x1342, 0x7FC9, 0x1371, 0x8025, 0x1303, 0x7FE4, 0x134D, 0x8038, 0x12F2, 0x7FBF, 0x12A1, 0x7FDB, 0x12D2, 0x7FB6, 0x12B1, 0x7FB6, 
	0x13CD, 0x802E, 0x136F, 0x8009, 0x12C2, 0x7FED, 0x1273, 0x801C, 0x12DD, 0x8041, 0x128D, 0x805D, 0x1158, 0x805D, 0x12D8, 0x8009, 
	0x1230, 0x801C, 0x12E0, 0x8070, 0x1115, 0x7FC9, 0x1257, 0x8038, 0x1200, 0x7F88, 0x12A9, 0x7FF7, 0x12A3, 0x8000, 0x1206, 0x7FED, 
	0x126D, 0x804A, 0x12A2, 0x7FA4, 0x12E4, 0x7FD2, 0x12F7, 0x8013, 0x1253, 0x8025, 0x11CE, 0x802E, 0x130C, 0x8000, 0x11C2, 0x8013, 
	0x1205, 0x8066, 0x1131, 0x80BA, 0x110C, 0x801C, 0x1323, 0x8041, 0x11CE, 0x8070, 0x1131, 0x805D, 0x1176, 0x80F3, 0x10A1, 0x8041, 
	0x1154, 0x805D, 0x115A, 0x7FC9, 0x114F, 0x8095, 0x11F5, 0x812B, 0x11B7, 0x8054, 0x117F, 0x8070, 0x1187, 0x8070, 0x1271, 0x80BA, 
	0x0FB7, 0x812B, 0x1092, 0x80FC, 0x1243, 0x8054, 0x11C5, 0x8122, 0x11AD, 0x809E, 0x10FB, 0x813E, 0x10FE, 0x80D6, 0x10C8, 0x804A, 
	0x1163, 0x8105, 0x112E, 0x8079, 0x110C, 0x80CD, 0x1172, 0x8122, 0x10EC, 0x80C4, 0x0FDB, 0x8147, 0x11B9, 0x80F3, 0x10A4, 0x80E9, 
	0x101E, 0x8122, 0x108D, 0x80F3, 0x108F, 0x80F3, 0x10D7, 0x8122, 0x1077, 0x8118, 0x1049, 0x8193, 0x1053, 0x8151, 0x0F58, 0x8164, 
	0x10BA, 0x80FC, 0x0F7F, 0x8105, 0x0EDF, 0x8193, 0x10CD, 0x8151, 0x0F8B, 0x81B0, 0x0F43, 0x8177, 0x0F4F, 0x8118, 0x100C, 0x8151, 
	0x1197, 0x82BC, 0x11EE, 0x82E3, 0x120B, 0x82E3, 0x1254, 0x82D9, 0x10D3, 0x828C, 0x1132, 0x82B2, 0x11EC, 0x82E3, 0x11DA, 0x828C, 
	0x11D5, 0x8222, 0x11AC, 0x8327, 0x11B9, 0x8235, 0x128D, 0x820F, 0x1192, 0x8180, 0x121C, 0x8265, 0x1195, 0x81B9, 0x114E, 0x822C, 
	0x1294, 0x81C3, 0x12EE, 0x8222, 0x127C, 0x81D6, 0x1233, 0x822C, 0x11EC, 0x8164, 0x11D4, 0x8205, 0x11E4, 0x8151, 0x1248, 0x818A, 
	0x1288, 0x8193, 0x1261, 0x81A6, 0x126A, 0x81B9, 0x1291, 0x815A, 0x129B, 0x8164, 0x1246, 0x8180, 0x1283, 0x8282, 0x126C, 0x815A, 
	0x12B1, 0x80E9, 0x128B, 0x8177, 0x1140, 0x8193, 0x11DB, 0x812B, 0x11F2, 0x80D6, 0x11B3, 0x819D, 0x12DA, 0x8122, 0x11D6, 0x813E, 
	0x1238, 0x810F, 0x1278, 0x80D6, 0x1251, 0x8105, 0x1248, 0x8082, 0x11C0, 0x80B1, 0x118E, 0x810F, 0x1176, 0x80B1, 0x12C1, 0x808C, 
	0x11C8, 0x8105, 0x1290, 0x80A8, 0x1298, 0x8079, 0x131D, 0x80A8, 0x1304, 0x80C4, 0x12EA, 0x805D, 0x120F, 0x804A, 0x1299, 0x8066, 
	0x1268, 0x8066, 0x12E7, 0x804A, 0x11D5, 0x7FE4, 0x11FC, 0x80A8, 0x11E6, 0x7F91, 0x125D, 0x8038, 0x1230, 0x802E, 0x1245, 0x8079, 
	0x10FD, 0x8038, 0x12AF, 0x7FDB, 0x12C6, 0x7FD2, 0x1243, 0x7FA4, 0x12AD, 0x7FED, 0x12AE, 0x8038, 0x12A8, 0x7FB6, 0x11ED, 0x801C, 
	0x120D, 0x7FDB, 0x12BE, 0x8054, 0x11E5, 0x801C, 0x134C, 0x801C, 0x10DE, 0x7FE4, 0x129A, 0x802E, 0x11F5, 0x8009, 0x1107, 0x7F9A, 
	0x1216, 0x7F08, 0x1223, 0x7FBF, 0x1207, 0x7F88, 0x112A, 0x7FED, 0x1123, 0x7FD2, 0x114B, 0x7F91, 0x113C, 0x7F88, 0x118B, 0x7F91, 
	0x113D, 0x7FED, 0x10A0, 0x7F7F, 0x1201, 0x7FA4, 0x1129, 0x8000, 0x1221, 0x7FAD, 0x106B, 0x804A, 0x1133, 0x8009, 0x1149, 0x7F76, 
	0x1097, 0x801C, 0x1154, 0x7FA4, 0x112D, 0x8038, 0x11A3, 0x7FF7, 0x1149, 0x7F51, 0x1220, 0x8054, 0x1201, 0x7FB6, 0x10DD, 0x7FD2, 
	0x11D2, 0x8025, 0x1130, 0x7F88, 0x10E3, 0x7F88, 0x11CF, 0x7FE4, 0x11D2, 0x801C, 0x1174, 0x7FED, 0x1257, 0x7F91, 0x1155, 0x7F9A, 
	0x11FF, 0x7FAD, 0x115E, 0x7FB6, 0x1124, 0x7FF7, 0x11D8, 0x7FB6, 0x1153, 0x7FA4, 0x1197, 0x7FED, 0x1171, 0x7F6C, 0x11EB, 0x802E, 
	0x11E1, 0x7F5A, 0x11DF, 0x7F7F, 0x11E7, 0x7F88, 0x11D9, 0x7FB6, 0x11EE, 0x7FC9, 0x10FA, 0x7FA4, 0x1233, 0x7F63, 0x1157, 0x7F88, 
	0x1115, 0x7FA4, 0x1151, 0x7FAD, 0x10D2, 0x7F48, 0x1191, 0x7F9A, 0x11F0, 0x7F88, 0x1276, 0x7F5A, 0x1195, 0x7FAD, 0x11F6, 0x7F6C, 
	0x1257, 0x7F7F, 0x12FB, 0x7F7F, 0x123D, 0x7F6C, 0x127D, 0x7FBF, 0x1266, 0x7F9A, 0x1230, 0x7FA4, 0x12F2, 0x7F9A, 0x1247, 0x7F7F, 
	0x12E5, 0x7F9A, 0x1222, 0x7F63, 0x1256, 0x7F91, 0x1242, 0x7FAD, 0x12CC, 0x7F9A, 0x1243, 0x7FE4, 0x11FE, 0x7F91, 0x131F, 0x7F88, 
	0x127E, 0x7F76, 0x12D4, 0x7F5A, 0x1307, 0x7F6C, 0x134E, 0x8000, 0x12AD, 0x7FAD, 0x124D, 0x7FED, 0x1260, 0x7F91, 0x128A, 0x7F76, 
	0x1258, 0x7FC9, 0x12FE, 0x7FAD, 0x12C9, 0x7FB6, 0x12CE, 0x7FB6, 0x127E, 0x7FED, 0x11AB, 0x7FAD, 0x12A6, 0x7FD2, 0x136C, 0x7FD2, 
	0x12E7, 0x7FA4, 0x1356, 0x7FD2, 0x12C5, 0x7FE4, 0x13AF, 0x7FBF, 0x138E, 0x8013, 0x12B3, 0x7F5A, 0x12A6, 0x7FC9, 0x1370, 0x8013, 
	0x130F, 0x7FC9, 0x129B, 0x7FED, 0x136F, 0x7FD2, 0x1439, 0x7FA4, 0x132B, 0x7FBF, 0x1360, 0x805D, 0x12B8, 0x7FD2, 0x127A, 0x7F9A, 
	0x12C5, 0x7FC9, 0x128D, 0x8000, 0x13E7, 0x7FF7, 0x1331, 0x8041, 0x12D9, 0x7F5A, 0x1289, 0x7FE4, 0x12F5, 0x804A, 0x1342, 0x8041, 
	0x116E, 0x802E, 0x13B2, 0x7FDB, 0x11E9, 0x801C, 0x1286, 0x8009, 0x1117, 0x8038, 0x128E, 0x8013, 0x11A9, 0x7F6C, 0x124B, 0x7FED, 
	0x129C, 0x8038, 0x11D1, 0x801C, 0x1212, 0x8041, 0x12FE, 0x8009, 0x12C3, 0x8038, 0x1319, 0x8079, 0x12A5, 0x8066, 0x112C, 0x8013, 
	0x12D2, 0x8038, 0x1283, 0x808C, 0x120F, 0x805D, 0x115E, 0x805D, 0x10FB, 0x8009, 0x1256, 0x805D, 0x11FF, 0x8041, 0x1105, 0x805D, 
	0x11F0, 0x80BA, 0x103D, 0x8079, 0x1145, 0x8066, 0x1173, 0x80CD, 0x1134, 0x8095, 0x11AE, 0x80A8, 0x1124, 0x8070, 0x11D9, 0x802E, 
	0x1157, 0x8118, 0x12A7, 0x810F, 0x1045, 0x8105, 0x1036, 0x813E, 0x1251, 0x80A8, 0x1164, 0x80B1, 0x114E, 0x80BA, 0x1174, 0x813E, 
	0x10B2, 0x80FC, 0x112D, 0x8079, 0x119D, 0x8147, 0x10EB, 0x80E9, 0x10AC, 0x8095, 0x1135, 0x80F3, 0x108A, 0x80FC, 0x104E, 0x8147, 
	0x11D6, 0x812B, 0x10E6, 0x80B1, 0x1042, 0x8180, 0x10CF, 0x8151, 0x1080, 0x8105, 0x10E9, 0x81E9, 0x10C5, 0x815A, 0x0FF3, 0x8147, 
	0x106D, 0x80A8, 0x0FC5, 0x8180, 0x1127, 0x8177, 0x0FEA, 0x8147, 0x0F2E, 0x8151, 0x108C, 0x813E, 0x0F9E, 0x813E, 0x0F9C, 0x80C4, 
	0x0EDC, 0x8147, 0x1024, 0x813E, 0x0F64, 0x8122, 0x0FF8, 0x8177, 0x0F69, 0x8180, 0x0F33, 0x820F, 0x0EDB, 0x81B9, 0x0FAD, 0x8193, 
	0x0F9F, 0x81F2, 0x0E33, 0x81CC, 0x0F5D, 0x81B9, 0x0FD4, 0x819D, 0x0FEA, 0x8222, 0x0F53, 0x8180, 0x1048, 0x81E9, 0x0F86, 0x819D, 
	0x0F18, 0x81D6, 0x0F5E, 0x81E9, 0x0FEC, 0x8248, 0x1018, 0x81D6, 0x0F5D, 0x81F2, 0x0FE6, 0x81B9, 0x101C, 0x81CC, 0x0FAB, 0x829F, 
	0x0F5D, 0x823F, 0x0FB0, 0x81FC, 0x1049, 0x81C3, 0x101A, 0x822C, 0x0FD8, 0x81D6, 0x102E, 0x823F, 0x0FB1, 0x81FC, 0x100D, 0x8248, 
	0x10BC, 0x822C, 0x1138, 0x8222, 0x1176, 0x825C, 0x10D6, 0x8235, 0x107F, 0x8235, 0x108D, 0x8235, 0x10F1, 0x82D9, 0x1122, 0x8222, 
	0x1005, 0x826F, 0x1100, 0x81FC, 0x1102, 0x822C, 0x10BB, 0x8222, 0x100A, 0x81D6, 0x10B7, 0x822C, 0x11FE, 0x8265, 0x114C, 0x8295, 
	0x1133, 0x826F, 0x0FFD, 0x820F, 0x10C7, 0x81DF, 0x1060, 0x8205, 0x1049, 0x8279, 0x10BD, 0x8235, 0x10AE, 0x8222, 0x108D, 0x823F, 
	0x11D3, 0x822C, 0x10DC, 0x8252, 0x114B, 0x82B2, 0x1108, 0x8248, 0x10C7, 0x8219, 0x119A, 0x8248, 0x1226, 0x8295, 0x1137, 0x8222, 
	0x10F0, 0x8265, 0x1077, 0x820F, 0x1140, 0x822C, 0x1162, 0x8248, 0x10D5, 0x826F, 0x10F9, 0x829F, 0x1084, 0x8279, 0x1137, 0x8279, 
	0x1135, 0x82B2, 0x1241, 0x82B2, 0x0F74, 0x8248, 0x1120, 0x8295, 0x1140, 0x8279, 0x1139, 0x82CF, 0x11C2, 0x829F, 0x11AF, 0x82CF, 
	0x115D, 0x8295, 0x114C, 0x8282, 0x1084, 0x8279, 0x118A, 0x8313, 0x108C, 0x8313, 0x10D0, 0x82A9, 0x1128, 0x82E3, 0x1216, 0x828C, 
	0x12BD, 0x8344, 0x11AE, 0x8313, 0x122F, 0x828C, 0x1244, 0x82E3, 0x125A, 0x829F, 0x121B, 0x8344, 0x1255, 0x82B2, 0x11E4, 0x82BC, 
	0x12A7, 0x8313, 0x11B4, 0x8300, 0x1255, 0x831D, 0x1237, 0x8330, 0x1257, 0x826F, 0x1304, 0x82F6, 0x12C2, 0x8300, 0x10FC, 0x8300, 
	0x11CB, 0x833A, 0x1314, 0x82C6, 0x1230, 0x8361, 0x12EA, 0x8300, 0x1145, 0x831D, 0x11F2, 0x8388, 0x1333, 0x8300, 0x121C, 0x8357, 
	0x12FF, 0x83EA, 0x12C6, 0x83AF, 0x129E, 0x8439, 0x12CA, 0x8388, 0x1276, 0x83D7, 0x1335, 0x83D7, 0x1318, 0x83B9, 0x13DA, 0x8392, 
	0x13FA, 0x834E, 0x1325, 0x847E, 0x13E9, 0x8439, 0x147F, 0x8514, 0x1439, 0x8492, 0x13B7, 0x8500, 0x1197, 0x82BC, 0x11EE, 0x82E3, 
	0x120B, 0x82E3, 0x1254, 0x82D9, 0x10D3, 0x828C, 0x1132, 0x82B2, 0x11EC, 0x82E3, 0x11DA, 0x828C, 0x11D5, 0x8222, 0x11AC, 0x8327, 
	0x11B9, 0x8235, 0x128D, 0x820F, 0x1192, 0x8180, 0x121C, 0x8265, 0x1195, 0x81B9, 0x114E, 0x822C, 0x1294, 0x81C3, 0x12EE, 0x8222, 
	0x127C, 0x81D6, 0x1233, 0x822C, 0x11EC, 0x8164, 0x11D4, 0x8205, 0x11E4, 0x8151, 0x1248, 0x818A, 0x1288, 0x8193, 0x1261, 0x81A6, 
	0x126A, 0x81B9, 0x1291, 0x815A, 0x129B, 0x8164, 0x1246, 0x8180, 0x1283, 0x8282, 0x126C, 0x815A, 0x12B1, 0x80E9, 0x128B, 0x8177, 
	0x1140, 0x8193, 0x11DB, 0x812B, 0x11F2, 0x80D6, 0x11B3, 0x819D, 0x12DA, 0x8122, 0x11D6, 0x813E, 0x1238, 0x810F, 0x1278, 0x80D6, 
	0x1251, 0x8105, 0x1248, 0x8082, 0x11C0, 0x80B1, 0x118E, 0x810F, 0x1176, 0x80B1, 0x12C1, 0x808C, 0x11C8, 0x8105, 0x1290, 0x80A8, 
	0x1298, 0x8079, 0x131D, 0x80A8, 0x1304, 0x80C4, 0x12EA, 0x805D, 0x120F, 0x804A, 0x1299, 0x8066, 0x1268, 0x8066, 0x12E7, 0x804A, 
	0x11D5, 0x7FE4, 0x11FC, 0x80A8, 0x11E6, 0x7F91, 0x125D, 0x8038, 0x1230, 0x802E, 0x1245, 0x8079, 0x10FD, 0x8038, 0x12AF, 0x7FDB, 
	0x12C6, 0x7FD2, 0x1243, 0x7FA4, 0x12AD, 0x7FED, 0x12AE, 0x8038, 0x12A8, 0x7FB6, 0x11ED, 0x801C, 0x120D, 0x7FDB, 0x12BE, 0x8054, 
	0x11E5, 0x801C, 0x134C, 0x801C, 0x10DE, 0x7FE4, 0x129A, 0x802E, 0x11F5, 0x8009, 0x1107, 0x7F9A, 0x1216, 0x7F08, 0x1223, 0x7FBF, 
	0x1207, 0x7F88, 0x112A, 0x7FED, 0x1123, 0x7FD2, 0x114B, 0x7F91, 0x113C, 0x7F88, 0x118B, 0x7F91, 0x113D, 0x7FED, 0x10A0, 0x7F7F, 
	0x1201, 0x7FA4, 0x1129, 0x8000, 0x1221, 0x7FAD, 0x106B, 0x804A, 0x1133, 0x8009, 0x1149, 0x7F76, 0x1097, 0x801C, 0x1154, 0x7FA4, 
	0x112D, 0x8038, 0x11A3, 0x7FF7, 0x1149, 0x7F51, 0x1220, 0x8054, 0x1201, 0x7FB6, 0x10DD, 0x7FD2, 0x11D2, 0x8025, 0x1130, 0x7F88, 
	0x10E3, 0x7F88, 0x11CF, 0x7FE4, 0x11D2, 0x801C, 0x1174, 0x7FED, 0x1257, 0x7F91, 0x1155, 0x7F9A, 0x11FF, 0x7FAD, 0x115E, 0x7FB6, 
	0x1124, 0x7FF7, 0x11D8, 0x7FB6, 0x1153, 0x7FA4, 0x1197, 0x7FED, 0x1171, 0x7F6C, 0x11EB, 0x802E, 0x11E1, 0x7F5A, 0x11DF, 0x7F7F, 
	0x11E7, 0x7F88, 0x11D9, 0x7FB6, 0x11EE, 0x7FC9, 0x10FA, 0x7FA4, 0x1233, 0x7F63, 0x1157, 0x7F88, 0x1115, 0x7FA4, 0x1151, 0x7FAD, 
	0x10D2, 0x7F48, 0x1191, 0x7F9A, 0x11F0, 0x7F88, 0x1276, 0x7F5A, 0x1195, 0x7FAD, 0x11F6, 0x7F6C, 0x1257, 0x7F7F, 0x12FB, 0x7F7F, 
	0x123D, 0x7F6C, 0x127D, 0x7FBF, 0x1266, 0x7F9A, 0x1230, 0x7FA4, 0x12F2, 0x7F9A, 0x1247, 0x7F7F, 0x12E5, 0x7F9A, 0x1222, 0x7F63, 
	0x1256, 0x7F91, 0x1242, 0x7FAD, 0x12CC, 0x7F9A, 0x1243, 0x7FE4, 0x11FE, 0x7F91, 0x131F, 0x7F88, 0x127E, 0x7F76, 0x12D4, 0x7F5A, 
	0x1307, 0x7F6C, 0x134E, 0x8000, 0x12AD, 0x7FAD, 0x124D, 0x7FED, 0x1260, 0x7F91, 0x128A, 0x7F76, 0x1258, 0x7FC9, 0x12FE, 0x7FAD, 
	0x12C9, 0x7FB6, 0x12CE, 0x7FB6, 0x127E, 0x7FED, 0x11AB, 0x7FAD, 0x12A6, 0x7FD2, 0x136C, 0x7FD2, 0x12E7, 0x7FA4, 0x1356, 0x7FD2, 
	0x12C5, 0x7FE4, 0x13AF, 0x7FBF, 0x138E, 0x8013, 0x12B3, 0x7F5A, 0x12A6, 0x7FC9, 0x1370, 0x8013, 0x130F, 0x7FC9, 0x129B, 0x7FED, 
	0x136F, 0x7FD2, 0x1439, 0x7FA4, 0x132B, 0x7FBF, 0x1360, 0x805D, 0x12B8, 0x7FD2, 0x127A, 0x7F9A, 0x12C5, 0x7FC9, 0x128D, 0x8000, 
	0x13E7, 0x7FF7, 0x1331, 0x8041, 0x12D9, 0x7F5A, 0x1289, 0x7FE4, 0x12F5, 0x804A, 0x1342, 0x8041, 0x116E, 0x802E, 0x13B2, 0x7FDB, 
	0x11E9, 0x801C, 0x1286, 0x8009, 0x1117, 0x8038, 0x128E, 0x8013, 0x11A9, 0x7F6C, 0x124B, 0x7FED, 0x129C, 0x8038, 0x11D1, 0x801C, 
	0x1212, 0x8041, 0x12FE, 0x8009, 0x12C3, 0x8038, 0x1319, 0x8079, 0x12A5, 0x8066, 0x112C, 0x8013, 0x12D2, 0x8038, 0x1283, 0x808C, 
	0x120F, 0x805D, 0x115E, 0x805D, 0x10FB, 0x8009, 0x1256, 0x805D, 0x11FF, 0x8041, 0x1105, 0x805D, 0x11F0, 0x80BA, 0x103D, 0x8079, 
	0x1145, 0x8066, 0x1173, 0x80CD, 0x1134, 0x8095, 0x11AE, 0x80A8, 0x1124, 0x8070, 0x11D9, 0x802E, 0x1157, 0x8118, 0x12A7, 0x810F, 
	0x1045, 0x8105, 0x1036, 0x813E, 0x1251, 0x80A8, 0x1164, 0x80B1, 0x114E, 0x80BA, 0x1174, 0x813E, 0x10B2, 0x80FC, 0x112D, 0x8079, 
	0x119D, 0x8147, 0x10EB, 0x80E9, 0x10AC, 0x8095, 0x1135, 0x80F3, 0x108A, 0x80FC, 0x104E, 0x8147, 0x11D6, 0x812B, 0x10E6, 0x80B1, 
	0x1042, 0x8180, 0x10CF, 0x8151, 0x1080, 0x8105, 0x10E9, 0x81E9, 0x10C5, 0x815A, 0x0FF3, 0x8147, 0x106D, 0x80A8, 0x0FC5, 0x8180, 
	0x1127, 0x8177, 0x0FEA, 0x8147, 0x0F2E, 0x8151, 0x108C, 0x813E, 0x0F9E, 0x813E, 0x0F9C, 0x80C4, 0x0EDC, 0x8147, 0x1024, 0x813E, 
	0x121D, 0x8309, 0x1210, 0x831D, 0x11A9, 0x831D, 0x10F5, 0x8300, 0x10F2, 0x8282, 0x11DB, 0x82CF, 0x1152, 0x8235, 0x1096, 0x8279, 
	0x10C9, 0x81FC, 0x11EA, 0x82A9, 0x1233, 0x8252, 0x11FC, 0x81E9, 0x116E, 0x81FC, 0x1172, 0x825C, 0x1110, 0x81CC, 0x1128, 0x81DF, 
	0x1232, 0x8180, 0x12F4, 0x8151, 0x120C, 0x816D, 0x124B, 0x81DF, 0x1207, 0x81A6, 0x1223, 0x8193, 0x11AE, 0x8180, 0x12FA, 0x815A, 
	0x1212, 0x8193, 0x123D, 0x81D6, 0x124E, 0x812B, 0x1208, 0x8164, 0x1269, 0x813E, 0x12C8, 0x0000, 0x1240, 0x0000, 0x1219, 0x81F2, 
	0x12EC, 0x8151, 0x1281, 0x8135, 0x1123, 0x80E9, 0x124D, 0x8118, 0x129F, 0x80FC, 0x1227, 0x8122, 0x127E, 0x80C4, 0x1230, 0x80E0, 
	0x11D8, 0x80E0, 0x1258, 0x8118, 0x11C0, 0x80E0, 0x1165, 0x80D6, 0x1259, 0x80A8, 0x1191, 0x80CD, 0x1246, 0x80C4, 0x12A2, 0x80B1, 
	0x1153, 0x80E0, 0x121B, 0x8038, 0x12D8, 0x8041, 0x1393, 0x80BA, 0x1282, 0x8041, 0x12E0, 0x8009, 0x1283, 0x808C, 0x12F3, 0x805D, 
	0x1239, 0x801C, 0x1274, 0x8082, 0x12DE, 0x8000, 0x11B8, 0x808C, 0x1207, 0x7FE4, 0x12AD, 0x8041, 0x1181, 0x808C, 0x12C1, 0x805D, 
	0x117B, 0x8013, 0x126F, 0x7FE4, 0x11C6, 0x7FED, 0x11E2, 0x8095, 0x1207, 0x7F91, 0x12B7, 0x802E, 0x123F, 0x7FED, 0x11B6, 0x8009, 
	0x1215, 0x8082, 0x1279, 0x802E, 0x1140, 0x7FDB, 0x1348, 0x801C, 0x10E7, 0x7F9A, 0x11D4, 0x7FDB, 0x117C, 0x7FBF, 0x118D, 0x7F88, 
	0x10DD, 0x7FB6, 0x1236, 0x7FDB, 0x1213, 0x7FBF, 0x10D9, 0x802E, 0x112D, 0x7F7F, 0x10F9, 0x7F88, 0x120C, 0x7FC9, 0x1143, 0x8000, 
	0x10C7, 0x7FE4, 0x117C, 0x7F91, 0x11FF, 0x7F51, 0x10B7, 0x8041, 0x11CE, 0x8000, 0x113C, 0x7FBF, 0x1147, 0x8025, 0x1130, 0x7FBF, 
	0x10B1, 0x7FB6, 0x1137, 0x7FDB, 0x10EF, 0x7FD2, 0x1202, 0x7F91, 0x1184, 0x7F36, 0x11A4, 0x7FDB, 0x11BC, 0x801C, 0x1136, 0x7FC9, 
	0x10F9, 0x7F6C, 0x11B7, 0x7FA4, 0x10E6, 0x801C, 0x11CF, 0x8009, 0x1261, 0x7FB6, 0x1140, 0x7FED, 0x124E, 0x7FC9, 0x1133, 0x7FBF, 
	0x1227, 0x7FBF, 0x11E5, 0x7FC9, 0x1165, 0x7F9A, 0x1238, 0x7FB6, 0x114D, 0x7F2C, 0x11FE, 0x7FB6, 0x1132, 0x7F51, 0x11F5, 0x7FC9, 
	0x1141, 0x7F2C, 0x11B4, 0x7F88, 0x11BE, 0x7F9A, 0x11E8, 0x7F88, 0x118D, 0x7F76, 0x10CA, 0x7F36, 0x11BE, 0x7F6C, 0x1201, 0x7F91, 
	0x1149, 0x7F48, 0x111C, 0x8013, 0x10A9, 0x7F51, 0x1115, 0x7FBF, 0x11F9, 0x7F76, 0x1239, 0x7FA4, 0x1116, 0x7FAD, 0x11D6, 0x7FAD, 
	0x11B3, 0x7F9A, 0x12AF, 0x8013, 0x1232, 0x7F48, 0x126B, 0x7F51, 0x11D2, 0x7F76, 0x1216, 0x7F48, 0x125E, 0x7F6C, 0x127B, 0x7EE3, 
	0x12E5, 0x7F36, 0x128C, 0x7F7F, 0x123E, 0x7F9A, 0x11C6, 0x7F63, 0x12B1, 0x7F88, 0x11DA, 0x7F3F, 0x122D, 0x7F51, 0x12C2, 0x7EEC, 
	0x127E, 0x7F6C, 0x1229, 0x7F88, 0x1304, 0x7F88, 0x12B2, 0x7FAD, 0x12E5, 0x7F9A, 0x1279, 0x7F91, 0x118D, 0x7FB6, 0x1239, 0x7FBF, 
	0x12DF, 0x7FB6, 0x1243, 0x7F7F, 0x126D, 0x7F51, 0x1283, 0x7FAD, 0x12A5, 0x7F23, 0x11E9, 0x7FAD, 0x12D5, 0x7F91, 0x1361, 0x7F6C, 
	0x12E3, 0x7FBF, 0x12E0, 0x7F6C, 0x12C5, 0x7F7F, 0x1385, 0x7FD2, 0x12EE, 0x7F7F, 0x1223, 0x7F7F, 0x12F1, 0x7FAD, 0x12EF, 0x7FAD, 
	0x127E, 0x8009, 0x122A, 0x7FC9, 0x1383, 0x7FED, 0x13B3, 0x8000, 0x1355, 0x8038, 0x12E2, 0x7FE4, 0x12C9, 0x8025, 0x12AA, 0x7FA4, 
	0x128B, 0x7FC9, 0x1275, 0x7FF7, 0x13F2, 0x7F9A, 0x13B7, 0x801C, 0x1254, 0x7F76, 0x1287, 0x7FBF, 0x13CC, 0x8025, 0x1317, 0x8000, 
	0x1178, 0x805D, 0x1341, 0x7F91, 0x1271, 0x804A, 0x1254, 0x801C, 0x1138, 0x7FBF, 0x1216, 0x8000, 0x123C, 0x7FDB, 0x12DB, 0x7FC9, 
	0x11EF, 0x8041, 0x1281, 0x7FD2, 0x129C, 0x7FD2, 0x1214, 0x7FC9, 0x12B2, 0x8038, 0x129E, 0x7FF7, 0x11AB, 0x8070, 0x1184, 0x8009, 
	0x130D, 0x8000, 0x1289, 0x8095, 0x118B, 0x802E, 0x11D3, 0x8082, 0x10DC, 0x8013, 0x12AD, 0x804A, 0x1192, 0x809E, 0x1177, 0x8070, 
	0x11EE, 0x80B1, 0x10B9, 0x802E, 0x10D6, 0x801C, 0x1233, 0x808C, 0x10DD, 0x8079, 0x1175, 0x80A8, 0x11FA, 0x809E, 0x1184, 0x8013, 
	0x10BB, 0x808C, 0x1229, 0x8105, 0x1027, 0x808C, 0x0FC6, 0x80F3, 0x1170, 0x80A8, 0x1156, 0x80BA, 0x1187, 0x810F, 0x112C, 0x8095, 
	0x1094, 0x8122, 0x111F, 0x80C4, 0x10D2, 0x8164, 0x10CD, 0x8135, 0x10B1, 0x8105, 0x117D, 0x8082, 0x10EF, 0x805D, 0x1061, 0x80E0, 
	0x111E, 0x80E0, 0x1153, 0x80C4, 0x108F, 0x8151, 0x10B5, 0x80B1, 0x1008, 0x80E9, 0x110E, 0x810F, 0x10FA, 0x812B, 0x1089, 0x8118, 
	0x1025, 0x80E0, 0x102E, 0x80E9, 0x1028, 0x815A, 0x0F3C, 0x8118, 0x0FF4, 0x8147, 0x108F, 0x8135, 0x0FEB, 0x815A, 0x1033, 0x8135, 
	0x0E68, 0x8118, 0x109E, 0x81B0, 0x0EFF, 0x80E0, 0x0F72, 0x813E, 0x0FB7, 0x81B0, 0x0EEE, 0x818A, 0x0F62, 0x81DF, 0x0FB9, 0x819D, 
	0x0EF3, 0x816D, 0x0F36, 0x81FC, 0x0F07, 0x8193, 0x0FE4, 0x8180, 0x102B, 0x81B0, 0x0F5B, 0x81C3, 0x1021, 0x81DF, 0x0F8A, 0x831D, 
	0x0F70, 0x81D6, 0x0F4F, 0x81DF, 0x0FC1, 0x81FC, 0x108F, 0x81A6, 0x0F87, 0x8235, 0x0FE5, 0x81E9, 0x1006, 0x81D6, 0x0F74, 0x820F, 
	0x0FEC, 0x820F, 0x0F5A, 0x8252, 0x10C4, 0x81B9, 0x1081, 0x81F2, 0x1005, 0x8164, 0x1088, 0x820F, 0x0FB9, 0x8222, 0x103A, 0x8219, 
	0x1093, 0x822C, 0x110E, 0x81F2, 0x10BF, 0x822C, 0x1112, 0x81F2, 0x111D, 0x8235, 0x104D, 0x823F, 0x111E, 0x823F, 0x1067, 0x81F2, 
	0x0FD4, 0x8252, 0x10C5, 0x8235, 0x1076, 0x81E9, 0x10CA, 0x82A9, 0x1088, 0x81DF, 0x1107, 0x822C, 0x11B4, 0x81FC, 0x1148, 0x82B2, 
	0x1088, 0x822C, 0x104B, 0x8252, 0x1082, 0x8205, 0x1033, 0x81E9, 0x0FDF, 0x8265, 0x1012, 0x823F, 0x1114, 0x8295, 0x0FCE, 0x81F2, 
	0x118B, 0x822C, 0x10D0, 0x826F, 0x111F, 0x8222, 0x10F3, 0x8265, 0x104A, 0x81FC, 0x1207, 0x8252, 0x1214, 0x8265, 0x1131, 0x81E9, 
	0x116E, 0x8265, 0x110C, 0x822C, 0x1185, 0x825C, 0x1180, 0x828C, 0x112C, 0x829F, 0x1102, 0x82C6, 0x1065, 0x825C, 0x1180, 0x826F, 
	0x10D1, 0x82EC, 0x128E, 0x8279, 0x0F55, 0x8252, 0x110D, 0x8248, 0x1168, 0x82B2, 0x10FA, 0x82A9, 0x1211, 0x82A9, 0x11B0, 0x8279, 
	0x11F9, 0x82B2, 0x118A, 0x82E3, 0x10E5, 0x82EC, 0x1154, 0x82F6, 0x10EC, 0x8295, 0x1114, 0x828C, 0x1110, 0x82C6, 0x11CF, 0x82F6, 
	0x126F, 0x82EC, 0x11CC, 0x82E3, 0x125D, 0x8295, 0x1224, 0x8330, 0x12A8, 0x8265, 0x1114, 0x8344, 0x125E, 0x829F, 0x121D, 0x8282, 
	0x1236, 0x82EC, 0x1212, 0x82E3, 0x11C7, 0x829F, 0x12BF, 0x8330, 0x1250, 0x8295, 0x12C7, 0x831D, 0x1314, 0x8344, 0x121D, 0x828C, 
	0x122B, 0x82EC, 0x12A5, 0x82D9, 0x122D, 0x8361, 0x1313, 0x8357, 0x1251, 0x8375, 0x11EA, 0x831D, 0x1262, 0x834E, 0x1208, 0x83CD, 
	0x12F4, 0x83A6, 0x12AE, 0x8392, 0x12FC, 0x8392, 0x12A8, 0x8388, 0x134F, 0x839C, 0x132F, 0x83EA, 0x129F, 0x8392, 0x13A4, 0x8361, 
	0x139E, 0x83A6, 0x137A, 0x83E0, 0x13E6, 0x844D, 0x12CD, 0x84B0, 0x1462, 0x84CE, 0x1377, 0x8564, 0x121D, 0x8309, 0x1210, 0x831D, 
	0x11A9, 0x831D, 0x10F5, 0x8300, 0x10F2, 0x8282, 0x11DB, 0x82CF, 0x1152, 0x8235, 0x1096, 0x8279, 0x10C9, 0x81FC, 0x11EA, 0x82A9, 
	0x1233, 0x8252, 0x11FC, 0x81E9, 0x116E, 0x81FC, 0x1172, 0x825C, 0x1110, 0x81CC, 0x1128, 0x81DF, 0x1232, 0x8180, 0x12F4, 0x8151, 
	0x120C, 0x816D, 0x124B, 0x81DF, 0x1207, 0x81A6, 0x1223, 0x8193, 0x11AE, 0x8180, 0x12FA, 0x815A, 0x1212, 0x8193, 0x123D, 0x81D6, 
	0x124E, 0x812B, 0x1208, 0x8164, 0x1269, 0x813E, 0x12C8, 0x0000, 0x1240, 0x0000, 0x1219, 0x81F2, 0x12EC, 0x8151, 0x1281, 0x8135, 
	0x1123, 0x80E9, 0x124D, 0x8118, 0x129F, 0x80FC, 0x1227, 0x8122, 0x127E, 0x80C4, 0x1230, 0x80E0, 0x11D8, 0x80E0, 0x1258, 0x8118, 
	0x11C0, 0x80E0, 0x1165, 0x80D6, 0x1259, 0x80A8, 0x1191, 0x80CD, 0x1246, 0x80C4, 0x12A2, 0x80B1, 0x1153, 0x80E0, 0x121B, 0x8038, 
	0x12D8, 0x8041, 0x1393, 0x80BA, 0x1282, 0x8041, 0x12E0, 0x8009, 0x1283, 0x808C, 0x12F3, 0x805D, 0x1239, 0x801C, 0x1274, 0x8082, 
	0x12DE, 0x8000, 0x11B8, 0x808C, 0x1207, 0x7FE4, 0x12AD, 0x8041, 0x1181, 0x808C, 0x12C1, 0x805D, 0x117B, 0x8013, 0x126F, 0x7FE4, 
	0x11C6, 0x7FED, 0x11E2, 0x8095, 0x1207, 0x7F91, 0x12B7, 0x802E, 0x123F, 0x7FED, 0x11B6, 0x8009, 0x1215, 0x8082, 0x1279, 0x802E, 
	0x1140, 0x7FDB, 0x1348, 0x801C, 0x10E7, 0x7F9A, 0x11D4, 0x7FDB, 0x117C, 0x7FBF, 0x118D, 0x7F88, 0x10DD, 0x7FB6, 0x1236, 0x7FDB, 
	0x1213, 0x7FBF, 0x10D9, 0x802E, 0x112D, 0x7F7F, 0x10F9, 0x7F88, 0x120C, 0x7FC9, 0x1143, 0x8000, 0x10C7, 0x7FE4, 0x117C, 0x7F91, 
	0x11FF, 0x7F51, 0x10B7, 0x8041, 0x11CE, 0x8000, 0x113C, 0x7FBF, 0x1147, 0x8025, 0x1130, 0x7FBF, 0x10B1, 0x7FB6, 0x1137, 0x7FDB, 
	0x10EF, 0x7FD2, 0x1202, 0x7F91, 0x1184, 0x7F36, 0x11A4, 0x7FDB, 0x11BC, 0x801C, 0x1136, 0x7FC9, 0x10F9, 0x7F6C, 0x11B7, 0x7FA4, 
	0x10E6, 0x801C, 0x11CF, 0x8009, 0x1261, 0x7FB6, 0x1140, 0x7FED, 0x124E, 0x7FC9, 0x1133, 0x7FBF, 0x1227, 0x7FBF, 0x11E5, 0x7FC9, 
	0x1165, 0x7F9A, 0x1238, 0x7FB6, 0x114D, 0x7F2C, 0x11FE, 0x7FB6, 0x1132, 0x7F51, 0x11F5, 0x7FC9, 0x1141, 0x7F2C, 0x11B4, 0x7F88, 
	0x11BE, 0x7F9A, 0x11E8, 0x7F88, 0x118D, 0x7F76, 0x10CA, 0x7F36, 0x11BE, 0x7F6C, 0x1201, 0x7F91, 0x1149, 0x7F48, 0x111C, 0x8013, 
	0x10A9, 0x7F51, 0x1115, 0x7FBF, 0x11F9, 0x7F76, 0x1239, 0x7FA4, 0x1116, 0x7FAD, 0x11D6, 0x7FAD, 0x11B3, 0x7F9A, 0x12AF, 0x8013, 
	0x1232, 0x7F48, 0x126B, 0x7F51, 0x11D2, 0x7F76, 0x1216, 0x7F48, 0x125E, 0x7F6C, 0x127B, 0x7EE3, 0x12E5, 0x7F36, 0x128C, 0x7F7F, 
	0x123E, 0x7F9A, 0x11C6, 0x7F63, 0x12B1, 0x7F88, 0x11DA, 0x7F3F, 0x122D, 0x7F51, 0x12C2, 0x7EEC, 0x127E, 0x7F6C, 0x1229, 0x7F88, 
	0x1304, 0x7F88, 0x12B2, 0x7FAD, 0x12E5, 0x7F9A, 0x1279, 0x7F91, 0x118D, 0x7FB6, 0x1239, 0x7FBF, 0x12DF, 0x7FB6, 0x1243, 0x7F7F, 
	0x126D, 0x7F51, 0x1283, 0x7FAD, 0x12A5, 0x7F23, 0x11E9, 0x7FAD, 0x12D5, 0x7F91, 0x1361, 0x7F6C, 0x12E3, 0x7FBF, 0x12E0, 0x7F6C, 
	0x12C5, 0x7F7F, 0x1385, 0x7FD2, 0x12EE, 0x7F7F, 0x1223, 0x7F7F, 0x12F1, 0x7FAD, 0x12EF, 0x7FAD, 0x127E, 0x8009, 0x122A, 0x7FC9, 
	0x1383, 0x7FED, 0x13B3, 0x8000, 0x1355, 0x8038, 0x12E2, 0x7FE4, 0x12C9, 0x8025, 0x12AA, 0x7FA4, 0x128B, 0x7FC9, 0x1275, 0x7FF7, 
	0x13F2, 0x7F9A, 0x13B7, 0x801C, 0x1254, 0x7F76, 0x1287, 0x7FBF, 0x13CC, 0x8025, 0x1317, 0x8000, 0x1178, 0x805D, 0x1341, 0x7F91, 
	0x1271, 0x804A, 0x1254, 0x801C, 0x1138, 0x7FBF, 0x1216, 0x8000, 0x123C, 0x7FDB, 0x12DB, 0x7FC9, 0x11EF, 0x8041, 0x1281, 0x7FD2, 
	0x129C, 0x7FD2, 0x1214, 0x7FC9, 0x12B2, 0x8038, 0x129E, 0x7FF7, 0x11AB, 0x8070, 0x1184, 0x8009, 0x130D, 0x8000, 0x1289, 0x8095, 
	0x118B, 0x802E, 0x11D3, 0x8082, 0x10DC, 0x8013, 0x12AD, 0x804A, 0x1192, 0x809E, 0x1177, 0x8070, 0x11EE, 0x80B1, 0x10B9, 0x802E, 
	0x10D6, 0x801C, 0x1233, 0x808C, 0x10DD, 0x8079, 0x1175, 0x80A8, 0x11FA, 0x809E, 0x1184, 0x8013, 0x10BB, 0x808C, 0x1229, 0x8105, 
	0x1027, 0x808C, 0x0FC6, 0x80F3, 0x1170, 0x80A8, 0x1156, 0x80BA, 0x1187, 0x810F, 0x112C, 0x8095, 0x1094, 0x8122, 0x111F, 0x80C4, 
	0x10D2, 0x8164, 0x10CD, 0x8135, 0x10B1, 0x8105, 0x117D, 0x8082, 0x10EF, 0x805D, 0x1061, 0x80E0, 0x111E, 0x80E0, 0x1153, 0x80C4, 
	0x108F, 0x8151, 0x10B5, 0x80B1, 0x1008, 0x80E9, 0x110E, 0x810F, 0x10FA, 0x812B, 0x1089, 0x8118, 0x1025, 0x80E0, 0x102E, 0x80E9, 
	0x1028, 0x815A, 0x0F3C, 0x8118, 0x0FF4, 0x8147, 0x108F, 0x8135, 0x0FEB, 0x815A, 0x1033, 0x8135, 0x0E68, 0x8118, 0x109E, 0x81B0, 
	0x11FA, 0x82D9, 0x1193, 0x833A, 0x11CF, 0x8309, 0x114A, 0x8282, 0x110F, 0x8279, 0x11D8, 0x82B2, 0x1172, 0x8265, 0x10FA, 0x8282, 
	0x1043, 0x81DF, 0x1174, 0x82A9, 0x11EE, 0x820F, 0x11C6, 0x8222, 0x1184, 0x8235, 0x11FC, 0x81E9, 0x114F, 0x823F, 0x114D, 0x81E9, 
	0x122A, 0x822C, 0x130B, 0x81D6, 0x1187, 0x8177, 0x11B8, 0x8205, 0x123D, 0x819D, 0x1252, 0x8164, 0x119B, 0x81B9, 0x122A, 0x81B9, 
	0x11BC, 0x8193, 0x127E, 0x81A6, 0x11E2, 0x8180, 0x1245, 0x819D, 0x1202, 0x813E, 0x12A1, 0x8193, 0x11D3, 0x8164, 0x1191, 0x80FC, 
	0x1243, 0x813E, 0x12F3, 0x8180, 0x11C1, 0x8135, 0x11B3, 0x8164, 0x11FD, 0x80FC, 0x11FF, 0x80A8, 0x1204, 0x8122, 0x1191, 0x812B, 
	0x1172, 0x809E, 0x1222, 0x80D6, 0x11CA, 0x810F, 0x11AF, 0x80E0, 0x121F, 0x80B1, 0x114B, 0x80CD, 0x125B, 0x80E0, 0x123D, 0x8066, 
	0x11A1, 0x80CD, 0x120F, 0x80C4, 0x12EC, 0x80E0, 0x134B, 0x8025, 0x1268, 0x8079, 0x12C6, 0x8041, 0x1279, 0x80BA, 0x12BA, 0x805D, 
	0x1238, 0x805D, 0x1257, 0x8013, 0x12B2, 0x801C, 0x1198, 0x801C, 0x11E0, 0x7FE4, 0x12AB, 0x8009, 0x11A9, 0x8079, 0x132F, 0x802E, 
	0x113F, 0x7FB6, 0x1284, 0x7FED, 0x1210, 0x8013, 0x1193, 0x8070, 0x1221, 0x7FA4, 0x1271, 0x7FF7, 0x1260, 0x8013, 0x11E0, 0x805D, 
	0x1196, 0x804A, 0x1284, 0x8066, 0x1133, 0x7FC9, 0x12CF, 0x7FD2, 0x1151, 0x8000, 0x11EF, 0x80E0, 0x1186, 0x8038, 0x1124, 0x8000, 
	0x105D, 0x7F6C, 0x1285, 0x8041, 0x11BC, 0x7FDB, 0x1103, 0x8066, 0x111D, 0x8079, 0x10E7, 0x7FD2, 0x113D, 0x7FED, 0x1145, 0x801C, 
	0x10A5, 0x7FD2, 0x10D9, 0x7F88, 0x122D, 0x7F63, 0x1199, 0x7FBF, 0x126F, 0x7FE4, 0x10D7, 0x7FE4, 0x1110, 0x7FD2, 0x1121, 0x7FD2, 
	0x10BE, 0x7F88, 0x10C2, 0x8041, 0x10F4, 0x802E, 0x1258, 0x7FED, 0x11DF, 0x7FBF, 0x117E, 0x7F91, 0x1199, 0x7FE4, 0x10F9, 0x7FF7, 
	0x10BB, 0x7F9A, 0x1153, 0x7FBF, 0x1150, 0x7FE4, 0x11FC, 0x7FB6, 0x1252, 0x7F9A, 0x112F, 0x7FE4, 0x1246, 0x7F76, 0x1141, 0x7FC9, 
	0x1204, 0x7FC9, 0x1189, 0x7F88, 0x10F1, 0x7FD2, 0x1206, 0x802E, 0x1152, 0x7F88, 0x1231, 0x7FF7, 0x10A7, 0x7FC9, 0x1265, 0x7FED, 
	0x1172, 0x7FB6, 0x11F5, 0x8009, 0x11F5, 0x7F36, 0x112B, 0x7FA4, 0x11E9, 0x7F88, 0x1079, 0x7F88, 0x11B3, 0x7F48, 0x11D1, 0x7FE4, 
	0x1187, 0x7F88, 0x1120, 0x7FB6, 0x10E6, 0x7FA4, 0x11A5, 0x7FDB, 0x1239, 0x7F76, 0x114C, 0x7F5A, 0x115A, 0x7F9A, 0x11F3, 0x7FED, 
	0x11C6, 0x7FF7, 0x12CD, 0x8009, 0x1219, 0x7F6C, 0x11F3, 0x7F36, 0x11EC, 0x7FA4, 0x1233, 0x7FA4, 0x124E, 0x7F7F, 0x12E2, 0x8009, 
	0x124E, 0x7F76, 0x1265, 0x7F48, 0x1280, 0x7F5A, 0x1232, 0x7F88, 0x120C, 0x7F3F, 0x1179, 0x7EC8, 0x1216, 0x7FDB, 0x1306, 0x7F7F, 
	0x11F8, 0x7F6C, 0x1256, 0x7F7F, 0x12B8, 0x7F48, 0x12E3, 0x7F9A, 0x1351, 0x7F91, 0x120D, 0x7FD2, 0x117B, 0x7FE4, 0x1270, 0x7F91, 
	0x1286, 0x7F7F, 0x1226, 0x7F88, 0x1293, 0x7FC9, 0x122B, 0x7FA4, 0x1275, 0x7F11, 0x1100, 0x7FF7, 0x1280, 0x7F36, 0x13A6, 0x7F91, 
	0x129F, 0x8009, 0x1269, 0x7F36, 0x122A, 0x7FED, 0x1333, 0x7FC9, 0x1316, 0x7F91, 0x12C1, 0x7F76, 0x12F2, 0x7FDB, 0x12D9, 0x7FC9, 
	0x127C, 0x7FD2, 0x128F, 0x8000, 0x1363, 0x7FD2, 0x134A, 0x8000, 0x12FE, 0x805D, 0x1328, 0x8000, 0x125B, 0x7FC9, 0x1272, 0x7F91, 
	0x1209, 0x7FF7, 0x12A1, 0x8009, 0x13A5, 0x7F88, 0x138D, 0x7FF7, 0x11E0, 0x7FDB, 0x11BB, 0x7FB6, 0x1347, 0x8079, 0x137E, 0x8041, 
	0x11D7, 0x8013, 0x1324, 0x8013, 0x123C, 0x8041, 0x124D, 0x804A, 0x10D5, 0x8000, 0x11F9, 0x7FC9, 0x1266, 0x801C, 0x12F1, 0x7FED, 
	0x11BC, 0x8009, 0x12FC, 0x7FF7, 0x124C, 0x8025, 0x1180, 0x802E, 0x12CA, 0x805D, 0x12A7, 0x8041, 0x1207, 0x802E, 0x1130, 0x8041, 
	0x12F8, 0x8041, 0x1252, 0x80A8, 0x111C, 0x808C, 0x1209, 0x8066, 0x110C, 0x8041, 0x1248, 0x8070, 0x11A3, 0x8095, 0x10EF, 0x8082, 
	0x1266, 0x8082, 0x112A, 0x80BA, 0x10EF, 0x802E, 0x11FA, 0x80CD, 0x10DB, 0x8070, 0x1147, 0x80B1, 0x11EC, 0x8105, 0x11B3, 0x8054, 
	0x1081, 0x80F3, 0x1239, 0x818A, 0x0FC2, 0x8118, 0x0F7C, 0x80E0, 0x116F, 0x80CD, 0x11E8, 0x8147, 0x1148, 0x815A, 0x1115, 0x80FC, 
	0x1069, 0x80B1, 0x10BE, 0x80CD, 0x10E3, 0x810F, 0x1060, 0x8135, 0x10D4, 0x80E9, 0x1123, 0x805D, 0x1094, 0x80C4, 0x103C, 0x80FC, 
	0x117A, 0x810F, 0x113D, 0x80A8, 0x1057, 0x815A, 0x109D, 0x8105, 0x101F, 0x8147, 0x10A6, 0x813E, 0x10EA, 0x8105, 0x10F6, 0x80F3, 
	0x1067, 0x8135, 0x10B7, 0x810F, 0x1071, 0x81D6, 0x0FA6, 0x8151, 0x103C, 0x8164, 0x1050, 0x8135, 0x1038, 0x819D, 0x1029, 0x81B0, 
	0x0E4D, 0x81C3, 0x1028, 0x81D6, 0x0F7D, 0x8193, 0x0FC4, 0x8118, 0x0F75, 0x81F2, 0x0E93, 0x81E9, 0x0F99, 0x823F, 0x1032, 0x81E9, 
	0x0F14, 0x81D6, 0x0F1D, 0x81DF, 0x0F4A, 0x81B9, 0x0FDA, 0x818A, 0x10ED, 0x8235, 0x0F24, 0x81A6, 0x1048, 0x81DF, 0x0F3D, 0x81CC, 
	0x0F2C, 0x81C3, 0x0EFF, 0x825C, 0x0F28, 0x81F2, 0x1050, 0x822C, 0x0F5E, 0x8252, 0x0F6C, 0x818A, 0x1040, 0x8219, 0x0F95, 0x822C, 
	0x0FAC, 0x81DF, 0x0F75, 0x8248, 0x10F0, 0x81B9, 0x1083, 0x8248, 0x0FE9, 0x81B9, 0x107C, 0x8222, 0x0FCF, 0x8205, 0x0FBF, 0x81E9, 
	0x10C7, 0x8279, 0x1117, 0x81A6, 0x10AA, 0x826F, 0x10EE, 0x81D6, 0x10C2, 0x8252, 0x1035, 0x8295, 0x1146, 0x823F, 0x10AF, 0x828C, 
	0x108C, 0x8252, 0x10E8, 0x8222, 0x1085, 0x822C, 0x1111, 0x8279, 0x10B1, 0x822C, 0x10DF, 0x8222, 0x11ED, 0x822C, 0x1104, 0x8392, 
	0x111C, 0x8235, 0x1075, 0x825C, 0x105D, 0x822C, 0x105E, 0x82A9, 0x0FA0, 0x8222, 0x105C, 0x8235, 0x10D8, 0x826F, 0x101D, 0x825C, 
	0x11E4, 0x8248, 0x10BF, 0x82C6, 0x10E1, 0x8252, 0x1102, 0x81F2, 0x1095, 0x8282, 0x11A7, 0x8295, 0x1195, 0x8295, 0x11C3, 0x81F2, 
	0x1136, 0x829F, 0x1041, 0x8265, 0x10E1, 0x8222, 0x115C, 0x82B2, 0x1104, 0x828C, 0x10FB, 0x8282, 0x10C7, 0x8265, 0x115E, 0x829F, 
	0x1108, 0x82F6, 0x128B, 0x828C, 0x1003, 0x828C, 0x107C, 0x82C6, 0x1161, 0x825C, 0x1060, 0x8300, 0x11C9, 0x82B2, 0x1186, 0x8282, 
	0x1194, 0x82D9, 0x1122, 0x82A9, 0x10F3, 0x8327, 0x11A6, 0x8279, 0x1045, 0x82F6, 0x105A, 0x8295, 0x1123, 0x82D9, 0x118B, 0x831D, 
	0x1218, 0x83CD, 0x121D, 0x8330, 0x129D, 0x82EC, 0x11F0, 0x82BC, 0x1226, 0x8313, 0x112B, 0x8309, 0x1231, 0x823F, 0x1289, 0x831D, 
	0x1288, 0x82F6, 0x11EA, 0x833A, 0x1252, 0x8300, 0x1278, 0x8327, 0x1257, 0x82E3, 0x12E5, 0x8300, 0x1278, 0x836B, 0x1258, 0x8309, 
	0x1274, 0x8330, 0x1276, 0x8327, 0x11EF, 0x831D, 0x12F0, 0x8300, 0x1205, 0x836B, 0x11E4, 0x8327, 0x1269, 0x8327, 0x1237, 0x839C, 
	0x1248, 0x8392, 0x12F7, 0x83D7, 0x1301, 0x83F4, 0x1336, 0x83D7, 0x12E3, 0x83FE, 0x12F0, 0x83D7, 0x12C4, 0x83EA, 0x13A7, 0x83B9, 
	0x1375, 0x83EA, 0x1367, 0x842F, 0x13F9, 0x8439, 0x1349, 0x84D8, 0x1491, 0x8546, 0x13AE, 0x8550, 0x11FA, 0x82D9, 0x1193, 0x833A, 
	0x11CF, 0x8309, 0x114A, 0x8282, 0x110F, 0x8279, 0x11D8, 0x82B2, 0x1172, 0x8265, 0x10FA, 0x8282, 0x1043, 0x81DF, 0x1174, 0x82A9, 
	0x11EE, 0x820F, 0x11C6, 0x8222, 0x1184, 0x8235, 0x11FC, 0x81E9, 0x114F, 0x823F, 0x114D, 0x81E9, 0x122A, 0x822C, 0x130B, 0x81D6, 
	0x1187, 0x8177, 0x11B8, 0x8205, 0x123D, 0x819D, 0x1252, 0x8164, 0x119B, 0x81B9, 0x122A, 0x81B9, 0x11BC, 0x8193, 0x127E, 0x81A6, 
	0x11E2, 0x8180, 0x1245, 0x819D, 0x1202, 0x813E, 0x12A1, 0x8193, 0x11D3, 0x8164, 0x1191, 0x80FC, 0x1243, 0x813E, 0x12F3, 0x8180, 
	0x11C1, 0x8135, 0x11B3, 0x8164, 0x11FD, 0x80FC, 0x11FF, 0x80A8, 0x1204, 0x8122, 0x1191, 0x812B, 0x1172, 0x809E, 0x1222, 0x80D6, 
	0x11CA, 0x810F, 0x11AF, 0x80E0, 0x121F, 0x80B1, 0x114B, 0x80CD, 0x125B, 0x80E0, 0x123D, 0x8066, 0x11A1, 0x80CD, 0x120F, 0x80C4, 
	0x12EC, 0x80E0, 0x134B, 0x8025, 0x1268, 0x8079, 0x12C6, 0x8041, 0x1279, 0x80BA, 0x12BA, 0x805D, 0x1238, 0x805D, 0x1257, 0x8013, 
	0x12B2, 0x801C, 0x1198, 0x801C, 0x11E0, 0x7FE4, 0x12AB, 0x8009, 0x11A9, 0x8079, 0x132F, 0x802E, 0x113F, 0x7FB6, 0x1284, 0x7FED, 
	0x1210, 0x8013, 0x1193, 0x8070, 0x1221, 0x7FA4, 0x1271, 0x7FF7, 0x1260, 0x8013, 0x11E0, 0x805D, 0x1196, 0x804A, 0x1284, 0x8066, 
	0x1133, 0x7FC9, 0x12CF, 0x7FD2, 0x1151, 0x8000, 0x11EF, 0x80E0, 0x1186, 0x8038, 0x1124, 0x8000, 0x105D, 0x7F6C, 0x1285, 0x8041, 
	0x11BC, 0x7FDB, 0x1103, 0x8066, 0x111D, 0x8079, 0x10E7, 0x7FD2, 0x113D, 0x7FED, 0x1145, 0x801C, 0x10A5, 0x7FD2, 0x10D9, 0x7F88, 
	0x122D, 0x7F63, 0x1199, 0x7FBF, 0x126F, 0x7FE4, 0x10D7, 0x7FE4, 0x1110, 0x7FD2, 0x1121, 0x7FD2, 0x10BE, 0x7F88, 0x10C2, 0x8041, 
	0x10F4, 0x802E, 0x1258, 0x7FED, 0x11DF, 0x7FBF, 0x117E, 0x7F91, 0x1199, 0x7FE4, 0x10F9, 0x7FF7, 0x10BB, 0x7F9A, 0x1153, 0x7FBF, 
	0x1150, 0x7FE4, 0x11FC, 0x7FB6, 0x1252, 0x7F9A, 0x112F, 0x7FE4, 0x1246, 0x7F76, 0x1141, 0x7FC9, 0x1204, 0x7FC9, 0x1189, 0x7F88, 
	0x10F1, 0x7FD2, 0x1206, 0x802E, 0x1152, 0x7F88, 0x1231, 0x7FF7, 0x10A7, 0x7FC9, 0x1265, 0x7FED, 0x1172, 0x7FB6, 0x11F5, 0x8009, 
	0x11F5, 0x7F36, 0x112B, 0x7FA4, 0x11E9, 0x7F88, 0x1079, 0x7F88, 0x11B3, 0x7F48, 0x11D1, 0x7FE4, 0x1187, 0x7F88, 0x1120, 0x7FB6, 
	0x10E6, 0x7FA4, 0x11A5, 0x7FDB, 0x1239, 0x7F76, 0x114C, 0x7F5A, 0x115A, 0x7F9A, 0x11F3, 0x7FED, 0x11C6, 0x7FF7, 0x12CD, 0x8009, 
	0x1219, 0x7F6C, 0x11F3, 0x7F36, 0x11EC, 0x7FA4, 0x1233, 0x7FA4, 0x124E, 0x7F7F, 0x12E2, 0x8009, 0x124E, 0x7F76, 0x1265, 0x7F48, 
	0x1280, 0x7F5A, 0x1232, 0x7F88, 0x120C, 0x7F3F, 0x1179, 0x7EC8, 0x1216, 0x7FDB, 0x1306, 0x7F7F, 0x11F8, 0x7F6C, 0x1256, 0x7F7F, 
	0x12B8, 0x7F48, 0x12E3, 0x7F9A, 0x1351, 0x7F91, 0x120D, 0x7FD2, 0x117B, 0x7FE4, 0x1270, 0x7F91, 0x1286, 0x7F7F, 0x1226, 0x7F88, 
	0x1293, 0x7FC9, 0x122B, 0x7FA4, 0x1275, 0x7F11, 0x1100, 0x7FF7, 0x1280, 0x7F36, 0x13A6, 0x7F91, 0x129F, 0x8009, 0x1269, 0x7F36, 
	0x122A, 0x7FED, 0x1333, 0x7FC9, 0x1316, 0x7F91, 0x12C1, 0x7F76, 0x12F2, 0x7FDB, 0x12D9, 0x7FC9, 0x127C, 0x7FD2, 0x128F, 0x8000, 
	0x1363, 0x7FD2, 0x134A, 0x8000, 0x12FE, 0x805D, 0x1328, 0x8000, 0x125B, 0x7FC9, 0x1272, 0x7F91, 0x1209, 0x7FF7, 0x12A1, 0x8009, 
	0x13A5, 0x7F88, 0x138D, 0x7FF7, 0x11E0, 0x7FDB, 0x11BB, 0x7FB6, 0x1347, 0x8079, 0x137E, 0x8041, 0x11D7, 0x8013, 0x1324, 0x8013, 
	0x123C, 0x8041, 0x124D, 0x804A, 0x10D5, 0x8000, 0x11F9, 0x7FC9, 0x1266, 0x801C, 0x12F1, 0x7FED, 0x11BC, 0x8009, 0x12FC, 0x7FF7, 
	0x124C, 0x8025, 0x1180, 0x802E, 0x12CA, 0x805D, 0x12A7, 0x8041, 0x1207, 0x802E, 0x1130, 0x8041, 0x12F8, 0x8041, 0x1252, 0x80A8, 
	0x111C, 0x808C, 0x1209, 0x8066, 0x110C, 0x8041, 0x1248, 0x8070, 0x11A3, 0x8095, 0x10EF, 0x8082, 0x1266, 0x8082, 0x112A, 0x80BA, 
	0x10EF, 0x802E, 0x11FA, 0x80CD, 0x10DB, 0x8070, 0x1147, 0x80B1, 0x11EC, 0x8105, 0x11B3, 0x8054, 0x1081, 0x80F3, 0x1239, 0x818A, 
	0x0FC2, 0x8118, 0x0F7C, 0x80E0, 0x116F, 0x80CD, 0x11E8, 0x8147, 0x1148, 0x815A, 0x1115, 0x80FC, 0x1069, 0x80B1, 0x10BE, 0x80CD, 
	0x10E3, 0x810F, 0x1060, 0x8135, 0x10D4, 0x80E9, 0x1123, 0x805D, 0x1094, 0x80C4, 0x103C, 0x80FC, 0x117A, 0x810F, 0x113D, 0x80A8, 
	0x1057, 0x815A, 0x109D, 0x8105, 0x101F, 0x8147, 0x10A6, 0x813E, 0x10EA, 0x8105, 0x10F6, 0x80F3, 0x1067, 0x8135, 0x10B7, 0x810F, 
	0x1071, 0x81D6, 0x0FA6, 0x8151, 0x103C, 0x8164, 0x1050, 0x8135, 0x1038, 0x819D, 0x1029, 0x81B0, 0x0E4D, 0x81C3, 0x1028, 0x81D6, 
	0x1189, 0x82BC, 0x1231, 0x82C6, 0x1201, 0x8300, 0x113B, 0x829F, 0x110E, 0x82BC, 0x11B0, 0x8248, 0x11DF, 0x826F, 0x110D, 0x8282, 
	0x10D1, 0x820F, 0x1252, 0x8295, 0x1132, 0x81FC, 0x11DE, 0x81CC, 0x11CA, 0x8248, 0x1256, 0x81CC, 0x11A8, 0x8205, 0x112A, 0x81FC, 
	0x1241, 0x818A, 0x1348, 0x81B0, 0x1214, 0x8252, 0x1193, 0x8248, 0x1176, 0x81FC, 0x11CE, 0x816D, 0x1117, 0x81A6, 0x12A8, 0x81DF, 
	0x1208, 0x8164, 0x1275, 0x81A6, 0x12F7, 0x80CD, 0x1237, 0x8177, 0x1267, 0x8177, 0x11B8, 0x8151, 0x112E, 0x816D, 0x11D7, 0x812B, 
	0x130F, 0x80E9, 0x12BA, 0x8135, 0x117E, 0x815A, 0x1123, 0x81B0, 0x11D9, 0x8118, 0x1250, 0x80B1, 0x1231, 0x80BA, 0x11F0, 0x81F2, 
	0x119D, 0x80A8, 0x1233, 0x8082, 0x1209, 0x8041, 0x11F4, 0x8095, 0x118A, 0x805D, 0x1199, 0x8079, 0x1159, 0x8082, 0x1281, 0x80E9, 
	0x1169, 0x8079, 0x1179, 0x80E0, 0x124A, 0x8118, 0x1312, 0x805D, 0x12E2, 0x8054, 0x1219, 0x805D, 0x124F, 0x80D6, 0x12CD, 0x8082, 
	0x126B, 0x8079, 0x11DC, 0x80BA, 0x12CF, 0x8038, 0x1172, 0x808C, 0x115B, 0x8041, 0x126A, 0x7FF7, 0x11AB, 0x8013, 0x1238, 0x8013, 
	0x117F, 0x7FE4, 0x12CF, 0x8025, 0x1215, 0x7FB6, 0x11AF, 0x8095, 0x1232, 0x802E, 0x1260, 0x8025, 0x11DB, 0x8041, 0x11A3, 0x7FE4, 
	0x1206, 0x7FBF, 0x125F, 0x808C, 0x1250, 0x8041, 0x135C, 0x8025, 0x11CE, 0x7FA4, 0x12B5, 0x801C, 0x1214, 0x7FD2, 0x10EF, 0x8000, 
	0x10BA, 0x7FB6, 0x1221, 0x802E, 0x124F, 0x7FDB, 0x10BC, 0x801C, 0x1113, 0x7FF7, 0x10EF, 0x8009, 0x11C4, 0x7FD2, 0x1199, 0x7F7F, 
	0x1110, 0x8025, 0x10C6, 0x7FED, 0x1135, 0x7FA4, 0x10FA, 0x7F88, 0x11CA, 0x8000, 0x10C2, 0x7FE4, 0x1150, 0x8013, 0x1206, 0x7FED, 
	0x10D8, 0x7F51, 0x10FF, 0x7FC9, 0x114F, 0x8038, 0x118A, 0x7FC9, 0x116B, 0x7FAD, 0x1190, 0x7F9A, 0x1165, 0x7F7F, 0x10D6, 0x8009, 
	0x110B, 0x7FF7, 0x11B3, 0x7FD2, 0x10AF, 0x8009, 0x1122, 0x7FB6, 0x116A, 0x8009, 0x10BA, 0x7F88, 0x1264, 0x7F9A, 0x116A, 0x7FB6, 
	0x11F2, 0x7F9A, 0x111E, 0x7FDB, 0x1155, 0x7F63, 0x1171, 0x7FBF, 0x11DE, 0x7FC9, 0x1157, 0x7FAD, 0x10EC, 0x7FDB, 0x1268, 0x7FC9, 
	0x1163, 0x7F51, 0x1275, 0x7FDB, 0x120A, 0x7F7F, 0x10FB, 0x7F76, 0x11F4, 0x7F5A, 0x1186, 0x7F7F, 0x11A2, 0x7F9A, 0x1194, 0x8000, 
	0x106A, 0x7F9A, 0x116E, 0x7F88, 0x1104, 0x7FB6, 0x11E3, 0x7FC9, 0x122E, 0x8000, 0x1103, 0x7F6C, 0x11A1, 0x7EEC, 0x1240, 0x7FC9, 
	0x121D, 0x7FB6, 0x1282, 0x7FED, 0x1233, 0x7FA4, 0x1215, 0x7F3F, 0x11C2, 0x7F7F, 0x12BC, 0x7F5A, 0x12B0, 0x7F91, 0x121E, 0x8000, 
	0x129C, 0x7EF6, 0x11F9, 0x7F9A, 0x1245, 0x7F36, 0x1282, 0x7FED, 0x12A0, 0x7F7F, 0x11FE, 0x7EAD, 0x1256, 0x7F76, 0x1360, 0x7FBF, 
	0x1216, 0x7F88, 0x1272, 0x7F91, 0x12E1, 0x7F36, 0x127A, 0x7FC9, 0x1298, 0x7FF7, 0x1289, 0x7FBF, 0x119F, 0x7FA4, 0x1226, 0x7F9A, 
	0x1188, 0x7F3F, 0x1278, 0x8000, 0x1276, 0x8009, 0x11AD, 0x7FC9, 0x121B, 0x7F51, 0x117C, 0x7F91, 0x121E, 0x7FB6, 0x12D6, 0x8000, 
	0x11A9, 0x7FE4, 0x1282, 0x7F63, 0x120C, 0x7FBF, 0x138D, 0x7FBF, 0x126C, 0x8013, 0x1273, 0x7F88, 0x1274, 0x7FBF, 0x12CD, 0x801C, 
	0x123C, 0x7FED, 0x1262, 0x7FF7, 0x128E, 0x8000, 0x1307, 0x7FF7, 0x12F9, 0x8000, 0x12C6, 0x7FD2, 0x127F, 0x7FDB, 0x11CE, 0x7FBF, 
	0x1307, 0x7FDB, 0x1235, 0x8025, 0x13CD, 0x7FBF, 0x1318, 0x8038, 0x1344, 0x8013, 0x120C, 0x7FB6, 0x12C8, 0x8025, 0x12C9, 0x8041, 
	0x121E, 0x801C, 0x13E2, 0x7FDB, 0x11B3, 0x7FD2, 0x12E2, 0x8054, 0x1168, 0x7FF7, 0x11A8, 0x7FED, 0x1234, 0x8009, 0x1267, 0x7FBF, 
	0x11DF, 0x8066, 0x134D, 0x8038, 0x12BB, 0x7FD2, 0x126C, 0x801C, 0x1228, 0x8013, 0x12B4, 0x8041, 0x1254, 0x808C, 0x116C, 0x8000, 
	0x12AB, 0x8025, 0x11ED, 0x8038, 0x11AB, 0x8038, 0x11F8, 0x8095, 0x1119, 0x8041, 0x11B0, 0x804A, 0x11BD, 0x809E, 0x11C3, 0x80BA, 
	0x120D, 0x80BA, 0x10A8, 0x808C, 0x1160, 0x8070, 0x11B3, 0x8079, 0x112B, 0x8070, 0x1153, 0x8082, 0x119D, 0x80E0, 0x11F2, 0x8066, 
	0x111A, 0x804A, 0x124B, 0x80E9, 0x0FC1, 0x8105, 0x0FF5, 0x80B1, 0x11CD, 0x80B1, 0x10ED, 0x80A8, 0x1155, 0x80F3, 0x10BD, 0x810F, 
	0x10F1, 0x80BA, 0x1122, 0x8105, 0x111A, 0x812B, 0x1067, 0x8095, 0x10B8, 0x8135, 0x10AA, 0x8079, 0x1078, 0x80A8, 0x100F, 0x812B, 
	0x116A, 0x8177, 0x1100, 0x80E9, 0x1121, 0x8164, 0x10EE, 0x813E, 0x10B0, 0x8180, 0x10D3, 0x815A, 0x0FEE, 0x812B, 0x10BF, 0x8122, 
	0x102E, 0x8118, 0x1019, 0x815A, 0x1102, 0x81F2, 0x1004, 0x810F, 0x105B, 0x8180, 0x1047, 0x8122, 0x0FB1, 0x813E, 0x105D, 0x8177, 
	0x0E40, 0x81D6, 0x10AF, 0x81B9, 0x0F34, 0x815A, 0x101E, 0x816D, 0x0F54, 0x81B9, 0x0ECA, 0x8164, 0x0F61, 0x81CC, 0x0FF0, 0x8205, 
	0x0F46, 0x81FC, 0x0F22, 0x8222, 0x0EA4, 0x81B0, 0x103D, 0x80E9, 0x1027, 0x8235, 0x0FE4, 0x81E9, 0x0FC3, 0x81CC, 0x0F48, 0x8219, 
	0x0F2F, 0x828C, 0x0F76, 0x81D6, 0x0F65, 0x81E9, 0x0FC5, 0x81E9, 0x0E8A, 0x820F, 0x0FE2, 0x819D, 0x100B, 0x81D6, 0x0FD8, 0x81CC, 
	0x0FA5, 0x8248, 0x0F8F, 0x826F, 0x106A, 0x818A, 0x100B, 0x820F, 0x0FEB, 0x81B0, 0x1059, 0x826F, 0x0F14, 0x825C, 0x0F84, 0x820F, 
	0x0FAD, 0x8361, 0x1048, 0x8205, 0x10E9, 0x825C, 0x1083, 0x8235, 0x1034, 0x8205, 0x0FB6, 0x819D, 0x10F8, 0x820F, 0x106E, 0x8252, 
	0x100D, 0x82B2, 0x1095, 0x81D6, 0x10C9, 0x8205, 0x1099, 0x8235, 0x1103, 0x82BC, 0x10AF, 0x829F, 0x1173, 0x81F2, 0x11A5, 0x82BC, 
	0x10B7, 0x822C, 0x10FE, 0x8295, 0x10DB, 0x8248, 0x104F, 0x81DF, 0x0FD0, 0x825C, 0x1098, 0x8222, 0x1094, 0x8248, 0x100D, 0x8235, 
	0x117A, 0x822C, 0x1072, 0x8252, 0x1109, 0x81FC, 0x1125, 0x8219, 0x0F96, 0x8282, 0x118B, 0x826F, 0x115C, 0x822C, 0x1206, 0x822C, 
	0x1066, 0x8248, 0x10B4, 0x8248, 0x117C, 0x823F, 0x10DF, 0x8279, 0x1173, 0x82A9, 0x10D0, 0x8282, 0x1091, 0x825C, 0x1174, 0x8279, 
	0x1093, 0x8300, 0x11D7, 0x8300, 0x0FF2, 0x8252, 0x10E1, 0x829F, 0x1146, 0x8282, 0x1120, 0x82D9, 0x11BE, 0x8313, 0x116E, 0x8295, 
	0x1105, 0x82CF, 0x10E9, 0x82D9, 0x1011, 0x82F6, 0x112E, 0x82B2, 0x111D, 0x82B2, 0x1069, 0x8300, 0x113E, 0x8279, 0x11BB, 0x82C6, 
	0x1210, 0x8327, 0x1194, 0x82BC, 0x126E, 0x8313, 0x11FC, 0x82EC, 0x124E, 0x82A9, 0x1179, 0x831D, 0x1243, 0x82B2, 0x11DC, 0x82C6, 
	0x121E, 0x8265, 0x1254, 0x82EC, 0x120D, 0x8313, 0x1276, 0x8327, 0x129C, 0x82EC, 0x13D2, 0x829F, 0x123C, 0x834E, 0x11D5, 0x8344, 
	0x127F, 0x82D9, 0x12CA, 0x833A, 0x128D, 0x8392, 0x12CA, 0x8313, 0x1213, 0x8344, 0x1254, 0x8313, 0x1242, 0x8357, 0x11C8, 0x837E, 
	0x1291, 0x836B, 0x1219, 0x83B9, 0x12F9, 0x83E0, 0x129E, 0x8412, 0x1347, 0x8457, 0x12E3, 0x83B9, 0x134B, 0x841B, 0x13E6, 0x83AF, 
	0x139A, 0x83E0, 0x12B1, 0x8461, 0x1406, 0x8457, 0x12F6, 0x84C4, 0x142B, 0x8546, 0x12F5, 0x851E, 0x1189, 0x82BC, 0x1231, 0x82C6, 
	0x1201, 0x8300, 0x113B, 0x829F, 0x110E, 0x82BC, 0x11B0, 0x8248, 0x11DF, 0x826F, 0x110D, 0x8282, 0x10D1, 0x820F, 0x1252, 0x8295, 
	0x1132, 0x81FC, 0x11DE, 0x81CC, 0x11CA, 0x8248, 0x1256, 0x81CC, 0x11A8, 0x8205, 0x112A, 0x81FC, 0x1241, 0x818A, 0x1348, 0x81B0, 
	0x1214, 0x8252, 0x1193, 0x8248, 0x1176, 0x81FC, 0x11CE, 0x816D, 0x1117, 0x81A6, 0x12A8, 0x81DF, 0x1208, 0x8164, 0x1275, 0x81A6, 
	0x12F7, 0x80CD, 0x1237, 0x8177, 0x1267, 0x8177, 0x11B8, 0x8151, 0x112E, 0x816D, 0x11D7, 0x812B, 0x130F, 0x80E9, 0x12BA, 0x8135, 
	0x117E, 0x815A, 0x1123, 0x81B0, 0x11D9, 0x8118, 0x1250, 0x80B1, 0x1231, 0x80BA, 0x11F0, 0x81F2, 0x119D, 0x80A8, 0x1233, 0x8082, 
	0x1209, 0x8041, 0x11F4, 0x8095, 0x118A, 0x805D, 0x1199, 0x8079, 0x1159, 0x8082, 0x1281, 0x80E9, 0x1169, 0x8079, 0x1179, 0x80E0, 
	0x124A, 0x8118, 0x1312, 0x805D, 0x12E2, 0x8054, 0x1219, 0x805D, 0x124F, 0x80D6, 0x12CD, 0x8082, 0x126B, 0x8079, 0x11DC, 0x80BA, 
	0x12CF, 0x8038, 0x1172, 0x808C, 0x115B, 0x8041, 0x126A, 0x7FF7, 0x11AB, 0x8013, 0x1238, 0x8013, 0x117F, 0x7FE4, 0x12CF, 0x8025, 
	0x1215, 0x7FB6, 0x11AF, 0x8095, 0x1232, 0x802E, 0x1260, 0x8025, 0x11DB, 0x8041, 0x11A3, 0x7FE4, 0x1206, 0x7FBF, 0x125F, 0x808C, 
	0x1250, 0x8041, 0x135C, 0x8025, 0x11CE, 0x7FA4, 0x12B5, 0x801C, 0x1214, 0x7FD2, 0x10EF, 0x8000, 0x10BA, 0x7FB6, 0x1221, 0x802E, 
	0x124F, 0x7FDB, 0x10BC, 0x801C, 0x1113, 0x7FF7, 0x10EF, 0x8009, 0x11C4, 0x7FD2, 0x1199, 0x7F7F, 0x1110, 0x8025, 0x10C6, 0x7FED, 
	0x1135, 0x7FA4, 0x10FA, 0x7F88, 0x11CA, 0x8000, 0x10C2, 0x7FE4, 0x1150, 0x8013, 0x1206, 0x7FED, 0x10D8, 0x7F51, 0x10FF, 0x7FC9, 
	0x114F, 0x8038, 0x118A, 0x7FC9, 0x116B, 0x7FAD, 0x1190, 0x7F9A, 0x1165, 0x7F7F, 0x10D6, 0x8009, 0x110B, 0x7FF7, 0x11B3, 0x7FD2, 
	0x10AF, 0x8009, 0x1122, 0x7FB6, 0x116A, 0x8009, 0x10BA, 0x7F88, 0x1264, 0x7F9A, 0x116A, 0x7FB6, 0x11F2, 0x7F9A, 0x111E, 0x7FDB, 
	0x1155, 0x7F63, 0x1171, 0x7FBF, 0x11DE, 0x7FC9, 0x1157, 0x7FAD, 0x10EC, 0x7FDB, 0x1268, 0x7FC9, 0x1163, 0x7F51, 0x1275, 0x7FDB, 
	0x120A, 0x7F7F, 0x10FB, 0x7F76, 0x11F4, 0x7F5A, 0x1186, 0x7F7F, 0x11A2, 0x7F9A, 0x1194, 0x8000, 0x106A, 0x7F9A, 0x116E, 0x7F88, 
	0x1104, 0x7FB6, 0x11E3, 0x7FC9, 0x122E, 0x8000, 0x1103, 0x7F6C, 0x11A1, 0x7EEC, 0x1240, 0x7FC9, 0x121D, 0x7FB6, 0x1282, 0x7FED, 
	0x1233, 0x7FA4, 0x1215, 0x7F3F, 0x11C2, 0x7F7F, 0x12BC, 0x7F5A, 0x12B0, 0x7F91, 0x121E, 0x8000, 0x129C, 0x7EF6, 0x11F9, 0x7F9A, 
	0x1245, 0x7F36, 0x1282, 0x7FED, 0x12A0, 0x7F7F, 0x11FE, 0x7EAD, 0x1256, 0x7F76, 0x1360, 0x7FBF, 0x1216, 0x7F88, 0x1272, 0x7F91, 
	0x12E1, 0x7F36, 0x127A, 0x7FC9, 0x1298, 0x7FF7, 0x1289, 0x7FBF, 0x119F, 0x7FA4, 0x1226, 0x7F9A, 0x1188, 0x7F3F, 0x1278, 0x8000, 
	0x1276, 0x8009, 0x11AD, 0x7FC9, 0x121B, 0x7F51, 0x117C, 0x7F91, 0x121E, 0x7FB6, 0x12D6, 0x8000, 0x11A9, 0x7FE4, 0x1282, 0x7F63, 
	0x120C, 0x7FBF, 0x138D, 0x7FBF, 0x126C, 0x8013, 0x1273, 0x7F88, 0x1274, 0x7FBF, 0x12CD, 0x801C, 0x123C, 0x7FED, 0x1262, 0x7FF7, 
	0x128E, 0x8000, 0x1307, 0x7FF7, 0x12F9, 0x8000, 0x12C6, 0x7FD2, 0x127F, 0x7FDB, 0x11CE, 0x7FBF, 0x1307, 0x7FDB, 0x1235, 0x8025, 
	0x13CD, 0x7FBF, 0x1318, 0x8038, 0x1344, 0x8013, 0x120C, 0x7FB6, 0x12C8, 0x8025, 0x12C9, 0x8041, 0x121E, 0x801C, 0x13E2, 0x7FDB, 
	0x11B3, 0x7FD2, 0x12E2, 0x8054, 0x1168, 0x7FF7, 0x11A8, 0x7FED, 0x1234, 0x8009, 0x1267, 0x7FBF, 0x11DF, 0x8066, 0x134D, 0x8038, 
	0x12BB, 0x7FD2, 0x126C, 0x801C, 0x1228, 0x8013, 0x12B4, 0x8041, 0x1254, 0x808C, 0x116C, 0x8000, 0x12AB, 0x8025, 0x11ED, 0x8038, 
	0x11AB, 0x8038, 0x11F8, 0x8095, 0x1119, 0x8041, 0x11B0, 0x804A, 0x11BD, 0x809E, 0x11C3, 0x80BA, 0x120D, 0x80BA, 0x10A8, 0x808C, 
	0x1160, 0x8070, 0x11B3, 0x8079, 0x112B, 0x8070, 0x1153, 0x8082, 0x119D, 0x80E0, 0x11F2, 0x8066, 0x111A, 0x804A, 0x124B, 0x80E9, 
	0x0FC1, 0x8105, 0x0FF5, 0x80B1, 0x11CD, 0x80B1, 0x10ED, 0x80A8, 0x1155, 0x80F3, 0x10BD, 0x810F, 0x10F1, 0x80BA, 0x1122, 0x8105, 
	0x111A, 0x812B, 0x1067, 0x8095, 0x10B8, 0x8135, 0x10AA, 0x8079, 0x1078, 0x80A8, 0x100F, 0x812B, 0x116A, 0x8177, 0x1100, 0x80E9, 
	0x1121, 0x8164, 0x10EE, 0x813E, 0x10B0, 0x8180, 0x10D3, 0x815A, 0x0FEE, 0x812B, 0x10BF, 0x8122, 0x102E, 0x8118, 0x1019, 0x815A, 
	0x1102, 0x81F2, 0x1004, 0x810F, 0x105B, 0x8180, 0x1047, 0x8122, 0x0FB1, 0x813E, 0x105D, 0x8177, 0x0E40, 0x81D6, 0x10AF, 0x81B9, 
	0x11A7, 0x834E, 0x1203, 0x834E, 0x11A7, 0x82E3, 0x1101, 0x831D, 0x1165, 0x82D9, 0x1195, 0x8265, 0x11CF, 0x829F, 0x116F, 0x8279, 
	0x10AE, 0x8295, 0x120C, 0x8300, 0x1194, 0x8222, 0x11F8, 0x81F2, 0x11A0, 0x8248, 0x120E, 0x823F, 0x1196, 0x826F, 0x11A9, 0x8265, 
	0x1239, 0x8180, 0x12C4, 0x8252, 0x11BF, 0x81FC, 0x1169, 0x81E9, 0x113B, 0x8180, 0x1198, 0x8151, 0x118F, 0x819D, 0x1220, 0x81FC, 
	0x11F7, 0x81C3, 0x1188, 0x81CC, 0x12CE, 0x80E0, 0x11E8, 0x8151, 0x1238, 0x815A, 0x123E, 0x818A, 0x115A, 0x818A, 0x116F, 0x80FC, 
	0x12DA, 0x80C4, 0x1243, 0x8135, 0x1123, 0x8151, 0x1151, 0x812B, 0x11EC, 0x80D6, 0x12AE, 0x813E, 0x124A, 0x80C4, 0x119D, 0x8122, 
	0x1202, 0x80C4, 0x12CD, 0x80B1, 0x11E7, 0x80A8, 0x1203, 0x8041, 0x11FC, 0x8122, 0x1214, 0x81A6, 0x1204, 0x808C, 0x121F, 0x80E0, 
	0x11BD, 0x80BA, 0x1149, 0x8095, 0x12BA, 0x8122, 0x1309, 0x8066, 0x12A0, 0x80E9, 0x1245, 0x8079, 0x1262, 0x80C4, 0x12D3, 0x8095, 
	0x1223, 0x805D, 0x11A3, 0x80A8, 0x12E1, 0x804A, 0x116A, 0x8013, 0x115C, 0x8038, 0x12A7, 0x8038, 0x11A9, 0x8070, 0x12E2, 0x8025, 
	0x117D, 0x7FC9, 0x12EE, 0x8000, 0x11B5, 0x8000, 0x11E2, 0x8066, 0x1193, 0x8009, 0x11F3, 0x8082, 0x11BE, 0x801C, 0x11D8, 0x7FC9, 
	0x1178, 0x8038, 0x1202, 0x8013, 0x1231, 0x808C, 0x1261, 0x802E, 0x116E, 0x7FBF, 0x1307, 0x7FE4, 0x119C, 0x8000, 0x10A3, 0x7FC9, 
	0x1160, 0x802E, 0x123C, 0x7FED, 0x11F5, 0x7FDB, 0x10EA, 0x802E, 0x1173, 0x8000, 0x113C, 0x7FE4, 0x1164, 0x7FD2, 0x112D, 0x8000, 
	0x10C3, 0x7FDB, 0x10C4, 0x8038, 0x11BD, 0x7FC9, 0x10B0, 0x7FDB, 0x11A9, 0x7FF7, 0x10E8, 0x8041, 0x10D8, 0x7FE4, 0x11DF, 0x801C, 
	0x0FFA, 0x7F88, 0x10DE, 0x7F91, 0x10E6, 0x8038, 0x1192, 0x7FBF, 0x1117, 0x7F9A, 0x1184, 0x7F91, 0x10FE, 0x7FD2, 0x111F, 0x8095, 
	0x111D, 0x7FBF, 0x1221, 0x809E, 0x1114, 0x7FF7, 0x10C9, 0x7FB6, 0x116D, 0x8025, 0x111C, 0x7FB6, 0x1270, 0x7FB6, 0x10E2, 0x8025, 
	0x1231, 0x7FBF, 0x1129, 0x7FDB, 0x11ED, 0x7FED, 0x127C, 0x8009, 0x1171, 0x802E, 0x116B, 0x7FE4, 0x1163, 0x7F7F, 0x122D, 0x7FDB, 
	0x10DF, 0x7F9A, 0x1223, 0x8066, 0x123B, 0x7FD2, 0x1127, 0x7FA4, 0x116D, 0x7FAD, 0x11AA, 0x7FD2, 0x11E9, 0x7FD2, 0x119D, 0x8082, 
	0x108A, 0x7F3F, 0x10C1, 0x7FC9, 0x110A, 0x7F7F, 0x11AF, 0x7FB6, 0x1228, 0x802E, 0x120F, 0x7F91, 0x118B, 0x7F23, 0x12A2, 0x7F91, 
	0x1247, 0x7F91, 0x11DF, 0x7FBF, 0x1262, 0x7F9A, 0x1214, 0x7F23, 0x1203, 0x7F5A, 0x12A1, 0x7F76, 0x127E, 0x7FE4, 0x1206, 0x7FF7, 
	0x122C, 0x7F2C, 0x11DD, 0x8009, 0x1259, 0x7FF7, 0x127B, 0x7FE4, 0x1280, 0x7EFF, 0x12B1, 0x7EF6, 0x1234, 0x7EF6, 0x1332, 0x7F88, 
	0x12C9, 0x7FF7, 0x123F, 0x8070, 0x124B, 0x7F1A, 0x12A3, 0x7F88, 0x1301, 0x7FED, 0x12F1, 0x8025, 0x1141, 0x8000, 0x1212, 0x7FAD, 
	0x11E3, 0x7F6C, 0x1292, 0x7FA4, 0x1259, 0x7FF7, 0x11CF, 0x8009, 0x1236, 0x7FAD, 0x1161, 0x7F91, 0x127C, 0x7FAD, 0x12F4, 0x7FD2, 
	0x12A9, 0x805D, 0x12C9, 0x7F7F, 0x124C, 0x804A, 0x1303, 0x7F76, 0x124E, 0x7FE4, 0x1210, 0x8041, 0x1223, 0x7FAD, 0x1280, 0x801C, 
	0x1284, 0x7F76, 0x1210, 0x8041, 0x12BF, 0x801C, 0x1344, 0x7FB6, 0x130A, 0x8066, 0x1317, 0x7F51, 0x129A, 0x8038, 0x11BE, 0x8041, 
	0x12C7, 0x8000, 0x126F, 0x8013, 0x13D6, 0x8000, 0x1373, 0x801C, 0x12E6, 0x7FE4, 0x123D, 0x7FE4, 0x12C1, 0x8009, 0x12E1, 0x8082, 
	0x11D8, 0x8000, 0x1344, 0x7FF7, 0x120C, 0x8038, 0x12A1, 0x8095, 0x11DC, 0x7FE4, 0x1175, 0x7FD2, 0x1243, 0x8025, 0x12BB, 0x8009, 
	0x11F9, 0x8079, 0x128B, 0x8054, 0x127E, 0x801C, 0x11E0, 0x8066, 0x128B, 0x805D, 0x1335, 0x8070, 0x127F, 0x8082, 0x116B, 0x8025, 
	0x1224, 0x8041, 0x11DE, 0x8082, 0x11F2, 0x8054, 0x11E2, 0x8066, 0x1124, 0x808C, 0x1283, 0x808C, 0x11A3, 0x8082, 0x11B4, 0x8079, 
	0x121D, 0x80BA, 0x1090, 0x8041, 0x11CD, 0x8082, 0x11B5, 0x8082, 0x1130, 0x80BA, 0x1188, 0x80FC, 0x1145, 0x80C4, 0x121C, 0x80F3, 
	0x1108, 0x80B1, 0x11D2, 0x80A8, 0x0F6E, 0x80BA, 0x0FC4, 0x80E0, 0x11BF, 0x8147, 0x10EA, 0x8105, 0x114C, 0x80CD, 0x110E, 0x80FC, 
	0x10D1, 0x8105, 0x10EE, 0x8122, 0x1131, 0x812B, 0x1053, 0x808C, 0x1054, 0x8147, 0x114D, 0x80E9, 0x1038, 0x813E, 0x1028, 0x8164, 
	0x118F, 0x812B, 0x108C, 0x8147, 0x10F1, 0x8147, 0x1066, 0x815A, 0x1046, 0x8118, 0x1040, 0x80F3, 0x10B7, 0x8122, 0x1124, 0x81A6, 
	0x1053, 0x8164, 0x0FFA, 0x81FC, 0x10BD, 0x8122, 0x0F7E, 0x810F, 0x0FD5, 0x816D, 0x106E, 0x81A6, 0x100A, 0x8164, 0x0FE1, 0x81D6, 
	0x0E72, 0x8118, 0x1003, 0x81C3, 0x0F99, 0x81B0, 0x1002, 0x81D6, 0x0F6C, 0x8252, 0x0F16, 0x81A6, 0x0F98, 0x81E9, 0x1087, 0x8235, 
	0x0FBB, 0x8265, 0x0EFA, 0x8235, 0x0F50, 0x819D, 0x101F, 0x819D, 0x1048, 0x8248, 0x0FB2, 0x8219, 0x0FA8, 0x81F2, 0x0F06, 0x8235, 
	0x0FB8, 0x81A6, 0x0F2F, 0x81FC, 0x0F84, 0x81D6, 0x1020, 0x81C3, 0x0EA3, 0x826F, 0x0FBD, 0x81B9, 0x0F7B, 0x8222, 0x0F8A, 0x81F2, 
	0x0F9F, 0x8222, 0x0F5B, 0x826F, 0x101A, 0x81C3, 0x0FB4, 0x81F2, 0x0FAE, 0x81C3, 0x104C, 0x8248, 0x0EFC, 0x826F, 0x0F3B, 0x819D, 
	0x1015, 0x8235, 0x10C5, 0x81FC, 0x1131, 0x82A9, 0x1006, 0x81CC, 0x10A6, 0x822C, 0x1087, 0x8248, 0x1081, 0x8235, 0x1052, 0x825C, 
	0x0FE8, 0x8279, 0x1085, 0x81C3, 0x1044, 0x823F, 0x10D5, 0x8252, 0x10E1, 0x8265, 0x10D4, 0x8235, 0x119A, 0x825C, 0x1123, 0x829F, 
	0x1089, 0x8205, 0x1063, 0x82BC, 0x11A1, 0x8295, 0x0FE1, 0x8248, 0x0FC9, 0x82B2, 0x106C, 0x8219, 0x0F88, 0x825C, 0x106E, 0x8282, 
	0x11E6, 0x822C, 0x1072, 0x825C, 0x10EA, 0x8252, 0x10BF, 0x81F2, 0x1058, 0x823F, 0x1162, 0x8282, 0x1183, 0x8279, 0x1183, 0x823F, 
	0x10CA, 0x8295, 0x110E, 0x826F, 0x1166, 0x8252, 0x10C8, 0x825C, 0x10A0, 0x82E3, 0x10E0, 0x828C, 0x107F, 0x826F, 0x113F, 0x8279, 
	0x10E7, 0x831D, 0x1195, 0x82F6, 0x1014, 0x82F6, 0x10D7, 0x8248, 0x110D, 0x82B2, 0x1100, 0x82C6, 0x11AE, 0x8309, 0x11BD, 0x82CF, 
	0x10A5, 0x82B2, 0x111A, 0x82CF, 0x1014, 0x8361, 0x114F, 0x831D, 0x1037, 0x8330, 0x1020, 0x8309, 0x10A8, 0x82BC, 0x11D8, 0x82F6, 
	0x1242, 0x82EC, 0x11DB, 0x82E3, 0x12A5, 0x82CF, 0x11FF, 0x8330, 0x120A, 0x82D9, 0x118E, 0x82F6, 0x1235, 0x82C6, 0x11E7, 0x8327, 
	0x1218, 0x82A9, 0x11E5, 0x829F, 0x123A, 0x8300, 0x1318, 0x82D9, 0x1284, 0x8357, 0x1320, 0x82F6, 0x12A7, 0x831D, 0x11BE, 0x8361, 
	0x1275, 0x8300, 0x1329, 0x8330, 0x128B, 0x8392, 0x126C, 0x82B2, 0x1216, 0x82EC, 0x12F7, 0x8313, 0x1267, 0x83C3, 0x11B2, 0x83D7, 
	0x11C9, 0x839C, 0x121F, 0x83C3, 0x12B4, 0x8392, 0x12E8, 0x83AF, 0x1337, 0x846B, 0x12F8, 0x83C3, 0x130C, 0x83A6, 0x140F, 0x8408, 
	0x133B, 0x8412, 0x12D2, 0x84BA, 0x1372, 0x847E, 0x13AC, 0x846B, 0x141B, 0x853C, 0x136A, 0x8564, 0x11A7, 0x834E, 0x1203, 0x834E, 
	0x11A7, 0x82E3, 0x1101, 0x831D, 0x1165, 0x82D9, 0x1195, 0x8265, 0x11CF, 0x829F, 0x116F, 0x8279, 0x10AE, 0x8295, 0x120C, 0x8300, 
	0x1194, 0x8222, 0x11F8, 0x81F2, 0x11A0, 0x8248, 0x120E, 0x823F, 0x1196, 0x826F, 0x11A9, 0x8265, 0x1239, 0x8180, 0x12C4, 0x8252, 
	0x11BF, 0x81FC, 0x1169, 0x81E9, 0x113B, 0x8180, 0x1198, 0x8151, 0x118F, 0x819D, 0x1220, 0x81FC, 0x11F7, 0x81C3, 0x1188, 0x81CC, 
	0x12CE, 0x80E0, 0x11E8, 0x8151, 0x1238, 0x815A, 0x123E, 0x818A, 0x115A, 0x818A, 0x116F, 0x80FC, 0x12DA, 0x80C4, 0x1243, 0x8135, 
	0x1123, 0x8151, 0x1151, 0x812B, 0x11EC, 0x80D6, 0x12AE, 0x813E, 0x124A, 0x80C4, 0x119D, 0x8122, 0x1202, 0x80C4, 0x12CD, 0x80B1, 
	0x11E7, 0x80A8, 0x1203, 0x8041, 0x11FC, 0x8122, 0x1214, 0x81A6, 0x1204, 0x808C, 0x121F, 0x80E0, 0x11BD, 0x80BA, 0x1149, 0x8095, 
	0x12BA, 0x8122, 0x1309, 0x8066, 0x12A0, 0x80E9, 0x1245, 0x8079, 0x1262, 0x80C4, 0x12D3, 0x8095, 0x1223, 0x805D, 0x11A3, 0x80A8, 
	0x12E1, 0x804A, 0x116A, 0x8013, 0x115C, 0x8038, 0x12A7, 0x8038, 0x11A9, 0x8070, 0x12E2, 0x8025, 0x117D, 0x7FC9, 0x12EE, 0x8000, 
	0x11B5, 0x8000, 0x11E2, 0x8066, 0x1193, 0x8009, 0x11F3, 0x8082, 0x11BE, 0x801C, 0x11D8, 0x7FC9, 0x1178, 0x8038, 0x1202, 0x8013, 
	0x1231, 0x808C, 0x1261, 0x802E, 0x116E, 0x7FBF, 0x1307, 0x7FE4, 0x119C, 0x8000, 0x10A3, 0x7FC9, 0x1160, 0x802E, 0x123C, 0x7FED, 
	0x11F5, 0x7FDB, 0x10EA, 0x802E, 0x1173, 0x8000, 0x113C, 0x7FE4, 0x1164, 0x7FD2, 0x112D, 0x8000, 0x10C3, 0x7FDB, 0x10C4, 0x8038, 
	0x11BD, 0x7FC9, 0x10B0, 0x7FDB, 0x11A9, 0x7FF7, 0x10E8, 0x8041, 0x10D8, 0x7FE4, 0x11DF, 0x801C, 0x0FFA, 0x7F88, 0x10DE, 0x7F91, 
	0x10E6, 0x8038, 0x1192, 0x7FBF, 0x1117, 0x7F9A, 0x1184, 0x7F91, 0x10FE, 0x7FD2, 0x111F, 0x8095, 0x111D, 0x7FBF, 0x1221, 0x809E, 
	0x1114, 0x7FF7, 0x10C9, 0x7FB6, 0x116D, 0x8025, 0x111C, 0x7FB6, 0x1270, 0x7FB6, 0x10E2, 0x8025, 0x1231, 0x7FBF, 0x1129, 0x7FDB, 
	0x11ED, 0x7FED, 0x127C, 0x8009, 0x1171, 0x802E, 0x116B, 0x7FE4, 0x1163, 0x7F7F, 0x122D, 0x7FDB, 0x10DF, 0x7F9A, 0x1223, 0x8066, 
	0x123B, 0x7FD2, 0x1127, 0x7FA4, 0x116D, 0x7FAD, 0x11AA, 0x7FD2, 0x11E9, 0x7FD2, 0x119D, 0x8082, 0x108A, 0x7F3F, 0x10C1, 0x7FC9, 
	0x110A, 0x7F7F, 0x11AF, 0x7FB6, 0x1228, 0x802E, 0x120F, 0x7F91, 0x118B, 0x7F23, 0x12A2, 0x7F91, 0x1247, 0x7F91, 0x11DF, 0x7FBF, 
	0x1262, 0x7F9A, 0x1214, 0x7F23, 0x1203, 0x7F5A, 0x12A1, 0x7F76, 0x127E, 0x7FE4, 0x1206, 0x7FF7, 0x122C, 0x7F2C, 0x11DD, 0x8009, 
	0x1259, 0x7FF7, 0x127B, 0x7FE4, 0x1280, 0x7EFF, 0x12B1, 0x7EF6, 0x1234, 0x7EF6, 0x1332, 0x7F88, 0x12C9, 0x7FF7, 0x123F, 0x8070, 
	0x124B, 0x7F1A, 0x12A3, 0x7F88, 0x1301, 0x7FED, 0x12F1, 0x8025, 0x1141, 0x8000, 0x1212, 0x7FAD, 0x11E3, 0x7F6C, 0x1292, 0x7FA4, 
	0x1259, 0x7FF7, 0x11CF, 0x8009, 0x1236, 0x7FAD, 0x1161, 0x7F91, 0x127C, 0x7FAD, 0x12F4, 0x7FD2, 0x12A9, 0x805D, 0x12C9, 0x7F7F, 
	0x124C, 0x804A, 0x1303, 0x7F76, 0x124E, 0x7FE4, 0x1210, 0x8041, 0x1223, 0x7FAD, 0x1280, 0x801C, 0x1284, 0x7F76, 0x1210, 0x8041, 
	0x12BF, 0x801C, 0x1344, 0x7FB6, 0x130A, 0x8066, 0x1317, 0x7F51, 0x129A, 0x8038, 0x11BE, 0x8041, 0x12C7, 0x8000, 0x126F, 0x8013, 
	0x13D6, 0x8000, 0x1373, 0x801C, 0x12E6, 0x7FE4, 0x123D, 0x7FE4, 0x12C1, 0x8009, 0x12E1, 0x8082, 0x11D8, 0x8000, 0x1344, 0x7FF7, 
	0x120C, 0x8038, 0x12A1, 0x8095, 0x11DC, 0x7FE4, 0x1175, 0x7FD2, 0x1243, 0x8025, 0x12BB, 0x8009, 0x11F9, 0x8079, 0x128B, 0x8054, 
	0x127E, 0x801C, 0x11E0, 0x8066, 0x128B, 0x805D, 0x1335, 0x8070, 0x127F, 0x8082, 0x116B, 0x8025, 0x1224, 0x8041, 0x11DE, 0x8082, 
	0x11F2, 0x8054, 0x11E2, 0x8066, 0x1124, 0x808C, 0x1283, 0x808C, 0x11A3, 0x8082, 0x11B4, 0x8079, 0x121D, 0x80BA, 0x1090, 0x8041, 
	0x11CD, 0x8082, 0x11B5, 0x8082, 0x1130, 0x80BA, 0x1188, 0x80FC, 0x1145, 0x80C4, 0x121C, 0x80F3, 0x1108, 0x80B1, 0x11D2, 0x80A8, 
	0x0F6E, 0x80BA, 0x0FC4, 0x80E0, 0x11BF, 0x8147, 0x10EA, 0x8105, 0x114C, 0x80CD, 0x110E, 0x80FC, 0x10D1, 0x8105, 0x10EE, 0x8122, 
	0x1131, 0x812B, 0x1053, 0x808C, 0x1054, 0x8147, 0x114D, 0x80E9, 0x1038, 0x813E, 0x1028, 0x8164, 0x118F, 0x812B, 0x108C, 0x8147, 
	0x10F1, 0x8147, 0x1066, 0x815A, 0x1046, 0x8118, 0x1040, 0x80F3, 0x10B7, 0x8122, 0x1124, 0x81A6, 0x1053, 0x8164, 0x0FFA, 0x81FC, 
	0x10BD, 0x8122, 0x0F7E, 0x810F, 0x0FD5, 0x816D, 0x106E, 0x81A6, 0x100A, 0x8164, 0x0FE1, 0x81D6, 0x0E72, 0x8118, 0x1003, 0x81C3, 
	0x1146, 0x82CF, 0x11D2, 0x8309, 0x1251, 0x8327, 0x1193, 0x8300, 0x116B, 0x828C, 0x10A8, 0x829F, 0x11E2, 0x820F, 0x111A, 0x82B2, 
	0x1124, 0x82A9, 0x1149, 0x82CF, 0x118C, 0x8222, 0x11EC, 0x81DF, 0x1202, 0x8248, 0x1201, 0x826F, 0x1154, 0x8282, 0x113A, 0x81CC, 
	0x1290, 0x81B0, 0x1357, 0x8222, 0x1279, 0x8219, 0x11FC, 0x81B9, 0x1174, 0x8177, 0x11C3, 0x815A, 0x1192, 0x816D, 0x1288, 0x8222, 
	0x1216, 0x81B9, 0x11B9, 0x8193, 0x1272, 0x813E, 0x1293, 0x810F, 0x121C, 0x813E, 0x126D, 0x815A, 0x118C, 0x812B, 0x11AE, 0x810F, 
	0x12BB, 0x8079, 0x1275, 0x8177, 0x1183, 0x80F3, 0x11B3, 0x8177, 0x1286, 0x80A8, 0x1250, 0x80E0, 0x1325, 0x8095, 0x1205, 0x80F3, 
	0x1166, 0x808C, 0x12A7, 0x8095, 0x1229, 0x8079, 0x11B0, 0x8070, 0x1232, 0x80B1, 0x11A0, 0x812B, 0x11B9, 0x80B1, 0x128C, 0x80E0, 
	0x117D, 0x8082, 0x11DB, 0x8066, 0x12B0, 0x80E0, 0x12FE, 0x80A8, 0x1256, 0x809E, 0x1298, 0x8038, 0x11B3, 0x8095, 0x1338, 0x808C, 
	0x11D8, 0x8041, 0x11AC, 0x804A, 0x12D2, 0x8013, 0x11B6, 0x8013, 0x11BE, 0x8000, 0x12DE, 0x80A8, 0x11D7, 0x802E, 0x1283, 0x805D, 
	0x115C, 0x804A, 0x127D, 0x8013, 0x1253, 0x8025, 0x11BF, 0x7FD2, 0x1211, 0x8025, 0x11E1, 0x8000, 0x115D, 0x8025, 0x11EE, 0x8054, 
	0x119B, 0x8066, 0x1292, 0x8013, 0x1214, 0x804A, 0x124E, 0x804A, 0x11F3, 0x7FA4, 0x117E, 0x8013, 0x11CC, 0x8025, 0x1105, 0x7FF7, 
	0x119F, 0x7FDB, 0x11B3, 0x801C, 0x11E2, 0x7FD2, 0x1153, 0x802E, 0x1133, 0x7FA4, 0x1169, 0x7FDB, 0x10DC, 0x7FC9, 0x1200, 0x801C, 
	0x10D5, 0x7FE4, 0x1096, 0x7FA4, 0x1186, 0x7FF7, 0x10C0, 0x7FC9, 0x111E, 0x7FD2, 0x10CA, 0x8082, 0x1158, 0x7F9A, 0x11A3, 0x8009, 
	0x102B, 0x7FDB, 0x103A, 0x7F88, 0x10E3, 0x8066, 0x127E, 0x8000, 0x10E8, 0x7FD2, 0x11A3, 0x8009, 0x11C3, 0x7FC9, 0x1112, 0x8038, 
	0x1139, 0x8000, 0x1196, 0x8041, 0x10F6, 0x7FF7, 0x11A5, 0x7F7F, 0x1249, 0x7FBF, 0x1182, 0x7FD2, 0x122E, 0x7FF7, 0x10B1, 0x801C, 
	0x11C1, 0x7F9A, 0x116A, 0x8000, 0x11D0, 0x8009, 0x128C, 0x7F9A, 0x11E0, 0x8041, 0x10E7, 0x7F88, 0x110B, 0x7F88, 0x1208, 0x801C, 
	0x1153, 0x7FB6, 0x120A, 0x8025, 0x128F, 0x7FED, 0x111E, 0x7F63, 0x1190, 0x7FD2, 0x10DC, 0x7FDB, 0x11DC, 0x7FD2, 0x11FB, 0x7FDB, 
	0x10E6, 0x7F51, 0x10C7, 0x7FAD, 0x114F, 0x7FAD, 0x1184, 0x8038, 0x11F9, 0x7FB6, 0x116D, 0x7FAD, 0x112B, 0x7F23, 0x1212, 0x7FED, 
	0x11F9, 0x7FBF, 0x1210, 0x7FE4, 0x123B, 0x7FE4, 0x1205, 0x7F51, 0x125D, 0x7FA4, 0x128B, 0x7FC9, 0x11FA, 0x7F76, 0x118A, 0x7FE4, 
	0x1294, 0x7F48, 0x122F, 0x7FE4, 0x1239, 0x8013, 0x1219, 0x7FAD, 0x1291, 0x7F76, 0x1287, 0x7F7F, 0x11D8, 0x7F76, 0x12CB, 0x8013, 
	0x1249, 0x7F88, 0x1247, 0x7FB6, 0x1249, 0x7F5A, 0x126F, 0x7F88, 0x12B9, 0x7FC9, 0x12C7, 0x8038, 0x1186, 0x7FAD, 0x129E, 0x7F63, 
	0x1218, 0x7F2C, 0x1268, 0x7F91, 0x1223, 0x7FDB, 0x119E, 0x8054, 0x11D6, 0x7FBF, 0x11C0, 0x7F9A, 0x123F, 0x7F51, 0x1388, 0x8000, 
	0x1222, 0x8038, 0x1336, 0x7F88, 0x1262, 0x7FD2, 0x12FA, 0x7F88, 0x12BE, 0x8009, 0x121E, 0x802E, 0x129D, 0x7FC9, 0x12FE, 0x801C, 
	0x11C3, 0x7FE4, 0x1273, 0x7FE4, 0x1264, 0x802E, 0x12EE, 0x8009, 0x12B4, 0x8066, 0x1392, 0x8013, 0x12F8, 0x7FF7, 0x124B, 0x802E, 
	0x11C7, 0x8066, 0x1295, 0x802E, 0x1348, 0x7FAD, 0x130F, 0x8013, 0x1332, 0x7FD2, 0x1255, 0x7FD2, 0x1284, 0x804A, 0x12A7, 0x8066, 
	0x118A, 0x8009, 0x13EB, 0x7FB6, 0x1299, 0x8041, 0x124F, 0x8041, 0x11AB, 0x8038, 0x11E3, 0x8009, 0x123D, 0x7F9A, 0x12D4, 0x8041, 
	0x124E, 0x7FAD, 0x127C, 0x8079, 0x1265, 0x8025, 0x12DB, 0x7FF7, 0x1244, 0x8025, 0x124F, 0x805D, 0x1195, 0x808C, 0x11E8, 0x8013, 
	0x12CF, 0x8000, 0x125D, 0x8079, 0x120E, 0x801C, 0x11C3, 0x8054, 0x1178, 0x8095, 0x12E7, 0x804A, 0x1229, 0x8013, 0x1162, 0x8025, 
	0x118B, 0x80CD, 0x1070, 0x8000, 0x11D2, 0x801C, 0x11D6, 0x8054, 0x1137, 0x8054, 0x11F0, 0x80E9, 0x1150, 0x80C4, 0x1216, 0x80E9, 
	0x10DF, 0x809E, 0x120D, 0x8079, 0x1027, 0x815A, 0x0F94, 0x8095, 0x11AA, 0x80E9, 0x1133, 0x8122, 0x1160, 0x80E0, 0x1195, 0x80F3, 
	0x1113, 0x810F, 0x10D9, 0x80E9, 0x1178, 0x8164, 0x1088, 0x8095, 0x112C, 0x8122, 0x11A0, 0x8105, 0x10BA, 0x8135, 0x1069, 0x812B, 
	0x1124, 0x80FC, 0x10A5, 0x80B1, 0x1067, 0x815A, 0x1165, 0x815A, 0x1034, 0x815A, 0x10CC, 0x8151, 0x10BE, 0x80B1, 0x116A, 0x8180, 
	0x10F3, 0x813E, 0x101B, 0x815A, 0x1049, 0x8164, 0x0F67, 0x80F3, 0x0F90, 0x81D6, 0x1114, 0x816D, 0x0F8B, 0x818A, 0x103D, 0x818A, 
	0x0F39, 0x8105, 0x10DE, 0x81A6, 0x1068, 0x81B0, 0x101D, 0x81F2, 0x0F7E, 0x81F2, 0x0ED4, 0x81B9, 0x0F72, 0x81E9, 0x10D2, 0x8265, 
	0x1015, 0x8222, 0x0EC3, 0x8222, 0x0F81, 0x81CC, 0x0FE3, 0x8147, 0x106C, 0x822C, 0x0FC6, 0x825C, 0x0FCB, 0x81D6, 0x0F46, 0x81D6, 
	0x0F8D, 0x81B0, 0x0F86, 0x820F, 0x0FFA, 0x8219, 0x1082, 0x81D6, 0x0F62, 0x81D6, 0x0FF9, 0x8164, 0x0FF4, 0x81D6, 0x0FE4, 0x8295, 
	0x0FE5, 0x8205, 0x0ECA, 0x8235, 0x101A, 0x8180, 0x0F70, 0x81FC, 0x0FA1, 0x8235, 0x0FE2, 0x8235, 0x0F24, 0x8282, 0x0F56, 0x81D6, 
	0x1019, 0x81DF, 0x10A6, 0x8279, 0x1185, 0x8282, 0x1007, 0x81FC, 0x1029, 0x81C3, 0x0FCE, 0x820F, 0x10E9, 0x81D6, 0x10A9, 0x825C, 
	0x1025, 0x828C, 0x1107, 0x81DF, 0x108D, 0x8222, 0x1182, 0x8279, 0x102E, 0x828C, 0x105C, 0x826F, 0x110F, 0x823F, 0x10D3, 0x829F, 
	0x1103, 0x81DF, 0x0F5F, 0x8252, 0x1081, 0x825C, 0x0FF0, 0x8219, 0x1094, 0x825C, 0x10BA, 0x822C, 0x10F1, 0x81F2, 0x1097, 0x8248, 
	0x1108, 0x8222, 0x109D, 0x8265, 0x111E, 0x825C, 0x1098, 0x81E9, 0x1082, 0x825C, 0x1174, 0x8235, 0x11F6, 0x8279, 0x1231, 0x82C6, 
	0x10F7, 0x8222, 0x1027, 0x8279, 0x118F, 0x8279, 0x107C, 0x822C, 0x10C2, 0x826F, 0x1117, 0x8252, 0x1012, 0x825C, 0x116F, 0x829F, 
	0x10E3, 0x82BC, 0x112F, 0x8282, 0x0FBC, 0x826F, 0x1081, 0x825C, 0x113E, 0x826F, 0x10F5, 0x82D9, 0x1124, 0x8313, 0x1179, 0x829F, 
	0x11E7, 0x82F6, 0x10F8, 0x8295, 0x1105, 0x8330, 0x111F, 0x82BC, 0x10DC, 0x82F6, 0x1050, 0x828C, 0x103D, 0x825C, 0x1159, 0x8309, 
	0x11A5, 0x8300, 0x11E4, 0x82F6, 0x11FE, 0x8357, 0x119E, 0x8313, 0x11DD, 0x82EC, 0x10C1, 0x8309, 0x12EB, 0x829F, 0x11FD, 0x8313, 
	0x118F, 0x82F6, 0x11BE, 0x828C, 0x11DB, 0x82F6, 0x11D9, 0x82C6, 0x1233, 0x833A, 0x1335, 0x8330, 0x130E, 0x82EC, 0x1280, 0x8388, 
	0x12CF, 0x82E3, 0x1291, 0x82E3, 0x1276, 0x83A6, 0x1324, 0x826F, 0x121E, 0x836B, 0x124C, 0x8313, 0x1240, 0x8309, 0x11E3, 0x8443, 
	0x126B, 0x8457, 0x12F5, 0x83AF, 0x1216, 0x841B, 0x135B, 0x83B9, 0x1350, 0x841B, 0x12E8, 0x8392, 0x1299, 0x8357, 0x13CB, 0x8439, 
	0x141D, 0x83CD, 0x131E, 0x84CE, 0x13A2, 0x8461, 0x13F7, 0x8439, 0x13ED, 0x8546, 0x1360, 0x85AB, 0x1146, 0x82CF, 0x11D2, 0x8309, 
	0x1251, 0x8327, 0x1193, 0x8300, 0x116B, 0x828C, 0x10A8, 0x829F, 0x11E2, 0x820F, 0x111A, 0x82B2, 0x1124, 0x82A9, 0x1149, 0x82CF, 
	0x118C, 0x8222, 0x11EC, 0x81DF, 0x1202, 0x8248, 0x1201, 0x826F, 0x1154, 0x8282, 0x113A, 0x81CC, 0x1290, 0x81B0, 0x1357, 0x8222, 
	0x1279, 0x8219, 0x11FC, 0x81B9, 0x1174, 0x8177, 0x11C3, 0x815A, 0x1192, 0x816D, 0x1288, 0x8222, 0x1216, 0x81B9, 0x11B9, 0x8193, 
	0x1272, 0x813E, 0x1293, 0x810F, 0x121C, 0x813E, 0x126D, 0x815A, 0x118C, 0x812B, 0x11AE, 0x810F, 0x12BB, 0x8079, 0x1275, 0x8177, 
	0x1183, 0x80F3, 0x11B3, 0x8177, 0x1286, 0x80A8, 0x1250, 0x80E0, 0x1325, 0x8095, 0x1205, 0x80F3, 0x1166, 0x808C, 0x12A7, 0x8095, 
	0x1229, 0x8079, 0x11B0, 0x8070, 0x1232, 0x80B1, 0x11A0, 0x812B, 0x11B9, 0x80B1, 0x128C, 0x80E0, 0x117D, 0x8082, 0x11DB, 0x8066, 
	0x12B0, 0x80E0, 0x12FE, 0x80A8, 0x1256, 0x809E, 0x1298, 0x8038, 0x11B3, 0x8095, 0x1338, 0x808C, 0x11D8, 0x8041, 0x11AC, 0x804A, 
	0x12D2, 0x8013, 0x11B6, 0x8013, 0x11BE, 0x8000, 0x12DE, 0x80A8, 0x11D7, 0x802E, 0x1283, 0x805D, 0x115C, 0x804A, 0x127D, 0x8013, 
	0x1253, 0x8025, 0x11BF, 0x7FD2, 0x1211, 0x8025, 0x11E1, 0x8000, 0x115D, 0x8025, 0x11EE, 0x8054, 0x119B, 0x8066, 0x1292, 0x8013, 
	0x1214, 0x804A, 0x124E, 0x804A, 0x11F3, 0x7FA4, 0x117E, 0x8013, 0x11CC, 0x8025, 0x1105, 0x7FF7, 0x119F, 0x7FDB, 0x11B3, 0x801C, 
	0x11E2, 0x7FD2, 0x1153, 0x802E, 0x1133, 0x7FA4, 0x1169, 0x7FDB, 0x10DC, 0x7FC9, 0x1200, 0x801C, 0x10D5, 0x7FE4, 0x1096, 0x7FA4, 
	0x1186, 0x7FF7, 0x10C0, 0x7FC9, 0x111E, 0x7FD2, 0x10CA, 0x8082, 0x1158, 0x7F9A, 0x11A3, 0x8009, 0x102B, 0x7FDB, 0x103A, 0x7F88, 
	0x10E3, 0x8066, 0x127E, 0x8000, 0x10E8, 0x7FD2, 0x11A3, 0x8009, 0x11C3, 0x7FC9, 0x1112, 0x8038, 0x1139, 0x8000, 0x1196, 0x8041, 
	0x10F6, 0x7FF7, 0x11A5, 0x7F7F, 0x1249, 0x7FBF, 0x1182, 0x7FD2, 0x122E, 0x7FF7, 0x10B1, 0x801C, 0x11C1, 0x7F9A, 0x116A, 0x8000, 
	0x11D0, 0x8009, 0x128C, 0x7F9A, 0x11E0, 0x8041, 0x10E7, 0x7F88, 0x110B, 0x7F88, 0x1208, 0x801C, 0x1153, 0x7FB6, 0x120A, 0x8025, 
	0x128F, 0x7FED, 0x111E, 0x7F63, 0x1190, 0x7FD2, 0x10DC, 0x7FDB, 0x11DC, 0x7FD2, 0x11FB, 0x7FDB, 0x10E6, 0x7F51, 0x10C7, 0x7FAD, 
	0x114F, 0x7FAD, 0x1184, 0x8038, 0x11F9, 0x7FB6, 0x116D, 0x7FAD, 0x112B, 0x7F23, 0x1212, 0x7FED, 0x11F9, 0x7FBF, 0x1210, 0x7FE4, 
	0x123B, 0x7FE4, 0x1205, 0x7F51, 0x125D, 0x7FA4, 0x128B, 0x7FC9, 0x11FA, 0x7F76, 0x118A, 0x7FE4, 0x1294, 0x7F48, 0x122F, 0x7FE4, 
	0x1239, 0x8013, 0x1219, 0x7FAD, 0x1291, 0x7F76, 0x1287, 0x7F7F, 0x11D8, 0x7F76, 0x12CB, 0x8013, 0x1249, 0x7F88, 0x1247, 0x7FB6, 
	0x1249, 0x7F5A, 0x126F, 0x7F88, 0x12B9, 0x7FC9, 0x12C7, 0x8038, 0x1186, 0x7FAD, 0x129E, 0x7F63, 0x1218, 0x7F2C, 0x1268, 0x7F91, 
	0x1223, 0x7FDB, 0x119E, 0x8054, 0x11D6, 0x7FBF, 0x11C0, 0x7F9A, 0x123F, 0x7F51, 0x1388, 0x8000, 0x1222, 0x8038, 0x1336, 0x7F88, 
	0x1262, 0x7FD2, 0x12FA, 0x7F88, 0x12BE, 0x8009, 0x121E, 0x802E, 0x129D, 0x7FC9, 0x12FE, 0x801C, 0x11C3, 0x7FE4, 0x1273, 0x7FE4, 
	0x1264, 0x802E, 0x12EE, 0x8009, 0x12B4, 0x8066, 0x1392, 0x8013, 0x12F8, 0x7FF7, 0x124B, 0x802E, 0x11C7, 0x8066, 0x1295, 0x802E, 
	0x1348, 0x7FAD, 0x130F, 0x8013, 0x1332, 0x7FD2, 0x1255, 0x7FD2, 0x1284, 0x804A, 0x12A7, 0x8066, 0x118A, 0x8009, 0x13EB, 0x7FB6, 
	0x1299, 0x8041, 0x124F, 0x8041, 0x11AB, 0x8038, 0x11E3, 0x8009, 0x123D, 0x7F9A, 0x12D4, 0x8041, 0x124E, 0x7FAD, 0x127C, 0x8079, 
	0x1265, 0x8025, 0x12DB, 0x7FF7, 0x1244, 0x8025, 0x124F, 0x805D, 0x1195, 0x808C, 0x11E8, 0x8013, 0x12CF, 0x8000, 0x125D, 0x8079, 
	0x120E, 0x801C, 0x11C3, 0x8054, 0x1178, 0x8095, 0x12E7, 0x804A, 0x1229, 0x8013, 0x1162, 0x8025, 0x118B, 0x80CD, 0x1070, 0x8000, 
	0x11D2, 0x801C, 0x11D6, 0x8054, 0x1137, 0x8054, 0x11F0, 0x80E9, 0x1150, 0x80C4, 0x1216, 0x80E9, 0x10DF, 0x809E, 0x120D, 0x8079, 
	0x1027, 0x815A, 0x0F94, 0x8095, 0x11AA, 0x80E9, 0x1133, 0x8122, 0x1160, 0x80E0, 0x1195, 0x80F3, 0x1113, 0x810F, 0x10D9, 0x80E9, 
	0x1178, 0x8164, 0x1088, 0x8095, 0x112C, 0x8122, 0x11A0, 0x8105, 0x10BA, 0x8135, 0x1069, 0x812B, 0x1124, 0x80FC, 0x10A5, 0x80B1, 
	0x1067, 0x815A, 0x1165, 0x815A, 0x1034, 0x815A, 0x10CC, 0x8151, 0x10BE, 0x80B1, 0x116A, 0x8180, 0x10F3, 0x813E, 0x101B, 0x815A, 
	0x1049, 0x8164, 0x0F67, 0x80F3, 0x0F90, 0x81D6, 0x1114, 0x816D, 0x0F8B, 0x818A, 0x103D, 0x818A, 0x0F39, 0x8105, 0x10DE, 0x81A6, 
	0x1129, 0x831D, 0x11E8, 0x8375, 0x1207, 0x834E, 0x11A3, 0x82EC, 0x112D, 0x8295, 0x114E, 0x8265, 0x1189, 0x829F, 0x111E, 0x82CF, 
	0x1119, 0x825C, 0x110F, 0x823F, 0x11C9, 0x8265, 0x1230, 0x8265, 0x11CA, 0x81DF, 0x11C2, 0x822C, 0x11A0, 0x8222, 0x10F7, 0x8205, 
	0x121C, 0x81D6, 0x12F6, 0x81E9, 0x11F3, 0x81E9, 0x11D3, 0x81D6, 0x1130, 0x8118, 0x11B1, 0x815A, 0x1126, 0x81A6, 0x1254, 0x8252, 
	0x11AC, 0x81FC, 0x11EE, 0x816D, 0x12A2, 0x813E, 0x12BF, 0x80CD, 0x1208, 0x81B9, 0x1287, 0x81D6, 0x11EF, 0x818A, 0x11BD, 0x80F3, 
	0x12C6, 0x80B1, 0x1217, 0x8164, 0x1159, 0x81A6, 0x11CE, 0x8180, 0x1209, 0x8082, 0x129D, 0x8122, 0x12BE, 0x80CD, 0x11AE, 0x813E, 
	0x1202, 0x8135, 0x1287, 0x80FC, 0x1243, 0x80BA, 0x11EA, 0x80CD, 0x117D, 0x80E0, 0x118B, 0x816D, 0x11C3, 0x80E9, 0x12A1, 0x804A, 
	0x1114, 0x80B1, 0x119B, 0x81A6, 0x1218, 0x8118, 0x12F7, 0x80B1, 0x122B, 0x8079, 0x1271, 0x8038, 0x1241, 0x80CD, 0x12E4, 0x809E, 
	0x11A8, 0x8070, 0x1292, 0x8118, 0x1296, 0x80A8, 0x11C5, 0x8041, 0x11CB, 0x802E, 0x12F3, 0x80A8, 0x11FC, 0x8013, 0x1272, 0x802E, 
	0x115D, 0x801C, 0x12BC, 0x8025, 0x11F9, 0x801C, 0x121C, 0x8038, 0x11D5, 0x7FB6, 0x1242, 0x8082, 0x10F1, 0x7FE4, 0x11D6, 0x7FF7, 
	0x1192, 0x801C, 0x12D1, 0x80C4, 0x121C, 0x804A, 0x12A3, 0x8009, 0x1171, 0x8000, 0x11BC, 0x8041, 0x11A3, 0x8066, 0x1108, 0x7FF7, 
	0x115F, 0x7FE4, 0x11E3, 0x8009, 0x11FA, 0x8009, 0x1149, 0x8066, 0x1102, 0x8079, 0x113A, 0x7FBF, 0x1118, 0x8013, 0x11C5, 0x8000, 
	0x10BE, 0x8013, 0x1062, 0x8009, 0x1194, 0x7FBF, 0x1084, 0x7FED, 0x10EC, 0x8000, 0x10DE, 0x8054, 0x1107, 0x7FAD, 0x117F, 0x7FED, 
	0x1097, 0x7FD2, 0x1021, 0x7F76, 0x10BB, 0x8079, 0x124C, 0x7FB6, 0x111B, 0x7F63, 0x1153, 0x8009, 0x11A4, 0x7F88, 0x10F5, 0x804A, 
	0x10D2, 0x8025, 0x1108, 0x7FD2, 0x10BF, 0x8025, 0x11C4, 0x8000, 0x127A, 0x8009, 0x1198, 0x7FF7, 0x11DF, 0x7FD2, 0x1090, 0x7FDB, 
	0x11D7, 0x7F88, 0x1170, 0x8038, 0x1166, 0x802E, 0x121D, 0x7FE4, 0x11E1, 0x7FC9, 0x111F, 0x7FED, 0x10F9, 0x7F7F, 0x117D, 0x8000, 
	0x1195, 0x7F76, 0x1168, 0x7FE4, 0x1212, 0x7FAD, 0x11C4, 0x7F48, 0x1106, 0x7FC9, 0x1145, 0x7FED, 0x117F, 0x7F7F, 0x11D4, 0x8025, 
	0x1109, 0x7F9A, 0x106E, 0x8000, 0x11AA, 0x7F51, 0x11AC, 0x8054, 0x11F4, 0x8013, 0x11B4, 0x7FA4, 0x109E, 0x7F76, 0x11F0, 0x7FED, 
	0x11E8, 0x7FE4, 0x1235, 0x7FF7, 0x1228, 0x7FED, 0x12C5, 0x7F76, 0x1263, 0x7FDB, 0x1202, 0x8009, 0x1201, 0x7FB6, 0x1197, 0x7FD2, 
	0x11D8, 0x7F2C, 0x1205, 0x7FD2, 0x1240, 0x8041, 0x1214, 0x7F88, 0x12D3, 0x7F9A, 0x129E, 0x7F76, 0x122D, 0x7FE4, 0x12A9, 0x8066, 
	0x121C, 0x8041, 0x1268, 0x7F5A, 0x1289, 0x7F2C, 0x12F5, 0x7F88, 0x12C9, 0x7FC9, 0x12AE, 0x801C, 0x1216, 0x7FED, 0x12BF, 0x7FA4, 
	0x125E, 0x7F7F, 0x1182, 0x801C, 0x1230, 0x8013, 0x111B, 0x8000, 0x120D, 0x7F91, 0x11E8, 0x7F51, 0x1231, 0x7FB6, 0x130E, 0x8041, 
	0x125E, 0x8000, 0x1294, 0x7F91, 0x11E0, 0x8013, 0x1304, 0x8013, 0x127C, 0x7FED, 0x123A, 0x7FD2, 0x125A, 0x7FE4, 0x12C2, 0x7FD2, 
	0x1276, 0x8054, 0x1253, 0x7FED, 0x12BB, 0x8025, 0x1315, 0x801C, 0x12CB, 0x8079, 0x1314, 0x7FD2, 0x12DD, 0x7FDB, 0x11B9, 0x8038, 
	0x11D3, 0x8038, 0x127F, 0x8038, 0x1383, 0x7FF7, 0x1394, 0x7FF7, 0x12B4, 0x8009, 0x1269, 0x8000, 0x12DC, 0x8038, 0x1245, 0x8054, 
	0x11A0, 0x8066, 0x1306, 0x7FF7, 0x126A, 0x80A8, 0x1215, 0x8095, 0x1172, 0x801C, 0x1256, 0x8066, 0x124D, 0x7FED, 0x12C6, 0x8095, 
	0x1296, 0x804A, 0x125D, 0x804A, 0x1239, 0x805D, 0x124F, 0x802E, 0x1208, 0x7FE4, 0x1291, 0x8070, 0x1180, 0x80B1, 0x11EE, 0x8000, 
	0x128E, 0x7FE4, 0x125D, 0x8070, 0x121A, 0x80A8, 0x11AA, 0x80C4, 0x1128, 0x804A, 0x1275, 0x8009, 0x1295, 0x8066, 0x117E, 0x8105, 
	0x11EC, 0x80C4, 0x109E, 0x805D, 0x11AF, 0x805D, 0x1285, 0x80BA, 0x10F3, 0x8070, 0x11F2, 0x80E0, 0x1120, 0x80E0, 0x1284, 0x8079, 
	0x10DA, 0x80B1, 0x1284, 0x80CD, 0x1049, 0x8193, 0x1001, 0x810F, 0x1183, 0x80B1, 0x118C, 0x8122, 0x117E, 0x810F, 0x117C, 0x8151, 
	0x10FB, 0x813E, 0x1173, 0x80CD, 0x10DC, 0x8151, 0x10FB, 0x80D6, 0x10D3, 0x81B0, 0x11AA, 0x819D, 0x10C3, 0x80FC, 0x1032, 0x8122, 
	0x115D, 0x809E, 0x10E6, 0x812B, 0x106E, 0x8177, 0x1120, 0x8147, 0x0FF9, 0x8193, 0x1167, 0x8193, 0x10E0, 0x81CC, 0x1107, 0x820F, 
	0x1165, 0x815A, 0x1007, 0x819D, 0x106C, 0x8180, 0x0F6A, 0x8135, 0x0EE9, 0x8151, 0x113D, 0x8151, 0x0FF1, 0x8180, 0x0FF7, 0x81E9, 
	0x0FAA, 0x8164, 0x1050, 0x81FC, 0x1038, 0x81CC, 0x100F, 0x81FC, 0x0F4B, 0x81F2, 0x0F02, 0x819D, 0x0F5A, 0x8265, 0x103D, 0x8282, 
	0x1035, 0x828C, 0x0EC1, 0x822C, 0x0F7A, 0x81DF, 0x0FEF, 0x81D6, 0x108F, 0x8235, 0x0F47, 0x8252, 0x0F8E, 0x8219, 0x0EC5, 0x8205, 
	0x0F45, 0x823F, 0x0FD4, 0x8222, 0x0FF9, 0x8252, 0x10A1, 0x8219, 0x0F53, 0x8205, 0x0FB2, 0x81FC, 0x1043, 0x825C, 0x0FBA, 0x829F, 
	0x0F2A, 0x81E9, 0x0F1C, 0x81CC, 0x105E, 0x81F2, 0x0F7C, 0x81D6, 0x0FC5, 0x823F, 0x1044, 0x8235, 0x0F90, 0x823F, 0x0F3A, 0x8222, 
	0x1011, 0x8252, 0x1072, 0x8282, 0x10CD, 0x82BC, 0x1016, 0x8282, 0x107F, 0x81DF, 0x0FD9, 0x829F, 0x10BA, 0x8222, 0x0FCB, 0x829F, 
	0x1029, 0x8252, 0x1067, 0x81F2, 0x1062, 0x826F, 0x10D9, 0x8279, 0x1029, 0x8279, 0x1088, 0x829F, 0x110C, 0x82C6, 0x10A6, 0x825C, 
	0x1125, 0x8248, 0x0FA2, 0x8279, 0x103E, 0x82B2, 0x1004, 0x8222, 0x106F, 0x8205, 0x107C, 0x8265, 0x10A1, 0x826F, 0x1040, 0x8265, 
	0x1117, 0x8265, 0x113B, 0x823F, 0x10F7, 0x8235, 0x10CA, 0x825C, 0x1059, 0x8282, 0x112C, 0x8252, 0x11A9, 0x81E9, 0x1168, 0x826F, 
	0x1099, 0x82B2, 0x1053, 0x8205, 0x1176, 0x8313, 0x10F6, 0x82BC, 0x1106, 0x825C, 0x114A, 0x823F, 0x10C5, 0x8248, 0x1142, 0x8327, 
	0x1114, 0x8313, 0x11AC, 0x8327, 0x0F4B, 0x82F6, 0x10CB, 0x828C, 0x11B5, 0x82F6, 0x10C5, 0x8327, 0x1137, 0x8327, 0x1189, 0x82C6, 
	0x11B3, 0x82CF, 0x10C4, 0x8330, 0x10DC, 0x836B, 0x1144, 0x834E, 0x105D, 0x82F6, 0x109E, 0x8279, 0x0FE4, 0x82E3, 0x121D, 0x82E3, 
	0x125B, 0x837E, 0x11D4, 0x82D9, 0x121F, 0x82EC, 0x117B, 0x82CF, 0x1269, 0x8313, 0x111F, 0x8330, 0x12A2, 0x82F6, 0x1211, 0x82EC, 
	0x116D, 0x8313, 0x11BA, 0x82C6, 0x120B, 0x836B, 0x11DA, 0x831D, 0x126D, 0x82F6, 0x12DB, 0x8327, 0x125E, 0x82EC, 0x1232, 0x839C, 
	0x1242, 0x82CF, 0x1262, 0x82E3, 0x127C, 0x839C, 0x133B, 0x82CF, 0x12CA, 0x83EA, 0x123B, 0x8361, 0x1232, 0x837E, 0x11BA, 0x83D7, 
	0x1233, 0x83CD, 0x12D4, 0x83C3, 0x11E9, 0x8412, 0x134A, 0x839C, 0x12B4, 0x841B, 0x1302, 0x8300, 0x121E, 0x837E, 0x140A, 0x83C3, 
	0x13AD, 0x83F4, 0x1374, 0x84CE, 0x13E3, 0x844D, 0x136C, 0x84E2, 0x1319, 0x85DD, 0x13AB, 0x85DD, 0x1129, 0x831D, 0x11E8, 0x8375, 
	0x1207, 0x834E, 0x11A3, 0x82EC, 0x112D, 0x8295, 0x114E, 0x8265, 0x1189, 0x829F, 0x111E, 0x82CF, 0x1119, 0x825C, 0x110F, 0x823F, 
	0x11C9, 0x8265, 0x1230, 0x8265, 0x11CA, 0x81DF, 0x11C2, 0x822C, 0x11A0, 0x8222, 0x10F7, 0x8205, 0x121C, 0x81D6, 0x12F6, 0x81E9, 
	0x11F3, 0x81E9, 0x11D3, 0x81D6, 0x1130, 0x8118, 0x11B1, 0x815A, 0x1126, 0x81A6, 0x1254, 0x8252, 0x11AC, 0x81FC, 0x11EE, 0x816D, 
	0x12A2, 0x813E, 0x12BF, 0x80CD, 0x1208, 0x81B9, 0x1287, 0x81D6, 0x11EF, 0x818A, 0x11BD, 0x80F3, 0x12C6, 0x80B1, 0x1217, 0x8164, 
	0x1159, 0x81A6, 0x11CE, 0x8180, 0x1209, 0x8082, 0x129D, 0x8122, 0x12BE, 0x80CD, 0x11AE, 0x813E, 0x1202, 0x8135, 0x1287, 0x80FC, 
	0x1243, 0x80BA, 0x11EA, 0x80CD, 0x117D, 0x80E0, 0x118B, 0x816D, 0x11C3, 0x80E9, 0x12A1, 0x804A, 0x1114, 0x80B1, 0x119B, 0x81A6, 
	0x1218, 0x8118, 0x12F7, 0x80B1, 0x122B, 0x8079, 0x1271, 0x8038, 0x1241, 0x80CD, 0x12E4, 0x809E, 0x11A8, 0x8070, 0x1292, 0x8118, 
	0x1296, 0x80A8, 0x11C5, 0x8041, 0x11CB, 0x802E, 0x12F3, 0x80A8, 0x11FC, 0x8013, 0x1272, 0x802E, 0x115D, 0x801C, 0x12BC, 0x8025, 
	0x11F9, 0x801C, 0x121C, 0x8038, 0x11D5, 0x7FB6, 0x1242, 0x8082, 0x10F1, 0x7FE4, 0x11D6, 0x7FF7, 0x1192, 0x801C, 0x12D1, 0x80C4, 
	0x121C, 0x804A, 0x12A3, 0x8009, 0x1171, 0x8000, 0x11BC, 0x8041, 0x11A3, 0x8066, 0x1108, 0x7FF7, 0x115F, 0x7FE4, 0x11E3, 0x8009, 
	0x11FA, 0x8009, 0x1149, 0x8066, 0x1102, 0x8079, 0x113A, 0x7FBF, 0x1118, 0x8013, 0x11C5, 0x8000, 0x10BE, 0x8013, 0x1062, 0x8009, 
	0x1194, 0x7FBF, 0x1084, 0x7FED, 0x10EC, 0x8000, 0x10DE, 0x8054, 0x1107, 0x7FAD, 0x117F, 0x7FED, 0x1097, 0x7FD2, 0x1021, 0x7F76, 
	0x10BB, 0x8079, 0x124C, 0x7FB6, 0x111B, 0x7F63, 0x1153, 0x8009, 0x11A4, 0x7F88, 0x10F5, 0x804A, 0x10D2, 0x8025, 0x1108, 0x7FD2, 
	0x10BF, 0x8025, 0x11C4, 0x8000, 0x127A, 0x8009, 0x1198, 0x7FF7, 0x11DF, 0x7FD2, 0x1090, 0x7FDB, 0x11D7, 0x7F88, 0x1170, 0x8038, 
	0x1166, 0x802E, 0x121D, 0x7FE4, 0x11E1, 0x7FC9, 0x111F, 0x7FED, 0x10F9, 0x7F7F, 0x117D, 0x8000, 0x1195, 0x7F76, 0x1168, 0x7FE4, 
	0x1212, 0x7FAD, 0x11C4, 0x7F48, 0x1106, 0x7FC9, 0x1145, 0x7FED, 0x117F, 0x7F7F, 0x11D4, 0x8025, 0x1109, 0x7F9A, 0x106E, 0x8000, 
	0x11AA, 0x7F51, 0x11AC, 0x8054, 0x11F4, 0x8013, 0x11B4, 0x7FA4, 0x109E, 0x7F76, 0x11F0, 0x7FED, 0x11E8, 0x7FE4, 0x1235, 0x7FF7, 
	0x1228, 0x7FED, 0x12C5, 0x7F76, 0x1263, 0x7FDB, 0x1202, 0x8009, 0x1201, 0x7FB6, 0x1197, 0x7FD2, 0x11D8, 0x7F2C, 0x1205, 0x7FD2, 
	0x1240, 0x8041, 0x1214, 0x7F88, 0x12D3, 0x7F9A, 0x129E, 0x7F76, 0x122D, 0x7FE4, 0x12A9, 0x8066, 0x121C, 0x8041, 0x1268, 0x7F5A, 
	0x1289, 0x7F2C, 0x12F5, 0x7F88, 0x12C9, 0x7FC9, 0x12AE, 0x801C, 0x1216, 0x7FED, 0x12BF, 0x7FA4, 0x125E, 0x7F7F, 0x1182, 0x801C, 
	0x1230, 0x8013, 0x111B, 0x8000, 0x120D, 0x7F91, 0x11E8, 0x7F51, 0x1231, 0x7FB6, 0x130E, 0x8041, 0x125E, 0x8000, 0x1294, 0x7F91, 
	0x11E0, 0x8013, 0x1304, 0x8013, 0x127C, 0x7FED, 0x123A, 0x7FD2, 0x125A, 0x7FE4, 0x12C2, 0x7FD2, 0x1276, 0x8054, 0x1253, 0x7FED, 
	0x12BB, 0x8025, 0x1315, 0x801C, 0x12CB, 0x8079, 0x1314, 0x7FD2, 0x12DD, 0x7FDB, 0x11B9, 0x8038, 0x11D3, 0x8038, 0x127F, 0x8038, 
	0x1383, 0x7FF7, 0x1394, 0x7FF7, 0x12B4, 0x8009, 0x1269, 0x8000, 0x12DC, 0x8038, 0x1245, 0x8054, 0x11A0, 0x8066, 0x1306, 0x7FF7, 
	0x126A, 0x80A8, 0x1215, 0x8095, 0x1172, 0x801C, 0x1256, 0x8066, 0x124D, 0x7FED, 0x12C6, 0x8095, 0x1296, 0x804A, 0x125D, 0x804A, 
	0x1239, 0x805D, 0x124F, 0x802E, 0x1208, 0x7FE4, 0x1291, 0x8070, 0x1180, 0x80B1, 0x11EE, 0x8000, 0x128E, 0x7FE4, 0x125D, 0x8070, 
	0x121A, 0x80A8, 0x11AA, 0x80C4, 0x1128, 0x804A, 0x1275, 0x8009, 0x1295, 0x8066, 0x117E, 0x8105, 0x11EC, 0x80C4, 0x109E, 0x805D, 
	0x11AF, 0x805D, 0x1285, 0x80BA, 0x10F3, 0x8070, 0x11F2, 0x80E0, 0x1120, 0x80E0, 0x1284, 0x8079, 0x10DA, 0x80B1, 0x1284, 0x80CD, 
	0x1049, 0x8193, 0x1001, 0x810F, 0x1183, 0x80B1, 0x118C, 0x8122, 0x117E, 0x810F, 0x117C, 0x8151, 0x10FB, 0x813E, 0x1173, 0x80CD, 
	0x10DC, 0x8151, 0x10FB, 0x80D6, 0x10D3, 0x81B0, 0x11AA, 0x819D, 0x10C3, 0x80FC, 0x1032, 0x8122, 0x115D, 0x809E, 0x10E6, 0x812B, 
	0x106E, 0x8177, 0x1120, 0x8147, 0x0FF9, 0x8193, 0x1167, 0x8193, 0x10E0, 0x81CC, 0x1107, 0x820F, 0x1165, 0x815A, 0x1007, 0x819D, 
	0x106C, 0x8180, 0x0F6A, 0x8135, 0x0EE9, 0x8151, 0x113D, 0x8151, 0x0FF1, 0x8180, 0x0FF7, 0x81E9, 0x0FAA, 0x8164, 0x1050, 0x81FC, 
	0x1211, 0x8330, 0x1194, 0x834E, 0x11E3, 0x831D, 0x1212, 0x82CF, 0x119E, 0x825C, 0x111D, 0x82A9, 0x11F1, 0x8279, 0x10EA, 0x826F, 
	0x11C8, 0x81DF, 0x1206, 0x822C, 0x11B3, 0x8248, 0x1249, 0x825C, 0x110E, 0x823F, 0x11FB, 0x8265, 0x11CE, 0x81B9, 0x119E, 0x8222, 
	0x137A, 0x81D6, 0x12BF, 0x81FC, 0x118A, 0x81D6, 0x11B3, 0x81D6, 0x1164, 0x819D, 0x11B6, 0x8180, 0x11D2, 0x8164, 0x11F8, 0x819D, 
	0x1170, 0x81F2, 0x1137, 0x81B0, 0x124F, 0x81C3, 0x127A, 0x8180, 0x1209, 0x8135, 0x1252, 0x81B0, 0x1155, 0x8151, 0x1241, 0x80F3, 
	0x11E3, 0x80CD, 0x1208, 0x8180, 0x1119, 0x8193, 0x114A, 0x8105, 0x1262, 0x805D, 0x1236, 0x8193, 0x1211, 0x812B, 0x11CC, 0x815A, 
	0x1216, 0x80F3, 0x1257, 0x8070, 0x1240, 0x80BA, 0x1229, 0x8118, 0x11F8, 0x80FC, 0x11D2, 0x80D6, 0x1174, 0x809E, 0x123F, 0x808C, 
	0x11FD, 0x810F, 0x1192, 0x80CD, 0x128A, 0x80F3, 0x12D8, 0x80C4, 0x1222, 0x8082, 0x12D2, 0x801C, 0x1225, 0x80A8, 0x1279, 0x809E, 
	0x11CA, 0x8054, 0x115B, 0x80B1, 0x1242, 0x808C, 0x1153, 0x8095, 0x1107, 0x805D, 0x12AE, 0x8070, 0x11E2, 0x8054, 0x1237, 0x8038, 
	0x1178, 0x8013, 0x12A0, 0x8000, 0x125F, 0x7FDB, 0x1201, 0x802E, 0x119B, 0x7FD2, 0x11E0, 0x80B1, 0x126B, 0x7FBF, 0x1128, 0x8041, 
	0x11F1, 0x804A, 0x125C, 0x7FE4, 0x117A, 0x804A, 0x1214, 0x8000, 0x112F, 0x7FF7, 0x1268, 0x8038, 0x11CC, 0x801C, 0x111C, 0x7FED, 
	0x1195, 0x7FA4, 0x1174, 0x7FBF, 0x1213, 0x8000, 0x114E, 0x8041, 0x10BC, 0x7FB6, 0x1136, 0x7FD2, 0x10F4, 0x7FF7, 0x1185, 0x7FED, 
	0x1165, 0x801C, 0x1093, 0x7F9A, 0x11EA, 0x7F9A, 0x111C, 0x7FB6, 0x11DA, 0x7FED, 0x107C, 0x802E, 0x112A, 0x7FE4, 0x1147, 0x7F88, 
	0x100D, 0x8000, 0x1132, 0x7F63, 0x1101, 0x808C, 0x10E5, 0x7FF7, 0x118C, 0x7F88, 0x11A5, 0x7FB6, 0x115B, 0x7FBF, 0x107F, 0x802E, 
	0x10BC, 0x8009, 0x11D4, 0x8000, 0x1126, 0x7FBF, 0x1143, 0x7FE4, 0x11EF, 0x8025, 0x1139, 0x801C, 0x1196, 0x7FAD, 0x11BC, 0x7F88, 
	0x1205, 0x7FBF, 0x11E8, 0x802E, 0x111D, 0x8009, 0x1276, 0x7FB6, 0x10FD, 0x7FD2, 0x11BB, 0x8025, 0x1143, 0x7FA4, 0x11C1, 0x7FF7, 
	0x1163, 0x7FC9, 0x1190, 0x7F76, 0x11FA, 0x7F9A, 0x126C, 0x7FD2, 0x1167, 0x7FAD, 0x10C3, 0x7F3F, 0x1215, 0x7FC9, 0x1297, 0x7FE4, 
	0x1102, 0x7F6C, 0x10D6, 0x7FF7, 0x10F4, 0x7F91, 0x1122, 0x8000, 0x11D9, 0x7FDB, 0x1223, 0x7FB6, 0x113E, 0x7F9A, 0x1154, 0x7F91, 
	0x123E, 0x7F91, 0x127C, 0x8000, 0x1299, 0x7FB6, 0x128B, 0x7F88, 0x1263, 0x7F7F, 0x1213, 0x7FF7, 0x1288, 0x7F76, 0x1185, 0x7F9A, 
	0x127B, 0x7F9A, 0x1243, 0x7FE4, 0x113C, 0x8038, 0x11AC, 0x7FE4, 0x1295, 0x7F5A, 0x1294, 0x7F88, 0x124B, 0x7FBF, 0x12F4, 0x7FC9, 
	0x11BB, 0x7FD2, 0x1215, 0x7F91, 0x129B, 0x7F9A, 0x13AE, 0x7FBF, 0x128C, 0x7FD2, 0x1257, 0x801C, 0x1189, 0x7FDB, 0x11CC, 0x7FA4, 
	0x11D3, 0x7F48, 0x1234, 0x8013, 0x11CF, 0x8009, 0x11BE, 0x7FED, 0x11C5, 0x7FAD, 0x11AC, 0x8038, 0x1259, 0x7FF7, 0x12B3, 0x8082, 
	0x126A, 0x804A, 0x134C, 0x8009, 0x11D2, 0x7FDB, 0x12A5, 0x7FDB, 0x124E, 0x801C, 0x120C, 0x8038, 0x1243, 0x7FB6, 0x1233, 0x8038, 
	0x11E1, 0x8054, 0x1235, 0x7FE4, 0x1267, 0x8025, 0x13DB, 0x804A, 0x1254, 0x8000, 0x12B9, 0x8041, 0x1246, 0x8025, 0x11E8, 0x8009, 
	0x1259, 0x8009, 0x1236, 0x7FED, 0x135A, 0x8013, 0x1307, 0x8054, 0x121A, 0x8009, 0x11EB, 0x801C, 0x1281, 0x808C, 0x1234, 0x80A8, 
	0x1176, 0x804A, 0x1324, 0x7FE4, 0x11FB, 0x804A, 0x125F, 0x801C, 0x1006, 0x8070, 0x113E, 0x7FF7, 0x12BC, 0x7F9A, 0x1280, 0x8000, 
	0x123B, 0x809E, 0x124F, 0x8013, 0x12AB, 0x80C4, 0x12B5, 0x7FD2, 0x1230, 0x7FF7, 0x1306, 0x8038, 0x11B5, 0x8054, 0x11C3, 0x8025, 
	0x1300, 0x8013, 0x125F, 0x8079, 0x11EC, 0x80C4, 0x11DD, 0x8095, 0x10AA, 0x80A8, 0x12AC, 0x8041, 0x11E3, 0x8066, 0x11EC, 0x809E, 
	0x1291, 0x80E0, 0x10BC, 0x8041, 0x110D, 0x805D, 0x1237, 0x8070, 0x10BC, 0x808C, 0x121C, 0x812B, 0x10B5, 0x8122, 0x119D, 0x805D, 
	0x1129, 0x80FC, 0x1275, 0x810F, 0x1034, 0x8147, 0x1045, 0x80A8, 0x1187, 0x8082, 0x11CC, 0x80CD, 0x1151, 0x80C4, 0x1135, 0x812B, 
	0x10B9, 0x80F3, 0x10E7, 0x80B1, 0x119D, 0x8151, 0x1094, 0x8118, 0x10E0, 0x8122, 0x1195, 0x81B0, 0x10FF, 0x80F3, 0x1054, 0x8105, 
	0x1119, 0x8151, 0x117D, 0x8122, 0x10B8, 0x8177, 0x10F6, 0x8151, 0x0FD5, 0x816D, 0x10F6, 0x8147, 0x1097, 0x8180, 0x10CE, 0x8180, 
	0x1082, 0x8135, 0x106E, 0x8118, 0x105B, 0x8118, 0x0FDB, 0x8164, 0x102B, 0x81A6, 0x10E0, 0x8151, 0x1014, 0x81A6, 0x106F, 0x818A, 
	0x0F37, 0x8151, 0x10B2, 0x81E9, 0x0FF1, 0x81A6, 0x0F99, 0x8219, 0x0F76, 0x81A6, 0x0FE0, 0x81D6, 0x0FC9, 0x822C, 0x0FE0, 0x822C, 
	0x1026, 0x82C6, 0x0F77, 0x81D6, 0x0FD2, 0x81FC, 0x1030, 0x81FC, 0x1048, 0x8248, 0x0FB8, 0x823F, 0x104B, 0x820F, 0x0EE6, 0x81CC, 
	0x0EF1, 0x820F, 0x0F4A, 0x822C, 0x0F58, 0x826F, 0x0FEA, 0x8235, 0x0F37, 0x8205, 0x1003, 0x81F2, 0x101E, 0x822C, 0x0FC0, 0x8265, 
	0x0F1F, 0x823F, 0x0F0F, 0x8222, 0x1001, 0x8222, 0x0FC7, 0x8295, 0x0FD9, 0x81CC, 0x0FFF, 0x81E9, 0x0F74, 0x823F, 0x0FBB, 0x8205, 
	0x103B, 0x8279, 0x1024, 0x8265, 0x10B7, 0x82EC, 0x10C9, 0x823F, 0x102F, 0x816D, 0x1083, 0x828C, 0x1076, 0x8219, 0x1073, 0x825C, 
	0x1080, 0x82C6, 0x109A, 0x8205, 0x109C, 0x8295, 0x1111, 0x82B2, 0x107A, 0x8282, 0x1043, 0x82CF, 0x1121, 0x826F, 0x10B6, 0x82F6, 
	0x10F3, 0x8279, 0x0FAA, 0x82C6, 0x10AE, 0x82BC, 0x1059, 0x829F, 0x0F82, 0x8265, 0x110F, 0x8248, 0x1013, 0x822C, 0x10D2, 0x8248, 
	0x1102, 0x82B2, 0x111F, 0x8235, 0x112B, 0x829F, 0x10BA, 0x8219, 0x1084, 0x8252, 0x10A6, 0x828C, 0x1164, 0x825C, 0x11D9, 0x820F, 
	0x1119, 0x82CF, 0x10C4, 0x8205, 0x117F, 0x825C, 0x10E8, 0x829F, 0x10DA, 0x82A9, 0x1098, 0x829F, 0x10E2, 0x8248, 0x11FB, 0x82C6, 
	0x1095, 0x8282, 0x112D, 0x82EC, 0x0F94, 0x82EC, 0x10C1, 0x825C, 0x116D, 0x828C, 0x1098, 0x82CF, 0x11A7, 0x82E3, 0x10F0, 0x836B, 
	0x11B0, 0x82CF, 0x1086, 0x82D9, 0x1035, 0x831D, 0x11C2, 0x8344, 0x1021, 0x8300, 0x1157, 0x829F, 0x1092, 0x8344, 0x1166, 0x8309, 
	0x122E, 0x8388, 0x1197, 0x82F6, 0x11E8, 0x8300, 0x11D4, 0x8313, 0x11DE, 0x8309, 0x1157, 0x833A, 0x12AB, 0x82E3, 0x11C4, 0x831D, 
	0x11A6, 0x82CF, 0x11C5, 0x825C, 0x1256, 0x837E, 0x122B, 0x8309, 0x11A4, 0x8282, 0x12EC, 0x8344, 0x11C7, 0x8300, 0x1209, 0x8361, 
	0x1194, 0x8330, 0x12AF, 0x82A9, 0x11DA, 0x834E, 0x124A, 0x8300, 0x1247, 0x834E, 0x126A, 0x836B, 0x11F6, 0x82F6, 0x1143, 0x83B9, 
	0x1243, 0x83EA, 0x1294, 0x83C3, 0x1262, 0x83F4, 0x131A, 0x83F4, 0x121A, 0x83CD, 0x132A, 0x841B, 0x12D3, 0x83F4, 0x1342, 0x842F, 
	0x13C8, 0x8425, 0x1305, 0x8412, 0x1409, 0x846B, 0x1387, 0x8475, 0x13AA, 0x8578, 0x13F0, 0x8532, 0x1211, 0x8330, 0x1194, 0x834E, 
	0x11E3, 0x831D, 0x1212, 0x82CF, 0x119E, 0x825C, 0x111D, 0x82A9, 0x11F1, 0x8279, 0x10EA, 0x826F, 0x11C8, 0x81DF, 0x1206, 0x822C, 
	0x11B3, 0x8248, 0x1249, 0x825C, 0x110E, 0x823F, 0x11FB, 0x8265, 0x11CE, 0x81B9, 0x119E, 0x8222, 0x137A, 0x81D6, 0x12BF, 0x81FC, 
	0x118A, 0x81D6, 0x11B3, 0x81D6, 0x1164, 0x819D, 0x11B6, 0x8180, 0x11D2, 0x8164, 0x11F8, 0x819D, 0x1170, 0x81F2, 0x1137, 0x81B0, 
	0x124F, 0x81C3, 0x127A, 0x8180, 0x1209, 0x8135, 0x1252, 0x81B0, 0x1155, 0x8151, 0x1241, 0x80F3, 0x11E3, 0x80CD, 0x1208, 0x8180, 
	0x1119, 0x8193, 0x114A, 0x8105, 0x1262, 0x805D, 0x1236, 0x8193, 0x1211, 0x812B, 0x11CC, 0x815A, 0x1216, 0x80F3, 0x1257, 0x8070, 
	0x1240, 0x80BA, 0x1229, 0x8118, 0x11F8, 0x80FC, 0x11D2, 0x80D6, 0x1174, 0x809E, 0x123F, 0x808C, 0x11FD, 0x810F, 0x1192, 0x80CD, 
	0x128A, 0x80F3, 0x12D8, 0x80C4, 0x1222, 0x8082, 0x12D2, 0x801C, 0x1225, 0x80A8, 0x1279, 0x809E, 0x11CA, 0x8054, 0x115B, 0x80B1, 
	0x1242, 0x808C, 0x1153, 0x8095, 0x1107, 0x805D, 0x12AE, 0x8070, 0x11E2, 0x8054, 0x1237, 0x8038, 0x1178, 0x8013, 0x12A0, 0x8000, 
	0x125F, 0x7FDB, 0x1201, 0x802E, 0x119B, 0x7FD2, 0x11E0, 0x80B1, 0x126B, 0x7FBF, 0x1128, 0x8041, 0x11F1, 0x804A, 0x125C, 0x7FE4, 
	0x117A, 0x804A, 0x1214, 0x8000, 0x112F, 0x7FF7, 0x1268, 0x8038, 0x11CC, 0x801C, 0x111C, 0x7FED, 0x1195, 0x7FA4, 0x1174, 0x7FBF, 
	0x1213, 0x8000, 0x114E, 0x8041, 0x10BC, 0x7FB6, 0x1136, 0x7FD2, 0x10F4, 0x7FF7, 0x1185, 0x7FED, 0x1165, 0x801C, 0x1093, 0x7F9A, 
	0x11EA, 0x7F9A, 0x111C, 0x7FB6, 0x11DA, 0x7FED, 0x107C, 0x802E, 0x112A, 0x7FE4, 0x1147, 0x7F88, 0x100D, 0x8000, 0x1132, 0x7F63, 
	0x1101, 0x808C, 0x10E5, 0x7FF7, 0x118C, 0x7F88, 0x11A5, 0x7FB6, 0x115B, 0x7FBF, 0x107F, 0x802E, 0x10BC, 0x8009, 0x11D4, 0x8000, 
	0x1126, 0x7FBF, 0x1143, 0x7FE4, 0x11EF, 0x8025, 0x1139, 0x801C, 0x1196, 0x7FAD, 0x11BC, 0x7F88, 0x1205, 0x7FBF, 0x11E8, 0x802E, 
	0x111D, 0x8009, 0x1276, 0x7FB6, 0x10FD, 0x7FD2, 0x11BB, 0x8025, 0x1143, 0x7FA4, 0x11C1, 0x7FF7, 0x1163, 0x7FC9, 0x1190, 0x7F76, 
	0x11FA, 0x7F9A, 0x126C, 0x7FD2, 0x1167, 0x7FAD, 0x10C3, 0x7F3F, 0x1215, 0x7FC9, 0x1297, 0x7FE4, 0x1102, 0x7F6C, 0x10D6, 0x7FF7, 
	0x10F4, 0x7F91, 0x1122, 0x8000, 0x11D9, 0x7FDB, 0x1223, 0x7FB6, 0x113E, 0x7F9A, 0x1154, 0x7F91, 0x123E, 0x7F91, 0x127C, 0x8000, 
	0x1299, 0x7FB6, 0x128B, 0x7F88, 0x1263, 0x7F7F, 0x1213, 0x7FF7, 0x1288, 0x7F76, 0x1185, 0x7F9A, 0x127B, 0x7F9A, 0x1243, 0x7FE4, 
	0x113C, 0x8038, 0x11AC, 0x7FE4, 0x1295, 0x7F5A, 0x1294, 0x7F88, 0x124B, 0x7FBF, 0x12F4, 0x7FC9, 0x11BB, 0x7FD2, 0x1215, 0x7F91, 
	0x129B, 0x7F9A, 0x13AE, 0x7FBF, 0x128C, 0x7FD2, 0x1257, 0x801C, 0x1189, 0x7FDB, 0x11CC, 0x7FA4, 0x11D3, 0x7F48, 0x1234, 0x8013, 
	0x11CF, 0x8009, 0x11BE, 0x7FED, 0x11C5, 0x7FAD, 0x11AC, 0x8038, 0x1259, 0x7FF7, 0x12B3, 0x8082, 0x126A, 0x804A, 0x134C, 0x8009, 
	0x11D2, 0x7FDB, 0x12A5, 0x7FDB, 0x124E, 0x801C, 0x120C, 0x8038, 0x1243, 0x7FB6, 0x1233, 0x8038, 0x11E1, 0x8054, 0x1235, 0x7FE4, 
	0x1267, 0x8025, 0x13DB, 0x804A, 0x1254, 0x8000, 0x12B9, 0x8041, 0x1246, 0x8025, 0x11E8, 0x8009, 0x1259, 0x8009, 0x1236, 0x7FED, 
	0x135A, 0x8013, 0x1307, 0x8054, 0x121A, 0x8009, 0x11EB, 0x801C, 0x1281, 0x808C, 0x1234, 0x80A8, 0x1176, 0x804A, 0x1324, 0x7FE4, 
	0x11FB, 0x804A, 0x125F, 0x801C, 0x1006, 0x8070, 0x113E, 0x7FF7, 0x12BC, 0x7F9A, 0x1280, 0x8000, 0x123B, 0x809E, 0x124F, 0x8013, 
	0x12AB, 0x80C4, 0x12B5, 0x7FD2, 0x1230, 0x7FF7, 0x1306, 0x8038, 0x11B5, 0x8054, 0x11C3, 0x8025, 0x1300, 0x8013, 0x125F, 0x8079, 
	0x11EC, 0x80C4, 0x11DD, 0x8095, 0x10AA, 0x80A8, 0x12AC, 0x8041, 0x11E3, 0x8066, 0x11EC, 0x809E, 0x1291, 0x80E0, 0x10BC, 0x8041, 
	0x110D, 0x805D, 0x1237, 0x8070, 0x10BC, 0x808C, 0x121C, 0x812B, 0x10B5, 0x8122, 0x119D, 0x805D, 0x1129, 0x80FC, 0x1275, 0x810F, 
	0x1034, 0x8147, 0x1045, 0x80A8, 0x1187, 0x8082, 0x11CC, 0x80CD, 0x1151, 0x80C4, 0x1135, 0x812B, 0x10B9, 0x80F3, 0x10E7, 0x80B1, 
	0x119D, 0x8151, 0x1094, 0x8118, 0x10E0, 0x8122, 0x1195, 0x81B0, 0x10FF, 0x80F3, 0x1054, 0x8105, 0x1119, 0x8151, 0x117D, 0x8122, 
	0x10B8, 0x8177, 0x10F6, 0x8151, 0x0FD5, 0x816D, 0x10F6, 0x8147, 0x1097, 0x8180, 0x10CE, 0x8180, 0x1082, 0x8135, 0x106E, 0x8118, 
	0x105B, 0x8118, 0x0FDB, 0x8164, 0x102B, 0x81A6, 0x10E0, 0x8151, 0x1014, 0x81A6, 0x106F, 0x818A, 0x0F37, 0x8151, 0x10B2, 0x81E9, 
	0x11C3, 0x834E, 0x1191, 0x8330, 0x118B, 0x8265, 0x1170, 0x8282, 0x1119, 0x823F, 0x10BB, 0x82B2, 0x11DC, 0x82B2, 0x115D, 0x8248, 
	0x118C, 0x829F, 0x1191, 0x826F, 0x1159, 0x828C, 0x1283, 0x8279, 0x10F2, 0x81CC, 0x117A, 0x822C, 0x11A7, 0x81CC, 0x11B2, 0x8219, 
	0x12A3, 0x81B9, 0x1309, 0x81DF, 0x1198, 0x8219, 0x1197, 0x81DF, 0x119B, 0x81D6, 0x118C, 0x8219, 0x1164, 0x8205, 0x1258, 0x8164, 
	0x10AF, 0x81FC, 0x1173, 0x815A, 0x11F4, 0x81FC, 0x1276, 0x8193, 0x1162, 0x8164, 0x126A, 0x81A6, 0x1188, 0x813E, 0x11C2, 0x813E, 
	0x121C, 0x8118, 0x1120, 0x8135, 0x1129, 0x8147, 0x1170, 0x810F, 0x124B, 0x80B1, 0x120F, 0x813E, 0x121E, 0x813E, 0x11B2, 0x8147, 
	0x127B, 0x8095, 0x11E3, 0x80C4, 0x125B, 0x80A8, 0x123D, 0x80E0, 0x119C, 0x80E9, 0x1179, 0x80FC, 0x1193, 0x80E9, 0x1253, 0x80E9, 
	0x119B, 0x8118, 0x11BE, 0x805D, 0x1268, 0x80B1, 0x12FD, 0x808C, 0x1255, 0x8095, 0x126F, 0x8041, 0x11A9, 0x80B1, 0x130A, 0x80BA, 
	0x1245, 0x809E, 0x112F, 0x80E0, 0x124B, 0x8079, 0x1120, 0x8079, 0x1169, 0x7FED, 0x1282, 0x80E0, 0x11B2, 0x8070, 0x1290, 0x8082, 
	0x11AF, 0x8070, 0x127C, 0x801C, 0x1208, 0x8009, 0x1218, 0x8095, 0x1196, 0x7FE4, 0x11C7, 0x8079, 0x1259, 0x8038, 0x1192, 0x8000, 
	0x11AB, 0x8041, 0x12A3, 0x808C, 0x11C4, 0x801C, 0x12A7, 0x8009, 0x111C, 0x7FC9, 0x1246, 0x805D, 0x122F, 0x7FDB, 0x10F2, 0x7FE4, 
	0x1140, 0x7F7F, 0x1131, 0x8000, 0x1183, 0x7F91, 0x116E, 0x8000, 0x1129, 0x801C, 0x10F6, 0x8000, 0x10C5, 0x804A, 0x1132, 0x8009, 
	0x1108, 0x8038, 0x1036, 0x801C, 0x1105, 0x7FF7, 0x1086, 0x8025, 0x11C2, 0x7FD2, 0x1082, 0x8013, 0x110C, 0x7FDB, 0x1123, 0x7F9A, 
	0x1058, 0x8009, 0x115D, 0x7FDB, 0x10E0, 0x8079, 0x116D, 0x804A, 0x1178, 0x7F88, 0x11D8, 0x8013, 0x1160, 0x7FF7, 0x107E, 0x8009, 
	0x10E2, 0x7FF7, 0x11B8, 0x7FA4, 0x10A9, 0x805D, 0x10C2, 0x7FC9, 0x114D, 0x8013, 0x1117, 0x805D, 0x119A, 0x7FB6, 0x1169, 0x802E, 
	0x1151, 0x7F91, 0x114F, 0x7FBF, 0x1141, 0x7FED, 0x11F9, 0x7FF7, 0x1092, 0x7FB6, 0x1150, 0x802E, 0x10DB, 0x802E, 0x119C, 0x7FD2, 
	0x11A5, 0x7F63, 0x1204, 0x7F88, 0x11A7, 0x7F6C, 0x122B, 0x7F88, 0x1197, 0x7FA4, 0x10D4, 0x7FD2, 0x11F7, 0x7FDB, 0x121F, 0x801C, 
	0x113B, 0x7FAD, 0x10D2, 0x7FBF, 0x10F5, 0x7FC9, 0x1121, 0x7F6C, 0x11F7, 0x8038, 0x1216, 0x7FC9, 0x110C, 0x7FB6, 0x11FD, 0x7FC9, 
	0x11D9, 0x7FDB, 0x1265, 0x7FD2, 0x11F7, 0x7FE4, 0x1299, 0x7FB6, 0x1178, 0x7FBF, 0x11BA, 0x7F5A, 0x1241, 0x7F91, 0x11C6, 0x7F88, 
	0x124E, 0x7FED, 0x1298, 0x7FBF, 0x120C, 0x7FBF, 0x1146, 0x7FB6, 0x1318, 0x7F9A, 0x120C, 0x7FD2, 0x12B6, 0x8000, 0x12B0, 0x8009, 
	0x121A, 0x7F63, 0x11F6, 0x8038, 0x1295, 0x7FED, 0x1382, 0x8041, 0x1270, 0x7FD2, 0x1298, 0x801C, 0x1193, 0x7FAD, 0x1232, 0x8009, 
	0x1204, 0x7F91, 0x1245, 0x8000, 0x1206, 0x7F6C, 0x11AE, 0x801C, 0x1221, 0x7F91, 0x119B, 0x8000, 0x11AB, 0x805D, 0x131A, 0x7FED, 
	0x1268, 0x7FBF, 0x1334, 0x808C, 0x1174, 0x805D, 0x132A, 0x7FF7, 0x11BE, 0x8025, 0x1218, 0x8009, 0x124D, 0x804A, 0x1278, 0x7FD2, 
	0x11B7, 0x8025, 0x1151, 0x8038, 0x11E5, 0x8000, 0x1332, 0x8082, 0x11FC, 0x802E, 0x1294, 0x8038, 0x11C6, 0x804A, 0x11FA, 0x7F7F, 
	0x1236, 0x8038, 0x11E7, 0x804A, 0x1387, 0x7FED, 0x1262, 0x8095, 0x1299, 0x7FE4, 0x1196, 0x8009, 0x126C, 0x80CD, 0x1255, 0x8038, 
	0x115D, 0x80C4, 0x12D4, 0x8013, 0x1238, 0x8054, 0x1295, 0x8054, 0x11BA, 0x7FC9, 0x117E, 0x8070, 0x1291, 0x7FF7, 0x122C, 0x7FF7, 
	0x1230, 0x805D, 0x1288, 0x8025, 0x1299, 0x7FF7, 0x12DB, 0x8025, 0x1235, 0x801C, 0x1258, 0x8066, 0x11B3, 0x8079, 0x118E, 0x8038, 
	0x12DF, 0x8082, 0x12CA, 0x8070, 0x11E5, 0x8054, 0x11C2, 0x804A, 0x1094, 0x8066, 0x127C, 0x8025, 0x120C, 0x80BA, 0x11EE, 0x8066, 
	0x12BA, 0x8079, 0x10D1, 0x8066, 0x105F, 0x8070, 0x121F, 0x808C, 0x10B4, 0x80B1, 0x1148, 0x80C4, 0x1113, 0x80FC, 0x1228, 0x8054, 
	0x1104, 0x8105, 0x1268, 0x8118, 0x102E, 0x812B, 0x1003, 0x8079, 0x11AE, 0x8082, 0x112E, 0x812B, 0x114E, 0x8122, 0x1130, 0x8118, 
	0x1098, 0x812B, 0x1074, 0x80A8, 0x10FE, 0x813E, 0x107B, 0x80FC, 0x1126, 0x8135, 0x1119, 0x8164, 0x1099, 0x8118, 0x101A, 0x80CD, 
	0x1194, 0x8180, 0x1228, 0x8147, 0x101D, 0x8135, 0x1115, 0x80E0, 0x0FF3, 0x816D, 0x10AB, 0x8180, 0x1021, 0x816D, 0x1105, 0x8193, 
	0x102E, 0x812B, 0x1079, 0x81DF, 0x107D, 0x819D, 0x104F, 0x8193, 0x105F, 0x81B0, 0x10F3, 0x813E, 0x1028, 0x81A6, 0x1014, 0x81C3, 
	0x0F94, 0x819D, 0x1089, 0x81CC, 0x0F4F, 0x815A, 0x0F52, 0x81E9, 0x0F5B, 0x8205, 0x0F71, 0x8205, 0x0FFB, 0x8219, 0x0F7E, 0x8222, 
	0x1018, 0x8219, 0x0F22, 0x81DF, 0x0F65, 0x8205, 0x0F62, 0x8330, 0x1036, 0x823F, 0x0FEF, 0x8235, 0x0FD3, 0x8235, 0x0F0B, 0x81C3, 
	0x0F69, 0x81E9, 0x0EA5, 0x825C, 0x0F11, 0x8248, 0x1011, 0x82C6, 0x0F58, 0x82A9, 0x0F88, 0x81CC, 0x1049, 0x826F, 0x0FEF, 0x823F, 
	0x0F68, 0x825C, 0x0EEC, 0x8248, 0x0F7C, 0x81CC, 0x0FF8, 0x8279, 0x0F9A, 0x81E9, 0x0FC7, 0x81B9, 0x0FC3, 0x823F, 0x0F36, 0x822C, 
	0x0FD2, 0x82C6, 0x0FD3, 0x8252, 0x100C, 0x825C, 0x10D0, 0x8265, 0x1060, 0x8248, 0x101E, 0x8295, 0x0FD8, 0x828C, 0x0FDC, 0x825C, 
	0x0F69, 0x8252, 0x10EC, 0x828C, 0x1089, 0x8252, 0x10DD, 0x829F, 0x102F, 0x82BC, 0x1024, 0x8279, 0x1175, 0x82C6, 0x10F9, 0x82EC, 
	0x108A, 0x8265, 0x0FC9, 0x82F6, 0x1040, 0x8282, 0x1097, 0x8282, 0x0F9F, 0x8265, 0x10E1, 0x8265, 0x1051, 0x825C, 0x10DC, 0x8248, 
	0x119D, 0x82BC, 0x10FD, 0x826F, 0x1128, 0x8265, 0x1089, 0x8282, 0x1033, 0x8222, 0x1125, 0x8295, 0x1102, 0x8282, 0x11B5, 0x81A6, 
	0x10D4, 0x82BC, 0x1023, 0x8265, 0x10F8, 0x8295, 0x10C8, 0x82D9, 0x114A, 0x8295, 0x10E4, 0x82A9, 0x10E0, 0x82CF, 0x114A, 0x82A9, 
	0x109D, 0x8309, 0x11BD, 0x82CF, 0x0F58, 0x82A9, 0x107A, 0x8219, 0x1161, 0x82A9, 0x1098, 0x82C6, 0x11D1, 0x82E3, 0x1138, 0x82D9, 
	0x115C, 0x8327, 0x10D2, 0x8309, 0x0FE2, 0x8361, 0x1169, 0x8327, 0x1010, 0x828C, 0x10CC, 0x82C6, 0x109F, 0x826F, 0x10DF, 0x82CF, 
	0x1221, 0x8357, 0x11A4, 0x8330, 0x1198, 0x8357, 0x121A, 0x8375, 0x11D2, 0x8309, 0x118E, 0x8327, 0x11BD, 0x82CF, 0x119F, 0x82BC, 
	0x1130, 0x8330, 0x11B8, 0x82E3, 0x11FF, 0x82CF, 0x11DB, 0x833A, 0x1187, 0x82E3, 0x1378, 0x8300, 0x12BF, 0x8375, 0x11D4, 0x831D, 
	0x11CA, 0x834E, 0x1232, 0x82BC, 0x11E3, 0x837E, 0x124E, 0x8309, 0x11C2, 0x8327, 0x1230, 0x8357, 0x1251, 0x8388, 0x1186, 0x83D7, 
	0x1255, 0x83A6, 0x12DD, 0x83E0, 0x1232, 0x83EA, 0x1237, 0x83CD, 0x1250, 0x83A6, 0x12EA, 0x83FE, 0x12AE, 0x83CD, 0x136F, 0x83F4, 
	0x1341, 0x83F4, 0x1333, 0x8443, 0x1389, 0x849C, 0x142A, 0x84EC, 0x13AD, 0x84F6, 0x13C6, 0x856E, 0x11C3, 0x834E, 0x1191, 0x8330, 
	0x118B, 0x8265, 0x1170, 0x8282, 0x1119, 0x823F, 0x10BB, 0x82B2, 0x11DC, 0x82B2, 0x115D, 0x8248, 0x118C, 0x829F, 0x1191, 0x826F, 
	0x1159, 0x828C, 0x1283, 0x8279, 0x10F2, 0x81CC, 0x117A, 0x822C, 0x11A7, 0x81CC, 0x11B2, 0x8219, 0x12A3, 0x81B9, 0x1309, 0x81DF, 
	0x1198, 0x8219, 0x1197, 0x81DF, 0x119B, 0x81D6, 0x118C, 0x8219, 0x1164, 0x8205, 0x1258, 0x8164, 0x10AF, 0x81FC, 0x1173, 0x815A, 
	0x11F4, 0x81FC, 0x1276, 0x8193, 0x1162, 0x8164, 0x126A, 0x81A6, 0x1188, 0x813E, 0x11C2, 0x813E, 0x121C, 0x8118, 0x1120, 0x8135, 
	0x1129, 0x8147, 0x1170, 0x810F, 0x124B, 0x80B1, 0x120F, 0x813E, 0x121E, 0x813E, 0x11B2, 0x8147, 0x127B, 0x8095, 0x11E3, 0x80C4, 
	0x125B, 0x80A8, 0x123D, 0x80E0, 0x119C, 0x80E9, 0x1179, 0x80FC, 0x1193, 0x80E9, 0x1253, 0x80E9, 0x119B, 0x8118, 0x11BE, 0x805D, 
	0x1268, 0x80B1, 0x12FD, 0x808C, 0x1255, 0x8095, 0x126F, 0x8041, 0x11A9, 0x80B1, 0x130A, 0x80BA, 0x1245, 0x809E, 0x112F, 0x80E0, 
	0x124B, 0x8079, 0x1120, 0x8079, 0x1169, 0x7FED, 0x1282, 0x80E0, 0x11B2, 0x8070, 0x1290, 0x8082, 0x11AF, 0x8070, 0x127C, 0x801C, 
	0x1208, 0x8009, 0x1218, 0x8095, 0x1196, 0x7FE4, 0x11C7, 0x8079, 0x1259, 0x8038, 0x1192, 0x8000, 0x11AB, 0x8041, 0x12A3, 0x808C, 
	0x11C4, 0x801C, 0x12A7, 0x8009, 0x111C, 0x7FC9, 0x1246, 0x805D, 0x122F, 0x7FDB, 0x10F2, 0x7FE4, 0x1140, 0x7F7F, 0x1131, 0x8000, 
	0x1183, 0x7F91, 0x116E, 0x8000, 0x1129, 0x801C, 0x10F6, 0x8000, 0x10C5, 0x804A, 0x1132, 0x8009, 0x1108, 0x8038, 0x1036, 0x801C, 
	0x1105, 0x7FF7, 0x1086, 0x8025, 0x11C2, 0x7FD2, 0x1082, 0x8013, 0x110C, 0x7FDB, 0x1123, 0x7F9A, 0x1058, 0x8009, 0x115D, 0x7FDB, 
	0x10E0, 0x8079, 0x116D, 0x804A, 0x1178, 0x7F88, 0x11D8, 0x8013, 0x1160, 0x7FF7, 0x107E, 0x8009, 0x10E2, 0x7FF7, 0x11B8, 0x7FA4, 
	0x10A9, 0x805D, 0x10C2, 0x7FC9, 0x114D, 0x8013, 0x1117, 0x805D, 0x119A, 0x7FB6, 0x1169, 0x802E, 0x1151, 0x7F91, 0x114F, 0x7FBF, 
	0x1141, 0x7FED, 0x11F9, 0x7FF7, 0x1092, 0x7FB6, 0x1150, 0x802E, 0x10DB, 0x802E, 0x119C, 0x7FD2, 0x11A5, 0x7F63, 0x1204, 0x7F88, 
	0x11A7, 0x7F6C, 0x122B, 0x7F88, 0x1197, 0x7FA4, 0x10D4, 0x7FD2, 0x11F7, 0x7FDB, 0x121F, 0x801C, 0x113B, 0x7FAD, 0x10D2, 0x7FBF, 
	0x10F5, 0x7FC9, 0x1121, 0x7F6C, 0x11F7, 0x8038, 0x1216, 0x7FC9, 0x110C, 0x7FB6, 0x11FD, 0x7FC9, 0x11D9, 0x7FDB, 0x1265, 0x7FD2, 
	0x11F7, 0x7FE4, 0x1299, 0x7FB6, 0x1178, 0x7FBF, 0x11BA, 0x7F5A, 0x1241, 0x7F91, 0x11C6, 0x7F88, 0x124E, 0x7FED, 0x1298, 0x7FBF, 
	0x120C, 0x7FBF, 0x1146, 0x7FB6, 0x1318, 0x7F9A, 0x120C, 0x7FD2, 0x12B6, 0x8000, 0x12B0, 0x8009, 0x121A, 0x7F63, 0x11F6, 0x8038, 
	0x1295, 0x7FED, 0x1382, 0x8041, 0x1270, 0x7FD2, 0x1298, 0x801C, 0x1193, 0x7FAD, 0x1232, 0x8009, 0x1204, 0x7F91, 0x1245, 0x8000, 
	0x1206, 0x7F6C, 0x11AE, 0x801C, 0x1221, 0x7F91, 0x119B, 0x8000, 0x11AB, 0x805D, 0x131A, 0x7FED, 0x1268, 0x7FBF, 0x1334, 0x808C, 
	0x1174, 0x805D, 0x132A, 0x7FF7, 0x11BE, 0x8025, 0x1218, 0x8009, 0x124D, 0x804A, 0x1278, 0x7FD2, 0x11B7, 0x8025, 0x1151, 0x8038, 
	0x11E5, 0x8000, 0x1332, 0x8082, 0x11FC, 0x802E, 0x1294, 0x8038, 0x11C6, 0x804A, 0x11FA, 0x7F7F, 0x1236, 0x8038, 0x11E7, 0x804A, 
	0x1387, 0x7FED, 0x1262, 0x8095, 0x1299, 0x7FE4, 0x1196, 0x8009, 0x126C, 0x80CD, 0x1255, 0x8038, 0x115D, 0x80C4, 0x12D4, 0x8013, 
	0x1238, 0x8054, 0x1295, 0x8054, 0x11BA, 0x7FC9, 0x117E, 0x8070, 0x1291, 0x7FF7, 0x122C, 0x7FF7, 0x1230, 0x805D, 0x1288, 0x8025, 
	0x1299, 0x7FF7, 0x12DB, 0x8025, 0x1235, 0x801C, 0x1258, 0x8066, 0x11B3, 0x8079, 0x118E, 0x8038, 0x12DF, 0x8082, 0x12CA, 0x8070, 
	0x11E5, 0x8054, 0x11C2, 0x804A, 0x1094, 0x8066, 0x127C, 0x8025, 0x120C, 0x80BA, 0x11EE, 0x8066, 0x12BA, 0x8079, 0x10D1, 0x8066, 
	0x105F, 0x8070, 0x121F, 0x808C, 0x10B4, 0x80B1, 0x1148, 0x80C4, 0x1113, 0x80FC, 0x1228, 0x8054, 0x1104, 0x8105, 0x1268, 0x8118, 
	0x102E, 0x812B, 0x1003, 0x8079, 0x11AE, 0x8082, 0x112E, 0x812B, 0x114E, 0x8122, 0x1130, 0x8118, 0x1098, 0x812B, 0x1074, 0x80A8, 
	0x10FE, 0x813E, 0x107B, 0x80FC, 0x1126, 0x8135, 0x1119, 0x8164, 0x1099, 0x8118, 0x101A, 0x80CD, 0x1194, 0x8180, 0x1228, 0x8147, 
	0x101D, 0x8135, 0x1115, 0x80E0, 0x0FF3, 0x816D, 0x10AB, 0x8180, 0x1021, 0x816D, 0x1105, 0x8193, 0x102E, 0x812B, 0x1079, 0x81DF, 
	0x107D, 0x819D, 0x104F, 0x8193, 0x105F, 0x81B0, 0x10F3, 0x813E, 0x1028, 0x81A6, 0x1014, 0x81C3, 0x0F94, 0x819D, 0x1089, 0x81CC, 
	0x123D, 0x82F6, 0x11EE, 0x8357, 0x11FF, 0x82C6, 0x12F2, 0x82CF, 0x11E6, 0x8279, 0x11BA, 0x826F, 0x1286, 0x8282, 0x1184, 0x8279, 
	0x121A, 0x822C, 0x1292, 0x8252, 0x1290, 0x81E9, 0x1343, 0x823F, 0x11C1, 0x81E9, 0x116B, 0x81A6, 0x1225, 0x81F2, 0x11D9, 0x822C, 
	0x136E, 0x81FC, 0x131A, 0x819D, 0x1199, 0x81B9, 0x125B, 0x81C3, 0x11F1, 0x8177, 0x125E, 0x8180, 0x1180, 0x818A, 0x1255, 0x81B9, 
	0x1293, 0x820F, 0x11A7, 0x816D, 0x1291, 0x813E, 0x125F, 0x8135, 0x1249, 0x813E, 0x12BD, 0x8147, 0x1251, 0x8164, 0x1215, 0x80F3, 
	0x1254, 0x80FC, 0x1299, 0x8164, 0x11B5, 0x80CD, 0x1278, 0x8122, 0x12EE, 0x80CD, 0x127A, 0x810F, 0x12FA, 0x80F3, 0x11AF, 0x813E, 
	0x1284, 0x80FC, 0x127E, 0x80F3, 0x12A1, 0x80F3, 0x1252, 0x809E, 0x1256, 0x809E, 0x121C, 0x808C, 0x1150, 0x80C4, 0x1270, 0x80C4, 
	0x11AD, 0x80C4, 0x128F, 0x80CD, 0x1266, 0x809E, 0x13E7, 0x80D6, 0x1288, 0x80A8, 0x12DE, 0x8013, 0x12B0, 0x80A8, 0x12D9, 0x8054, 
	0x1290, 0x8095, 0x11FB, 0x80C4, 0x12C6, 0x8095, 0x11C2, 0x8038, 0x1159, 0x8054, 0x12C5, 0x8041, 0x11FC, 0x80B1, 0x130D, 0x8082, 
	0x115E, 0x8054, 0x125E, 0x8054, 0x11CD, 0x7FE4, 0x11E2, 0x80CD, 0x12F3, 0x7FBF, 0x123F, 0x7FDB, 0x129D, 0x8066, 0x122A, 0x8009, 
	0x1215, 0x8013, 0x12E7, 0x8066, 0x1185, 0x809E, 0x12A6, 0x7FED, 0x1175, 0x7FE4, 0x1207, 0x8041, 0x126D, 0x8025, 0x1104, 0x7FF7, 
	0x11AB, 0x7FA4, 0x11F1, 0x8038, 0x1237, 0x8025, 0x111D, 0x8009, 0x1107, 0x801C, 0x116B, 0x7FED, 0x116A, 0x8041, 0x1225, 0x7FF7, 
	0x1172, 0x8013, 0x10D5, 0x7FAD, 0x1236, 0x7FF7, 0x1118, 0x7FA4, 0x11F2, 0x7FBF, 0x10ED, 0x8013, 0x1156, 0x7FA4, 0x11C8, 0x7FD2, 
	0x1072, 0x7FDB, 0x1177, 0x8041, 0x10CC, 0x7FBF, 0x11D0, 0x801C, 0x1173, 0x7FC9, 0x1249, 0x7FC9, 0x11A1, 0x7FF7, 0x10D1, 0x7FDB, 
	0x118E, 0x8000, 0x11E4, 0x7FD2, 0x10EE, 0x7FAD, 0x124E, 0x7FC9, 0x11DA, 0x7FBF, 0x11BC, 0x7FED, 0x1250, 0x7FD2, 0x11D0, 0x8000, 
	0x11AE, 0x7FD2, 0x1146, 0x7FD2, 0x1146, 0x7F6C, 0x11FE, 0x7FE4, 0x10FD, 0x7FAD, 0x1175, 0x7FED, 0x122F, 0x7F7F, 0x12DD, 0x8009, 
	0x11B8, 0x7F5A, 0x1209, 0x7F63, 0x129E, 0x7FBF, 0x11A2, 0x7FA4, 0x1203, 0x7F7F, 0x10D2, 0x7F91, 0x1236, 0x7F91, 0x12A9, 0x7F76, 
	0x11A2, 0x7FB6, 0x116A, 0x7F91, 0x11FC, 0x7FB6, 0x11AA, 0x7F7F, 0x1247, 0x7FA4, 0x1187, 0x7F3F, 0x11EE, 0x7FE4, 0x128E, 0x7FBF, 
	0x125E, 0x7F9A, 0x12C5, 0x8000, 0x1272, 0x7FA4, 0x1294, 0x7FED, 0x11CB, 0x7F76, 0x12AE, 0x7FE4, 0x1320, 0x7FF7, 0x116A, 0x7FAD, 
	0x127A, 0x7FA4, 0x1231, 0x7F5A, 0x122C, 0x7FBF, 0x1296, 0x7FED, 0x12AD, 0x7F91, 0x1217, 0x7FE4, 0x12C1, 0x7FF7, 0x1254, 0x7F51, 
	0x134D, 0x7FBF, 0x12FD, 0x7FC9, 0x12EA, 0x7F3F, 0x1290, 0x802E, 0x12F8, 0x7F7F, 0x1291, 0x8025, 0x1207, 0x8009, 0x130F, 0x7F88, 
	0x124D, 0x7F88, 0x1216, 0x7FED, 0x12C8, 0x7FDB, 0x1218, 0x804A, 0x12CA, 0x7FB6, 0x1178, 0x8013, 0x12AF, 0x801C, 0x13BA, 0x7FAD, 
	0x1250, 0x7FED, 0x138D, 0x7F76, 0x12DB, 0x7FF7, 0x130B, 0x7FC9, 0x12FA, 0x7FC9, 0x12AB, 0x7FE4, 0x12D3, 0x8000, 0x1213, 0x801C, 
	0x122E, 0x7FE4, 0x12BB, 0x8025, 0x12E3, 0x7FE4, 0x137C, 0x805D, 0x12BC, 0x8013, 0x1368, 0x8041, 0x1260, 0x804A, 0x12BA, 0x8000, 
	0x1265, 0x8000, 0x1252, 0x8025, 0x13F3, 0x7FF7, 0x1400, 0x8066, 0x128A, 0x8025, 0x1216, 0x7FED, 0x128A, 0x8082, 0x1305, 0x809E, 
	0x11AC, 0x80A8, 0x13B2, 0x8038, 0x12DC, 0x809E, 0x1272, 0x8070, 0x1213, 0x7FBF, 0x1218, 0x7FED, 0x12F2, 0x7FD2, 0x12D1, 0x7FED, 
	0x122D, 0x8070, 0x136C, 0x8009, 0x1298, 0x802E, 0x12E0, 0x8025, 0x1286, 0x8009, 0x12E4, 0x80CD, 0x1285, 0x8095, 0x125D, 0x7FDB, 
	0x1357, 0x8013, 0x1250, 0x8054, 0x1231, 0x809E, 0x1231, 0x8082, 0x11AA, 0x8025, 0x1390, 0x8025, 0x1256, 0x804A, 0x11F3, 0x8066, 
	0x1336, 0x8070, 0x1121, 0x7FF7, 0x11C6, 0x808C, 0x12FE, 0x8082, 0x1166, 0x80C4, 0x11F0, 0x80D6, 0x11DF, 0x80F3, 0x1205, 0x8054, 
	0x1197, 0x810F, 0x126B, 0x80E0, 0x1045, 0x80FC, 0x10A6, 0x80FC, 0x1183, 0x8095, 0x1177, 0x80C4, 0x11A0, 0x80D6, 0x11A9, 0x809E, 
	0x114E, 0x8105, 0x110E, 0x80BA, 0x11C2, 0x80D6, 0x116E, 0x812B, 0x1154, 0x812B, 0x118B, 0x8105, 0x10F8, 0x80F3, 0x1058, 0x80CD, 
	0x117D, 0x8118, 0x10F4, 0x80E9, 0x10EE, 0x8135, 0x1160, 0x80FC, 0x10F0, 0x8118, 0x1192, 0x8147, 0x10D9, 0x8164, 0x10F2, 0x8151, 
	0x111D, 0x8122, 0x10C0, 0x8122, 0x1181, 0x81C3, 0x107A, 0x816D, 0x103D, 0x81CC, 0x10A5, 0x8147, 0x1146, 0x8193, 0x1074, 0x8193, 
	0x0F9B, 0x8177, 0x10CD, 0x819D, 0x0FF0, 0x8151, 0x1095, 0x81A6, 0x100E, 0x81DF, 0x0F49, 0x81F2, 0x102B, 0x81E9, 0x101B, 0x81B9, 
	0x0FF7, 0x81CC, 0x1002, 0x819D, 0x1040, 0x81E9, 0x10E1, 0x81D6, 0x10BD, 0x81CC, 0x1078, 0x820F, 0x107B, 0x81FC, 0x0FE1, 0x81B0, 
	0x0FBD, 0x81E9, 0x0F94, 0x820F, 0x0F54, 0x822C, 0x1007, 0x8235, 0x0F2F, 0x8222, 0x1083, 0x81CC, 0x0FFA, 0x8295, 0x0F83, 0x8235, 
	0x0FE9, 0x82D9, 0x0F63, 0x8235, 0x10BA, 0x81F2, 0x1079, 0x8222, 0x0F88, 0x8205, 0x0F66, 0x822C, 0x1010, 0x823F, 0x0FD6, 0x820F, 
	0x0FD6, 0x8248, 0x10BD, 0x820F, 0x10E8, 0x82D9, 0x1162, 0x82D9, 0x109D, 0x81B0, 0x106E, 0x8295, 0x1119, 0x828C, 0x1061, 0x8235, 
	0x102C, 0x825C, 0x1034, 0x828C, 0x1006, 0x8295, 0x1142, 0x8252, 0x10FD, 0x8282, 0x1096, 0x81DF, 0x1271, 0x82A9, 0x10F3, 0x82C6, 
	0x10FB, 0x8248, 0x1095, 0x82A9, 0x1121, 0x82A9, 0x10D5, 0x829F, 0x1012, 0x825C, 0x1113, 0x8219, 0x10A1, 0x828C, 0x1100, 0x8205, 
	0x1221, 0x8295, 0x113F, 0x8282, 0x1149, 0x82BC, 0x112D, 0x8279, 0x10B1, 0x823F, 0x1185, 0x829F, 0x1157, 0x82C6, 0x11D5, 0x8248, 
	0x1059, 0x82EC, 0x10E8, 0x81F2, 0x1131, 0x8252, 0x10D8, 0x8344, 0x1133, 0x81CC, 0x1102, 0x828C, 0x112D, 0x8265, 0x11AC, 0x8282, 
	0x1132, 0x82D9, 0x1269, 0x8295, 0x0FE0, 0x828C, 0x11AF, 0x82A9, 0x121B, 0x8265, 0x104B, 0x82E3, 0x121E, 0x82B2, 0x1217, 0x8279, 
	0x11BC, 0x82C6, 0x1148, 0x82D9, 0x10A4, 0x8344, 0x11A8, 0x82D9, 0x10E7, 0x8313, 0x1194, 0x833A, 0x11F5, 0x8327, 0x1162, 0x8300, 
	0x11D0, 0x834E, 0x128D, 0x82EC, 0x129A, 0x829F, 0x127A, 0x8313, 0x120C, 0x8357, 0x116E, 0x8300, 0x12FE, 0x82B2, 0x120C, 0x82CF, 
	0x12E8, 0x8327, 0x11A0, 0x831D, 0x11A7, 0x82A9, 0x127B, 0x8295, 0x11D1, 0x82BC, 0x12C2, 0x82EC, 0x1289, 0x8357, 0x12FB, 0x8357, 
	0x11B9, 0x82CF, 0x1301, 0x82BC, 0x1229, 0x83B9, 0x136A, 0x82CF, 0x124F, 0x8327, 0x121A, 0x8357, 0x129D, 0x8361, 0x11BA, 0x837E, 
	0x1316, 0x8425, 0x1353, 0x839C, 0x1305, 0x83A6, 0x136C, 0x83D7, 0x1386, 0x8392, 0x1330, 0x839C, 0x12D7, 0x839C, 0x1395, 0x841B, 
	0x13AF, 0x841B, 0x13B7, 0x83D7, 0x1425, 0x8461, 0x139D, 0x844D, 0x1438, 0x8528, 0x140F, 0x8532, 0x123D, 0x82F6, 0x11EE, 0x8357, 
	0x11FF, 0x82C6, 0x12F2, 0x82CF, 0x11E6, 0x8279, 0x11BA, 0x826F, 0x1286, 0x8282, 0x1184, 0x8279, 0x121A, 0x822C, 0x1292, 0x8252, 
	0x1290, 0x81E9, 0x1343, 0x823F, 0x11C1, 0x81E9, 0x116B, 0x81A6, 0x1225, 0x81F2, 0x11D9, 0x822C, 0x136E, 0x81FC, 0x131A, 0x819D, 
	0x1199, 0x81B9, 0x125B, 0x81C3, 0x11F1, 0x8177, 0x125E, 0x8180, 0x1180, 0x818A, 0x1255, 0x81B9, 0x1293, 0x820F, 0x11A7, 0x816D, 
	0x1291, 0x813E, 0x125F, 0x8135, 0x1249, 0x813E, 0x12BD, 0x8147, 0x1251, 0x8164, 0x1215, 0x80F3, 0x1254, 0x80FC, 0x1299, 0x8164, 
	0x11B5, 0x80CD, 0x1278, 0x8122, 0x12EE, 0x80CD, 0x127A, 0x810F, 0x12FA, 0x80F3, 0x11AF, 0x813E, 0x1284, 0x80FC, 0x127E, 0x80F3, 
	0x12A1, 0x80F3, 0x1252, 0x809E, 0x1256, 0x809E, 0x121C, 0x808C, 0x1150, 0x80C4, 0x1270, 0x80C4, 0x11AD, 0x80C4, 0x128F, 0x80CD, 
	0x1266, 0x809E, 0x13E7, 0x80D6, 0x1288, 0x80A8, 0x12DE, 0x8013, 0x12B0, 0x80A8, 0x12D9, 0x8054, 0x1290, 0x8095, 0x11FB, 0x80C4, 
	0x12C6, 0x8095, 0x11C2, 0x8038, 0x1159, 0x8054, 0x12C5, 0x8041, 0x11FC, 0x80B1, 0x130D, 0x8082, 0x115E, 0x8054, 0x125E, 0x8054, 
	0x11CD, 0x7FE4, 0x11E2, 0x80CD, 0x12F3, 0x7FBF, 0x123F, 0x7FDB, 0x129D, 0x8066, 0x122A, 0x8009, 0x1215, 0x8013, 0x12E7, 0x8066, 
	0x1185, 0x809E, 0x12A6, 0x7FED, 0x1175, 0x7FE4, 0x1207, 0x8041, 0x126D, 0x8025, 0x1104, 0x7FF7, 0x11AB, 0x7FA4, 0x11F1, 0x8038, 
	0x1237, 0x8025, 0x111D, 0x8009, 0x1107, 0x801C, 0x116B, 0x7FED, 0x116A, 0x8041, 0x1225, 0x7FF7, 0x1172, 0x8013, 0x10D5, 0x7FAD, 
	0x1236, 0x7FF7, 0x1118, 0x7FA4, 0x11F2, 0x7FBF, 0x10ED, 0x8013, 0x1156, 0x7FA4, 0x11C8, 0x7FD2, 0x1072, 0x7FDB, 0x1177, 0x8041, 
	0x10CC, 0x7FBF, 0x11D0, 0x801C, 0x1173, 0x7FC9, 0x1249, 0x7FC9, 0x11A1, 0x7FF7, 0x10D1, 0x7FDB, 0x118E, 0x8000, 0x11E4, 0x7FD2, 
	0x10EE, 0x7FAD, 0x124E, 0x7FC9, 0x11DA, 0x7FBF, 0x11BC, 0x7FED, 0x1250, 0x7FD2, 0x11D0, 0x8000, 0x11AE, 0x7FD2, 0x1146, 0x7FD2, 
	0x1146, 0x7F6C, 0x11FE, 0x7FE4, 0x10FD, 0x7FAD, 0x1175, 0x7FED, 0x122F, 0x7F7F, 0x12DD, 0x8009, 0x11B8, 0x7F5A, 0x1209, 0x7F63, 
	0x129E, 0x7FBF, 0x11A2, 0x7FA4, 0x1203, 0x7F7F, 0x10D2, 0x7F91, 0x1236, 0x7F91, 0x12A9, 0x7F76, 0x11A2, 0x7FB6, 0x116A, 0x7F91, 
	0x11FC, 0x7FB6, 0x11AA, 0x7F7F, 0x1247, 0x7FA4, 0x1187, 0x7F3F, 0x11EE, 0x7FE4, 0x128E, 0x7FBF, 0x125E, 0x7F9A, 0x12C5, 0x8000, 
	0x1272, 0x7FA4, 0x1294, 0x7FED, 0x11CB, 0x7F76, 0x12AE, 0x7FE4, 0x1320, 0x7FF7, 0x116A, 0x7FAD, 0x127A, 0x7FA4, 0x1231, 0x7F5A, 
	0x122C, 0x7FBF, 0x1296, 0x7FED, 0x12AD, 0x7F91, 0x1217, 0x7FE4, 0x12C1, 0x7FF7, 0x1254, 0x7F51, 0x134D, 0x7FBF, 0x12FD, 0x7FC9, 
	0x12EA, 0x7F3F, 0x1290, 0x802E, 0x12F8, 0x7F7F, 0x1291, 0x8025, 0x1207, 0x8009, 0x130F, 0x7F88, 0x124D, 0x7F88, 0x1216, 0x7FED, 
	0x12C8, 0x7FDB, 0x1218, 0x804A, 0x12CA, 0x7FB6, 0x1178, 0x8013, 0x12AF, 0x801C, 0x13BA, 0x7FAD, 0x1250, 0x7FED, 0x138D, 0x7F76, 
	0x12DB, 0x7FF7, 0x130B, 0x7FC9, 0x12FA, 0x7FC9, 0x12AB, 0x7FE4, 0x12D3, 0x8000, 0x1213, 0x801C, 0x122E, 0x7FE4, 0x12BB, 0x8025, 
	0x12E3, 0x7FE4, 0x137C, 0x805D, 0x12BC, 0x8013, 0x1368, 0x8041, 0x1260, 0x804A, 0x12BA, 0x8000, 0x1265, 0x8000, 0x1252, 0x8025, 
	0x13F3, 0x7FF7, 0x1400, 0x8066, 0x128A, 0x8025, 0x1216, 0x7FED, 0x128A, 0x8082, 0x1305, 0x809E, 0x11AC, 0x80A8, 0x13B2, 0x8038, 
	0x12DC, 0x809E, 0x1272, 0x8070, 0x1213, 0x7FBF, 0x1218, 0x7FED, 0x12F2, 0x7FD2, 0x12D1, 0x7FED, 0x122D, 0x8070, 0x136C, 0x8009, 
	0x1298, 0x802E, 0x12E0, 0x8025, 0x1286, 0x8009, 0x12E4, 0x80CD, 0x1285, 0x8095, 0x125D, 0x7FDB, 0x1357, 0x8013, 0x1250, 0x8054, 
	0x1231, 0x809E, 0x1231, 0x8082, 0x11AA, 0x8025, 0x1390, 0x8025, 0x1256, 0x804A, 0x11F3, 0x8066, 0x1336, 0x8070, 0x1121, 0x7FF7, 
	0x11C6, 0x808C, 0x12FE, 0x8082, 0x1166, 0x80C4, 0x11F0, 0x80D6, 0x11DF, 0x80F3, 0x1205, 0x8054, 0x1197, 0x810F, 0x126B, 0x80E0, 
	0x1045, 0x80FC, 0x10A6, 0x80FC, 0x1183, 0x8095, 0x1177, 0x80C4, 0x11A0, 0x80D6, 0x11A9, 0x809E, 0x114E, 0x8105, 0x110E, 0x80BA, 
	0x11C2, 0x80D6, 0x116E, 0x812B, 0x1154, 0x812B, 0x118B, 0x8105, 0x10F8, 0x80F3, 0x1058, 0x80CD, 0x117D, 0x8118, 0x10F4, 0x80E9, 
	0x10EE, 0x8135, 0x1160, 0x80FC, 0x10F0, 0x8118, 0x1192, 0x8147, 0x10D9, 0x8164, 0x10F2, 0x8151, 0x111D, 0x8122, 0x10C0, 0x8122, 
	0x1181, 0x81C3, 0x107A, 0x816D, 0x103D, 0x81CC, 0x10A5, 0x8147, 0x1146, 0x8193, 0x1074, 0x8193, 0x0F9B, 0x8177, 0x10CD, 0x819D, 
	0x1212, 0x831D, 0x11B2, 0x82F6, 0x11D5, 0x834E, 0x128E, 0x836B, 0x10DC, 0x82D9, 0x117A, 0x8235, 0x11F2, 0x82B2, 0x114F, 0x82BC, 
	0x11AA, 0x828C, 0x11C3, 0x8295, 0x11E1, 0x825C, 0x12F9, 0x81F2, 0x1186, 0x81FC, 0x11D1, 0x8219, 0x1182, 0x825C, 0x10F8, 0x8219, 
	0x12A9, 0x81B0, 0x12D8, 0x8219, 0x11B9, 0x81DF, 0x1154, 0x8235, 0x1132, 0x81FC, 0x11D9, 0x81FC, 0x113C, 0x81A6, 0x1297, 0x81A6, 
	0x11F5, 0x8180, 0x11B9, 0x81D6, 0x1275, 0x8193, 0x1200, 0x8193, 0x1271, 0x8135, 0x1251, 0x8205, 0x120A, 0x8105, 0x11E5, 0x80FC, 
	0x11EB, 0x80E9, 0x1226, 0x816D, 0x10F0, 0x815A, 0x11DA, 0x8151, 0x1231, 0x812B, 0x11EA, 0x8151, 0x1249, 0x8105, 0x111E, 0x812B, 
	0x11FB, 0x812B, 0x11D9, 0x8164, 0x12A2, 0x80FC, 0x1190, 0x80D6, 0x11CC, 0x80E9, 0x10F2, 0x810F, 0x10CC, 0x80A8, 0x11FC, 0x80E9, 
	0x11C6, 0x80D6, 0x125B, 0x80E9, 0x11E7, 0x80D6, 0x12DF, 0x80A8, 0x125C, 0x80CD, 0x1253, 0x8025, 0x1217, 0x808C, 0x1259, 0x80E9, 
	0x124D, 0x8095, 0x119F, 0x80E0, 0x11DC, 0x8095, 0x1140, 0x809E, 0x1108, 0x804A, 0x125E, 0x8038, 0x1148, 0x8079, 0x12F4, 0x8095, 
	0x1128, 0x8070, 0x11FF, 0x7FF7, 0x11EA, 0x7FE4, 0x11FA, 0x80C4, 0x12AF, 0x7FED, 0x1200, 0x801C, 0x1226, 0x7FE4, 0x11F6, 0x7FBF, 
	0x119A, 0x8079, 0x1245, 0x8054, 0x11A8, 0x8009, 0x1217, 0x802E, 0x10E7, 0x8025, 0x11F6, 0x8041, 0x123E, 0x7FAD, 0x1106, 0x7FD2, 
	0x1185, 0x7FF7, 0x1163, 0x801C, 0x117B, 0x805D, 0x10C9, 0x805D, 0x108B, 0x8013, 0x1150, 0x8038, 0x116A, 0x8013, 0x11C6, 0x8070, 
	0x10AB, 0x8038, 0x10A4, 0x7FB6, 0x118B, 0x7FAD, 0x10F4, 0x801C, 0x1194, 0x8000, 0x10B5, 0x8009, 0x10CA, 0x8013, 0x1171, 0x7FF7, 
	0x1064, 0x7FDB, 0x1177, 0x8070, 0x1045, 0x7FDB, 0x1196, 0x8038, 0x111B, 0x8009, 0x11C8, 0x802E, 0x114F, 0x8009, 0x106F, 0x802E, 
	0x1120, 0x8054, 0x1110, 0x7FC9, 0x113B, 0x8025, 0x11B2, 0x7FA4, 0x11D2, 0x7FE4, 0x1171, 0x7FAD, 0x1225, 0x7FA4, 0x1177, 0x8013, 
	0x1189, 0x802E, 0x1123, 0x8038, 0x1151, 0x7FA4, 0x1215, 0x8009, 0x115C, 0x7FF7, 0x11A5, 0x7FF7, 0x11B6, 0x7FA4, 0x12AD, 0x7FC9, 
	0x115E, 0x7F9A, 0x118A, 0x8013, 0x1217, 0x7FBF, 0x11BD, 0x7FD2, 0x1194, 0x7FC9, 0x10C2, 0x7F88, 0x11F8, 0x7FD2, 0x122C, 0x801C, 
	0x1186, 0x7F7F, 0x10FA, 0x7F76, 0x113D, 0x7FC9, 0x117A, 0x7FDB, 0x1154, 0x7FD2, 0x117D, 0x7F91, 0x11B5, 0x7FC9, 0x1211, 0x7F91, 
	0x11EC, 0x7F88, 0x1239, 0x7FE4, 0x1221, 0x7FDB, 0x11A7, 0x7FA4, 0x11E7, 0x7FC9, 0x1230, 0x7F7F, 0x124D, 0x8013, 0x11A5, 0x7FB6, 
	0x1214, 0x7FAD, 0x122C, 0x8038, 0x1221, 0x7FED, 0x11EC, 0x7FB6, 0x12BF, 0x7F63, 0x1192, 0x7FD2, 0x11DA, 0x7FB6, 0x1257, 0x7FB6, 
	0x12FB, 0x7FC9, 0x129C, 0x8009, 0x129D, 0x8025, 0x125F, 0x801C, 0x1259, 0x7FD2, 0x11C4, 0x8025, 0x10BE, 0x7FC9, 0x1260, 0x7F63, 
	0x123B, 0x7F91, 0x1230, 0x7FD2, 0x11E4, 0x7FB6, 0x11C7, 0x8054, 0x12CC, 0x7FC9, 0x1110, 0x804A, 0x1250, 0x7FF7, 0x12E0, 0x8054, 
	0x127B, 0x801C, 0x125F, 0x7FE4, 0x1259, 0x7FC9, 0x11D3, 0x8013, 0x125D, 0x804A, 0x1227, 0x7FE4, 0x1251, 0x8013, 0x11B3, 0x8009, 
	0x11E9, 0x7FED, 0x11C5, 0x8066, 0x124F, 0x809E, 0x131F, 0x7FE4, 0x1248, 0x80B1, 0x12AB, 0x8009, 0x1206, 0x8041, 0x1248, 0x804A, 
	0x1234, 0x7FED, 0x1205, 0x8079, 0x13B0, 0x7FE4, 0x137D, 0x80A8, 0x1215, 0x7FE4, 0x1212, 0x7FDB, 0x128C, 0x8038, 0x12A8, 0x80BA, 
	0x1194, 0x80A8, 0x1340, 0x8054, 0x1243, 0x8070, 0x11EA, 0x80B1, 0x11BA, 0x8038, 0x1180, 0x8025, 0x12A0, 0x8025, 0x12B6, 0x7FA4, 
	0x11E0, 0x8070, 0x1367, 0x8025, 0x1236, 0x809E, 0x1290, 0x805D, 0x11BA, 0x805D, 0x122E, 0x80B1, 0x11D3, 0x80BA, 0x124E, 0x802E, 
	0x12D0, 0x804A, 0x1260, 0x8054, 0x1160, 0x809E, 0x11B8, 0x80BA, 0x1166, 0x804A, 0x125B, 0x810F, 0x1222, 0x80B1, 0x10EE, 0x80A8, 
	0x11E6, 0x8038, 0x10FD, 0x8079, 0x10E0, 0x805D, 0x126E, 0x808C, 0x10D1, 0x80D6, 0x111F, 0x80B1, 0x117A, 0x80BA, 0x119A, 0x8066, 
	0x1178, 0x80D6, 0x1229, 0x8105, 0x0FD2, 0x81E9, 0x108D, 0x810F, 0x10E6, 0x80BA, 0x10EE, 0x8118, 0x1146, 0x816D, 0x1117, 0x8105, 
	0x10AB, 0x80FC, 0x10C7, 0x80D6, 0x1142, 0x812B, 0x10C2, 0x80F3, 0x110C, 0x8151, 0x1146, 0x8118, 0x10CE, 0x813E, 0x105A, 0x8151, 
	0x10D5, 0x8177, 0x10D0, 0x810F, 0x1072, 0x8193, 0x10BC, 0x810F, 0x1026, 0x815A, 0x1083, 0x818A, 0x10CB, 0x818A, 0x10A7, 0x81A6, 
	0x1058, 0x8135, 0x1085, 0x8164, 0x1138, 0x8180, 0x1025, 0x816D, 0x0FC9, 0x8147, 0x10AE, 0x8147, 0x106F, 0x8177, 0x1050, 0x8205, 
	0x0F86, 0x815A, 0x10C1, 0x81B0, 0x0FC1, 0x818A, 0x0FF2, 0x81CC, 0x0FB2, 0x8219, 0x0F5F, 0x81B0, 0x0F8A, 0x8219, 0x0F97, 0x81D6, 
	0x100A, 0x8219, 0x0FCA, 0x8205, 0x0F65, 0x8205, 0x10CC, 0x81E9, 0x1013, 0x826F, 0x0FFB, 0x8219, 0x0FE2, 0x81E9, 0x0FAA, 0x822C, 
	0x0FB0, 0x81C3, 0x0F4F, 0x8279, 0x0F4A, 0x8222, 0x0FB2, 0x8265, 0x0F4C, 0x826F, 0x0F89, 0x81CC, 0x0FF3, 0x8252, 0x0F3B, 0x822C, 
	0x0F65, 0x8279, 0x0EFA, 0x828C, 0x1013, 0x81F2, 0x0FF1, 0x820F, 0x0F94, 0x820F, 0x0F45, 0x8265, 0x0F23, 0x82BC, 0x0EFD, 0x81DF, 
	0x0FE6, 0x8235, 0x100A, 0x826F, 0x1006, 0x82A9, 0x107C, 0x8282, 0x1064, 0x820F, 0x0FCD, 0x828C, 0x1140, 0x8282, 0x0FFA, 0x8279, 
	0x0FEE, 0x82CF, 0x0FF1, 0x8248, 0x0FF2, 0x82C6, 0x1083, 0x82BC, 0x102A, 0x82CF, 0x1037, 0x829F, 0x11B5, 0x8265, 0x10D1, 0x831D, 
	0x10B5, 0x8248, 0x1074, 0x82C6, 0x1073, 0x822C, 0x10E0, 0x8235, 0x1014, 0x82EC, 0x10ED, 0x820F, 0x0FCE, 0x829F, 0x1051, 0x82A9, 
	0x114B, 0x823F, 0x10BE, 0x82D9, 0x1138, 0x8282, 0x10BD, 0x82C6, 0x102F, 0x8295, 0x110E, 0x8282, 0x10AD, 0x82D9, 0x11A5, 0x829F, 
	0x10C4, 0x82C6, 0x10E5, 0x8279, 0x10A9, 0x8282, 0x108D, 0x82EC, 0x10A6, 0x828C, 0x1097, 0x8295, 0x10E2, 0x82C6, 0x1120, 0x828C, 
	0x10FE, 0x82E3, 0x11DC, 0x828C, 0x0FC0, 0x82E3, 0x10DC, 0x82F6, 0x115C, 0x8295, 0x0FAA, 0x82CF, 0x11B9, 0x82EC, 0x1187, 0x829F, 
	0x117A, 0x82A9, 0x1130, 0x82A9, 0x1020, 0x8327, 0x109B, 0x8327, 0x10A2, 0x8313, 0x1121, 0x834E, 0x10A9, 0x837E, 0x1115, 0x8309, 
	0x1223, 0x8309, 0x1205, 0x8313, 0x125D, 0x82E3, 0x11AD, 0x8327, 0x11EF, 0x8313, 0x1106, 0x8313, 0x1247, 0x8300, 0x1185, 0x82B2, 
	0x1215, 0x8300, 0x11E2, 0x833A, 0x118F, 0x8327, 0x1220, 0x8344, 0x1195, 0x8279, 0x1252, 0x833A, 0x1285, 0x83AF, 0x1204, 0x8357, 
	0x11CD, 0x833A, 0x124E, 0x8344, 0x11DC, 0x8357, 0x12EB, 0x834E, 0x1157, 0x8375, 0x11BF, 0x82D9, 0x124B, 0x8388, 0x1147, 0x83D7, 
	0x1275, 0x83A6, 0x128E, 0x8439, 0x12E4, 0x8408, 0x1300, 0x83D7, 0x130E, 0x8408, 0x12BB, 0x837E, 0x11DC, 0x83AF, 0x12D5, 0x83D7, 
	0x12EC, 0x8392, 0x132E, 0x83FE, 0x13F1, 0x8492, 0x12E6, 0x84A6, 0x13EE, 0x8578, 0x12EB, 0x8582, 0x1212, 0x831D, 0x11B2, 0x82F6, 
	0x11D5, 0x834E, 0x128E, 0x836B, 0x10DC, 0x82D9, 0x117A, 0x8235, 0x11F2, 0x82B2, 0x114F, 0x82BC, 0x11AA, 0x828C, 0x11C3, 0x8295, 
	0x11E1, 0x825C, 0x12F9, 0x81F2, 0x1186, 0x81FC, 0x11D1, 0x8219, 0x1182, 0x825C, 0x10F8, 0x8219, 0x12A9, 0x81B0, 0x12D8, 0x8219, 
	0x11B9, 0x81DF, 0x1154, 0x8235, 0x1132, 0x81FC, 0x11D9, 0x81FC, 0x113C, 0x81A6, 0x1297, 0x81A6, 0x11F5, 0x8180, 0x11B9, 0x81D6, 
	0x1275, 0x8193, 0x1200, 0x8193, 0x1271, 0x8135, 0x1251, 0x8205, 0x120A, 0x8105, 0x11E5, 0x80FC, 0x11EB, 0x80E9, 0x1226, 0x816D, 
	0x10F0, 0x815A, 0x11DA, 0x8151, 0x1231, 0x812B, 0x11EA, 0x8151, 0x1249, 0x8105, 0x111E, 0x812B, 0x11FB, 0x812B, 0x11D9, 0x8164, 
	0x12A2, 0x80FC, 0x1190, 0x80D6, 0x11CC, 0x80E9, 0x10F2, 0x810F, 0x10CC, 0x80A8, 0x11FC, 0x80E9, 0x11C6, 0x80D6, 0x125B, 0x80E9, 
	0x11E7, 0x80D6, 0x12DF, 0x80A8, 0x125C, 0x80CD, 0x1253, 0x8025, 0x1217, 0x808C, 0x1259, 0x80E9, 0x124D, 0x8095, 0x119F, 0x80E0, 
	0x11DC, 0x8095, 0x1140, 0x809E, 0x1108, 0x804A, 0x125E, 0x8038, 0x1148, 0x8079, 0x12F4, 0x8095, 0x1128, 0x8070, 0x11FF, 0x7FF7, 
	0x11EA, 0x7FE4, 0x11FA, 0x80C4, 0x12AF, 0x7FED, 0x1200, 0x801C, 0x1226, 0x7FE4, 0x11F6, 0x7FBF, 0x119A, 0x8079, 0x1245, 0x8054, 
	0x11A8, 0x8009, 0x1217, 0x802E, 0x10E7, 0x8025, 0x11F6, 0x8041, 0x123E, 0x7FAD, 0x1106, 0x7FD2, 0x1185, 0x7FF7, 0x1163, 0x801C, 
	0x117B, 0x805D, 0x10C9, 0x805D, 0x108B, 0x8013, 0x1150, 0x8038, 0x116A, 0x8013, 0x11C6, 0x8070, 0x10AB, 0x8038, 0x10A4, 0x7FB6, 
	0x118B, 0x7FAD, 0x10F4, 0x801C, 0x1194, 0x8000, 0x10B5, 0x8009, 0x10CA, 0x8013, 0x1171, 0x7FF7, 0x1064, 0x7FDB, 0x1177, 0x8070, 
	0x1045, 0x7FDB, 0x1196, 0x8038, 0x111B, 0x8009, 0x11C8, 0x802E, 0x114F, 0x8009, 0x106F, 0x802E, 0x1120, 0x8054, 0x1110, 0x7FC9, 
	0x113B, 0x8025, 0x11B2, 0x7FA4, 0x11D2, 0x7FE4, 0x1171, 0x7FAD, 0x1225, 0x7FA4, 0x1177, 0x8013, 0x1189, 0x802E, 0x1123, 0x8038, 
	0x1151, 0x7FA4, 0x1215, 0x8009, 0x115C, 0x7FF7, 0x11A5, 0x7FF7, 0x11B6, 0x7FA4, 0x12AD, 0x7FC9, 0x115E, 0x7F9A, 0x118A, 0x8013, 
	0x1217, 0x7FBF, 0x11BD, 0x7FD2, 0x1194, 0x7FC9, 0x10C2, 0x7F88, 0x11F8, 0x7FD2, 0x122C, 0x801C, 0x1186, 0x7F7F, 0x10FA, 0x7F76, 
	0x113D, 0x7FC9, 0x117A, 0x7FDB, 0x1154, 0x7FD2, 0x117D, 0x7F91, 0x11B5, 0x7FC9, 0x1211, 0x7F91, 0x11EC, 0x7F88, 0x1239, 0x7FE4, 
	0x1221, 0x7FDB, 0x11A7, 0x7FA4, 0x11E7, 0x7FC9, 0x1230, 0x7F7F, 0x124D, 0x8013, 0x11A5, 0x7FB6, 0x1214, 0x7FAD, 0x122C, 0x8038, 
	0x1221, 0x7FED, 0x11EC, 0x7FB6, 0x12BF, 0x7F63, 0x1192, 0x7FD2, 0x11DA, 0x7FB6, 0x1257, 0x7FB6, 0x12FB, 0x7FC9, 0x129C, 0x8009, 
	0x129D, 0x8025, 0x125F, 0x801C, 0x1259, 0x7FD2, 0x11C4, 0x8025, 0x10BE, 0x7FC9, 0x1260, 0x7F63, 0x123B, 0x7F91, 0x1230, 0x7FD2, 
	0x11E4, 0x7FB6, 0x11C7, 0x8054, 0x12CC, 0x7FC9, 0x1110, 0x804A, 0x1250, 0x7FF7, 0x12E0, 0x8054, 0x127B, 0x801C, 0x125F, 0x7FE4, 
	0x1259, 0x7FC9, 0x11D3, 0x8013, 0x125D, 0x804A, 0x1227, 0x7FE4, 0x1251, 0x8013, 0x11B3, 0x8009, 0x11E9, 0x7FED, 0x11C5, 0x8066, 
	0x124F, 0x809E, 0x131F, 0x7FE4, 0x1248, 0x80B1, 0x12AB, 0x8009, 0x1206, 0x8041, 0x1248, 0x804A, 0x1234, 0x7FED, 0x1205, 0x8079, 
	0x13B0, 0x7FE4, 0x137D, 0x80A8, 0x1215, 0x7FE4, 0x1212, 0x7FDB, 0x128C, 0x8038, 0x12A8, 0x80BA, 0x1194, 0x80A8, 0x1340, 0x8054, 
	0x1243, 0x8070, 0x11EA, 0x80B1, 0x11BA, 0x8038, 0x1180, 0x8025, 0x12A0, 0x8025, 0x12B6, 0x7FA4, 0x11E0, 0x8070, 0x1367, 0x8025, 
	0x1236, 0x809E, 0x1290, 0x805D, 0x11BA, 0x805D, 0x122E, 0x80B1, 0x11D3, 0x80BA, 0x124E, 0x802E, 0x12D0, 0x804A, 0x1260, 0x8054, 
	0x1160, 0x809E, 0x11B8, 0x80BA, 0x1166, 0x804A, 0x125B, 0x810F, 0x1222, 0x80B1, 0x10EE, 0x80A8, 0x11E6, 0x8038, 0x10FD, 0x8079, 
	0x10E0, 0x805D, 0x126E, 0x808C, 0x10D1, 0x80D6, 0x111F, 0x80B1, 0x117A, 0x80BA, 0x119A, 0x8066, 0x1178, 0x80D6, 0x1229, 0x8105, 
	0x0FD2, 0x81E9, 0x108D, 0x810F, 0x10E6, 0x80BA, 0x10EE, 0x8118, 0x1146, 0x816D, 0x1117, 0x8105, 0x10AB, 0x80FC, 0x10C7, 0x80D6, 
	0x1142, 0x812B, 0x10C2, 0x80F3, 0x110C, 0x8151, 0x1146, 0x8118, 0x10CE, 0x813E, 0x105A, 0x8151, 0x10D5, 0x8177, 0x10D0, 0x810F, 
	0x1072, 0x8193, 0x10BC, 0x810F, 0x1026, 0x815A, 0x1083, 0x818A, 0x10CB, 0x818A, 0x10A7, 0x81A6, 0x1058, 0x8135, 0x1085, 0x8164, 
	0x1138, 0x8180, 0x1025, 0x816D, 0x0FC9, 0x8147, 0x10AE, 0x8147, 0x106F, 0x8177, 0x1050, 0x8205, 0x0F86, 0x815A, 0x10C1, 0x81B0, 
	0x1226, 0x82EC, 0x123E, 0x82C6, 0x1249, 0x8300, 0x1272, 0x82BC, 0x1215, 0x82A9, 0x11A0, 0x823F, 0x11F7, 0x8279, 0x11CF, 0x8295, 
	0x1275, 0x8222, 0x1202, 0x8282, 0x12B7, 0x8265, 0x1268, 0x822C, 0x11FA, 0x81FC, 0x12B5, 0x8222, 0x11D2, 0x81FC, 0x11B8, 0x8235, 
	0x128E, 0x8122, 0x12F2, 0x81CC, 0x1249, 0x81B9, 0x1220, 0x820F, 0x11FB, 0x81D6, 0x11D1, 0x8180, 0x1144, 0x812B, 0x12EC, 0x815A, 
	0x11CD, 0x81C3, 0x120C, 0x8193, 0x1235, 0x80D6, 0x1223, 0x812B, 0x1299, 0x812B, 0x1256, 0x8177, 0x11BA, 0x80CD, 0x11F7, 0x809E, 
	0x1278, 0x80E0, 0x12DE, 0x8122, 0x11A7, 0x8118, 0x118C, 0x8151, 0x127F, 0x80E9, 0x121B, 0x8118, 0x128D, 0x8105, 0x1222, 0x8180, 
	0x1235, 0x8095, 0x1274, 0x81FC, 0x12FB, 0x80E9, 0x128E, 0x8105, 0x1229, 0x80E0, 0x1162, 0x8105, 0x11D2, 0x813E, 0x1298, 0x80BA, 
	0x1185, 0x80CD, 0x11B2, 0x80C4, 0x129B, 0x80FC, 0x13E4, 0x804A, 0x1308, 0x8118, 0x127B, 0x802E, 0x128B, 0x80E0, 0x12A1, 0x8079, 
	0x1291, 0x8041, 0x12F8, 0x8105, 0x127A, 0x805D, 0x11EA, 0x809E, 0x1169, 0x809E, 0x12D5, 0x8013, 0x11F8, 0x80E0, 0x12F1, 0x808C, 
	0x11F4, 0x804A, 0x1259, 0x8066, 0x12C6, 0x7FF7, 0x1276, 0x80E9, 0x1279, 0x8025, 0x11A3, 0x7FF7, 0x1185, 0x7FF7, 0x119A, 0x8009, 
	0x11DC, 0x805D, 0x1249, 0x8054, 0x1272, 0x802E, 0x129A, 0x801C, 0x10DF, 0x7FE4, 0x1232, 0x8082, 0x11CB, 0x80BA, 0x11ED, 0x804A, 
	0x1183, 0x7FE4, 0x11D4, 0x7FED, 0x11EB, 0x8000, 0x117B, 0x804A, 0x109D, 0x801C, 0x1191, 0x804A, 0x119C, 0x8025, 0x11EB, 0x8054, 
	0x10B7, 0x801C, 0x1125, 0x8054, 0x1178, 0x7FE4, 0x10FD, 0x8013, 0x127D, 0x8000, 0x1155, 0x8038, 0x1174, 0x7F1A, 0x1157, 0x8009, 
	0x1097, 0x7F6C, 0x113C, 0x7FDB, 0x10FA, 0x8009, 0x11D6, 0x7FE4, 0x11A9, 0x7FE4, 0x11C9, 0x7FD2, 0x1190, 0x7FB6, 0x10AC, 0x801C, 
	0x10F4, 0x7FF7, 0x11D3, 0x8095, 0x110A, 0x7FF7, 0x11F6, 0x8013, 0x11C2, 0x7FF7, 0x11D4, 0x7FDB, 0x1312, 0x7FDB, 0x1234, 0x7FC9, 
	0x1223, 0x804A, 0x117F, 0x8082, 0x1124, 0x7F5A, 0x11CA, 0x7FA4, 0x1198, 0x8070, 0x11D4, 0x8013, 0x1166, 0x7FAD, 0x1276, 0x7FD2, 
	0x11CD, 0x7F63, 0x120A, 0x8025, 0x12A5, 0x7FDB, 0x119E, 0x7FA4, 0x1229, 0x7F51, 0x1205, 0x7FDB, 0x12BF, 0x7FD2, 0x12A8, 0x8009, 
	0x117B, 0x7F6C, 0x1145, 0x7F3F, 0x1199, 0x7FC9, 0x127D, 0x8009, 0x11C4, 0x7FB6, 0x124A, 0x7EFF, 0x11BF, 0x7F51, 0x1253, 0x7FAD, 
	0x1294, 0x7F91, 0x1268, 0x8038, 0x1288, 0x7FBF, 0x1291, 0x7F9A, 0x129E, 0x7FF7, 0x12CC, 0x7F7F, 0x129F, 0x7FDB, 0x1259, 0x7FED, 
	0x1293, 0x7EFF, 0x122D, 0x7FE4, 0x127F, 0x8038, 0x125C, 0x7FA4, 0x12DB, 0x7F76, 0x12A0, 0x7F2C, 0x1208, 0x7FBF, 0x12BE, 0x7FAD, 
	0x11F7, 0x802E, 0x1288, 0x7FF7, 0x1270, 0x7FAD, 0x12F3, 0x7FAD, 0x12C6, 0x8009, 0x12B3, 0x8009, 0x125B, 0x804A, 0x124A, 0x7F5A, 
	0x12AE, 0x7F63, 0x1256, 0x8000, 0x12E9, 0x7FC9, 0x11BA, 0x8041, 0x11FB, 0x7FAD, 0x114D, 0x7FAD, 0x1295, 0x7FAD, 0x1349, 0x8009, 
	0x12B0, 0x7FF7, 0x13AF, 0x7F91, 0x127B, 0x7FED, 0x12D6, 0x7FF7, 0x125C, 0x8009, 0x118A, 0x7FD2, 0x11FB, 0x7FF7, 0x1346, 0x7FB6, 
	0x125D, 0x8041, 0x123A, 0x8009, 0x1269, 0x8013, 0x135B, 0x7FED, 0x126E, 0x8038, 0x1340, 0x7F9A, 0x121C, 0x8038, 0x11C4, 0x80A8, 
	0x11E4, 0x7FF7, 0x1247, 0x805D, 0x133B, 0x7FDB, 0x135D, 0x802E, 0x126A, 0x8013, 0x12A6, 0x8009, 0x12D0, 0x801C, 0x12D2, 0x808C, 
	0x11F9, 0x8054, 0x1331, 0x8079, 0x12D1, 0x8025, 0x12A2, 0x808C, 0x11EC, 0x804A, 0x1276, 0x8025, 0x12B0, 0x8013, 0x12F5, 0x7FF7, 
	0x129C, 0x8054, 0x1333, 0x8041, 0x12ED, 0x802E, 0x126A, 0x804A, 0x132C, 0x802E, 0x12EE, 0x7FDB, 0x127B, 0x8079, 0x1209, 0x804A, 
	0x12EA, 0x809E, 0x1274, 0x804A, 0x12DF, 0x8082, 0x121B, 0x808C, 0x11AE, 0x802E, 0x133F, 0x805D, 0x1298, 0x808C, 0x11EB, 0x8095, 
	0x129A, 0x80B1, 0x1188, 0x8038, 0x1168, 0x8095, 0x1270, 0x8082, 0x11A8, 0x80A8, 0x1149, 0x80B1, 0x11F0, 0x80A8, 0x1237, 0x80D6, 
	0x11F5, 0x80D6, 0x1279, 0x80C4, 0x1035, 0x808C, 0x108B, 0x810F, 0x1213, 0x80BA, 0x11F3, 0x812B, 0x1144, 0x812B, 0x118F, 0x8118, 
	0x111F, 0x80FC, 0x1125, 0x80E0, 0x1219, 0x810F, 0x1067, 0x80CD, 0x10CC, 0x80E0, 0x1189, 0x80E9, 0x1141, 0x812B, 0x10F0, 0x8147, 
	0x112A, 0x80E0, 0x1148, 0x8122, 0x111D, 0x8118, 0x1120, 0x818A, 0x1066, 0x8177, 0x10B4, 0x8147, 0x1124, 0x812B, 0x116D, 0x815A, 
	0x1149, 0x8164, 0x1080, 0x818A, 0x10D0, 0x81CC, 0x1061, 0x818A, 0x10A6, 0x81B0, 0x10A7, 0x8177, 0x10BA, 0x8193, 0x10EB, 0x81F2, 
	0x0EDB, 0x81B9, 0x10FD, 0x81CC, 0x10CB, 0x818A, 0x1050, 0x81CC, 0x0FE3, 0x820F, 0x0FBA, 0x81CC, 0x0F8C, 0x8177, 0x1017, 0x81DF, 
	0x0FB9, 0x822C, 0x0FDE, 0x81F2, 0x0FDF, 0x823F, 0x1052, 0x8164, 0x110E, 0x820F, 0x1097, 0x81E9, 0x1048, 0x8222, 0x0FC7, 0x8252, 
	0x0F73, 0x81DF, 0x1019, 0x8252, 0x0F7A, 0x828C, 0x0FCE, 0x829F, 0x0FB3, 0x8282, 0x106B, 0x815A, 0x1086, 0x81E9, 0x0FAD, 0x81D6, 
	0x0F48, 0x822C, 0x0FDA, 0x828C, 0x105E, 0x818A, 0x10B3, 0x81F2, 0x0F9D, 0x81D6, 0x104A, 0x822C, 0x0FC7, 0x828C, 0x0FCB, 0x81B9, 
	0x1026, 0x8205, 0x10C7, 0x81B9, 0x1096, 0x8265, 0x1044, 0x8248, 0x1027, 0x820F, 0x0FEB, 0x822C, 0x10B7, 0x823F, 0x10C4, 0x829F, 
	0x103D, 0x82F6, 0x10B4, 0x8219, 0x104B, 0x82C6, 0x111C, 0x8252, 0x10DA, 0x82C6, 0x101C, 0x82E3, 0x1152, 0x82C6, 0x10E8, 0x82CF, 
	0x110E, 0x823F, 0x1037, 0x82D9, 0x10D7, 0x823F, 0x1042, 0x8222, 0x105A, 0x82E3, 0x111C, 0x8235, 0x1169, 0x822C, 0x109D, 0x82BC, 
	0x115E, 0x825C, 0x10F0, 0x82EC, 0x1186, 0x8279, 0x10DE, 0x8252, 0x1041, 0x823F, 0x118B, 0x82BC, 0x10E7, 0x82B2, 0x123F, 0x8235, 
	0x1110, 0x8295, 0x1047, 0x828C, 0x10BC, 0x8282, 0x112E, 0x82BC, 0x108B, 0x82A9, 0x10CC, 0x8265, 0x108B, 0x8248, 0x10D8, 0x82A9, 
	0x1156, 0x82BC, 0x1252, 0x82A9, 0x0F7C, 0x8295, 0x116B, 0x82E3, 0x1211, 0x826F, 0x10CF, 0x82A9, 0x1252, 0x82A9, 0x1232, 0x82D9, 
	0x1116, 0x8265, 0x1070, 0x82EC, 0x10DD, 0x8313, 0x111D, 0x8327, 0x1120, 0x833A, 0x10B3, 0x831D, 0x1155, 0x82B2, 0x115D, 0x8327, 
	0x1200, 0x82F6, 0x1226, 0x8357, 0x1286, 0x82EC, 0x11F7, 0x82C6, 0x1281, 0x8309, 0x1152, 0x8327, 0x1268, 0x8313, 0x11E8, 0x8361, 
	0x11D8, 0x828C, 0x11C6, 0x82B2, 0x12C2, 0x8361, 0x1282, 0x837E, 0x1241, 0x82CF, 0x137F, 0x82C6, 0x1287, 0x8327, 0x11FD, 0x8327, 
	0x123C, 0x82B2, 0x12E6, 0x837E, 0x1207, 0x83A6, 0x1282, 0x82B2, 0x1269, 0x836B, 0x12D8, 0x8300, 0x1240, 0x83C3, 0x121E, 0x83E0, 
	0x1288, 0x83E0, 0x131B, 0x83D7, 0x12AA, 0x8388, 0x136A, 0x8425, 0x13C0, 0x83EA, 0x1355, 0x83A6, 0x123A, 0x83FE, 0x1388, 0x83A6, 
	0x140D, 0x8357, 0x13C3, 0x842F, 0x1453, 0x842F, 0x1351, 0x84D8, 0x13B5, 0x8578, 0x13DA, 0x8578, 0x1226, 0x82EC, 0x123E, 0x82C6, 
	0x1249, 0x8300, 0x1272, 0x82BC, 0x1215, 0x82A9, 0x11A0, 0x823F, 0x11F7, 0x8279, 0x11CF, 0x8295, 0x1275, 0x8222, 0x1202, 0x8282, 
	0x12B7, 0x8265, 0x1268, 0x822C, 0x11FA, 0x81FC, 0x12B5, 0x8222, 0x11D2, 0x81FC, 0x11B8, 0x8235, 0x128E, 0x8122, 0x12F2, 0x81CC, 
	0x1249, 0x81B9, 0x1220, 0x820F, 0x11FB, 0x81D6, 0x11D1, 0x8180, 0x1144, 0x812B, 0x12EC, 0x815A, 0x11CD, 0x81C3, 0x120C, 0x8193, 
	0x1235, 0x80D6, 0x1223, 0x812B, 0x1299, 0x812B, 0x1256, 0x8177, 0x11BA, 0x80CD, 0x11F7, 0x809E, 0x1278, 0x80E0, 0x12DE, 0x8122, 
	0x11A7, 0x8118, 0x118C, 0x8151, 0x127F, 0x80E9, 0x121B, 0x8118, 0x128D, 0x8105, 0x1222, 0x8180, 0x1235, 0x8095, 0x1274, 0x81FC, 
	0x12FB, 0x80E9, 0x128E, 0x8105, 0x1229, 0x80E0, 0x1162, 0x8105, 0x11D2, 0x813E, 0x1298, 0x80BA, 0x1185, 0x80CD, 0x11B2, 0x80C4, 
	0x129B, 0x80FC, 0x13E4, 0x804A, 0x1308, 0x8118, 0x127B, 0x802E, 0x128B, 0x80E0, 0x12A1, 0x8079, 0x1291, 0x8041, 0x12F8, 0x8105, 
	0x127A, 0x805D, 0x11EA, 0x809E, 0x1169, 0x809E, 0x12D5, 0x8013, 0x11F8, 0x80E0, 0x12F1, 0x808C, 0x11F4, 0x804A, 0x1259, 0x8066, 
	0x12C6, 0x7FF7, 0x1276, 0x80E9, 0x1279, 0x8025, 0x11A3, 0x7FF7, 0x1185, 0x7FF7, 0x119A, 0x8009, 0x11DC, 0x805D, 0x1249, 0x8054, 
	0x1272, 0x802E, 0x129A, 0x801C, 0x10DF, 0x7FE4, 0x1232, 0x8082, 0x11CB, 0x80BA, 0x11ED, 0x804A, 0x1183, 0x7FE4, 0x11D4, 0x7FED, 
	0x11EB, 0x8000, 0x117B, 0x804A, 0x109D, 0x801C, 0x1191, 0x804A, 0x119C, 0x8025, 0x11EB, 0x8054, 0x10B7, 0x801C, 0x1125, 0x8054, 
	0x1178, 0x7FE4, 0x10FD, 0x8013, 0x127D, 0x8000, 0x1155, 0x8038, 0x1174, 0x7F1A, 0x1157, 0x8009, 0x1097, 0x7F6C, 0x113C, 0x7FDB, 
	0x10FA, 0x8009, 0x11D6, 0x7FE4, 0x11A9, 0x7FE4, 0x11C9, 0x7FD2, 0x1190, 0x7FB6, 0x10AC, 0x801C, 0x10F4, 0x7FF7, 0x11D3, 0x8095, 
	0x110A, 0x7FF7, 0x11F6, 0x8013, 0x11C2, 0x7FF7, 0x11D4, 0x7FDB, 0x1312, 0x7FDB, 0x1234, 0x7FC9, 0x1223, 0x804A, 0x117F, 0x8082, 
	0x1124, 0x7F5A, 0x11CA, 0x7FA4, 0x1198, 0x8070, 0x11D4, 0x8013, 0x1166, 0x7FAD, 0x1276, 0x7FD2, 0x11CD, 0x7F63, 0x120A, 0x8025, 
	0x12A5, 0x7FDB, 0x119E, 0x7FA4, 0x1229, 0x7F51, 0x1205, 0x7FDB, 0x12BF, 0x7FD2, 0x12A8, 0x8009, 0x117B, 0x7F6C, 0x1145, 0x7F3F, 
	0x1199, 0x7FC9, 0x127D, 0x8009, 0x11C4, 0x7FB6, 0x124A, 0x7EFF, 0x11BF, 0x7F51, 0x1253, 0x7FAD, 0x1294, 0x7F91, 0x1268, 0x8038, 
	0x1288, 0x7FBF, 0x1291, 0x7F9A, 0x129E, 0x7FF7, 0x12CC, 0x7F7F, 0x129F, 0x7FDB, 0x1259, 0x7FED, 0x1293, 0x7EFF, 0x122D, 0x7FE4, 
	0x127F, 0x8038, 0x125C, 0x7FA4, 0x12DB, 0x7F76, 0x12A0, 0x7F2C, 0x1208, 0x7FBF, 0x12BE, 0x7FAD, 0x11F7, 0x802E, 0x1288, 0x7FF7, 
	0x1270, 0x7FAD, 0x12F3, 0x7FAD, 0x12C6, 0x8009, 0x12B3, 0x8009, 0x125B, 0x804A, 0x124A, 0x7F5A, 0x12AE, 0x7F63, 0x1256, 0x8000, 
	0x12E9, 0x7FC9, 0x11BA, 0x8041, 0x11FB, 0x7FAD, 0x114D, 0x7FAD, 0x1295, 0x7FAD, 0x1349, 0x8009, 0x12B0, 0x7FF7, 0x13AF, 0x7F91, 
	0x127B, 0x7FED, 0x12D6, 0x7FF7, 0x125C, 0x8009, 0x118A, 0x7FD2, 0x11FB, 0x7FF7, 0x1346, 0x7FB6, 0x125D, 0x8041, 0x123A, 0x8009, 
	0x1269, 0x8013, 0x135B, 0x7FED, 0x126E, 0x8038, 0x1340, 0x7F9A, 0x121C, 0x8038, 0x11C4, 0x80A8, 0x11E4, 0x7FF7, 0x1247, 0x805D, 
	0x133B, 0x7FDB, 0x135D, 0x802E, 0x126A, 0x8013, 0x12A6, 0x8009, 0x12D0, 0x801C, 0x12D2, 0x808C, 0x11F9, 0x8054, 0x1331, 0x8079, 
	0x12D1, 0x8025, 0x12A2, 0x808C, 0x11EC, 0x804A, 0x1276, 0x8025, 0x12B0, 0x8013, 0x12F5, 0x7FF7, 0x129C, 0x8054, 0x1333, 0x8041, 
	0x12ED, 0x802E, 0x126A, 0x804A, 0x132C, 0x802E, 0x12EE, 0x7FDB, 0x127B, 0x8079, 0x1209, 0x804A, 0x12EA, 0x809E, 0x1274, 0x804A, 
	0x12DF, 0x8082, 0x121B, 0x808C, 0x11AE, 0x802E, 0x133F, 0x805D, 0x1298, 0x808C, 0x11EB, 0x8095, 0x129A, 0x80B1, 0x1188, 0x8038, 
	0x1168, 0x8095, 0x1270, 0x8082, 0x11A8, 0x80A8, 0x1149, 0x80B1, 0x11F0, 0x80A8, 0x1237, 0x80D6, 0x11F5, 0x80D6, 0x1279, 0x80C4, 
	0x1035, 0x808C, 0x108B, 0x810F, 0x1213, 0x80BA, 0x11F3, 0x812B, 0x1144, 0x812B, 0x118F, 0x8118, 0x111F, 0x80FC, 0x1125, 0x80E0, 
	0x1219, 0x810F, 0x1067, 0x80CD, 0x10CC, 0x80E0, 0x1189, 0x80E9, 0x1141, 0x812B, 0x10F0, 0x8147, 0x112A, 0x80E0, 0x1148, 0x8122, 
	0x111D, 0x8118, 0x1120, 0x818A, 0x1066, 0x8177, 0x10B4, 0x8147, 0x1124, 0x812B, 0x116D, 0x815A, 0x1149, 0x8164, 0x1080, 0x818A, 
	0x10D0, 0x81CC, 0x1061, 0x818A, 0x10A6, 0x81B0, 0x10A7, 0x8177, 0x10BA, 0x8193, 0x10EB, 0x81F2, 0x0EDB, 0x81B9, 0x10FD, 0x81CC, 
	0x1144, 0x82BC, 0x1266, 0x833A, 0x11E2, 0x8357, 0x1266, 0x831D, 0x11CC, 0x82E3, 0x11B1, 0x828C, 0x120A, 0x8252, 0x117F, 0x82B2, 
	0x1111, 0x8309, 0x11D9, 0x8282, 0x1275, 0x8265, 0x120C, 0x8252, 0x1108, 0x822C, 0x12A3, 0x826F, 0x117F, 0x81F2, 0x1136, 0x820F, 
	0x1280, 0x8122, 0x12A7, 0x81E9, 0x1188, 0x81E9, 0x1166, 0x81F2, 0x117A, 0x81FC, 0x11A4, 0x81A6, 0x113B, 0x818A, 0x12AA, 0x81F2, 
	0x1218, 0x81F2, 0x11CB, 0x81DF, 0x11C7, 0x8135, 0x11CE, 0x816D, 0x11EA, 0x816D, 0x1251, 0x8180, 0x11BB, 0x8177, 0x112F, 0x8105, 
	0x11E9, 0x805D, 0x1295, 0x81B9, 0x1126, 0x81A6, 0x1104, 0x81A6, 0x128B, 0x80E0, 0x122B, 0x8151, 0x11F5, 0x8135, 0x122C, 0x8147, 
	0x124F, 0x80CD, 0x122B, 0x810F, 0x11D6, 0x80E0, 0x11A2, 0x8105, 0x1119, 0x80D6, 0x10FF, 0x80FC, 0x1100, 0x8118, 0x1213, 0x812B, 
	0x113F, 0x805D, 0x11A9, 0x80CD, 0x1231, 0x8147, 0x12BE, 0x80CD, 0x1229, 0x8122, 0x1280, 0x8079, 0x11D2, 0x80E0, 0x1243, 0x80FC, 
	0x1200, 0x808C, 0x11D1, 0x8105, 0x1280, 0x8070, 0x1160, 0x8079, 0x110E, 0x80C4, 0x12B3, 0x804A, 0x1118, 0x8070, 0x1216, 0x8079, 
	0x1143, 0x801C, 0x1255, 0x8054, 0x12B8, 0x8066, 0x1221, 0x8079, 0x1246, 0x808C, 0x111B, 0x809E, 0x11C6, 0x801C, 0x1126, 0x8013, 
	0x1173, 0x8066, 0x11D0, 0x8095, 0x111F, 0x8038, 0x11D5, 0x804A, 0x1119, 0x7F9A, 0x11F3, 0x8079, 0x115F, 0x8054, 0x111A, 0x8054, 
	0x10D4, 0x8009, 0x1112, 0x8038, 0x1210, 0x804A, 0x10D5, 0x8082, 0x1082, 0x805D, 0x1121, 0x7FBF, 0x111E, 0x8009, 0x117E, 0x8041, 
	0x0FE2, 0x8000, 0x106B, 0x8082, 0x1145, 0x8025, 0x10AE, 0x801C, 0x1190, 0x8013, 0x106F, 0x801C, 0x107E, 0x8070, 0x10D3, 0x808C, 
	0x1042, 0x7F88, 0x105F, 0x7FDB, 0x101F, 0x7FB6, 0x117F, 0x8041, 0x118D, 0x7FD2, 0x1191, 0x8041, 0x10BC, 0x7FBF, 0x1057, 0x8038, 
	0x10DD, 0x808C, 0x1120, 0x808C, 0x114F, 0x7FF7, 0x1182, 0x7FC9, 0x115A, 0x8000, 0x1147, 0x8000, 0x122E, 0x8054, 0x10EB, 0x7FE4, 
	0x10E5, 0x7F7F, 0x1137, 0x802E, 0x1155, 0x7FC9, 0x120D, 0x7FC9, 0x1126, 0x808C, 0x10E4, 0x7FF7, 0x10E0, 0x7F9A, 0x1219, 0x802E, 
	0x1198, 0x7FF7, 0x1202, 0x802E, 0x1220, 0x801C, 0x1155, 0x7FA4, 0x11D1, 0x7FD2, 0x10EB, 0x7FDB, 0x1208, 0x7FBF, 0x117A, 0x8041, 
	0x117B, 0x7F2C, 0x10EB, 0x8000, 0x115C, 0x7FD2, 0x1138, 0x8025, 0x113F, 0x7F63, 0x1211, 0x7F9A, 0x118D, 0x7FA4, 0x11A5, 0x8009, 
	0x1223, 0x8013, 0x11D7, 0x8038, 0x11BD, 0x7F88, 0x1221, 0x7F76, 0x120A, 0x801C, 0x124E, 0x8054, 0x1278, 0x8066, 0x123C, 0x7FB6, 
	0x11BE, 0x7F36, 0x11FF, 0x7FDB, 0x1240, 0x801C, 0x124A, 0x7FF7, 0x121B, 0x7F91, 0x123F, 0x7F76, 0x11F9, 0x7FF7, 0x121B, 0x7FDB, 
	0x120C, 0x7FB6, 0x123D, 0x808C, 0x1257, 0x7FF7, 0x1261, 0x7F9A, 0x1285, 0x8013, 0x12FD, 0x8038, 0x1184, 0x80A8, 0x1180, 0x7F5A, 
	0x11CF, 0x7F9A, 0x11D8, 0x8013, 0x1276, 0x7FAD, 0x1133, 0x80B1, 0x1189, 0x7F63, 0x10D4, 0x8000, 0x1219, 0x7FDB, 0x12E5, 0x805D, 
	0x1209, 0x7FD2, 0x129B, 0x8054, 0x11B3, 0x8025, 0x1221, 0x8000, 0x11FD, 0x801C, 0x1130, 0x8079, 0x115F, 0x8025, 0x12A0, 0x8025, 
	0x1212, 0x7FC9, 0x121A, 0x8041, 0x1173, 0x8054, 0x1262, 0x802E, 0x122E, 0x8070, 0x1282, 0x8013, 0x11BF, 0x8025, 0x11BD, 0x7FDB, 
	0x1178, 0x7FF7, 0x11DD, 0x808C, 0x12C9, 0x7FD2, 0x1305, 0x8038, 0x11D7, 0x8000, 0x1260, 0x8013, 0x11BD, 0x8025, 0x12A1, 0x80B1, 
	0x117C, 0x805D, 0x1309, 0x80BA, 0x1258, 0x8054, 0x11E3, 0x80C4, 0x1105, 0x8082, 0x11CE, 0x8054, 0x127E, 0x8025, 0x12A5, 0x8000, 
	0x1202, 0x8025, 0x1278, 0x805D, 0x1241, 0x7FC9, 0x1136, 0x8025, 0x12AF, 0x8054, 0x12D7, 0x8070, 0x11AA, 0x8079, 0x11D9, 0x8041, 
	0x12E5, 0x8070, 0x1246, 0x8082, 0x1257, 0x808C, 0x117C, 0x80BA, 0x1193, 0x8082, 0x12AD, 0x8038, 0x122F, 0x8079, 0x11A0, 0x8054, 
	0x11F3, 0x80F3, 0x1104, 0x80E9, 0x1114, 0x8082, 0x1220, 0x8079, 0x1185, 0x80D6, 0x11B5, 0x809E, 0x1183, 0x80C4, 0x127C, 0x80F3, 
	0x111C, 0x809E, 0x11F6, 0x80CD, 0x1057, 0x80E0, 0x1019, 0x8122, 0x11B3, 0x813E, 0x1103, 0x8147, 0x1068, 0x80E0, 0x115D, 0x813E, 
	0x1079, 0x816D, 0x10AA, 0x8118, 0x1109, 0x80CD, 0x0FD3, 0x80C4, 0x1082, 0x8151, 0x117A, 0x816D, 0x1090, 0x81C3, 0x101F, 0x8180, 
	0x10A2, 0x80F3, 0x10E1, 0x8122, 0x10DD, 0x818A, 0x10DE, 0x8177, 0x0F5E, 0x8177, 0x1086, 0x819D, 0x10C8, 0x815A, 0x1110, 0x8177, 
	0x10F7, 0x8193, 0x1001, 0x81FC, 0x10EA, 0x818A, 0x1018, 0x818A, 0x1081, 0x81F2, 0x1093, 0x81D6, 0x1073, 0x820F, 0x1076, 0x81B9, 
	0x0EF8, 0x815A, 0x1062, 0x81DF, 0x1057, 0x81E9, 0x1041, 0x819D, 0x0F2A, 0x8235, 0x0F9E, 0x822C, 0x0F42, 0x819D, 0x101B, 0x8235, 
	0x0FA8, 0x826F, 0x0FD6, 0x8235, 0x0FCB, 0x8219, 0x0FD7, 0x818A, 0x1091, 0x8248, 0x1018, 0x82A9, 0x1074, 0x8252, 0x0F94, 0x8252, 
	0x0F38, 0x81DF, 0x0F5F, 0x82A9, 0x0F3B, 0x826F, 0x0FD6, 0x8265, 0x0EF9, 0x8295, 0x0FAA, 0x8177, 0x0FA1, 0x8252, 0x0F7D, 0x829F, 
	0x0EEC, 0x8248, 0x0EE5, 0x8309, 0x10AA, 0x8164, 0x0FD4, 0x81B9, 0x0F7A, 0x8279, 0x0F87, 0x829F, 0x0F73, 0x82D9, 0x0F67, 0x81D6, 
	0x0FB6, 0x822C, 0x107D, 0x8252, 0x1014, 0x8282, 0x0FFA, 0x8282, 0x0FBF, 0x8265, 0x0F7F, 0x823F, 0x1044, 0x828C, 0x1024, 0x8282, 
	0x1023, 0x82D9, 0x0FCD, 0x8235, 0x1006, 0x8313, 0x10E0, 0x829F, 0x0FF1, 0x82E3, 0x0FE9, 0x833A, 0x111A, 0x82C6, 0x111D, 0x8330, 
	0x10B3, 0x8248, 0x101D, 0x82A9, 0x0FF1, 0x82EC, 0x0FFB, 0x8282, 0x0FAB, 0x8309, 0x10AE, 0x82D9, 0x106A, 0x826F, 0x1021, 0x82A9, 
	0x110A, 0x8295, 0x1086, 0x82CF, 0x1110, 0x82E3, 0x1060, 0x822C, 0x103D, 0x8295, 0x108C, 0x829F, 0x105E, 0x8282, 0x11B2, 0x8282, 
	0x10C6, 0x82C6, 0x1060, 0x82CF, 0x10BC, 0x831D, 0x1169, 0x82F6, 0x111A, 0x82A9, 0x0FF5, 0x829F, 0x104D, 0x82EC, 0x108D, 0x8392, 
	0x10CB, 0x8300, 0x116C, 0x8327, 0x0FA3, 0x8330, 0x10E0, 0x82BC, 0x11DB, 0x826F, 0x10A6, 0x82D9, 0x11AD, 0x82D9, 0x11DD, 0x82B2, 
	0x10FE, 0x8295, 0x0FDF, 0x82CF, 0x10B3, 0x82D9, 0x108C, 0x833A, 0x10D0, 0x8327, 0x10AC, 0x8344, 0x1106, 0x82E3, 0x116D, 0x8375, 
	0x11F6, 0x83B9, 0x1176, 0x8361, 0x11E2, 0x8361, 0x1166, 0x82D9, 0x1277, 0x8309, 0x1126, 0x8344, 0x11E0, 0x82D9, 0x1198, 0x831D, 
	0x11AA, 0x8309, 0x11C0, 0x82EC, 0x1268, 0x8361, 0x11CF, 0x8330, 0x1176, 0x8330, 0x12DF, 0x8309, 0x1263, 0x8300, 0x1192, 0x836B, 
	0x11C6, 0x8357, 0x1201, 0x83A6, 0x10E6, 0x8344, 0x1220, 0x831D, 0x11CA, 0x8375, 0x125A, 0x83AF, 0x121F, 0x83A6, 0x112D, 0x8457, 
	0x117B, 0x8412, 0x129F, 0x8425, 0x1269, 0x8408, 0x136D, 0x8408, 0x12E9, 0x8492, 0x1292, 0x841B, 0x126C, 0x8309, 0x139C, 0x83D7, 
	0x1340, 0x83FE, 0x12CF, 0x847E, 0x1402, 0x847E, 0x133D, 0x84C4, 0x13A8, 0x855A, 0x136F, 0x8597, 0x1144, 0x82BC, 0x1266, 0x833A, 
	0x11E2, 0x8357, 0x1266, 0x831D, 0x11CC, 0x82E3, 0x11B1, 0x828C, 0x120A, 0x8252, 0x117F, 0x82B2, 0x1111, 0x8309, 0x11D9, 0x8282, 
	0x1275, 0x8265, 0x120C, 0x8252, 0x1108, 0x822C, 0x12A3, 0x826F, 0x117F, 0x81F2, 0x1136, 0x820F, 0x1280, 0x8122, 0x12A7, 0x81E9, 
	0x1188, 0x81E9, 0x1166, 0x81F2, 0x117A, 0x81FC, 0x11A4, 0x81A6, 0x113B, 0x818A, 0x12AA, 0x81F2, 0x1218, 0x81F2, 0x11CB, 0x81DF, 
	0x11C7, 0x8135, 0x11CE, 0x816D, 0x11EA, 0x816D, 0x1251, 0x8180, 0x11BB, 0x8177, 0x112F, 0x8105, 0x11E9, 0x805D, 0x1295, 0x81B9, 
	0x1126, 0x81A6, 0x1104, 0x81A6, 0x128B, 0x80E0, 0x122B, 0x8151, 0x11F5, 0x8135, 0x122C, 0x8147, 0x124F, 0x80CD, 0x122B, 0x810F, 
	0x11D6, 0x80E0, 0x11A2, 0x8105, 0x1119, 0x80D6, 0x10FF, 0x80FC, 0x1100, 0x8118, 0x1213, 0x812B, 0x113F, 0x805D, 0x11A9, 0x80CD, 
	0x1231, 0x8147, 0x12BE, 0x80CD, 0x1229, 0x8122, 0x1280, 0x8079, 0x11D2, 0x80E0, 0x1243, 0x80FC, 0x1200, 0x808C, 0x11D1, 0x8105, 
	0x1280, 0x8070, 0x1160, 0x8079, 0x110E, 0x80C4, 0x12B3, 0x804A, 0x1118, 0x8070, 0x1216, 0x8079, 0x1143, 0x801C, 0x1255, 0x8054, 
	0x12B8, 0x8066, 0x1221, 0x8079, 0x1246, 0x808C, 0x111B, 0x809E, 0x11C6, 0x801C, 0x1126, 0x8013, 0x1173, 0x8066, 0x11D0, 0x8095, 
	0x111F, 0x8038, 0x11D5, 0x804A, 0x1119, 0x7F9A, 0x11F3, 0x8079, 0x115F, 0x8054, 0x111A, 0x8054, 0x10D4, 0x8009, 0x1112, 0x8038, 
	0x1210, 0x804A, 0x10D5, 0x8082, 0x1082, 0x805D, 0x1121, 0x7FBF, 0x111E, 0x8009, 0x117E, 0x8041, 0x0FE2, 0x8000, 0x106B, 0x8082, 
	0x1145, 0x8025, 0x10AE, 0x801C, 0x1190, 0x8013, 0x106F, 0x801C, 0x107E, 0x8070, 0x10D3, 0x808C, 0x1042, 0x7F88, 0x105F, 0x7FDB, 
	0x101F, 0x7FB6, 0x117F, 0x8041, 0x118D, 0x7FD2, 0x1191, 0x8041, 0x10BC, 0x7FBF, 0x1057, 0x8038, 0x10DD, 0x808C, 0x1120, 0x808C, 
	0x114F, 0x7FF7, 0x1182, 0x7FC9, 0x115A, 0x8000, 0x1147, 0x8000, 0x122E, 0x8054, 0x10EB, 0x7FE4, 0x10E5, 0x7F7F, 0x1137, 0x802E, 
	0x1155, 0x7FC9, 0x120D, 0x7FC9, 0x1126, 0x808C, 0x10E4, 0x7FF7, 0x10E0, 0x7F9A, 0x1219, 0x802E, 0x1198, 0x7FF7, 0x1202, 0x802E, 
	0x1220, 0x801C, 0x1155, 0x7FA4, 0x11D1, 0x7FD2, 0x10EB, 0x7FDB, 0x1208, 0x7FBF, 0x117A, 0x8041, 0x117B, 0x7F2C, 0x10EB, 0x8000, 
	0x115C, 0x7FD2, 0x1138, 0x8025, 0x113F, 0x7F63, 0x1211, 0x7F9A, 0x118D, 0x7FA4, 0x11A5, 0x8009, 0x1223, 0x8013, 0x11D7, 0x8038, 
	0x11BD, 0x7F88, 0x1221, 0x7F76, 0x120A, 0x801C, 0x124E, 0x8054, 0x1278, 0x8066, 0x123C, 0x7FB6, 0x11BE, 0x7F36, 0x11FF, 0x7FDB, 
	0x1240, 0x801C, 0x124A, 0x7FF7, 0x121B, 0x7F91, 0x123F, 0x7F76, 0x11F9, 0x7FF7, 0x121B, 0x7FDB, 0x120C, 0x7FB6, 0x123D, 0x808C, 
	0x1257, 0x7FF7, 0x1261, 0x7F9A, 0x1285, 0x8013, 0x12FD, 0x8038, 0x1184, 0x80A8, 0x1180, 0x7F5A, 0x11CF, 0x7F9A, 0x11D8, 0x8013, 
	0x1276, 0x7FAD, 0x1133, 0x80B1, 0x1189, 0x7F63, 0x10D4, 0x8000, 0x1219, 0x7FDB, 0x12E5, 0x805D, 0x1209, 0x7FD2, 0x129B, 0x8054, 
	0x11B3, 0x8025, 0x1221, 0x8000, 0x11FD, 0x801C, 0x1130, 0x8079, 0x115F, 0x8025, 0x12A0, 0x8025, 0x1212, 0x7FC9, 0x121A, 0x8041, 
	0x1173, 0x8054, 0x1262, 0x802E, 0x122E, 0x8070, 0x1282, 0x8013, 0x11BF, 0x8025, 0x11BD, 0x7FDB, 0x1178, 0x7FF7, 0x11DD, 0x808C, 
	0x12C9, 0x7FD2, 0x1305, 0x8038, 0x11D7, 0x8000, 0x1260, 0x8013, 0x11BD, 0x8025, 0x12A1, 0x80B1, 0x117C, 0x805D, 0x1309, 0x80BA, 
	0x1258, 0x8054, 0x11E3, 0x80C4, 0x1105, 0x8082, 0x11CE, 0x8054, 0x127E, 0x8025, 0x12A5, 0x8000, 0x1202, 0x8025, 0x1278, 0x805D, 
	0x1241, 0x7FC9, 0x1136, 0x8025, 0x12AF, 0x8054, 0x12D7, 0x8070, 0x11AA, 0x8079, 0x11D9, 0x8041, 0x12E5, 0x8070, 0x1246, 0x8082, 
	0x1257, 0x808C, 0x117C, 0x80BA, 0x1193, 0x8082, 0x12AD, 0x8038, 0x122F, 0x8079, 0x11A0, 0x8054, 0x11F3, 0x80F3, 0x1104, 0x80E9, 
	0x1114, 0x8082, 0x1220, 0x8079, 0x1185, 0x80D6, 0x11B5, 0x809E, 0x1183, 0x80C4, 0x127C, 0x80F3, 0x111C, 0x809E, 0x11F6, 0x80CD, 
	0x1057, 0x80E0, 0x1019, 0x8122, 0x11B3, 0x813E, 0x1103, 0x8147, 0x1068, 0x80E0, 0x115D, 0x813E, 0x1079, 0x816D, 0x10AA, 0x8118, 
	0x1109, 0x80CD, 0x0FD3, 0x80C4, 0x1082, 0x8151, 0x117A, 0x816D, 0x1090, 0x81C3, 0x101F, 0x8180, 0x10A2, 0x80F3, 0x10E1, 0x8122, 
	0x10DD, 0x818A, 0x10DE, 0x8177, 0x0F5E, 0x8177, 0x1086, 0x819D, 0x10C8, 0x815A, 0x1110, 0x8177, 0x10F7, 0x8193, 0x1001, 0x81FC, 
	0x10EA, 0x818A, 0x1018, 0x818A, 0x1081, 0x81F2, 0x1093, 0x81D6, 0x1073, 0x820F, 0x1076, 0x81B9, 0x0EF8, 0x815A, 0x1062, 0x81DF, 
	0x12A3, 0x826F, 0x11F4, 0x82EC, 0x1226, 0x836B, 0x1254, 0x8309, 0x11E4, 0x82C6, 0x11CE, 0x8252, 0x12BA, 0x820F, 0x123C, 0x82C6, 
	0x128F, 0x8282, 0x1183, 0x822C, 0x1221, 0x825C, 0x1284, 0x81E9, 0x11BD, 0x8235, 0x12CA, 0x8252, 0x11F6, 0x818A, 0x11E0, 0x81CC, 
	0x1324, 0x81B0, 0x12D6, 0x820F, 0x1224, 0x8235, 0x126B, 0x825C, 0x1211, 0x818A, 0x1256, 0x81C3, 0x125E, 0x8177, 0x12FE, 0x8177, 
	0x1246, 0x818A, 0x126D, 0x819D, 0x12DB, 0x812B, 0x1313, 0x819D, 0x1220, 0x8193, 0x1273, 0x8151, 0x11A9, 0x813E, 0x11F1, 0x80CD, 
	0x12D5, 0x80E0, 0x128C, 0x816D, 0x113B, 0x8193, 0x1229, 0x8151, 0x12D2, 0x80C4, 0x1344, 0x80C4, 0x1369, 0x810F, 0x128E, 0x810F, 
	0x11AC, 0x80A8, 0x1164, 0x80C4, 0x12EA, 0x8105, 0x11AB, 0x80C4, 0x1216, 0x80E0, 0x123F, 0x8118, 0x117B, 0x80C4, 0x11EB, 0x809E, 
	0x11AD, 0x809E, 0x11D4, 0x80A8, 0x125B, 0x80E0, 0x132D, 0x808C, 0x12D9, 0x80BA, 0x12E4, 0x80E0, 0x1267, 0x80B1, 0x11F1, 0x8122, 
	0x12D2, 0x80B1, 0x11F6, 0x804A, 0x12CC, 0x8054, 0x11A5, 0x8070, 0x116C, 0x8066, 0x11B0, 0x8070, 0x1199, 0x808C, 0x12FA, 0x805D, 
	0x11D1, 0x8054, 0x1271, 0x8038, 0x12FA, 0x8079, 0x11C7, 0x804A, 0x1185, 0x8079, 0x124D, 0x802E, 0x126D, 0x8013, 0x114D, 0x7FDB, 
	0x10A3, 0x7FC9, 0x1262, 0x7FE4, 0x11D7, 0x8054, 0x12AB, 0x8009, 0x11BA, 0x7FED, 0x1227, 0x7FE4, 0x11E8, 0x8041, 0x1168, 0x7FD2, 
	0x11E0, 0x7FB6, 0x1226, 0x8082, 0x11FB, 0x8013, 0x1166, 0x7FED, 0x10D6, 0x7FF7, 0x1220, 0x8025, 0x1194, 0x7FC9, 0x118A, 0x7FE4, 
	0x1074, 0x8013, 0x1134, 0x7FDB, 0x1215, 0x7FDB, 0x10E6, 0x7FC9, 0x123E, 0x8025, 0x10EA, 0x8054, 0x113E, 0x7FED, 0x11AD, 0x8013, 
	0x1020, 0x7FAD, 0x1182, 0x7FD2, 0x110C, 0x8038, 0x11F7, 0x7FB6, 0x1166, 0x8009, 0x11A5, 0x7FA4, 0x119C, 0x7FA4, 0x10EF, 0x805D, 
	0x11AC, 0x8079, 0x1172, 0x802E, 0x10BB, 0x7FF7, 0x1182, 0x7FF7, 0x11D7, 0x7FF7, 0x11E7, 0x8013, 0x12A2, 0x8013, 0x1198, 0x809E, 
	0x1214, 0x7FD2, 0x113A, 0x8038, 0x1210, 0x8038, 0x11C4, 0x7FF7, 0x1176, 0x802E, 0x11D5, 0x802E, 0x119F, 0x7F76, 0x12AD, 0x801C, 
	0x11CB, 0x7FF7, 0x1208, 0x809E, 0x122A, 0x8000, 0x119C, 0x7FAD, 0x11E2, 0x7FD2, 0x1121, 0x7FED, 0x11E4, 0x8000, 0x12DA, 0x8000, 
	0x1134, 0x7F91, 0x10DE, 0x7FED, 0x121F, 0x7FD2, 0x11CC, 0x7F76, 0x11DD, 0x7FC9, 0x122B, 0x7F51, 0x1170, 0x7F63, 0x1198, 0x7FC9, 
	0x1276, 0x8013, 0x121B, 0x8054, 0x12D1, 0x7FE4, 0x1276, 0x7F6C, 0x1263, 0x8013, 0x12BE, 0x8079, 0x123E, 0x8038, 0x11C2, 0x7FDB, 
	0x1264, 0x7F76, 0x124F, 0x7FB6, 0x1207, 0x805D, 0x1252, 0x7FBF, 0x12A0, 0x7FE4, 0x128E, 0x7FD2, 0x122F, 0x7F9A, 0x1231, 0x8000, 
	0x11F9, 0x8038, 0x11E2, 0x7FE4, 0x12CF, 0x7FD2, 0x12D9, 0x7FDB, 0x11D1, 0x802E, 0x1303, 0x802E, 0x11D5, 0x8041, 0x1232, 0x7F88, 
	0x12DC, 0x7FF7, 0x1270, 0x804A, 0x12AE, 0x8025, 0x1213, 0x8054, 0x125C, 0x7FDB, 0x1123, 0x7FE4, 0x1248, 0x7FF7, 0x132C, 0x802E, 
	0x1198, 0x8041, 0x11B9, 0x8013, 0x11F5, 0x7F91, 0x12A1, 0x8000, 0x131B, 0x7FDB, 0x11A0, 0x804A, 0x119C, 0x8013, 0x12AC, 0x7FBF, 
	0x121F, 0x805D, 0x11BF, 0x8009, 0x1218, 0x805D, 0x1273, 0x7FED, 0x12F2, 0x801C, 0x1302, 0x8009, 0x1204, 0x7FB6, 0x121E, 0x8038, 
	0x1267, 0x8041, 0x122E, 0x802E, 0x13A5, 0x8013, 0x12CA, 0x8041, 0x1275, 0x7FE4, 0x1218, 0x8013, 0x126F, 0x8054, 0x12A6, 0x80C4, 
	0x117F, 0x8041, 0x1372, 0x8066, 0x12A4, 0x80FC, 0x1299, 0x80C4, 0x1211, 0x8054, 0x122B, 0x802E, 0x1280, 0x7FE4, 0x1291, 0x8013, 
	0x1282, 0x7FED, 0x126D, 0x804A, 0x1302, 0x7FDB, 0x1294, 0x8025, 0x1258, 0x8000, 0x12A2, 0x8066, 0x1216, 0x8041, 0x1206, 0x8079, 
	0x135E, 0x8041, 0x1285, 0x802E, 0x122D, 0x80FC, 0x11BD, 0x80E0, 0x1115, 0x8082, 0x12B9, 0x7FBF, 0x1247, 0x80E0, 0x11DD, 0x808C, 
	0x1276, 0x80C4, 0x106E, 0x8079, 0x1165, 0x8082, 0x1301, 0x80C4, 0x11A4, 0x805D, 0x125B, 0x80E0, 0x118C, 0x80D6, 0x12B0, 0x80CD, 
	0x115D, 0x80BA, 0x1254, 0x80E0, 0x10BB, 0x8147, 0x10D5, 0x80B1, 0x11E4, 0x80CD, 0x11F1, 0x8118, 0x115F, 0x80C4, 0x115C, 0x816D, 
	0x119F, 0x810F, 0x11DB, 0x80FC, 0x1174, 0x81CC, 0x10A8, 0x80A8, 0x1128, 0x8164, 0x1237, 0x815A, 0x10EB, 0x80D6, 0x103B, 0x8151, 
	0x1154, 0x80E0, 0x110A, 0x8180, 0x1191, 0x8177, 0x118B, 0x812B, 0x1098, 0x819D, 0x112C, 0x8105, 0x1100, 0x8135, 0x1117, 0x819D, 
	0x10FD, 0x81B9, 0x10BC, 0x8205, 0x1112, 0x818A, 0x109F, 0x80E0, 0x1057, 0x81FC, 0x1121, 0x81DF, 0x10C8, 0x81B9, 0x1073, 0x8177, 
	0x0FC3, 0x8164, 0x119B, 0x81FC, 0x10BF, 0x8205, 0x109F, 0x8219, 0x0FDD, 0x81B9, 0x0FBD, 0x81B0, 0x0FF6, 0x8219, 0x10BD, 0x81FC, 
	0x1006, 0x82B2, 0x0FDD, 0x81CC, 0x1008, 0x822C, 0x1018, 0x816D, 0x10CD, 0x8282, 0x103B, 0x82A9, 0x1094, 0x8248, 0x1038, 0x820F, 
	0x1010, 0x81A6, 0x0FD0, 0x825C, 0x1007, 0x8279, 0x10BA, 0x8279, 0x0FB1, 0x8219, 0x0FE6, 0x8193, 0x1045, 0x81F2, 0x0FFD, 0x82C6, 
	0x0F85, 0x8248, 0x0F3E, 0x8279, 0x105C, 0x81FC, 0x0FF3, 0x81CC, 0x0FF7, 0x823F, 0x1041, 0x8252, 0x0F7D, 0x82A9, 0x0F80, 0x8219, 
	0x100F, 0x8248, 0x1046, 0x8205, 0x10F1, 0x82E3, 0x10CC, 0x826F, 0x1072, 0x8252, 0x105D, 0x8219, 0x109B, 0x8265, 0x1094, 0x82A9, 
	0x0FC1, 0x82CF, 0x10EE, 0x8219, 0x10F4, 0x829F, 0x107A, 0x825C, 0x10A4, 0x82B2, 0x10B2, 0x82EC, 0x1130, 0x8248, 0x1174, 0x82D9, 
	0x11B3, 0x829F, 0x1019, 0x828C, 0x10C7, 0x8295, 0x1071, 0x829F, 0x1063, 0x8295, 0x10D4, 0x82A9, 0x10B7, 0x825C, 0x11CC, 0x8309, 
	0x1174, 0x826F, 0x10EF, 0x828C, 0x10DD, 0x82A9, 0x1150, 0x8282, 0x10DB, 0x823F, 0x1181, 0x8313, 0x11CB, 0x828C, 0x11A1, 0x8282, 
	0x1080, 0x8279, 0x104C, 0x828C, 0x1140, 0x82C6, 0x110A, 0x828C, 0x10FF, 0x8295, 0x1060, 0x82A9, 0x1139, 0x0000, 0x1197, 0x0000, 
	0x1174, 0x8412, 0x11E9, 0x82BC, 0x0FCD, 0x82CF, 0x115B, 0x8344, 0x1113, 0x82A9, 0x116C, 0x82EC, 0x11C6, 0x82F6, 0x121A, 0x8282, 
	0x1153, 0x828C, 0x1099, 0x829F, 0x10E7, 0x8313, 0x1235, 0x82C6, 0x10DC, 0x82F6, 0x113B, 0x836B, 0x1159, 0x8300, 0x11A2, 0x833A, 
	0x11CD, 0x8344, 0x1216, 0x8388, 0x12EC, 0x8327, 0x119B, 0x82CF, 0x1264, 0x8295, 0x114E, 0x8361, 0x1240, 0x831D, 0x123D, 0x831D, 
	0x11E8, 0x82CF, 0x1231, 0x82E3, 0x11C6, 0x83A6, 0x1295, 0x8313, 0x11CE, 0x8313, 0x138F, 0x8330, 0x12B6, 0x8300, 0x121C, 0x839C, 
	0x1221, 0x831D, 0x12CD, 0x8313, 0x1247, 0x834E, 0x1372, 0x82C6, 0x1230, 0x836B, 0x12A9, 0x83A6, 0x129B, 0x8388, 0x120D, 0x83AF, 
	0x1292, 0x83D7, 0x12FE, 0x83D7, 0x1349, 0x8461, 0x13D2, 0x83E0, 0x12DA, 0x8412, 0x12E7, 0x8408, 0x130A, 0x839C, 0x1459, 0x8408, 
	0x140B, 0x83D7, 0x13AD, 0x8475, 0x143B, 0x8443, 0x1395, 0x8488, 0x14AA, 0x8564, 0x1489, 0x864D, 0x12A3, 0x826F, 0x11F4, 0x82EC, 
	0x1226, 0x836B, 0x1254, 0x8309, 0x11E4, 0x82C6, 0x11CE, 0x8252, 0x12BA, 0x820F, 0x123C, 0x82C6, 0x128F, 0x8282, 0x1183, 0x822C, 
	0x1221, 0x825C, 0x1284, 0x81E9, 0x11BD, 0x8235, 0x12CA, 0x8252, 0x11F6, 0x818A, 0x11E0, 0x81CC, 0x1324, 0x81B0, 0x12D6, 0x820F, 
	0x1224, 0x8235, 0x126B, 0x825C, 0x1211, 0x818A, 0x1256, 0x81C3, 0x125E, 0x8177, 0x12FE, 0x8177, 0x1246, 0x818A, 0x126D, 0x819D, 
	0x12DB, 0x812B, 0x1313, 0x819D, 0x1220, 0x8193, 0x1273, 0x8151, 0x11A9, 0x813E, 0x11F1, 0x80CD, 0x12D5, 0x80E0, 0x128C, 0x816D, 
	0x113B, 0x8193, 0x1229, 0x8151, 0x12D2, 0x80C4, 0x1344, 0x80C4, 0x1369, 0x810F, 0x128E, 0x810F, 0x11AC, 0x80A8, 0x1164, 0x80C4, 
	0x12EA, 0x8105, 0x11AB, 0x80C4, 0x1216, 0x80E0, 0x123F, 0x8118, 0x117B, 0x80C4, 0x11EB, 0x809E, 0x11AD, 0x809E, 0x11D4, 0x80A8, 
	0x125B, 0x80E0, 0x132D, 0x808C, 0x12D9, 0x80BA, 0x12E4, 0x80E0, 0x1267, 0x80B1, 0x11F1, 0x8122, 0x12D2, 0x80B1, 0x11F6, 0x804A, 
	0x12CC, 0x8054, 0x11A5, 0x8070, 0x116C, 0x8066, 0x11B0, 0x8070, 0x1199, 0x808C, 0x12FA, 0x805D, 0x11D1, 0x8054, 0x1271, 0x8038, 
	0x12FA, 0x8079, 0x11C7, 0x804A, 0x1185, 0x8079, 0x124D, 0x802E, 0x126D, 0x8013, 0x114D, 0x7FDB, 0x10A3, 0x7FC9, 0x1262, 0x7FE4, 
	0x11D7, 0x8054, 0x12AB, 0x8009, 0x11BA, 0x7FED, 0x1227, 0x7FE4, 0x11E8, 0x8041, 0x1168, 0x7FD2, 0x11E0, 0x7FB6, 0x1226, 0x8082, 
	0x11FB, 0x8013, 0x1166, 0x7FED, 0x10D6, 0x7FF7, 0x1220, 0x8025, 0x1194, 0x7FC9, 0x118A, 0x7FE4, 0x1074, 0x8013, 0x1134, 0x7FDB, 
	0x1215, 0x7FDB, 0x10E6, 0x7FC9, 0x123E, 0x8025, 0x10EA, 0x8054, 0x113E, 0x7FED, 0x11AD, 0x8013, 0x1020, 0x7FAD, 0x1182, 0x7FD2, 
	0x110C, 0x8038, 0x11F7, 0x7FB6, 0x1166, 0x8009, 0x11A5, 0x7FA4, 0x119C, 0x7FA4, 0x10EF, 0x805D, 0x11AC, 0x8079, 0x1172, 0x802E, 
	0x10BB, 0x7FF7, 0x1182, 0x7FF7, 0x11D7, 0x7FF7, 0x11E7, 0x8013, 0x12A2, 0x8013, 0x1198, 0x809E, 0x1214, 0x7FD2, 0x113A, 0x8038, 
	0x1210, 0x8038, 0x11C4, 0x7FF7, 0x1176, 0x802E, 0x11D5, 0x802E, 0x119F, 0x7F76, 0x12AD, 0x801C, 0x11CB, 0x7FF7, 0x1208, 0x809E, 
	0x122A, 0x8000, 0x119C, 0x7FAD, 0x11E2, 0x7FD2, 0x1121, 0x7FED, 0x11E4, 0x8000, 0x12DA, 0x8000, 0x1134, 0x7F91, 0x10DE, 0x7FED, 
	0x121F, 0x7FD2, 0x11CC, 0x7F76, 0x11DD, 0x7FC9, 0x122B, 0x7F51, 0x1170, 0x7F63, 0x1198, 0x7FC9, 0x1276, 0x8013, 0x121B, 0x8054, 
	0x12D1, 0x7FE4, 0x1276, 0x7F6C, 0x1263, 0x8013, 0x12BE, 0x8079, 0x123E, 0x8038, 0x11C2, 0x7FDB, 0x1264, 0x7F76, 0x124F, 0x7FB6, 
	0x1207, 0x805D, 0x1252, 0x7FBF, 0x12A0, 0x7FE4, 0x128E, 0x7FD2, 0x122F, 0x7F9A, 0x1231, 0x8000, 0x11F9, 0x8038, 0x11E2, 0x7FE4, 
	0x12CF, 0x7FD2, 0x12D9, 0x7FDB, 0x11D1, 0x802E, 0x1303, 0x802E, 0x11D5, 0x8041, 0x1232, 0x7F88, 0x12DC, 0x7FF7, 0x1270, 0x804A, 
	0x12AE, 0x8025, 0x1213, 0x8054, 0x125C, 0x7FDB, 0x1123, 0x7FE4, 0x1248, 0x7FF7, 0x132C, 0x802E, 0x1198, 0x8041, 0x11B9, 0x8013, 
	0x11F5, 0x7F91, 0x12A1, 0x8000, 0x131B, 0x7FDB, 0x11A0, 0x804A, 0x119C, 0x8013, 0x12AC, 0x7FBF, 0x121F, 0x805D, 0x11BF, 0x8009, 
	0x1218, 0x805D, 0x1273, 0x7FED, 0x12F2, 0x801C, 0x1302, 0x8009, 0x1204, 0x7FB6, 0x121E, 0x8038, 0x1267, 0x8041, 0x122E, 0x802E, 
	0x13A5, 0x8013, 0x12CA, 0x8041, 0x1275, 0x7FE4, 0x1218, 0x8013, 0x126F, 0x8054, 0x12A6, 0x80C4, 0x117F, 0x8041, 0x1372, 0x8066, 
	0x12A4, 0x80FC, 0x1299, 0x80C4, 0x1211, 0x8054, 0x122B, 0x802E, 0x1280, 0x7FE4, 0x1291, 0x8013, 0x1282, 0x7FED, 0x126D, 0x804A, 
	0x1302, 0x7FDB, 0x1294, 0x8025, 0x1258, 0x8000, 0x12A2, 0x8066, 0x1216, 0x8041, 0x1206, 0x8079, 0x135E, 0x8041, 0x1285, 0x802E, 
	0x122D, 0x80FC, 0x11BD, 0x80E0, 0x1115, 0x8082, 0x12B9, 0x7FBF, 0x1247, 0x80E0, 0x11DD, 0x808C, 0x1276, 0x80C4, 0x106E, 0x8079, 
	0x1165, 0x8082, 0x1301, 0x80C4, 0x11A4, 0x805D, 0x125B, 0x80E0, 0x118C, 0x80D6, 0x12B0, 0x80CD, 0x115D, 0x80BA, 0x1254, 0x80E0, 
	0x10BB, 0x8147, 0x10D5, 0x80B1, 0x11E4, 0x80CD, 0x11F1, 0x8118, 0x115F, 0x80C4, 0x115C, 0x816D, 0x119F, 0x810F, 0x11DB, 0x80FC, 
	0x1174, 0x81CC, 0x10A8, 0x80A8, 0x1128, 0x8164, 0x1237, 0x815A, 0x10EB, 0x80D6, 0x103B, 0x8151, 0x1154, 0x80E0, 0x110A, 0x8180, 
	0x1191, 0x8177, 0x118B, 0x812B, 0x1098, 0x819D, 0x112C, 0x8105, 0x1100, 0x8135, 0x1117, 0x819D, 0x10FD, 0x81B9, 0x10BC, 0x8205, 
	0x1112, 0x818A, 0x109F, 0x80E0, 0x1057, 0x81FC, 0x1121, 0x81DF, 0x10C8, 0x81B9, 0x1073, 0x8177, 0x0FC3, 0x8164, 0x119B, 0x81FC, 
	0x127B, 0x8300, 0x113F, 0x8309, 0x1209, 0x833A, 0x1255, 0x8327, 0x11AE, 0x8309, 0x1166, 0x8265, 0x11B8, 0x820F, 0x1126, 0x82A9, 
	0x118E, 0x8252, 0x111D, 0x822C, 0x1163, 0x8279, 0x119D, 0x8265, 0x1227, 0x81E9, 0x11DB, 0x8235, 0x1165, 0x81A6, 0x1198, 0x8248, 
	0x129B, 0x8177, 0x1265, 0x81DF, 0x11A0, 0x81E9, 0x11EA, 0x819D, 0x1149, 0x818A, 0x11D5, 0x8193, 0x11B0, 0x8193, 0x129F, 0x81FC, 
	0x11CC, 0x81C3, 0x11E6, 0x8193, 0x122F, 0x813E, 0x1224, 0x8135, 0x11CD, 0x81B0, 0x125E, 0x81FC, 0x10F3, 0x8122, 0x11AD, 0x812B, 
	0x121C, 0x80FC, 0x1242, 0x81A6, 0x10C3, 0x81A6, 0x11FF, 0x8147, 0x1245, 0x80D6, 0x1266, 0x815A, 0x1304, 0x8164, 0x1168, 0x8193, 
	0x113A, 0x8105, 0x122C, 0x80BA, 0x121E, 0x80E0, 0x11CE, 0x8135, 0x1177, 0x8095, 0x119D, 0x8122, 0x1143, 0x810F, 0x1193, 0x80D6, 
	0x1138, 0x8135, 0x11A7, 0x80CD, 0x11E7, 0x80D6, 0x12A7, 0x80B1, 0x11DB, 0x804A, 0x127D, 0x8095, 0x11F5, 0x804A, 0x11BC, 0x8025, 
	0x11F9, 0x8070, 0x1189, 0x80BA, 0x120D, 0x8079, 0x1161, 0x80CD, 0x110D, 0x804A, 0x11D2, 0x8070, 0x11A5, 0x8038, 0x11EF, 0x8066, 
	0x10A3, 0x7FD2, 0x11AD, 0x8025, 0x1292, 0x8066, 0x11DF, 0x8070, 0x114A, 0x8009, 0x117F, 0x8066, 0x1224, 0x8054, 0x0F99, 0x7FF7, 
	0x1170, 0x8025, 0x11B2, 0x80B1, 0x10DB, 0x7FC9, 0x11E5, 0x8013, 0x1159, 0x805D, 0x11FE, 0x8009, 0x11DC, 0x8013, 0x111B, 0x7FED, 
	0x1148, 0x7F91, 0x11B1, 0x809E, 0x1183, 0x8038, 0x10AC, 0x8013, 0x1029, 0x801C, 0x114C, 0x7FED, 0x10DF, 0x7FBF, 0x1116, 0x8025, 
	0x105D, 0x802E, 0x1075, 0x7FA4, 0x1106, 0x7FAD, 0x1094, 0x804A, 0x11AF, 0x8013, 0x10DC, 0x80CD, 0x1090, 0x7FED, 0x1108, 0x7FED, 
	0x0FED, 0x8000, 0x10B0, 0x8000, 0x104F, 0x80BA, 0x1191, 0x8009, 0x10E7, 0x7FAD, 0x11D4, 0x7FD2, 0x1159, 0x7FBF, 0x10B2, 0x8041, 
	0x10D7, 0x802E, 0x1175, 0x8000, 0x109E, 0x804A, 0x110E, 0x7FED, 0x111D, 0x8041, 0x10E9, 0x8066, 0x11ED, 0x7FF7, 0x111E, 0x809E, 
	0x1242, 0x7FA4, 0x10D8, 0x7FF7, 0x1158, 0x8038, 0x1190, 0x7FF7, 0x10FE, 0x7FED, 0x114D, 0x802E, 0x110C, 0x7FAD, 0x1241, 0x802E, 
	0x119D, 0x7FF7, 0x1172, 0x7FAD, 0x1189, 0x7FD2, 0x119B, 0x7F88, 0x1130, 0x7FE4, 0x1107, 0x7FB6, 0x111F, 0x8000, 0x1251, 0x8009, 
	0x10DF, 0x7F5A, 0x1101, 0x7FD2, 0x115D, 0x8009, 0x1193, 0x8025, 0x116F, 0x7FDB, 0x117A, 0x8013, 0x1125, 0x7FA4, 0x117C, 0x801C, 
	0x1205, 0x8038, 0x120D, 0x801C, 0x11DE, 0x8013, 0x11A5, 0x7FBF, 0x121A, 0x7FE4, 0x1276, 0x7FE4, 0x1224, 0x7FED, 0x11A5, 0x801C, 
	0x120F, 0x7F5A, 0x1164, 0x7FA4, 0x1199, 0x8066, 0x1218, 0x7FF7, 0x11F8, 0x7F88, 0x122D, 0x7FDB, 0x11BB, 0x7FA4, 0x11B1, 0x8079, 
	0x111D, 0x8041, 0x11AE, 0x8041, 0x127D, 0x7FD2, 0x12B2, 0x8038, 0x116F, 0x8066, 0x1288, 0x802E, 0x114F, 0x8009, 0x115C, 0x7FBF, 
	0x11EF, 0x7FDB, 0x120B, 0x809E, 0x1176, 0x8082, 0x10DE, 0x80BA, 0x115F, 0x7FC9, 0x1096, 0x7FED, 0x11C4, 0x8038, 0x1294, 0x8041, 
	0x10F8, 0x8054, 0x11D8, 0x7FE4, 0x1182, 0x802E, 0x1230, 0x8009, 0x11E9, 0x8013, 0x115B, 0x8025, 0x1121, 0x802E, 0x11E1, 0x7FED, 
	0x11A5, 0x805D, 0x1136, 0x808C, 0x117F, 0x8070, 0x12CD, 0x8038, 0x123C, 0x805D, 0x1291, 0x809E, 0x1159, 0x7FF7, 0x11C7, 0x8025, 
	0x1206, 0x8025, 0x118B, 0x808C, 0x1310, 0x7FDB, 0x129A, 0x8079, 0x121D, 0x8000, 0x114C, 0x802E, 0x123E, 0x8079, 0x122F, 0x80B1, 
	0x1140, 0x8009, 0x1294, 0x7FE4, 0x12EB, 0x808C, 0x1227, 0x8082, 0x11E8, 0x8066, 0x1184, 0x8066, 0x121E, 0x804A, 0x1293, 0x8095, 
	0x1251, 0x8095, 0x11E7, 0x8025, 0x126B, 0x8025, 0x129A, 0x8054, 0x11A3, 0x8041, 0x1234, 0x80B1, 0x11F5, 0x80B1, 0x11A1, 0x8009, 
	0x12C3, 0x8079, 0x11DD, 0x80BA, 0x1282, 0x80E0, 0x11A5, 0x80E0, 0x1117, 0x8054, 0x12B8, 0x8054, 0x1192, 0x80F3, 0x1138, 0x8082, 
	0x1237, 0x80E9, 0x104B, 0x809E, 0x1126, 0x80C4, 0x1206, 0x80A8, 0x112F, 0x8095, 0x1164, 0x8147, 0x10F0, 0x80A8, 0x123E, 0x80BA, 
	0x111E, 0x80E0, 0x11BF, 0x80E0, 0x102A, 0x81A6, 0x1066, 0x8122, 0x11C6, 0x8095, 0x1181, 0x8105, 0x10FE, 0x80D6, 0x10B6, 0x812B, 
	0x111E, 0x815A, 0x10C3, 0x80C4, 0x109B, 0x8151, 0x1066, 0x80B1, 0x10D9, 0x8151, 0x117A, 0x8135, 0x104E, 0x8122, 0x0FE9, 0x815A, 
	0x1079, 0x810F, 0x10C1, 0x810F, 0x1087, 0x81F2, 0x1135, 0x816D, 0x100A, 0x8180, 0x116D, 0x819D, 0x10CC, 0x81B9, 0x1142, 0x81B0, 
	0x10A0, 0x81B0, 0x106A, 0x819D, 0x10D5, 0x8180, 0x1033, 0x81B9, 0x104A, 0x81DF, 0x110F, 0x81A6, 0x0FF6, 0x8219, 0x1064, 0x8193, 
	0x0F72, 0x81B0, 0x109B, 0x81F2, 0x100C, 0x8219, 0x1026, 0x8222, 0x0FC7, 0x81F2, 0x0F41, 0x823F, 0x0F35, 0x8279, 0x0FE4, 0x8219, 
	0x0FE8, 0x829F, 0x0F0D, 0x81E9, 0x0FC5, 0x829F, 0x0FB5, 0x8193, 0x1045, 0x82A9, 0x0FB9, 0x828C, 0x106D, 0x8279, 0x0F80, 0x8279, 
	0x0FBD, 0x825C, 0x0F78, 0x82EC, 0x0FD0, 0x8282, 0x0FC2, 0x8295, 0x0F16, 0x8265, 0x0F99, 0x8205, 0x0FFE, 0x8235, 0x0F8E, 0x82E3, 
	0x0E91, 0x82C6, 0x0EA5, 0x82A9, 0x0FF4, 0x820F, 0x104C, 0x8235, 0x0EF5, 0x826F, 0x0FB8, 0x82BC, 0x0ED1, 0x82E3, 0x0F1F, 0x8248, 
	0x0FDC, 0x82A9, 0x1049, 0x8279, 0x1039, 0x82D9, 0x1036, 0x82C6, 0x0F9F, 0x8235, 0x0FDD, 0x8219, 0x1044, 0x8265, 0x0FFC, 0x8327, 
	0x0F19, 0x82BC, 0x1071, 0x8219, 0x108D, 0x8295, 0x109C, 0x82E3, 0x0F7D, 0x82EC, 0x100F, 0x82CF, 0x10AD, 0x82BC, 0x111E, 0x82E3, 
	0x10F9, 0x8295, 0x0FC1, 0x8282, 0x0FFF, 0x82C6, 0x1012, 0x82D9, 0x103F, 0x8265, 0x1113, 0x82E3, 0x0FF2, 0x826F, 0x1132, 0x82BC, 
	0x11CB, 0x82BC, 0x10E1, 0x82B2, 0x106B, 0x828C, 0x10B2, 0x825C, 0x0FE0, 0x8248, 0x1113, 0x82B2, 0x1140, 0x8265, 0x1173, 0x823F, 
	0x1039, 0x8309, 0x1016, 0x82BC, 0x10C2, 0x82C6, 0x10B6, 0x82CF, 0x106C, 0x82D9, 0x0FEF, 0x82C6, 0x1030, 0x82A9, 0x112E, 0x8475, 
	0x1118, 0x8313, 0x1160, 0x82B2, 0x0F60, 0x82CF, 0x110E, 0x8279, 0x10E7, 0x82E3, 0x1116, 0x8388, 0x11AA, 0x8313, 0x10EF, 0x829F, 
	0x111B, 0x82D9, 0x10D4, 0x82EC, 0x1075, 0x8327, 0x11E4, 0x831D, 0x1081, 0x8300, 0x10FA, 0x82C6, 0x1114, 0x82F6, 0x113C, 0x831D, 
	0x1201, 0x83C3, 0x1191, 0x8327, 0x120B, 0x8330, 0x1117, 0x831D, 0x11D9, 0x8375, 0x1104, 0x839C, 0x1194, 0x8313, 0x119F, 0x8327, 
	0x124B, 0x8309, 0x1161, 0x8361, 0x1143, 0x8388, 0x1206, 0x8375, 0x11BD, 0x82BC, 0x1326, 0x8344, 0x1279, 0x834E, 0x10DE, 0x83AF, 
	0x10C7, 0x82D9, 0x11FE, 0x82A9, 0x11CF, 0x83A6, 0x122A, 0x8357, 0x11C4, 0x83F4, 0x1216, 0x841B, 0x122B, 0x8388, 0x119D, 0x8439, 
	0x1246, 0x8443, 0x124D, 0x83CD, 0x127D, 0x842F, 0x12F5, 0x83B9, 0x1336, 0x844D, 0x131C, 0x83F4, 0x1259, 0x837E, 0x13FE, 0x84C4, 
	0x142A, 0x83C3, 0x138F, 0x8461, 0x13B9, 0x849C, 0x1383, 0x84BA, 0x1430, 0x8578, 0x13CB, 0x8578, 0x127B, 0x8300, 0x113F, 0x8309, 
	0x1209, 0x833A, 0x1255, 0x8327, 0x11AE, 0x8309, 0x1166, 0x8265, 0x11B8, 0x820F, 0x1126, 0x82A9, 0x118E, 0x8252, 0x111D, 0x822C, 
	0x1163, 0x8279, 0x119D, 0x8265, 0x1227, 0x81E9, 0x11DB, 0x8235, 0x1165, 0x81A6, 0x1198, 0x8248, 0x129B, 0x8177, 0x1265, 0x81DF, 
	0x11A0, 0x81E9, 0x11EA, 0x819D, 0x1149, 0x818A, 0x11D5, 0x8193, 0x11B0, 0x8193, 0x129F, 0x81FC, 0x11CC, 0x81C3, 0x11E6, 0x8193, 
	0x122F, 0x813E, 0x1224, 0x8135, 0x11CD, 0x81B0, 0x125E, 0x81FC, 0x10F3, 0x8122, 0x11AD, 0x812B, 0x121C, 0x80FC, 0x1242, 0x81A6, 
	0x10C3, 0x81A6, 0x11FF, 0x8147, 0x1245, 0x80D6, 0x1266, 0x815A, 0x1304, 0x8164, 0x1168, 0x8193, 0x113A, 0x8105, 0x122C, 0x80BA, 
	0x121E, 0x80E0, 0x11CE, 0x8135, 0x1177, 0x8095, 0x119D, 0x8122, 0x1143, 0x810F, 0x1193, 0x80D6, 0x1138, 0x8135, 0x11A7, 0x80CD, 
	0x11E7, 0x80D6, 0x12A7, 0x80B1, 0x11DB, 0x804A, 0x127D, 0x8095, 0x11F5, 0x804A, 0x11BC, 0x8025, 0x11F9, 0x8070, 0x1189, 0x80BA, 
	0x120D, 0x8079, 0x1161, 0x80CD, 0x110D, 0x804A, 0x11D2, 0x8070, 0x11A5, 0x8038, 0x11EF, 0x8066, 0x10A3, 0x7FD2, 0x11AD, 0x8025, 
	0x1292, 0x8066, 0x11DF, 0x8070, 0x114A, 0x8009, 0x117F, 0x8066, 0x1224, 0x8054, 0x0F99, 0x7FF7, 0x1170, 0x8025, 0x11B2, 0x80B1, 
	0x10DB, 0x7FC9, 0x11E5, 0x8013, 0x1159, 0x805D, 0x11FE, 0x8009, 0x11DC, 0x8013, 0x111B, 0x7FED, 0x1148, 0x7F91, 0x11B1, 0x809E, 
	0x1183, 0x8038, 0x10AC, 0x8013, 0x1029, 0x801C, 0x114C, 0x7FED, 0x10DF, 0x7FBF, 0x1116, 0x8025, 0x105D, 0x802E, 0x1075, 0x7FA4, 
	0x1106, 0x7FAD, 0x1094, 0x804A, 0x11AF, 0x8013, 0x10DC, 0x80CD, 0x1090, 0x7FED, 0x1108, 0x7FED, 0x0FED, 0x8000, 0x10B0, 0x8000, 
	0x104F, 0x80BA, 0x1191, 0x8009, 0x10E7, 0x7FAD, 0x11D4, 0x7FD2, 0x1159, 0x7FBF, 0x10B2, 0x8041, 0x10D7, 0x802E, 0x1175, 0x8000, 
	0x109E, 0x804A, 0x110E, 0x7FED, 0x111D, 0x8041, 0x10E9, 0x8066, 0x11ED, 0x7FF7, 0x111E, 0x809E, 0x1242, 0x7FA4, 0x10D8, 0x7FF7, 
	0x1158, 0x8038, 0x1190, 0x7FF7, 0x10FE, 0x7FED, 0x114D, 0x802E, 0x110C, 0x7FAD, 0x1241, 0x802E, 0x119D, 0x7FF7, 0x1172, 0x7FAD, 
	0x1189, 0x7FD2, 0x119B, 0x7F88, 0x1130, 0x7FE4, 0x1107, 0x7FB6, 0x111F, 0x8000, 0x1251, 0x8009, 0x10DF, 0x7F5A, 0x1101, 0x7FD2, 
	0x115D, 0x8009, 0x1193, 0x8025, 0x116F, 0x7FDB, 0x117A, 0x8013, 0x1125, 0x7FA4, 0x117C, 0x801C, 0x1205, 0x8038, 0x120D, 0x801C, 
	0x11DE, 0x8013, 0x11A5, 0x7FBF, 0x121A, 0x7FE4, 0x1276, 0x7FE4, 0x1224, 0x7FED, 0x11A5, 0x801C, 0x120F, 0x7F5A, 0x1164, 0x7FA4, 
	0x1199, 0x8066, 0x1218, 0x7FF7, 0x11F8, 0x7F88, 0x122D, 0x7FDB, 0x11BB, 0x7FA4, 0x11B1, 0x8079, 0x111D, 0x8041, 0x11AE, 0x8041, 
	0x127D, 0x7FD2, 0x12B2, 0x8038, 0x116F, 0x8066, 0x1288, 0x802E, 0x114F, 0x8009, 0x115C, 0x7FBF, 0x11EF, 0x7FDB, 0x120B, 0x809E, 
	0x1176, 0x8082, 0x10DE, 0x80BA, 0x115F, 0x7FC9, 0x1096, 0x7FED, 0x11C4, 0x8038, 0x1294, 0x8041, 0x10F8, 0x8054, 0x11D8, 0x7FE4, 
	0x1182, 0x802E, 0x1230, 0x8009, 0x11E9, 0x8013, 0x115B, 0x8025, 0x1121, 0x802E, 0x11E1, 0x7FED, 0x11A5, 0x805D, 0x1136, 0x808C, 
	0x117F, 0x8070, 0x12CD, 0x8038, 0x123C, 0x805D, 0x1291, 0x809E, 0x1159, 0x7FF7, 0x11C7, 0x8025, 0x1206, 0x8025, 0x118B, 0x808C, 
	0x1310, 0x7FDB, 0x129A, 0x8079, 0x121D, 0x8000, 0x114C, 0x802E, 0x123E, 0x8079, 0x122F, 0x80B1, 0x1140, 0x8009, 0x1294, 0x7FE4, 
	0x12EB, 0x808C, 0x1227, 0x8082, 0x11E8, 0x8066, 0x1184, 0x8066, 0x121E, 0x804A, 0x1293, 0x8095, 0x1251, 0x8095, 0x11E7, 0x8025, 
	0x126B, 0x8025, 0x129A, 0x8054, 0x11A3, 0x8041, 0x1234, 0x80B1, 0x11F5, 0x80B1, 0x11A1, 0x8009, 0x12C3, 0x8079, 0x11DD, 0x80BA, 
	0x1282, 0x80E0, 0x11A5, 0x80E0, 0x1117, 0x8054, 0x12B8, 0x8054, 0x1192, 0x80F3, 0x1138, 0x8082, 0x1237, 0x80E9, 0x104B, 0x809E, 
	0x1126, 0x80C4, 0x1206, 0x80A8, 0x112F, 0x8095, 0x1164, 0x8147, 0x10F0, 0x80A8, 0x123E, 0x80BA, 0x111E, 0x80E0, 0x11BF, 0x80E0, 
	0x102A, 0x81A6, 0x1066, 0x8122, 0x11C6, 0x8095, 0x1181, 0x8105, 0x10FE, 0x80D6, 0x10B6, 0x812B, 0x111E, 0x815A, 0x10C3, 0x80C4, 
	0x109B, 0x8151, 0x1066, 0x80B1, 0x10D9, 0x8151, 0x117A, 0x8135, 0x104E, 0x8122, 0x0FE9, 0x815A, 0x1079, 0x810F, 0x10C1, 0x810F, 
	0x1087, 0x81F2, 0x1135, 0x816D, 0x100A, 0x8180, 0x116D, 0x819D, 0x10CC, 0x81B9, 0x1142, 0x81B0, 0x10A0, 0x81B0, 0x106A, 0x819D, 
	0x10D5, 0x8180, 0x1033, 0x81B9, 0x104A, 0x81DF, 0x110F, 0x81A6, 0x0FF6, 0x8219, 0x1064, 0x8193, 0x0F72, 0x81B0, 0x109B, 0x81F2, 
	0x12E1, 0x82F6, 0x1214, 0x834E, 0x11E1, 0x82EC, 0x1324, 0x831D, 0x11B7, 0x82B2, 0x11E0, 0x82E3, 0x1259, 0x8282, 0x11C7, 0x82A9, 
	0x1208, 0x8252, 0x11C9, 0x82BC, 0x1244, 0x8219, 0x122C, 0x82B2, 0x1113, 0x8219, 0x1231, 0x8252, 0x11F7, 0x81B9, 0x1168, 0x823F, 
	0x139E, 0x81DF, 0x12CE, 0x81E9, 0x126E, 0x8279, 0x128B, 0x81CC, 0x120E, 0x8193, 0x11F2, 0x816D, 0x11AF, 0x8135, 0x12DA, 0x81C3, 
	0x1210, 0x81E9, 0x11EF, 0x8135, 0x1229, 0x818A, 0x1203, 0x8122, 0x11B5, 0x816D, 0x1265, 0x81DF, 0x1213, 0x8122, 0x11D7, 0x80CD, 
	0x12E4, 0x812B, 0x12B9, 0x81A6, 0x1187, 0x815A, 0x11D8, 0x8135, 0x1247, 0x8118, 0x1245, 0x818A, 0x11A3, 0x80F3, 0x119A, 0x810F, 
	0x1262, 0x8105, 0x121D, 0x80BA, 0x1284, 0x80D6, 0x125F, 0x80FC, 0x126E, 0x80B1, 0x11DC, 0x80F3, 0x10B3, 0x80FC, 0x1220, 0x8118, 
	0x11E3, 0x810F, 0x1184, 0x80A8, 0x11AC, 0x8118, 0x12AA, 0x80A8, 0x128C, 0x808C, 0x128B, 0x80E0, 0x1222, 0x8118, 0x1215, 0x808C, 
	0x1170, 0x80FC, 0x11C3, 0x80B1, 0x1275, 0x809E, 0x11F4, 0x8070, 0x1198, 0x8000, 0x1210, 0x80A8, 0x11EE, 0x8079, 0x121E, 0x8041, 
	0x10F2, 0x801C, 0x12B1, 0x7F9A, 0x12EB, 0x7FDB, 0x1279, 0x8082, 0x1188, 0x801C, 0x1157, 0x805D, 0x11BB, 0x8054, 0x1181, 0x8082, 
	0x11C1, 0x8041, 0x1217, 0x8066, 0x1164, 0x804A, 0x12E7, 0x8009, 0x1170, 0x7FE4, 0x12BC, 0x801C, 0x1191, 0x8038, 0x1137, 0x8000, 
	0x1175, 0x7FDB, 0x119B, 0x8009, 0x119D, 0x804A, 0x115E, 0x8079, 0x1045, 0x8025, 0x11D2, 0x7FC9, 0x1113, 0x7FE4, 0x1120, 0x7FB6, 
	0x104F, 0x8079, 0x1093, 0x7FDB, 0x114B, 0x7FB6, 0x1192, 0x804A, 0x11B2, 0x7FAD, 0x11AB, 0x804A, 0x10B8, 0x802E, 0x1157, 0x7FF7, 
	0x105B, 0x805D, 0x1167, 0x7FA4, 0x112B, 0x801C, 0x1181, 0x8038, 0x119A, 0x7F76, 0x1279, 0x8000, 0x116E, 0x7FED, 0x1122, 0x8041, 
	0x1172, 0x80B1, 0x11C9, 0x7FDB, 0x115C, 0x8013, 0x1155, 0x7FDB, 0x1153, 0x7FAD, 0x11CD, 0x8054, 0x135B, 0x8009, 0x114D, 0x7FED, 
	0x1216, 0x7FDB, 0x1141, 0x8013, 0x1166, 0x7FED, 0x11EC, 0x7FB6, 0x11F9, 0x7FB6, 0x1230, 0x7FDB, 0x11BF, 0x7FF7, 0x12EA, 0x8013, 
	0x11CC, 0x7FF7, 0x1162, 0x7FA4, 0x129C, 0x8013, 0x1180, 0x7F9A, 0x120C, 0x7FE4, 0x113B, 0x7FC9, 0x1164, 0x7FA4, 0x121C, 0x8041, 
	0x1170, 0x7FDB, 0x1163, 0x8025, 0x11A3, 0x7FD2, 0x114A, 0x7FF7, 0x1146, 0x8041, 0x12AE, 0x7FB6, 0x1167, 0x7F48, 0x1258, 0x7F6C, 
	0x122D, 0x7FBF, 0x12DB, 0x7FDB, 0x1263, 0x7F9A, 0x1262, 0x8009, 0x12DD, 0x7FBF, 0x11F1, 0x8038, 0x126D, 0x7FBF, 0x1241, 0x7FF7, 
	0x1338, 0x7F91, 0x1244, 0x7FA4, 0x1222, 0x7FC9, 0x1231, 0x7F6C, 0x12BC, 0x7F91, 0x11FF, 0x7FDB, 0x11AC, 0x8066, 0x11E3, 0x8070, 
	0x1258, 0x8013, 0x122D, 0x7FED, 0x1269, 0x7FED, 0x1274, 0x8025, 0x126F, 0x8054, 0x1265, 0x801C, 0x11D9, 0x8025, 0x1223, 0x8000, 
	0x122A, 0x7FF7, 0x1194, 0x8000, 0x117E, 0x801C, 0x1172, 0x8066, 0x1156, 0x8013, 0x116B, 0x7FF7, 0x11FC, 0x7F6C, 0x1254, 0x804A, 
	0x1233, 0x8000, 0x12A6, 0x8009, 0x1262, 0x8013, 0x131B, 0x808C, 0x1238, 0x8054, 0x1194, 0x802E, 0x119C, 0x805D, 0x123A, 0x8000, 
	0x11AB, 0x804A, 0x1121, 0x8025, 0x124C, 0x8041, 0x133A, 0x8041, 0x1209, 0x7FF7, 0x1250, 0x804A, 0x11CE, 0x805D, 0x11CC, 0x7FDB, 
	0x11E7, 0x8013, 0x11D6, 0x8038, 0x137B, 0x7FED, 0x1348, 0x8070, 0x1209, 0x8013, 0x11F5, 0x8009, 0x1281, 0x80A8, 0x1254, 0x8079, 
	0x1194, 0x8118, 0x13D6, 0x8013, 0x1254, 0x809E, 0x1312, 0x8070, 0x1172, 0x8041, 0x128B, 0x808C, 0x1331, 0x802E, 0x12DA, 0x808C, 
	0x131B, 0x8025, 0x127C, 0x8009, 0x12AA, 0x805D, 0x12B2, 0x8009, 0x1208, 0x7FED, 0x12A6, 0x805D, 0x1225, 0x8079, 0x11D3, 0x8066, 
	0x1350, 0x809E, 0x123F, 0x8038, 0x1260, 0x80BA, 0x125F, 0x80BA, 0x1175, 0x8013, 0x136C, 0x8079, 0x127B, 0x809E, 0x11B9, 0x8079, 
	0x11BB, 0x8118, 0x1125, 0x8095, 0x1155, 0x8082, 0x12B1, 0x80F3, 0x1187, 0x8070, 0x1232, 0x810F, 0x113C, 0x8095, 0x125B, 0x80E0, 
	0x11DC, 0x8135, 0x120C, 0x80BA, 0x1091, 0x8122, 0x10F1, 0x8105, 0x12D5, 0x80A8, 0x11B8, 0x80BA, 0x11B9, 0x80E9, 0x11EB, 0x80FC, 
	0x1139, 0x80F3, 0x115D, 0x810F, 0x1169, 0x8164, 0x110E, 0x8105, 0x1113, 0x8118, 0x116E, 0x816D, 0x1090, 0x80C4, 0x106F, 0x813E, 
	0x1201, 0x8135, 0x11A3, 0x810F, 0x10AF, 0x81FC, 0x1162, 0x8147, 0x108B, 0x8177, 0x11FD, 0x8177, 0x10FB, 0x81CC, 0x10D5, 0x816D, 
	0x1090, 0x8105, 0x10A5, 0x819D, 0x1102, 0x819D, 0x10A2, 0x81CC, 0x101E, 0x8193, 0x1158, 0x8177, 0x10B8, 0x8205, 0x1110, 0x8193, 
	0x0FCD, 0x8193, 0x10BB, 0x822C, 0x105C, 0x8222, 0x103F, 0x820F, 0x1003, 0x8248, 0x0F6D, 0x820F, 0x1056, 0x8252, 0x1126, 0x8248, 
	0x102A, 0x825C, 0x0F95, 0x820F, 0x106F, 0x8252, 0x1046, 0x81B9, 0x10CD, 0x828C, 0x106C, 0x8248, 0x1085, 0x82A9, 0x0FD8, 0x82A9, 
	0x1008, 0x8265, 0x0F8D, 0x82B2, 0x1081, 0x8295, 0x0FF7, 0x82E3, 0x0F8E, 0x8279, 0x0FD0, 0x8222, 0x1074, 0x8265, 0x0FBD, 0x828C, 
	0x0FC2, 0x82E3, 0x0F29, 0x8248, 0x0FBB, 0x8235, 0x10DF, 0x8279, 0x0F9B, 0x8205, 0x0FC9, 0x82BC, 0x0FB9, 0x8295, 0x0FBB, 0x829F, 
	0x104C, 0x82A9, 0x0FF3, 0x8205, 0x106D, 0x8327, 0x10F8, 0x82A9, 0x0FFA, 0x81DF, 0x104C, 0x82A9, 0x10F1, 0x826F, 0x1001, 0x82A9, 
	0x100E, 0x82F6, 0x1042, 0x8219, 0x105B, 0x82E3, 0x1124, 0x82CF, 0x10D9, 0x8282, 0x1059, 0x8282, 0x10E7, 0x829F, 0x10E2, 0x828C, 
	0x10EE, 0x82D9, 0x102C, 0x82C6, 0x1013, 0x82BC, 0x1105, 0x82C6, 0x1011, 0x828C, 0x1109, 0x82E3, 0x10A5, 0x82E3, 0x103C, 0x82A9, 
	0x11CA, 0x828C, 0x112D, 0x8279, 0x10D8, 0x8309, 0x106C, 0x828C, 0x1036, 0x8279, 0x1192, 0x8327, 0x11D4, 0x8265, 0x1167, 0x822C, 
	0x111D, 0x8313, 0x1055, 0x825C, 0x118A, 0x82E3, 0x10FA, 0x82BC, 0x1122, 0x8295, 0x10C4, 0x828C, 0x108A, 0x8235, 0x1131, 0x828C, 
	0x1107, 0x82EC, 0x1228, 0x8295, 0x0FA6, 0x82A9, 0x11B8, 0x8279, 0x11CA, 0x8295, 0x10CE, 0x82E3, 0x117E, 0x8313, 0x1191, 0x8309, 
	0x11AE, 0x8222, 0x10CC, 0x82CF, 0x10C1, 0x8313, 0x121D, 0x82D9, 0x109D, 0x8344, 0x10EF, 0x82EC, 0x11CC, 0x8309, 0x11A8, 0x8313, 
	0x1200, 0x83B9, 0x126E, 0x82D9, 0x1270, 0x833A, 0x128F, 0x8327, 0x11F9, 0x82E3, 0x1148, 0x8392, 0x118D, 0x831D, 0x11B6, 0x8327, 
	0x1215, 0x82CF, 0x11CF, 0x82CF, 0x11EB, 0x837E, 0x11E2, 0x8313, 0x11E4, 0x82BC, 0x12EF, 0x8327, 0x136D, 0x8344, 0x1224, 0x83B9, 
	0x11A1, 0x8375, 0x128A, 0x82E3, 0x124F, 0x836B, 0x1259, 0x8344, 0x1240, 0x83D7, 0x121A, 0x839C, 0x1247, 0x836B, 0x11BD, 0x83CD, 
	0x12A0, 0x83D7, 0x1388, 0x83D7, 0x1296, 0x83FE, 0x13E2, 0x83CD, 0x1352, 0x83EA, 0x13FA, 0x846B, 0x133E, 0x8392, 0x13EE, 0x84E2, 
	0x1411, 0x83C3, 0x1412, 0x8475, 0x142B, 0x84B0, 0x13C8, 0x84D8, 0x14C1, 0x8564, 0x13A4, 0x8550, 0x12E1, 0x82F6, 0x1214, 0x834E, 
	0x11E1, 0x82EC, 0x1324, 0x831D, 0x11B7, 0x82B2, 0x11E0, 0x82E3, 0x1259, 0x8282, 0x11C7, 0x82A9, 0x1208, 0x8252, 0x11C9, 0x82BC, 
	0x1244, 0x8219, 0x122C, 0x82B2, 0x1113, 0x8219, 0x1231, 0x8252, 0x11F7, 0x81B9, 0x1168, 0x823F, 0x139E, 0x81DF, 0x12CE, 0x81E9, 
	0x126E, 0x8279, 0x128B, 0x81CC, 0x120E, 0x8193, 0x11F2, 0x816D, 0x11AF, 0x8135, 0x12DA, 0x81C3, 0x1210, 0x81E9, 0x11EF, 0x8135, 
	0x1229, 0x818A, 0x1203, 0x8122, 0x11B5, 0x816D, 0x1265, 0x81DF, 0x1213, 0x8122, 0x11D7, 0x80CD, 0x12E4, 0x812B, 0x12B9, 0x81A6, 
	0x1187, 0x815A, 0x11D8, 0x8135, 0x1247, 0x8118, 0x1245, 0x818A, 0x11A3, 0x80F3, 0x119A, 0x810F, 0x1262, 0x8105, 0x121D, 0x80BA, 
	0x1284, 0x80D6, 0x125F, 0x80FC, 0x126E, 0x80B1, 0x11DC, 0x80F3, 0x10B3, 0x80FC, 0x1220, 0x8118, 0x11E3, 0x810F, 0x1184, 0x80A8, 
	0x11AC, 0x8118, 0x12AA, 0x80A8, 0x128C, 0x808C, 0x128B, 0x80E0, 0x1222, 0x8118, 0x1215, 0x808C, 0x1170, 0x80FC, 0x11C3, 0x80B1, 
	0x1275, 0x809E, 0x11F4, 0x8070, 0x1198, 0x8000, 0x1210, 0x80A8, 0x11EE, 0x8079, 0x121E, 0x8041, 0x10F2, 0x801C, 0x12B1, 0x7F9A, 
	0x12EB, 0x7FDB, 0x1279, 0x8082, 0x1188, 0x801C, 0x1157, 0x805D, 0x11BB, 0x8054, 0x1181, 0x8082, 0x11C1, 0x8041, 0x1217, 0x8066, 
	0x1164, 0x804A, 0x12E7, 0x8009, 0x1170, 0x7FE4, 0x12BC, 0x801C, 0x1191, 0x8038, 0x1137, 0x8000, 0x1175, 0x7FDB, 0x119B, 0x8009, 
	0x119D, 0x804A, 0x115E, 0x8079, 0x1045, 0x8025, 0x11D2, 0x7FC9, 0x1113, 0x7FE4, 0x1120, 0x7FB6, 0x104F, 0x8079, 0x1093, 0x7FDB, 
	0x114B, 0x7FB6, 0x1192, 0x804A, 0x11B2, 0x7FAD, 0x11AB, 0x804A, 0x10B8, 0x802E, 0x1157, 0x7FF7, 0x105B, 0x805D, 0x1167, 0x7FA4, 
	0x112B, 0x801C, 0x1181, 0x8038, 0x119A, 0x7F76, 0x1279, 0x8000, 0x116E, 0x7FED, 0x1122, 0x8041, 0x1172, 0x80B1, 0x11C9, 0x7FDB, 
	0x115C, 0x8013, 0x1155, 0x7FDB, 0x1153, 0x7FAD, 0x11CD, 0x8054, 0x135B, 0x8009, 0x114D, 0x7FED, 0x1216, 0x7FDB, 0x1141, 0x8013, 
	0x1166, 0x7FED, 0x11EC, 0x7FB6, 0x11F9, 0x7FB6, 0x1230, 0x7FDB, 0x11BF, 0x7FF7, 0x12EA, 0x8013, 0x11CC, 0x7FF7, 0x1162, 0x7FA4, 
	0x129C, 0x8013, 0x1180, 0x7F9A, 0x120C, 0x7FE4, 0x113B, 0x7FC9, 0x1164, 0x7FA4, 0x121C, 0x8041, 0x1170, 0x7FDB, 0x1163, 0x8025, 
	0x11A3, 0x7FD2, 0x114A, 0x7FF7, 0x1146, 0x8041, 0x12AE, 0x7FB6, 0x1167, 0x7F48, 0x1258, 0x7F6C, 0x122D, 0x7FBF, 0x12DB, 0x7FDB, 
	0x1263, 0x7F9A, 0x1262, 0x8009, 0x12DD, 0x7FBF, 0x11F1, 0x8038, 0x126D, 0x7FBF, 0x1241, 0x7FF7, 0x1338, 0x7F91, 0x1244, 0x7FA4, 
	0x1222, 0x7FC9, 0x1231, 0x7F6C, 0x12BC, 0x7F91, 0x11FF, 0x7FDB, 0x11AC, 0x8066, 0x11E3, 0x8070, 0x1258, 0x8013, 0x122D, 0x7FED, 
	0x1269, 0x7FED, 0x1274, 0x8025, 0x126F, 0x8054, 0x1265, 0x801C, 0x11D9, 0x8025, 0x1223, 0x8000, 0x122A, 0x7FF7, 0x1194, 0x8000, 
	0x117E, 0x801C, 0x1172, 0x8066, 0x1156, 0x8013, 0x116B, 0x7FF7, 0x11FC, 0x7F6C, 0x1254, 0x804A, 0x1233, 0x8000, 0x12A6, 0x8009, 
	0x1262, 0x8013, 0x131B, 0x808C, 0x1238, 0x8054, 0x1194, 0x802E, 0x119C, 0x805D, 0x123A, 0x8000, 0x11AB, 0x804A, 0x1121, 0x8025, 
	0x124C, 0x8041, 0x133A, 0x8041, 0x1209, 0x7FF7, 0x1250, 0x804A, 0x11CE, 0x805D, 0x11CC, 0x7FDB, 0x11E7, 0x8013, 0x11D6, 0x8038, 
	0x137B, 0x7FED, 0x1348, 0x8070, 0x1209, 0x8013, 0x11F5, 0x8009, 0x1281, 0x80A8, 0x1254, 0x8079, 0x1194, 0x8118, 0x13D6, 0x8013, 
	0x1254, 0x809E, 0x1312, 0x8070, 0x1172, 0x8041, 0x128B, 0x808C, 0x1331, 0x802E, 0x12DA, 0x808C, 0x131B, 0x8025, 0x127C, 0x8009, 
	0x12AA, 0x805D, 0x12B2, 0x8009, 0x1208, 0x7FED, 0x12A6, 0x805D, 0x1225, 0x8079, 0x11D3, 0x8066, 0x1350, 0x809E, 0x123F, 0x8038, 
	0x1260, 0x80BA, 0x125F, 0x80BA, 0x1175, 0x8013, 0x136C, 0x8079, 0x127B, 0x809E, 0x11B9, 0x8079, 0x11BB, 0x8118, 0x1125, 0x8095, 
	0x1155, 0x8082, 0x12B1, 0x80F3, 0x1187, 0x8070, 0x1232, 0x810F, 0x113C, 0x8095, 0x125B, 0x80E0, 0x11DC, 0x8135, 0x120C, 0x80BA, 
	0x1091, 0x8122, 0x10F1, 0x8105, 0x12D5, 0x80A8, 0x11B8, 0x80BA, 0x11B9, 0x80E9, 0x11EB, 0x80FC, 0x1139, 0x80F3, 0x115D, 0x810F, 
	0x1169, 0x8164, 0x110E, 0x8105, 0x1113, 0x8118, 0x116E, 0x816D, 0x1090, 0x80C4, 0x106F, 0x813E, 0x1201, 0x8135, 0x11A3, 0x810F, 
	0x10AF, 0x81FC, 0x1162, 0x8147, 0x108B, 0x8177, 0x11FD, 0x8177, 0x10FB, 0x81CC, 0x10D5, 0x816D, 0x1090, 0x8105, 0x10A5, 0x819D, 
	0x1102, 0x819D, 0x10A2, 0x81CC, 0x101E, 0x8193, 0x1158, 0x8177, 0x10B8, 0x8205, 0x1110, 0x8193, 0x0FCD, 0x8193, 0x10BB, 0x822C, 
	0x11B1, 0x8330, 0x11B1, 0x837E, 0x10C0, 0x82F6, 0x120C, 0x82E3, 0x1168, 0x8279, 0x118F, 0x82EC, 0x11A8, 0x829F, 0x1118, 0x8219, 
	0x10C4, 0x8222, 0x1133, 0x82A9, 0x1142, 0x8248, 0x1236, 0x8295, 0x1191, 0x8279, 0x1214, 0x8279, 0x11DE, 0x81D6, 0x1129, 0x8222, 
	0x12C4, 0x81B9, 0x12F7, 0x819D, 0x11C3, 0x81D6, 0x11D8, 0x8205, 0x115B, 0x81CC, 0x1131, 0x81D6, 0x11FB, 0x819D, 0x1202, 0x818A, 
	0x11E2, 0x81A6, 0x11F8, 0x8177, 0x1279, 0x8180, 0x11AD, 0x81C3, 0x1145, 0x816D, 0x119D, 0x815A, 0x1129, 0x8122, 0x1158, 0x816D, 
	0x126E, 0x815A, 0x1253, 0x818A, 0x1101, 0x8147, 0x1130, 0x819D, 0x11C3, 0x8151, 0x11D0, 0x812B, 0x11C1, 0x8135, 0x10EA, 0x8118, 
	0x11D4, 0x80D6, 0x121B, 0x80E0, 0x1194, 0x80F3, 0x123B, 0x8180, 0x113D, 0x8105, 0x11B0, 0x8135, 0x105C, 0x8122, 0x117A, 0x8135, 
	0x10D6, 0x8151, 0x111F, 0x80F3, 0x1167, 0x8095, 0x1258, 0x80B1, 0x1238, 0x80D6, 0x1227, 0x8070, 0x11FD, 0x8105, 0x11CF, 0x8054, 
	0x1112, 0x80CD, 0x1173, 0x80BA, 0x123B, 0x80BA, 0x1118, 0x8066, 0x1188, 0x8079, 0x11D0, 0x8082, 0x10E2, 0x808C, 0x1205, 0x8054, 
	0x10AD, 0x8079, 0x1219, 0x804A, 0x1233, 0x7FF7, 0x1276, 0x80E0, 0x1169, 0x802E, 0x1187, 0x80BA, 0x117D, 0x8013, 0x1133, 0x801C, 
	0x10DC, 0x80D6, 0x1211, 0x8041, 0x1171, 0x8082, 0x1268, 0x8041, 0x112B, 0x804A, 0x11CC, 0x8070, 0x11E6, 0x8025, 0x1087, 0x80E0, 
	0x113F, 0x8025, 0x1181, 0x8038, 0x116D, 0x8013, 0x1103, 0x8013, 0x105B, 0x7FA4, 0x117F, 0x8025, 0x10A1, 0x8000, 0x10EE, 0x7FE4, 
	0x107E, 0x7FED, 0x1107, 0x7FA4, 0x10BF, 0x7FD2, 0x108E, 0x8095, 0x1106, 0x7FBF, 0x10AF, 0x805D, 0x1089, 0x8025, 0x1070, 0x7FA4, 
	0x103B, 0x8066, 0x113C, 0x8038, 0x1031, 0x7FC9, 0x1157, 0x7FD2, 0x10DF, 0x7FAD, 0x117E, 0x8054, 0x10F1, 0x8082, 0x1069, 0x8013, 
	0x10BE, 0x8013, 0x1179, 0x801C, 0x10D3, 0x8025, 0x1160, 0x7FF7, 0x10F1, 0x7FE4, 0x10BD, 0x805D, 0x1328, 0x7FED, 0x1092, 0x802E, 
	0x107C, 0x809E, 0x10DA, 0x8013, 0x112A, 0x801C, 0x11E2, 0x7FA4, 0x1178, 0x801C, 0x1195, 0x8013, 0x115D, 0x801C, 0x1215, 0x8009, 
	0x10D6, 0x7FAD, 0x11BC, 0x7FDB, 0x1211, 0x8000, 0x112E, 0x7FF7, 0x118F, 0x7FF7, 0x10EF, 0x7FB6, 0x11C5, 0x7FAD, 0x11B8, 0x8009, 
	0x10A7, 0x8009, 0x10DF, 0x8009, 0x10DD, 0x7FB6, 0x1169, 0x7FC9, 0x10FE, 0x7FBF, 0x11ED, 0x7FC9, 0x1119, 0x7FB6, 0x11DC, 0x7FAD, 
	0x1145, 0x7F63, 0x12F4, 0x802E, 0x1197, 0x8013, 0x1205, 0x8038, 0x1265, 0x8013, 0x110F, 0x8079, 0x11D1, 0x7FB6, 0x11D7, 0x7FBF, 
	0x11DC, 0x7FE4, 0x116D, 0x7FAD, 0x1225, 0x7FC9, 0x1249, 0x7FC9, 0x1244, 0x7FA4, 0x11C4, 0x7FE4, 0x11C1, 0x7FED, 0x1137, 0x802E, 
	0x11B8, 0x8041, 0x112A, 0x7FC9, 0x120E, 0x8095, 0x1203, 0x8025, 0x124E, 0x8009, 0x1227, 0x805D, 0x11BB, 0x7F9A, 0x11E5, 0x8066, 
	0x11B3, 0x801C, 0x1138, 0x7FF7, 0x113E, 0x8009, 0x1177, 0x805D, 0x10E8, 0x7FED, 0x10E1, 0x8070, 0x11E2, 0x7FC9, 0x11E6, 0x8054, 
	0x122B, 0x7FF7, 0x1208, 0x8041, 0x11B8, 0x8054, 0x1232, 0x802E, 0x1165, 0x8009, 0x118B, 0x802E, 0x11A5, 0x8041, 0x1168, 0x7FED, 
	0x113A, 0x8000, 0x10A3, 0x805D, 0x11DD, 0x7FF7, 0x12E1, 0x808C, 0x1166, 0x80BA, 0x119D, 0x8054, 0x119E, 0x805D, 0x113B, 0x8054, 
	0x117D, 0x8013, 0x1176, 0x8066, 0x1342, 0x801C, 0x1245, 0x8095, 0x121C, 0x7FF7, 0x11D6, 0x8038, 0x11B9, 0x80BA, 0x11EA, 0x8054, 
	0x11D1, 0x80FC, 0x13CC, 0x8054, 0x1231, 0x810F, 0x1274, 0x80D6, 0x10A0, 0x8054, 0x11BD, 0x8070, 0x11FB, 0x801C, 0x12D0, 0x808C, 
	0x127E, 0x8095, 0x1215, 0x8041, 0x11E0, 0x8095, 0x125E, 0x8066, 0x11B5, 0x802E, 0x119A, 0x8095, 0x1214, 0x80BA, 0x1192, 0x8070, 
	0x12CC, 0x802E, 0x125E, 0x804A, 0x1206, 0x8066, 0x11DA, 0x80A8, 0x107E, 0x8079, 0x12D5, 0x801C, 0x1171, 0x8095, 0x110E, 0x8054, 
	0x11D9, 0x80E0, 0x10DD, 0x808C, 0x10C2, 0x80B1, 0x1227, 0x80CD, 0x1130, 0x7FF7, 0x11B1, 0x80CD, 0x1123, 0x80CD, 0x1239, 0x8105, 
	0x112B, 0x8147, 0x11F9, 0x80D6, 0x1007, 0x80E9, 0x106F, 0x813E, 0x11D7, 0x80CD, 0x1118, 0x80FC, 0x116B, 0x812B, 0x111A, 0x8135, 
	0x10D3, 0x80F3, 0x112E, 0x80CD, 0x118C, 0x8164, 0x10DC, 0x8118, 0x10B7, 0x8135, 0x11CB, 0x80F3, 0x0FD6, 0x8105, 0x0FF3, 0x816D, 
	0x11E1, 0x8118, 0x10B8, 0x813E, 0x10AA, 0x8180, 0x10B5, 0x8118, 0x1079, 0x81B9, 0x10E7, 0x8177, 0x1124, 0x818A, 0x10F1, 0x818A, 
	0x103D, 0x816D, 0x1032, 0x815A, 0x109E, 0x8177, 0x10A9, 0x81F2, 0x103E, 0x81F2, 0x10F1, 0x8177, 0x1090, 0x81A6, 0x109B, 0x81E9, 
	0x0F56, 0x81FC, 0x1041, 0x81E9, 0x0FF6, 0x81D6, 0x0F82, 0x8219, 0x0F5C, 0x81E9, 0x0F42, 0x8219, 0x100C, 0x81FC, 0x1055, 0x8205, 
	0x0FEC, 0x82A9, 0x0F30, 0x8295, 0x0F92, 0x8252, 0x0FDF, 0x8222, 0x103D, 0x823F, 0x0F3E, 0x820F, 0x1042, 0x82C6, 0x0F5E, 0x826F, 
	0x0FCE, 0x8295, 0x0F2D, 0x8295, 0x0F25, 0x82B2, 0x0F86, 0x8265, 0x0F36, 0x8282, 0x0F4A, 0x8295, 0x0FCD, 0x8248, 0x0F29, 0x82BC, 
	0x0F55, 0x8265, 0x0FA4, 0x82B2, 0x1086, 0x8248, 0x10F6, 0x82D9, 0x0F8D, 0x8219, 0x0F70, 0x8279, 0x0EB3, 0x82B2, 0x0EF7, 0x8279, 
	0x0FB6, 0x82F6, 0x0F4D, 0x825C, 0x0FCA, 0x82B2, 0x109B, 0x8282, 0x0FC0, 0x8295, 0x0FBA, 0x826F, 0x1047, 0x8295, 0x100C, 0x82CF, 
	0x0FBA, 0x82BC, 0x1024, 0x82D9, 0x0F9E, 0x831D, 0x0CE0, 0x82D9, 0x1089, 0x828C, 0x101A, 0x829F, 0x10F8, 0x82B2, 0x1078, 0x831D, 
	0x104D, 0x828C, 0x0FED, 0x82F6, 0x101D, 0x8279, 0x10E9, 0x8330, 0x0FB5, 0x8295, 0x106F, 0x82E3, 0x1033, 0x8295, 0x100C, 0x8295, 
	0x113C, 0x82C6, 0x1075, 0x829F, 0x10EE, 0x831D, 0x107D, 0x8279, 0x0F49, 0x8265, 0x1100, 0x82E3, 0x11C9, 0x82A9, 0x10E4, 0x825C, 
	0x10EB, 0x8357, 0x10A8, 0x8295, 0x0FBB, 0x82C6, 0x108E, 0x82CF, 0x10C0, 0x8295, 0x0FF4, 0x8295, 0x106A, 0x822C, 0x10AB, 0x828C, 
	0x1085, 0x8330, 0x121C, 0x828C, 0x0F64, 0x82EC, 0x1121, 0x82BC, 0x11B4, 0x8300, 0x10A9, 0x834E, 0x119D, 0x82D9, 0x115C, 0x8330, 
	0x111B, 0x82EC, 0x1092, 0x82EC, 0x1004, 0x8330, 0x1103, 0x833A, 0x0FC7, 0x82CF, 0x10CB, 0x834E, 0x1143, 0x8375, 0x1172, 0x82CF, 
	0x11A4, 0x8300, 0x1216, 0x8361, 0x11E8, 0x8327, 0x11CF, 0x836B, 0x1172, 0x833A, 0x10FE, 0x8357, 0x1170, 0x8344, 0x11AB, 0x833A, 
	0x11F9, 0x8392, 0x1156, 0x8309, 0x1178, 0x836B, 0x117A, 0x8375, 0x11BC, 0x831D, 0x12C8, 0x83CD, 0x1283, 0x8375, 0x121A, 0x8330, 
	0x1167, 0x8388, 0x11E5, 0x8309, 0x11DA, 0x8361, 0x121A, 0x836B, 0x11A5, 0x83C3, 0x11C4, 0x83B9, 0x1237, 0x83A6, 0x10ED, 0x83EA, 
	0x11AE, 0x8439, 0x12ED, 0x83F4, 0x1164, 0x841B, 0x12D3, 0x83D7, 0x1307, 0x8425, 0x12C2, 0x847E, 0x1302, 0x844D, 0x143A, 0x8492, 
	0x13A6, 0x83C3, 0x13A3, 0x8492, 0x13F7, 0x846B, 0x136F, 0x855A, 0x144B, 0x85AB, 0x13E7, 0x85B5, 0x11B1, 0x8330, 0x11B1, 0x837E, 
	0x10C0, 0x82F6, 0x120C, 0x82E3, 0x1168, 0x8279, 0x118F, 0x82EC, 0x11A8, 0x829F, 0x1118, 0x8219, 0x10C4, 0x8222, 0x1133, 0x82A9, 
	0x1142, 0x8248, 0x1236, 0x8295, 0x1191, 0x8279, 0x1214, 0x8279, 0x11DE, 0x81D6, 0x1129, 0x8222, 0x12C4, 0x81B9, 0x12F7, 0x819D, 
	0x11C3, 0x81D6, 0x11D8, 0x8205, 0x115B, 0x81CC, 0x1131, 0x81D6, 0x11FB, 0x819D, 0x1202, 0x818A, 0x11E2, 0x81A6, 0x11F8, 0x8177, 
	0x1279, 0x8180, 0x11AD, 0x81C3, 0x1145, 0x816D, 0x119D, 0x815A, 0x1129, 0x8122, 0x1158, 0x816D, 0x126E, 0x815A, 0x1253, 0x818A, 
	0x1101, 0x8147, 0x1130, 0x819D, 0x11C3, 0x8151, 0x11D0, 0x812B, 0x11C1, 0x8135, 0x10EA, 0x8118, 0x11D4, 0x80D6, 0x121B, 0x80E0, 
	0x1194, 0x80F3, 0x123B, 0x8180, 0x113D, 0x8105, 0x11B0, 0x8135, 0x105C, 0x8122, 0x117A, 0x8135, 0x10D6, 0x8151, 0x111F, 0x80F3, 
	0x1167, 0x8095, 0x1258, 0x80B1, 0x1238, 0x80D6, 0x1227, 0x8070, 0x11FD, 0x8105, 0x11CF, 0x8054, 0x1112, 0x80CD, 0x1173, 0x80BA, 
	0x123B, 0x80BA, 0x1118, 0x8066, 0x1188, 0x8079, 0x11D0, 0x8082, 0x10E2, 0x808C, 0x1205, 0x8054, 0x10AD, 0x8079, 0x1219, 0x804A, 
	0x1233, 0x7FF7, 0x1276, 0x80E0, 0x1169, 0x802E, 0x1187, 0x80BA, 0x117D, 0x8013, 0x1133, 0x801C, 0x10DC, 0x80D6, 0x1211, 0x8041, 
	0x1171, 0x8082, 0x1268, 0x8041, 0x112B, 0x804A, 0x11CC, 0x8070, 0x11E6, 0x8025, 0x1087, 0x80E0, 0x113F, 0x8025, 0x1181, 0x8038, 
	0x116D, 0x8013, 0x1103, 0x8013, 0x105B, 0x7FA4, 0x117F, 0x8025, 0x10A1, 0x8000, 0x10EE, 0x7FE4, 0x107E, 0x7FED, 0x1107, 0x7FA4, 
	0x10BF, 0x7FD2, 0x108E, 0x8095, 0x1106, 0x7FBF, 0x10AF, 0x805D, 0x1089, 0x8025, 0x1070, 0x7FA4, 0x103B, 0x8066, 0x113C, 0x8038, 
	0x1031, 0x7FC9, 0x1157, 0x7FD2, 0x10DF, 0x7FAD, 0x117E, 0x8054, 0x10F1, 0x8082, 0x1069, 0x8013, 0x10BE, 0x8013, 0x1179, 0x801C, 
	0x10D3, 0x8025, 0x1160, 0x7FF7, 0x10F1, 0x7FE4, 0x10BD, 0x805D, 0x1328, 0x7FED, 0x1092, 0x802E, 0x107C, 0x809E, 0x10DA, 0x8013, 
	0x112A, 0x801C, 0x11E2, 0x7FA4, 0x1178, 0x801C, 0x1195, 0x8013, 0x115D, 0x801C, 0x1215, 0x8009, 0x10D6, 0x7FAD, 0x11BC, 0x7FDB, 
	0x1211, 0x8000, 0x112E, 0x7FF7, 0x118F, 0x7FF7, 0x10EF, 0x7FB6, 0x11C5, 0x7FAD, 0x11B8, 0x8009, 0x10A7, 0x8009, 0x10DF, 0x8009, 
	0x10DD, 0x7FB6, 0x1169, 0x7FC9, 0x10FE, 0x7FBF, 0x11ED, 0x7FC9, 0x1119, 0x7FB6, 0x11DC, 0x7FAD, 0x1145, 0x7F63, 0x12F4, 0x802E, 
	0x1197, 0x8013, 0x1205, 0x8038, 0x1265, 0x8013, 0x110F, 0x8079, 0x11D1, 0x7FB6, 0x11D7, 0x7FBF, 0x11DC, 0x7FE4, 0x116D, 0x7FAD, 
	0x1225, 0x7FC9, 0x1249, 0x7FC9, 0x1244, 0x7FA4, 0x11C4, 0x7FE4, 0x11C1, 0x7FED, 0x1137, 0x802E, 0x11B8, 0x8041, 0x112A, 0x7FC9, 
	0x120E, 0x8095, 0x1203, 0x8025, 0x124E, 0x8009, 0x1227, 0x805D, 0x11BB, 0x7F9A, 0x11E5, 0x8066, 0x11B3, 0x801C, 0x1138, 0x7FF7, 
	0x113E, 0x8009, 0x1177, 0x805D, 0x10E8, 0x7FED, 0x10E1, 0x8070, 0x11E2, 0x7FC9, 0x11E6, 0x8054, 0x122B, 0x7FF7, 0x1208, 0x8041, 
	0x11B8, 0x8054, 0x1232, 0x802E, 0x1165, 0x8009, 0x118B, 0x802E, 0x11A5, 0x8041, 0x1168, 0x7FED, 0x113A, 0x8000, 0x10A3, 0x805D, 
	0x11DD, 0x7FF7, 0x12E1, 0x808C, 0x1166, 0x80BA, 0x119D, 0x8054, 0x119E, 0x805D, 0x113B, 0x8054, 0x117D, 0x8013, 0x1176, 0x8066, 
	0x1342, 0x801C, 0x1245, 0x8095, 0x121C, 0x7FF7, 0x11D6, 0x8038, 0x11B9, 0x80BA, 0x11EA, 0x8054, 0x11D1, 0x80FC, 0x13CC, 0x8054, 
	0x1231, 0x810F, 0x1274, 0x80D6, 0x10A0, 0x8054, 0x11BD, 0x8070, 0x11FB, 0x801C, 0x12D0, 0x808C, 0x127E, 0x8095, 0x1215, 0x8041, 
	0x11E0, 0x8095, 0x125E, 0x8066, 0x11B5, 0x802E, 0x119A, 0x8095, 0x1214, 0x80BA, 0x1192, 0x8070, 0x12CC, 0x802E, 0x125E, 0x804A, 
	0x1206, 0x8066, 0x11DA, 0x80A8, 0x107E, 0x8079, 0x12D5, 0x801C, 0x1171, 0x8095, 0x110E, 0x8054, 0x11D9, 0x80E0, 0x10DD, 0x808C, 
	0x10C2, 0x80B1, 0x1227, 0x80CD, 0x1130, 0x7FF7, 0x11B1, 0x80CD, 0x1123, 0x80CD, 0x1239, 0x8105, 0x112B, 0x8147, 0x11F9, 0x80D6, 
	0x1007, 0x80E9, 0x106F, 0x813E, 0x11D7, 0x80CD, 0x1118, 0x80FC, 0x116B, 0x812B, 0x111A, 0x8135, 0x10D3, 0x80F3, 0x112E, 0x80CD, 
	0x118C, 0x8164, 0x10DC, 0x8118, 0x10B7, 0x8135, 0x11CB, 0x80F3, 0x0FD6, 0x8105, 0x0FF3, 0x816D, 0x11E1, 0x8118, 0x10B8, 0x813E, 
	0x10AA, 0x8180, 0x10B5, 0x8118, 0x1079, 0x81B9, 0x10E7, 0x8177, 0x1124, 0x818A, 0x10F1, 0x818A, 0x103D, 0x816D, 0x1032, 0x815A, 
	0x109E, 0x8177, 0x10A9, 0x81F2, 0x103E, 0x81F2, 0x10F1, 0x8177, 0x1090, 0x81A6, 0x109B, 0x81E9, 0x0F56, 0x81FC, 0x1041, 0x81E9, 
	0x11A7, 0x82A9, 0x11FA, 0x831D, 0x11D4, 0x829F, 0x1243, 0x82D9, 0x122C, 0x829F, 0x11FA, 0x829F, 0x11CE, 0x828C, 0x1255, 0x82C6, 
	0x11E8, 0x81FC, 0x1243, 0x82C6, 0x1238, 0x820F, 0x1299, 0x8282, 0x1206, 0x823F, 0x123F, 0x8193, 0x11EF, 0x8252, 0x112B, 0x81CC, 
	0x12D3, 0x81CC, 0x135F, 0x81DF, 0x116B, 0x8180, 0x1278, 0x8222, 0x1253, 0x81D6, 0x1217, 0x81C3, 0x1190, 0x81DF, 0x11DE, 0x819D, 
	0x1230, 0x81A6, 0x11D6, 0x81E9, 0x120B, 0x8122, 0x127A, 0x81C3, 0x11AF, 0x8164, 0x124A, 0x8135, 0x1129, 0x80FC, 0x1190, 0x80D6, 
	0x12FD, 0x812B, 0x123A, 0x80E0, 0x10E7, 0x8147, 0x11B5, 0x8151, 0x1313, 0x8095, 0x1244, 0x813E, 0x11AF, 0x8118, 0x124E, 0x8151, 
	0x11A9, 0x810F, 0x1215, 0x8105, 0x1199, 0x80F3, 0x11AE, 0x8135, 0x1197, 0x80CD, 0x10EB, 0x80F3, 0x11BB, 0x8122, 0x11BD, 0x80FC, 
	0x1100, 0x809E, 0x10DD, 0x8147, 0x1216, 0x8066, 0x1301, 0x809E, 0x1163, 0x80FC, 0x121C, 0x808C, 0x125A, 0x80D6, 0x11FB, 0x8082, 
	0x1262, 0x808C, 0x119B, 0x8054, 0x1283, 0x8066, 0x1130, 0x80A8, 0x1113, 0x8082, 0x123D, 0x8095, 0x11AB, 0x808C, 0x126C, 0x8013, 
	0x114A, 0x804A, 0x1305, 0x8066, 0x1221, 0x7FA4, 0x119E, 0x80CD, 0x11D7, 0x802E, 0x123E, 0x8054, 0x11F1, 0x8041, 0x1207, 0x8095, 
	0x11BD, 0x804A, 0x1261, 0x8095, 0x1182, 0x802E, 0x12B5, 0x80BA, 0x1161, 0x7FE4, 0x11CE, 0x8070, 0x1212, 0x8038, 0x10B6, 0x7FC9, 
	0x1166, 0x8013, 0x1221, 0x802E, 0x1176, 0x7FED, 0x1120, 0x804A, 0x10C6, 0x7FBF, 0x11A3, 0x7FED, 0x1094, 0x8038, 0x1099, 0x8025, 
	0x1078, 0x8025, 0x109D, 0x7FF7, 0x1124, 0x7FDB, 0x10AE, 0x808C, 0x123B, 0x8009, 0x1110, 0x804A, 0x113A, 0x8038, 0x1151, 0x7FAD, 
	0x102F, 0x7FA4, 0x1186, 0x7FDB, 0x111C, 0x8025, 0x11D4, 0x8066, 0x11E3, 0x7FC9, 0x1152, 0x8079, 0x115F, 0x808C, 0x110D, 0x801C, 
	0x10E5, 0x8013, 0x113F, 0x7FED, 0x10EA, 0x7FDB, 0x1151, 0x8054, 0x11D0, 0x7FE4, 0x1082, 0x8009, 0x120D, 0x8025, 0x11CE, 0x8082, 
	0x1259, 0x801C, 0x1199, 0x7FF7, 0x11A8, 0x8009, 0x1273, 0x7FDB, 0x118A, 0x804A, 0x1209, 0x804A, 0x11C2, 0x8041, 0x1233, 0x8009, 
	0x11EC, 0x8013, 0x1204, 0x7FC9, 0x11AC, 0x8025, 0x1244, 0x802E, 0x1163, 0x7FC9, 0x113C, 0x7FBF, 0x1264, 0x7FE4, 0x121A, 0x8041, 
	0x11E9, 0x7FC9, 0x1154, 0x8009, 0x116B, 0x7FED, 0x1181, 0x7FBF, 0x11E5, 0x7FED, 0x1246, 0x7FAD, 0x1157, 0x7FBF, 0x120B, 0x7FA4, 
	0x1254, 0x7F91, 0x1265, 0x8000, 0x11B3, 0x802E, 0x11D5, 0x8013, 0x11F3, 0x7FB6, 0x11AC, 0x8000, 0x1251, 0x801C, 0x1222, 0x7FDB, 
	0x11E7, 0x7FD2, 0x11DB, 0x7FE4, 0x117C, 0x7F9A, 0x11FD, 0x801C, 0x126F, 0x8000, 0x123F, 0x7FDB, 0x116C, 0x7FED, 0x1227, 0x7F88, 
	0x120A, 0x7FAD, 0x129F, 0x7FDB, 0x120A, 0x8025, 0x128A, 0x802E, 0x120C, 0x7FF7, 0x12AF, 0x802E, 0x1218, 0x7FE4, 0x11F1, 0x8013, 
	0x11A0, 0x8038, 0x11A4, 0x801C, 0x117B, 0x8000, 0x11B0, 0x804A, 0x116A, 0x7FDB, 0x1112, 0x80C4, 0x1222, 0x805D, 0x1241, 0x7FF7, 
	0x1218, 0x8038, 0x1206, 0x8013, 0x1135, 0x804A, 0x120B, 0x8025, 0x12C2, 0x8025, 0x119B, 0x8013, 0x118C, 0x8054, 0x1171, 0x8054, 
	0x1181, 0x804A, 0x114D, 0x8054, 0x1260, 0x8000, 0x1217, 0x8013, 0x1221, 0x8079, 0x1248, 0x8000, 0x11DE, 0x802E, 0x124F, 0x7F7F, 
	0x1287, 0x8000, 0x11AB, 0x8095, 0x135E, 0x7FB6, 0x134C, 0x80BA, 0x12F0, 0x8041, 0x1244, 0x7FF7, 0x125A, 0x8054, 0x12F4, 0x8066, 
	0x11D5, 0x8070, 0x1355, 0x8000, 0x1275, 0x80A8, 0x12E7, 0x8095, 0x1151, 0x802E, 0x11E3, 0x8070, 0x1294, 0x8095, 0x12A0, 0x8041, 
	0x1290, 0x80D6, 0x1225, 0x802E, 0x12D8, 0x8054, 0x1323, 0x808C, 0x12BC, 0x8079, 0x1291, 0x8095, 0x1274, 0x8095, 0x11CA, 0x802E, 
	0x1306, 0x80BA, 0x12A4, 0x80B1, 0x1266, 0x8070, 0x11DD, 0x809E, 0x111E, 0x8054, 0x1334, 0x8041, 0x11DB, 0x8095, 0x1215, 0x80B1, 
	0x122A, 0x80BA, 0x10BB, 0x80B1, 0x119E, 0x805D, 0x1232, 0x8151, 0x1155, 0x80C4, 0x11BB, 0x80C4, 0x1204, 0x810F, 0x126A, 0x8095, 
	0x11C8, 0x80E9, 0x1286, 0x8135, 0x106E, 0x80D6, 0x1121, 0x80C4, 0x11E6, 0x802E, 0x1291, 0x8151, 0x11B3, 0x8151, 0x10FB, 0x80D6, 
	0x10FE, 0x8118, 0x10B4, 0x80C4, 0x1185, 0x8118, 0x10B8, 0x8151, 0x113B, 0x8151, 0x1128, 0x80E9, 0x1151, 0x8105, 0x1069, 0x812B, 
	0x110F, 0x8177, 0x11C9, 0x813E, 0x10CA, 0x8135, 0x10E9, 0x8147, 0x10D2, 0x812B, 0x1176, 0x81D6, 0x1187, 0x81D6, 0x11B7, 0x8151, 
	0x10ED, 0x8147, 0x10D7, 0x8180, 0x1106, 0x8151, 0x108C, 0x81E9, 0x107E, 0x8193, 0x109E, 0x81B9, 0x10A8, 0x81DF, 0x1087, 0x818A, 
	0x0F1C, 0x81A6, 0x10E8, 0x825C, 0x1005, 0x81FC, 0x1068, 0x81E9, 0x1039, 0x82B2, 0x0F63, 0x81F2, 0x1009, 0x825C, 0x109D, 0x823F, 
	0x0FF2, 0x8222, 0x0FAF, 0x828C, 0x0F30, 0x8248, 0x109A, 0x8265, 0x10C0, 0x826F, 0x101C, 0x822C, 0x1098, 0x82E3, 0x0F6E, 0x8235, 
	0x0FAE, 0x8265, 0x0F9E, 0x82B2, 0x0F93, 0x825C, 0x103E, 0x8295, 0x0FD6, 0x8282, 0x0FB2, 0x8235, 0x1073, 0x826F, 0x0FF5, 0x82B2, 
	0x0EFD, 0x826F, 0x0F77, 0x82D9, 0x10C6, 0x8265, 0x0F75, 0x829F, 0x1086, 0x8252, 0x0FE2, 0x8252, 0x0F28, 0x826F, 0x0FC0, 0x823F, 
	0x0FBE, 0x82B2, 0x108A, 0x81DF, 0x105D, 0x82B2, 0x1043, 0x8295, 0x10AE, 0x820F, 0x0F9B, 0x8282, 0x1088, 0x8279, 0x102F, 0x826F, 
	0x1019, 0x82BC, 0x1113, 0x8295, 0x1071, 0x82C6, 0x1058, 0x82F6, 0x102A, 0x829F, 0x0FBC, 0x825C, 0x113F, 0x829F, 0x1115, 0x833A, 
	0x10EC, 0x82CF, 0x1029, 0x82CF, 0x10DD, 0x82D9, 0x10AA, 0x8309, 0x1066, 0x82A9, 0x10C2, 0x82C6, 0x10F0, 0x82BC, 0x10BB, 0x8282, 
	0x11DA, 0x82A9, 0x110C, 0x8265, 0x1098, 0x82CF, 0x1148, 0x82C6, 0x1045, 0x8248, 0x117F, 0x8313, 0x11B8, 0x82EC, 0x11BE, 0x8279, 
	0x1040, 0x8327, 0x10E1, 0x8252, 0x1104, 0x82C6, 0x111B, 0x8357, 0x1124, 0x829F, 0x10F5, 0x82D9, 0x1097, 0x829F, 0x1106, 0x82BC, 
	0x10C0, 0x8300, 0x128E, 0x829F, 0x100D, 0x82BC, 0x1071, 0x82CF, 0x11E0, 0x8300, 0x10F4, 0x8313, 0x11EA, 0x8309, 0x11A5, 0x83A6, 
	0x11C5, 0x82D9, 0x112D, 0x8313, 0x0FC7, 0x833A, 0x11B3, 0x8357, 0x10DC, 0x8330, 0x106B, 0x8327, 0x119B, 0x8388, 0x1196, 0x836B, 
	0x122A, 0x836B, 0x1252, 0x8300, 0x1279, 0x82E3, 0x11D1, 0x8388, 0x11E1, 0x8361, 0x1138, 0x831D, 0x128A, 0x834E, 0x11C5, 0x8327, 
	0x122C, 0x8344, 0x1210, 0x839C, 0x11DC, 0x8361, 0x123A, 0x8330, 0x11DB, 0x82CF, 0x1331, 0x8327, 0x12B0, 0x8392, 0x11EB, 0x8361, 
	0x11FB, 0x836B, 0x12CA, 0x8300, 0x12DF, 0x8361, 0x12AF, 0x839C, 0x126F, 0x8388, 0x1234, 0x83CD, 0x124D, 0x83C3, 0x1282, 0x83E0, 
	0x1327, 0x8439, 0x12BA, 0x8457, 0x12DA, 0x8412, 0x132F, 0x844D, 0x13EF, 0x84BA, 0x1351, 0x83FE, 0x1344, 0x841B, 0x144E, 0x83F4, 
	0x13F8, 0x8412, 0x13A5, 0x849C, 0x1428, 0x84E2, 0x1397, 0x8492, 0x14E3, 0x856E, 0x13FE, 0x8550, 0x11A7, 0x82A9, 0x11FA, 0x831D, 
	0x11D4, 0x829F, 0x1243, 0x82D9, 0x122C, 0x829F, 0x11FA, 0x829F, 0x11CE, 0x828C, 0x1255, 0x82C6, 0x11E8, 0x81FC, 0x1243, 0x82C6, 
	0x1238, 0x820F, 0x1299, 0x8282, 0x1206, 0x823F, 0x123F, 0x8193, 0x11EF, 0x8252, 0x112B, 0x81CC, 0x12D3, 0x81CC, 0x135F, 0x81DF, 
	0x116B, 0x8180, 0x1278, 0x8222, 0x1253, 0x81D6, 0x1217, 0x81C3, 0x1190, 0x81DF, 0x11DE, 0x819D, 0x1230, 0x81A6, 0x11D6, 0x81E9, 
	0x120B, 0x8122, 0x127A, 0x81C3, 0x11AF, 0x8164, 0x124A, 0x8135, 0x1129, 0x80FC, 0x1190, 0x80D6, 0x12FD, 0x812B, 0x123A, 0x80E0, 
	0x10E7, 0x8147, 0x11B5, 0x8151, 0x1313, 0x8095, 0x1244, 0x813E, 0x11AF, 0x8118, 0x124E, 0x8151, 0x11A9, 0x810F, 0x1215, 0x8105, 
	0x1199, 0x80F3, 0x11AE, 0x8135, 0x1197, 0x80CD, 0x10EB, 0x80F3, 0x11BB, 0x8122, 0x11BD, 0x80FC, 0x1100, 0x809E, 0x10DD, 0x8147, 
	0x1216, 0x8066, 0x1301, 0x809E, 0x1163, 0x80FC, 0x121C, 0x808C, 0x125A, 0x80D6, 0x11FB, 0x8082, 0x1262, 0x808C, 0x119B, 0x8054, 
	0x1283, 0x8066, 0x1130, 0x80A8, 0x1113, 0x8082, 0x123D, 0x8095, 0x11AB, 0x808C, 0x126C, 0x8013, 0x114A, 0x804A, 0x1305, 0x8066, 
	0x1221, 0x7FA4, 0x119E, 0x80CD, 0x11D7, 0x802E, 0x123E, 0x8054, 0x11F1, 0x8041, 0x1207, 0x8095, 0x11BD, 0x804A, 0x1261, 0x8095, 
	0x1182, 0x802E, 0x12B5, 0x80BA, 0x1161, 0x7FE4, 0x11CE, 0x8070, 0x1212, 0x8038, 0x10B6, 0x7FC9, 0x1166, 0x8013, 0x1221, 0x802E, 
	0x1176, 0x7FED, 0x1120, 0x804A, 0x10C6, 0x7FBF, 0x11A3, 0x7FED, 0x1094, 0x8038, 0x1099, 0x8025, 0x1078, 0x8025, 0x109D, 0x7FF7, 
	0x1124, 0x7FDB, 0x10AE, 0x808C, 0x123B, 0x8009, 0x1110, 0x804A, 0x113A, 0x8038, 0x1151, 0x7FAD, 0x102F, 0x7FA4, 0x1186, 0x7FDB, 
	0x111C, 0x8025, 0x11D4, 0x8066, 0x11E3, 0x7FC9, 0x1152, 0x8079, 0x115F, 0x808C, 0x110D, 0x801C, 0x10E5, 0x8013, 0x113F, 0x7FED, 
	0x10EA, 0x7FDB, 0x1151, 0x8054, 0x11D0, 0x7FE4, 0x1082, 0x8009, 0x120D, 0x8025, 0x11CE, 0x8082, 0x1259, 0x801C, 0x1199, 0x7FF7, 
	0x11A8, 0x8009, 0x1273, 0x7FDB, 0x118A, 0x804A, 0x1209, 0x804A, 0x11C2, 0x8041, 0x1233, 0x8009, 0x11EC, 0x8013, 0x1204, 0x7FC9, 
	0x11AC, 0x8025, 0x1244, 0x802E, 0x1163, 0x7FC9, 0x113C, 0x7FBF, 0x1264, 0x7FE4, 0x121A, 0x8041, 0x11E9, 0x7FC9, 0x1154, 0x8009, 
	0x116B, 0x7FED, 0x1181, 0x7FBF, 0x11E5, 0x7FED, 0x1246, 0x7FAD, 0x1157, 0x7FBF, 0x120B, 0x7FA4, 0x1254, 0x7F91, 0x1265, 0x8000, 
	0x11B3, 0x802E, 0x11D5, 0x8013, 0x11F3, 0x7FB6, 0x11AC, 0x8000, 0x1251, 0x801C, 0x1222, 0x7FDB, 0x11E7, 0x7FD2, 0x11DB, 0x7FE4, 
	0x117C, 0x7F9A, 0x11FD, 0x801C, 0x126F, 0x8000, 0x123F, 0x7FDB, 0x116C, 0x7FED, 0x1227, 0x7F88, 0x120A, 0x7FAD, 0x129F, 0x7FDB, 
	0x120A, 0x8025, 0x128A, 0x802E, 0x120C, 0x7FF7, 0x12AF, 0x802E, 0x1218, 0x7FE4, 0x11F1, 0x8013, 0x11A0, 0x8038, 0x11A4, 0x801C, 
	0x117B, 0x8000, 0x11B0, 0x804A, 0x116A, 0x7FDB, 0x1112, 0x80C4, 0x1222, 0x805D, 0x1241, 0x7FF7, 0x1218, 0x8038, 0x1206, 0x8013, 
	0x1135, 0x804A, 0x120B, 0x8025, 0x12C2, 0x8025, 0x119B, 0x8013, 0x118C, 0x8054, 0x1171, 0x8054, 0x1181, 0x804A, 0x114D, 0x8054, 
	0x1260, 0x8000, 0x1217, 0x8013, 0x1221, 0x8079, 0x1248, 0x8000, 0x11DE, 0x802E, 0x124F, 0x7F7F, 0x1287, 0x8000, 0x11AB, 0x8095, 
	0x135E, 0x7FB6, 0x134C, 0x80BA, 0x12F0, 0x8041, 0x1244, 0x7FF7, 0x125A, 0x8054, 0x12F4, 0x8066, 0x11D5, 0x8070, 0x1355, 0x8000, 
	0x1275, 0x80A8, 0x12E7, 0x8095, 0x1151, 0x802E, 0x11E3, 0x8070, 0x1294, 0x8095, 0x12A0, 0x8041, 0x1290, 0x80D6, 0x1225, 0x802E, 
	0x12D8, 0x8054, 0x1323, 0x808C, 0x12BC, 0x8079, 0x1291, 0x8095, 0x1274, 0x8095, 0x11CA, 0x802E, 0x1306, 0x80BA, 0x12A4, 0x80B1, 
	0x1266, 0x8070, 0x11DD, 0x809E, 0x111E, 0x8054, 0x1334, 0x8041, 0x11DB, 0x8095, 0x1215, 0x80B1, 0x122A, 0x80BA, 0x10BB, 0x80B1, 
	0x119E, 0x805D, 0x1232, 0x8151, 0x1155, 0x80C4, 0x11BB, 0x80C4, 0x1204, 0x810F, 0x126A, 0x8095, 0x11C8, 0x80E9, 0x1286, 0x8135, 
	0x106E, 0x80D6, 0x1121, 0x80C4, 0x11E6, 0x802E, 0x1291, 0x8151, 0x11B3, 0x8151, 0x10FB, 0x80D6, 0x10FE, 0x8118, 0x10B4, 0x80C4, 
	0x1185, 0x8118, 0x10B8, 0x8151, 0x113B, 0x8151, 0x1128, 0x80E9, 0x1151, 0x8105, 0x1069, 0x812B, 0x110F, 0x8177, 0x11C9, 0x813E, 
	0x10CA, 0x8135, 0x10E9, 0x8147, 0x10D2, 0x812B, 0x1176, 0x81D6, 0x1187, 0x81D6, 0x11B7, 0x8151, 0x10ED, 0x8147, 0x10D7, 0x8180, 
	0x1106, 0x8151, 0x108C, 0x81E9, 0x107E, 0x8193, 0x109E, 0x81B9, 0x10A8, 0x81DF, 0x1087, 0x818A, 0x0F1C, 0x81A6, 0x10E8, 0x825C, 
	0x10EE, 0x82A9, 0x11D8, 0x831D, 0x11F3, 0x8309, 0x11D8, 0x8309, 0x1181, 0x8327, 0x116C, 0x82E3, 0x11ED, 0x8248, 0x11B2, 0x82C6, 
	0x1160, 0x8252, 0x11DC, 0x826F, 0x1182, 0x8279, 0x111D, 0x822C, 0x11A5, 0x8219, 0x1156, 0x823F, 0x1101, 0x81CC, 0x111D, 0x81FC, 
	0x1206, 0x81C3, 0x12F8, 0x8248, 0x10C9, 0x81CC, 0x1244, 0x825C, 0x11C1, 0x8248, 0x1126, 0x818A, 0x1112, 0x81D6, 0x11EC, 0x81C3, 
	0x1154, 0x81DF, 0x1130, 0x81D6, 0x11C4, 0x8180, 0x11E1, 0x8193, 0x116D, 0x8164, 0x11D7, 0x81A6, 0x1140, 0x8180, 0x1156, 0x812B, 
	0x124F, 0x8147, 0x124F, 0x813E, 0x10A8, 0x818A, 0x11AB, 0x8122, 0x124C, 0x80CD, 0x11C9, 0x8147, 0x11A2, 0x8147, 0x11C5, 0x8180, 
	0x119E, 0x80CD, 0x1158, 0x812B, 0x111F, 0x809E, 0x1111, 0x80E9, 0x11A7, 0x8147, 0x10AC, 0x8177, 0x1127, 0x816D, 0x1210, 0x80F3, 
	0x10A1, 0x80A8, 0x1081, 0x80F3, 0x118E, 0x80CD, 0x124E, 0x809E, 0x115A, 0x812B, 0x11A6, 0x80CD, 0x11D7, 0x8122, 0x119C, 0x8151, 
	0x11C5, 0x80B1, 0x115E, 0x80E0, 0x11F3, 0x8095, 0x109A, 0x80A8, 0x1085, 0x8038, 0x11FA, 0x804A, 0x1186, 0x80CD, 0x1191, 0x8066, 
	0x112C, 0x8038, 0x1243, 0x808C, 0x1204, 0x801C, 0x10D7, 0x80BA, 0x113A, 0x8009, 0x11E7, 0x809E, 0x1150, 0x8013, 0x1172, 0x8009, 
	0x1115, 0x8041, 0x1110, 0x8079, 0x1147, 0x802E, 0x1255, 0x8066, 0x10E7, 0x7FBF, 0x116F, 0x8070, 0x11CF, 0x8013, 0x111C, 0x8070, 
	0x1023, 0x8000, 0x1134, 0x808C, 0x10DE, 0x8025, 0x10A1, 0x808C, 0x1080, 0x801C, 0x1109, 0x8009, 0x10CE, 0x802E, 0x10B4, 0x802E, 
	0x1045, 0x801C, 0x104C, 0x8000, 0x1077, 0x8038, 0x0FBB, 0x8000, 0x1126, 0x7FE4, 0x10DC, 0x8013, 0x110B, 0x802E, 0x1148, 0x7FDB, 
	0x0FC7, 0x7FD2, 0x10B1, 0x8025, 0x1070, 0x7FDB, 0x111E, 0x8070, 0x10BA, 0x7F91, 0x1177, 0x7FF7, 0x112F, 0x8105, 0x1099, 0x8025, 
	0x1037, 0x802E, 0x1110, 0x7FC9, 0x114E, 0x8038, 0x10C0, 0x8038, 0x119E, 0x801C, 0x1068, 0x8009, 0x1183, 0x801C, 0x1146, 0x8066, 
	0x11D5, 0x802E, 0x10D8, 0x7FF7, 0x111F, 0x7FF7, 0x11F1, 0x8009, 0x1176, 0x8038, 0x1186, 0x8054, 0x113B, 0x8054, 0x1225, 0x7FF7, 
	0x118A, 0x801C, 0x11AB, 0x7FE4, 0x10E1, 0x8000, 0x1164, 0x7FBF, 0x111F, 0x7FED, 0x118B, 0x8009, 0x11D7, 0x8000, 0x11F8, 0x802E, 
	0x1137, 0x7FF7, 0x1098, 0x7FDB, 0x1101, 0x7FF7, 0x1117, 0x7FAD, 0x111B, 0x7FD2, 0x1185, 0x7F76, 0x102A, 0x7F91, 0x1162, 0x7FC9, 
	0x1245, 0x7F9A, 0x12C8, 0x80B1, 0x1156, 0x8013, 0x1149, 0x8013, 0x11C4, 0x8025, 0x11C2, 0x8041, 0x1201, 0x802E, 0x1182, 0x8041, 
	0x1177, 0x7F48, 0x119F, 0x8025, 0x11A4, 0x7FD2, 0x1156, 0x7FC9, 0x118D, 0x7FAD, 0x1147, 0x7FC9, 0x114B, 0x7FDB, 0x11A6, 0x7FC9, 
	0x119C, 0x805D, 0x11C0, 0x8070, 0x1217, 0x7FE4, 0x125C, 0x8070, 0x1170, 0x7FE4, 0x127A, 0x8070, 0x113C, 0x7FDB, 0x11AE, 0x8054, 
	0x11EC, 0x801C, 0x11CC, 0x804A, 0x115C, 0x808C, 0x1163, 0x804A, 0x112D, 0x7FA4, 0x10A2, 0x8079, 0x11E2, 0x7FC9, 0x1218, 0x8079, 
	0x11FC, 0x804A, 0x121F, 0x7FED, 0x1140, 0x8079, 0x1277, 0x8013, 0x11D6, 0x801C, 0x111F, 0x801C, 0x116D, 0x8009, 0x1177, 0x8041, 
	0x10A9, 0x8070, 0x10BE, 0x8079, 0x1218, 0x8054, 0x1216, 0x801C, 0x11AD, 0x809E, 0x11C5, 0x7FA4, 0x11E5, 0x8066, 0x1171, 0x805D, 
	0x11E5, 0x8041, 0x1176, 0x808C, 0x12BD, 0x8038, 0x12B4, 0x8070, 0x1287, 0x809E, 0x11B3, 0x7FD2, 0x1279, 0x802E, 0x1279, 0x8070, 
	0x118A, 0x80BA, 0x1304, 0x809E, 0x1210, 0x808C, 0x125D, 0x80FC, 0x1152, 0x8025, 0x1190, 0x8079, 0x11F0, 0x8079, 0x1226, 0x8025, 
	0x1243, 0x80B1, 0x11CA, 0x8082, 0x12BE, 0x80BA, 0x1242, 0x8082, 0x1201, 0x805D, 0x127A, 0x810F, 0x11B3, 0x809E, 0x11AF, 0x8079, 
	0x11ED, 0x80C4, 0x129E, 0x8095, 0x11F5, 0x80C4, 0x11E7, 0x80D6, 0x116D, 0x8095, 0x12B9, 0x8079, 0x11C4, 0x80F3, 0x11E9, 0x8095, 
	0x11F5, 0x80D6, 0x107C, 0x8095, 0x10D2, 0x8054, 0x1186, 0x8105, 0x10FF, 0x80BA, 0x11FA, 0x8118, 0x118F, 0x80D6, 0x120D, 0x80CD, 
	0x1178, 0x8122, 0x1235, 0x812B, 0x1065, 0x80CD, 0x1079, 0x80BA, 0x11A7, 0x80C4, 0x11C5, 0x8135, 0x1150, 0x813E, 0x1090, 0x80E9, 
	0x10C4, 0x8151, 0x10B6, 0x8177, 0x110C, 0x815A, 0x1059, 0x8122, 0x10A6, 0x815A, 0x1050, 0x8122, 0x10E5, 0x816D, 0x1010, 0x8177, 
	0x1122, 0x8164, 0x1182, 0x8135, 0x1021, 0x8177, 0x1054, 0x8177, 0x10C1, 0x81B0, 0x108E, 0x818A, 0x10D4, 0x819D, 0x113C, 0x81A6, 
	0x10D3, 0x8122, 0x1076, 0x81E9, 0x109E, 0x8235, 0x101C, 0x81CC, 0x1042, 0x8180, 0x109C, 0x81B9, 0x1096, 0x81E9, 0x1033, 0x8235, 
	0x0ED2, 0x81E9, 0x109A, 0x8235, 0x0FB4, 0x81E9, 0x0FEE, 0x8300, 0x0FF7, 0x8279, 0x0F20, 0x81FC, 0x0F9D, 0x828C, 0x107F, 0x82A9, 
	0x0FED, 0x825C, 0x0F30, 0x828C, 0x0E8A, 0x8282, 0x1031, 0x81CC, 0x1094, 0x829F, 0x0FF3, 0x81F2, 0x108B, 0x82D9, 0x0F59, 0x8248, 
	0x0FA6, 0x829F, 0x0F66, 0x8295, 0x0F60, 0x829F, 0x0FC5, 0x82D9, 0x0EF9, 0x82CF, 0x0EE6, 0x81D6, 0x0FE8, 0x8295, 0x0FB4, 0x82C6, 
	0x0E3A, 0x828C, 0x0ED9, 0x8309, 0x100B, 0x823F, 0x0F23, 0x82F6, 0x100A, 0x82B2, 0x0FE7, 0x8282, 0x0E70, 0x82BC, 0x0F5E, 0x8279, 
	0x0FA9, 0x82BC, 0x0FA3, 0x829F, 0x1055, 0x8295, 0x0F91, 0x82C6, 0x1020, 0x826F, 0x0F9D, 0x828C, 0x109D, 0x82E3, 0x0F81, 0x82A9, 
	0x0FF3, 0x82F6, 0x1015, 0x8252, 0x1038, 0x82E3, 0x0FD7, 0x82D9, 0x0F72, 0x82BC, 0x0F86, 0x826F, 0x108B, 0x82CF, 0x1077, 0x8330, 
	0x10DB, 0x82B2, 0x0FAD, 0x82A9, 0x1054, 0x82CF, 0x105A, 0x82A9, 0x0FB6, 0x82CF, 0x1046, 0x82EC, 0x10AC, 0x831D, 0x104C, 0x8295, 
	0x1127, 0x826F, 0x107D, 0x8313, 0x105F, 0x82CF, 0x10DD, 0x82C6, 0x0F48, 0x8295, 0x111D, 0x82D9, 0x1129, 0x831D, 0x118A, 0x82A9, 
	0x105E, 0x82EC, 0x100F, 0x82BC, 0x10B6, 0x82D9, 0x10BD, 0x8327, 0x10D4, 0x82A9, 0x1064, 0x8295, 0x0FD4, 0x82BC, 0x10E5, 0x825C, 
	0x109E, 0x8309, 0x11A1, 0x82F6, 0x0F92, 0x82B2, 0x1080, 0x82D9, 0x11C5, 0x82D9, 0x10A2, 0x8300, 0x1173, 0x8309, 0x10F6, 0x8313, 
	0x10F1, 0x8313, 0x105D, 0x8309, 0x1001, 0x837E, 0x11D5, 0x839C, 0x112A, 0x8344, 0x1084, 0x831D, 0x112D, 0x8375, 0x1189, 0x831D, 
	0x1153, 0x839C, 0x11BA, 0x8388, 0x11CB, 0x831D, 0x1170, 0x8344, 0x11FF, 0x83CD, 0x1100, 0x8357, 0x1209, 0x82EC, 0x1129, 0x8392, 
	0x1190, 0x8330, 0x11C9, 0x8388, 0x1194, 0x8357, 0x121E, 0x83A6, 0x11C3, 0x8357, 0x12FE, 0x8361, 0x125E, 0x83CD, 0x11F6, 0x8300, 
	0x119C, 0x8361, 0x123A, 0x834E, 0x1232, 0x839C, 0x126A, 0x83AF, 0x11BA, 0x83AF, 0x1175, 0x83E0, 0x124C, 0x8412, 0x11E2, 0x8408, 
	0x1284, 0x842F, 0x1215, 0x83CD, 0x126C, 0x8457, 0x1281, 0x844D, 0x1345, 0x84A6, 0x130C, 0x8461, 0x12DA, 0x83FE, 0x1425, 0x844D, 
	0x13AD, 0x8408, 0x137A, 0x8492, 0x13DA, 0x8514, 0x1346, 0x8550, 0x146A, 0x8550, 0x13FA, 0x85BF, 0x10EE, 0x82A9, 0x11D8, 0x831D, 
	0x11F3, 0x8309, 0x11D8, 0x8309, 0x1181, 0x8327, 0x116C, 0x82E3, 0x11ED, 0x8248, 0x11B2, 0x82C6, 0x1160, 0x8252, 0x11DC, 0x826F, 
	0x1182, 0x8279, 0x111D, 0x822C, 0x11A5, 0x8219, 0x1156, 0x823F, 0x1101, 0x81CC, 0x111D, 0x81FC, 0x1206, 0x81C3, 0x12F8, 0x8248, 
	0x10C9, 0x81CC, 0x1244, 0x825C, 0x11C1, 0x8248, 0x1126, 0x818A, 0x1112, 0x81D6, 0x11EC, 0x81C3, 0x1154, 0x81DF, 0x1130, 0x81D6, 
	0x11C4, 0x8180, 0x11E1, 0x8193, 0x116D, 0x8164, 0x11D7, 0x81A6, 0x1140, 0x8180, 0x1156, 0x812B, 0x124F, 0x8147, 0x124F, 0x813E, 
	0x10A8, 0x818A, 0x11AB, 0x8122, 0x124C, 0x80CD, 0x11C9, 0x8147, 0x11A2, 0x8147, 0x11C5, 0x8180, 0x119E, 0x80CD, 0x1158, 0x812B, 
	0x111F, 0x809E, 0x1111, 0x80E9, 0x11A7, 0x8147, 0x10AC, 0x8177, 0x1127, 0x816D, 0x1210, 0x80F3, 0x10A1, 0x80A8, 0x1081, 0x80F3, 
	0x118E, 0x80CD, 0x124E, 0x809E, 0x115A, 0x812B, 0x11A6, 0x80CD, 0x11D7, 0x8122, 0x119C, 0x8151, 0x11C5, 0x80B1, 0x115E, 0x80E0, 
	0x11F3, 0x8095, 0x109A, 0x80A8, 0x1085, 0x8038, 0x11FA, 0x804A, 0x1186, 0x80CD, 0x1191, 0x8066, 0x112C, 0x8038, 0x1243, 0x808C, 
	0x1204, 0x801C, 0x10D7, 0x80BA, 0x113A, 0x8009, 0x11E7, 0x809E, 0x1150, 0x8013, 0x1172, 0x8009, 0x1115, 0x8041, 0x1110, 0x8079, 
	0x1147, 0x802E, 0x1255, 0x8066, 0x10E7, 0x7FBF, 0x116F, 0x8070, 0x11CF, 0x8013, 0x111C, 0x8070, 0x1023, 0x8000, 0x1134, 0x808C, 
	0x10DE, 0x8025, 0x10A1, 0x808C, 0x1080, 0x801C, 0x1109, 0x8009, 0x10CE, 0x802E, 0x10B4, 0x802E, 0x1045, 0x801C, 0x104C, 0x8000, 
	0x1077, 0x8038, 0x0FBB, 0x8000, 0x1126, 0x7FE4, 0x10DC, 0x8013, 0x110B, 0x802E, 0x1148, 0x7FDB, 0x0FC7, 0x7FD2, 0x10B1, 0x8025, 
	0x1070, 0x7FDB, 0x111E, 0x8070, 0x10BA, 0x7F91, 0x1177, 0x7FF7, 0x112F, 0x8105, 0x1099, 0x8025, 0x1037, 0x802E, 0x1110, 0x7FC9, 
	0x114E, 0x8038, 0x10C0, 0x8038, 0x119E, 0x801C, 0x1068, 0x8009, 0x1183, 0x801C, 0x1146, 0x8066, 0x11D5, 0x802E, 0x10D8, 0x7FF7, 
	0x111F, 0x7FF7, 0x11F1, 0x8009, 0x1176, 0x8038, 0x1186, 0x8054, 0x113B, 0x8054, 0x1225, 0x7FF7, 0x118A, 0x801C, 0x11AB, 0x7FE4, 
	0x10E1, 0x8000, 0x1164, 0x7FBF, 0x111F, 0x7FED, 0x118B, 0x8009, 0x11D7, 0x8000, 0x11F8, 0x802E, 0x1137, 0x7FF7, 0x1098, 0x7FDB, 
	0x1101, 0x7FF7, 0x1117, 0x7FAD, 0x111B, 0x7FD2, 0x1185, 0x7F76, 0x102A, 0x7F91, 0x1162, 0x7FC9, 0x1245, 0x7F9A, 0x12C8, 0x80B1, 
	0x1156, 0x8013, 0x1149, 0x8013, 0x11C4, 0x8025, 0x11C2, 0x8041, 0x1201, 0x802E, 0x1182, 0x8041, 0x1177, 0x7F48, 0x119F, 0x8025, 
	0x11A4, 0x7FD2, 0x1156, 0x7FC9, 0x118D, 0x7FAD, 0x1147, 0x7FC9, 0x114B, 0x7FDB, 0x11A6, 0x7FC9, 0x119C, 0x805D, 0x11C0, 0x8070, 
	0x1217, 0x7FE4, 0x125C, 0x8070, 0x1170, 0x7FE4, 0x127A, 0x8070, 0x113C, 0x7FDB, 0x11AE, 0x8054, 0x11EC, 0x801C, 0x11CC, 0x804A, 
	0x115C, 0x808C, 0x1163, 0x804A, 0x112D, 0x7FA4, 0x10A2, 0x8079, 0x11E2, 0x7FC9, 0x1218, 0x8079, 0x11FC, 0x804A, 0x121F, 0x7FED, 
	0x1140, 0x8079, 0x1277, 0x8013, 0x11D6, 0x801C, 0x111F, 0x801C, 0x116D, 0x8009, 0x1177, 0x8041, 0x10A9, 0x8070, 0x10BE, 0x8079, 
	0x1218, 0x8054, 0x1216, 0x801C, 0x11AD, 0x809E, 0x11C5, 0x7FA4, 0x11E5, 0x8066, 0x1171, 0x805D, 0x11E5, 0x8041, 0x1176, 0x808C, 
	0x12BD, 0x8038, 0x12B4, 0x8070, 0x1287, 0x809E, 0x11B3, 0x7FD2, 0x1279, 0x802E, 0x1279, 0x8070, 0x118A, 0x80BA, 0x1304, 0x809E, 
	0x1210, 0x808C, 0x125D, 0x80FC, 0x1152, 0x8025, 0x1190, 0x8079, 0x11F0, 0x8079, 0x1226, 0x8025, 0x1243, 0x80B1, 0x11CA, 0x8082, 
	0x12BE, 0x80BA, 0x1242, 0x8082, 0x1201, 0x805D, 0x127A, 0x810F, 0x11B3, 0x809E, 0x11AF, 0x8079, 0x11ED, 0x80C4, 0x129E, 0x8095, 
	0x11F5, 0x80C4, 0x11E7, 0x80D6, 0x116D, 0x8095, 0x12B9, 0x8079, 0x11C4, 0x80F3, 0x11E9, 0x8095, 0x11F5, 0x80D6, 0x107C, 0x8095, 
	0x10D2, 0x8054, 0x1186, 0x8105, 0x10FF, 0x80BA, 0x11FA, 0x8118, 0x118F, 0x80D6, 0x120D, 0x80CD, 0x1178, 0x8122, 0x1235, 0x812B, 
	0x1065, 0x80CD, 0x1079, 0x80BA, 0x11A7, 0x80C4, 0x11C5, 0x8135, 0x1150, 0x813E, 0x1090, 0x80E9, 0x10C4, 0x8151, 0x10B6, 0x8177, 
	0x110C, 0x815A, 0x1059, 0x8122, 0x10A6, 0x815A, 0x1050, 0x8122, 0x10E5, 0x816D, 0x1010, 0x8177, 0x1122, 0x8164, 0x1182, 0x8135, 
	0x1021, 0x8177, 0x1054, 0x8177, 0x10C1, 0x81B0, 0x108E, 0x818A, 0x10D4, 0x819D, 0x113C, 0x81A6, 0x10D3, 0x8122, 0x1076, 0x81E9, 
	0x109E, 0x8235, 0x101C, 0x81CC, 0x1042, 0x8180, 0x109C, 0x81B9, 0x1096, 0x81E9, 0x1033, 0x8235, 0x0ED2, 0x81E9, 0x109A, 0x8235, 
	0x1202, 0x82CF, 0x1285, 0x8327, 0x12FD, 0x82D9, 0x123E, 0x8295, 0x1233, 0x82A9, 0x116C, 0x8282, 0x11F8, 0x8279, 0x11C5, 0x82B2, 
	0x11E6, 0x8219, 0x122E, 0x82A9, 0x1264, 0x8248, 0x1272, 0x81D6, 0x1235, 0x81FC, 0x122E, 0x81C3, 0x11AA, 0x820F, 0x11BB, 0x826F, 
	0x130D, 0x8151, 0x13E7, 0x818A, 0x11BD, 0x8205, 0x1272, 0x8252, 0x1198, 0x81B9, 0x1155, 0x8177, 0x11E8, 0x8147, 0x1270, 0x81FC, 
	0x11E6, 0x826F, 0x1231, 0x81A6, 0x11C6, 0x813E, 0x11C2, 0x8151, 0x113D, 0x8151, 0x12AF, 0x819D, 0x11B5, 0x818A, 0x121C, 0x8135, 
	0x12B2, 0x80C4, 0x1190, 0x8135, 0x10F7, 0x819D, 0x11FD, 0x818A, 0x11E8, 0x80F3, 0x11CD, 0x80FC, 0x11D6, 0x804A, 0x1203, 0x815A, 
	0x1168, 0x810F, 0x11F9, 0x8105, 0x1158, 0x80F3, 0x11F1, 0x80E9, 0x11A2, 0x8147, 0x110A, 0x8122, 0x10DC, 0x809E, 0x11AA, 0x812B, 
	0x1104, 0x8066, 0x1209, 0x8105, 0x120D, 0x80E0, 0x123E, 0x80D6, 0x120B, 0x80CD, 0x1160, 0x80D6, 0x117C, 0x80A8, 0x11A2, 0x80C4, 
	0x115E, 0x808C, 0x10FB, 0x8147, 0x126D, 0x80A8, 0x1108, 0x80B1, 0x108F, 0x809E, 0x11AF, 0x80B1, 0x112E, 0x80B1, 0x12D4, 0x80A8, 
	0x117D, 0x8054, 0x1276, 0x80BA, 0x129B, 0x7FE4, 0x1171, 0x80E0, 0x1268, 0x804A, 0x10FF, 0x802E, 0x119E, 0x8041, 0x113D, 0x8095, 
	0x117D, 0x8066, 0x1227, 0x8082, 0x1175, 0x8095, 0x12A1, 0x808C, 0x1130, 0x8025, 0x121B, 0x808C, 0x11E6, 0x808C, 0x10E5, 0x804A, 
	0x1180, 0x801C, 0x112E, 0x8025, 0x1208, 0x7FD2, 0x10CC, 0x808C, 0x1105, 0x8079, 0x10A9, 0x804A, 0x113D, 0x7F63, 0x10D2, 0x8041, 
	0x1053, 0x8054, 0x10C2, 0x8054, 0x1180, 0x801C, 0x112F, 0x7FE4, 0x122A, 0x8009, 0x1143, 0x8070, 0x1154, 0x802E, 0x119E, 0x7FE4, 
	0x10DB, 0x7FAD, 0x1115, 0x7FC9, 0x10FF, 0x802E, 0x1179, 0x7FED, 0x1145, 0x7FED, 0x11B7, 0x801C, 0x10D3, 0x7FE4, 0x10DC, 0x8041, 
	0x113D, 0x8038, 0x1178, 0x8066, 0x1128, 0x8054, 0x1133, 0x7FD2, 0x119F, 0x8009, 0x1111, 0x804A, 0x12DE, 0x8000, 0x11FF, 0x809E, 
	0x11C3, 0x7FDB, 0x10E3, 0x802E, 0x11B7, 0x8038, 0x1186, 0x8025, 0x1116, 0x808C, 0x122E, 0x8013, 0x11A2, 0x7FBF, 0x11E6, 0x7FE4, 
	0x115B, 0x804A, 0x127B, 0x8038, 0x11FE, 0x8000, 0x112F, 0x7FDB, 0x124B, 0x7FF7, 0x11D6, 0x7FC9, 0x1259, 0x7FF7, 0x1260, 0x8025, 
	0x114C, 0x7FB6, 0x110C, 0x7F88, 0x1185, 0x7FF7, 0x1133, 0x8000, 0x116E, 0x7FF7, 0x11CC, 0x7FB6, 0x1147, 0x7F76, 0x11BE, 0x8009, 
	0x12BD, 0x8013, 0x1227, 0x805D, 0x1227, 0x7FED, 0x1198, 0x7F88, 0x1208, 0x7FAD, 0x11ED, 0x7FE4, 0x11BF, 0x8013, 0x111D, 0x8013, 
	0x1203, 0x7FBF, 0x1193, 0x7FED, 0x11CC, 0x7FBF, 0x11CE, 0x8000, 0x11A1, 0x7FDB, 0x11DC, 0x7F91, 0x11AD, 0x7FA4, 0x120C, 0x7FC9, 
	0x1191, 0x8009, 0x112D, 0x809E, 0x11E8, 0x7F6C, 0x123B, 0x8009, 0x11EC, 0x8025, 0x1235, 0x801C, 0x10FC, 0x802E, 0x1190, 0x7FDB, 
	0x11B0, 0x801C, 0x12A6, 0x7FED, 0x1230, 0x8082, 0x1152, 0x8079, 0x1183, 0x7FC9, 0x104B, 0x8041, 0x1209, 0x8000, 0x1209, 0x802E, 
	0x11CC, 0x8041, 0x1227, 0x7FE4, 0x11A6, 0x804A, 0x1321, 0x8025, 0x11E1, 0x8038, 0x1167, 0x8013, 0x121E, 0x8000, 0x11F5, 0x8000, 
	0x11D1, 0x802E, 0x116E, 0x804A, 0x1214, 0x802E, 0x121E, 0x8009, 0x11A6, 0x8095, 0x120A, 0x7FE4, 0x127A, 0x8095, 0x11B4, 0x8054, 
	0x11DA, 0x8054, 0x1185, 0x8095, 0x133E, 0x8025, 0x12C8, 0x80B1, 0x11DA, 0x8054, 0x11B3, 0x8038, 0x127F, 0x80B1, 0x121E, 0x8070, 
	0x1150, 0x8054, 0x12C0, 0x8066, 0x1233, 0x8095, 0x1235, 0x80F3, 0x11BC, 0x80BA, 0x12ED, 0x8095, 0x1268, 0x8079, 0x132D, 0x8009, 
	0x126C, 0x80CD, 0x12D8, 0x80BA, 0x130C, 0x8095, 0x1279, 0x80B1, 0x12BF, 0x8082, 0x12F1, 0x8095, 0x1255, 0x8105, 0x1208, 0x809E, 
	0x132A, 0x8082, 0x12CF, 0x7FED, 0x12C3, 0x80C4, 0x120E, 0x8164, 0x11C9, 0x80B1, 0x131F, 0x80D6, 0x12D5, 0x8054, 0x117F, 0x805D, 
	0x11B5, 0x808C, 0x111D, 0x80B1, 0x1122, 0x808C, 0x1209, 0x8066, 0x111E, 0x80C4, 0x11D9, 0x80CD, 0x1212, 0x80E0, 0x120C, 0x8105, 
	0x11C0, 0x8105, 0x12E5, 0x810F, 0x10B1, 0x80FC, 0x1042, 0x80F3, 0x1236, 0x8118, 0x124A, 0x813E, 0x115D, 0x809E, 0x11A7, 0x80FC, 
	0x113F, 0x80C4, 0x110A, 0x8180, 0x11EB, 0x8151, 0x10CD, 0x80F3, 0x10C6, 0x8180, 0x11CA, 0x8118, 0x10C6, 0x8151, 0x109E, 0x81DF, 
	0x1153, 0x8193, 0x110A, 0x8147, 0x1106, 0x8118, 0x1190, 0x8147, 0x10DC, 0x81B9, 0x115B, 0x818A, 0x10B8, 0x8164, 0x1153, 0x81A6, 
	0x10AB, 0x8164, 0x10D1, 0x81E9, 0x1100, 0x818A, 0x10F8, 0x8135, 0x1073, 0x8193, 0x10A0, 0x81B9, 0x1061, 0x8235, 0x10D9, 0x81DF, 
	0x0F1E, 0x8122, 0x10F6, 0x81E9, 0x109F, 0x820F, 0x102F, 0x8222, 0x107E, 0x825C, 0x0F22, 0x81CC, 0x0FDF, 0x823F, 0x10D7, 0x8252, 
	0x1062, 0x8205, 0x0FA8, 0x829F, 0x0EEC, 0x826F, 0x1053, 0x81C3, 0x1162, 0x823F, 0x1042, 0x8309, 0x109D, 0x82D9, 0x0FBE, 0x8282, 
	0x0F82, 0x8265, 0x0FCF, 0x82C6, 0x1037, 0x8265, 0x1044, 0x82B2, 0x0F66, 0x829F, 0x0FEA, 0x81DF, 0x1015, 0x825C, 0x0F8C, 0x82A9, 
	0x0F99, 0x828C, 0x0EFB, 0x8327, 0x108F, 0x81D6, 0x0FFF, 0x82B2, 0x1033, 0x823F, 0x0F86, 0x82C6, 0x0EF1, 0x82EC, 0x0EFD, 0x8252, 
	0x0F60, 0x82E3, 0x104C, 0x8279, 0x1036, 0x8252, 0x0FC6, 0x8309, 0x0F4C, 0x8295, 0x100A, 0x8282, 0x1025, 0x82C6, 0x0F8D, 0x8282, 
	0x0F89, 0x8313, 0x1045, 0x8282, 0x0FB6, 0x8313, 0x112B, 0x82D9, 0x103E, 0x82C6, 0x1022, 0x82A9, 0x10AF, 0x826F, 0x104E, 0x8327, 
	0x1172, 0x8248, 0x1050, 0x82B2, 0x0FFD, 0x82A9, 0x103F, 0x831D, 0x0FD2, 0x82EC, 0x1097, 0x8392, 0x109B, 0x82A9, 0x1057, 0x8344, 
	0x1165, 0x8295, 0x1111, 0x8309, 0x1194, 0x8295, 0x10DC, 0x82EC, 0x109A, 0x829F, 0x10BB, 0x8265, 0x11AA, 0x831D, 0x125E, 0x8309, 
	0x1114, 0x82C6, 0x1097, 0x828C, 0x1182, 0x8313, 0x116F, 0x833A, 0x10CA, 0x82CF, 0x0F52, 0x8279, 0x1002, 0x828C, 0x11CB, 0x826F, 
	0x111D, 0x82D9, 0x11B5, 0x8313, 0x0F8E, 0x8313, 0x10FC, 0x82BC, 0x1182, 0x82A9, 0x10AE, 0x82CF, 0x1146, 0x8344, 0x11BF, 0x8388, 
	0x11A4, 0x834E, 0x10E4, 0x82C6, 0x1046, 0x82F6, 0x1164, 0x837E, 0x10A0, 0x8344, 0x111B, 0x8327, 0x1135, 0x8357, 0x1239, 0x8330, 
	0x11F8, 0x8344, 0x127D, 0x837E, 0x1214, 0x8330, 0x10F2, 0x8327, 0x11F7, 0x834E, 0x10CD, 0x8388, 0x1244, 0x8330, 0x11DF, 0x83B9, 
	0x11DB, 0x82EC, 0x11EB, 0x834E, 0x122D, 0x83AF, 0x1219, 0x83E0, 0x12AB, 0x83AF, 0x1336, 0x836B, 0x1260, 0x8388, 0x116B, 0x83A6, 
	0x1257, 0x8357, 0x1263, 0x8392, 0x12B2, 0x839C, 0x1230, 0x8327, 0x12AC, 0x83EA, 0x128D, 0x82F6, 0x127A, 0x83CD, 0x11CD, 0x83EA, 
	0x1346, 0x8408, 0x130C, 0x8461, 0x129D, 0x842F, 0x1300, 0x8475, 0x1390, 0x84BA, 0x12E2, 0x83EA, 0x12F2, 0x841B, 0x14A9, 0x846B, 
	0x1394, 0x8412, 0x13AC, 0x8492, 0x13BD, 0x84B0, 0x140E, 0x855A, 0x1451, 0x8550, 0x14AF, 0x858C, 0x1202, 0x82CF, 0x1285, 0x8327, 
	0x12FD, 0x82D9, 0x123E, 0x8295, 0x1233, 0x82A9, 0x116C, 0x8282, 0x11F8, 0x8279, 0x11C5, 0x82B2, 0x11E6, 0x8219, 0x122E, 0x82A9, 
	0x1264, 0x8248, 0x1272, 0x81D6, 0x1235, 0x81FC, 0x122E, 0x81C3, 0x11AA, 0x820F, 0x11BB, 0x826F, 0x130D, 0x8151, 0x13E7, 0x818A, 
	0x11BD, 0x8205, 0x1272, 0x8252, 0x1198, 0x81B9, 0x1155, 0x8177, 0x11E8, 0x8147, 0x1270, 0x81FC, 0x11E6, 0x826F, 0x1231, 0x81A6, 
	0x11C6, 0x813E, 0x11C2, 0x8151, 0x113D, 0x8151, 0x12AF, 0x819D, 0x11B5, 0x818A, 0x121C, 0x8135, 0x12B2, 0x80C4, 0x1190, 0x8135, 
	0x10F7, 0x819D, 0x11FD, 0x818A, 0x11E8, 0x80F3, 0x11CD, 0x80FC, 0x11D6, 0x804A, 0x1203, 0x815A, 0x1168, 0x810F, 0x11F9, 0x8105, 
	0x1158, 0x80F3, 0x11F1, 0x80E9, 0x11A2, 0x8147, 0x110A, 0x8122, 0x10DC, 0x809E, 0x11AA, 0x812B, 0x1104, 0x8066, 0x1209, 0x8105, 
	0x120D, 0x80E0, 0x123E, 0x80D6, 0x120B, 0x80CD, 0x1160, 0x80D6, 0x117C, 0x80A8, 0x11A2, 0x80C4, 0x115E, 0x808C, 0x10FB, 0x8147, 
	0x126D, 0x80A8, 0x1108, 0x80B1, 0x108F, 0x809E, 0x11AF, 0x80B1, 0x112E, 0x80B1, 0x12D4, 0x80A8, 0x117D, 0x8054, 0x1276, 0x80BA, 
	0x129B, 0x7FE4, 0x1171, 0x80E0, 0x1268, 0x804A, 0x10FF, 0x802E, 0x119E, 0x8041, 0x113D, 0x8095, 0x117D, 0x8066, 0x1227, 0x8082, 
	0x1175, 0x8095, 0x12A1, 0x808C, 0x1130, 0x8025, 0x121B, 0x808C, 0x11E6, 0x808C, 0x10E5, 0x804A, 0x1180, 0x801C, 0x112E, 0x8025, 
	0x1208, 0x7FD2, 0x10CC, 0x808C, 0x1105, 0x8079, 0x10A9, 0x804A, 0x113D, 0x7F63, 0x10D2, 0x8041, 0x1053, 0x8054, 0x10C2, 0x8054, 
	0x1180, 0x801C, 0x112F, 0x7FE4, 0x122A, 0x8009, 0x1143, 0x8070, 0x1154, 0x802E, 0x119E, 0x7FE4, 0x10DB, 0x7FAD, 0x1115, 0x7FC9, 
	0x10FF, 0x802E, 0x1179, 0x7FED, 0x1145, 0x7FED, 0x11B7, 0x801C, 0x10D3, 0x7FE4, 0x10DC, 0x8041, 0x113D, 0x8038, 0x1178, 0x8066, 
	0x1128, 0x8054, 0x1133, 0x7FD2, 0x119F, 0x8009, 0x1111, 0x804A, 0x12DE, 0x8000, 0x11FF, 0x809E, 0x11C3, 0x7FDB, 0x10E3, 0x802E, 
	0x11B7, 0x8038, 0x1186, 0x8025, 0x1116, 0x808C, 0x122E, 0x8013, 0x11A2, 0x7FBF, 0x11E6, 0x7FE4, 0x115B, 0x804A, 0x127B, 0x8038, 
	0x11FE, 0x8000, 0x112F, 0x7FDB, 0x124B, 0x7FF7, 0x11D6, 0x7FC9, 0x1259, 0x7FF7, 0x1260, 0x8025, 0x114C, 0x7FB6, 0x110C, 0x7F88, 
	0x1185, 0x7FF7, 0x1133, 0x8000, 0x116E, 0x7FF7, 0x11CC, 0x7FB6, 0x1147, 0x7F76, 0x11BE, 0x8009, 0x12BD, 0x8013, 0x1227, 0x805D, 
	0x1227, 0x7FED, 0x1198, 0x7F88, 0x1208, 0x7FAD, 0x11ED, 0x7FE4, 0x11BF, 0x8013, 0x111D, 0x8013, 0x1203, 0x7FBF, 0x1193, 0x7FED, 
	0x11CC, 0x7FBF, 0x11CE, 0x8000, 0x11A1, 0x7FDB, 0x11DC, 0x7F91, 0x11AD, 0x7FA4, 0x120C, 0x7FC9, 0x1191, 0x8009, 0x112D, 0x809E, 
	0x11E8, 0x7F6C, 0x123B, 0x8009, 0x11EC, 0x8025, 0x1235, 0x801C, 0x10FC, 0x802E, 0x1190, 0x7FDB, 0x11B0, 0x801C, 0x12A6, 0x7FED, 
	0x1230, 0x8082, 0x1152, 0x8079, 0x1183, 0x7FC9, 0x104B, 0x8041, 0x1209, 0x8000, 0x1209, 0x802E, 0x11CC, 0x8041, 0x1227, 0x7FE4, 
	0x11A6, 0x804A, 0x1321, 0x8025, 0x11E1, 0x8038, 0x1167, 0x8013, 0x121E, 0x8000, 0x11F5, 0x8000, 0x11D1, 0x802E, 0x116E, 0x804A, 
	0x1214, 0x802E, 0x121E, 0x8009, 0x11A6, 0x8095, 0x120A, 0x7FE4, 0x127A, 0x8095, 0x11B4, 0x8054, 0x11DA, 0x8054, 0x1185, 0x8095, 
	0x133E, 0x8025, 0x12C8, 0x80B1, 0x11DA, 0x8054, 0x11B3, 0x8038, 0x127F, 0x80B1, 0x121E, 0x8070, 0x1150, 0x8054, 0x12C0, 0x8066, 
	0x1233, 0x8095, 0x1235, 0x80F3, 0x11BC, 0x80BA, 0x12ED, 0x8095, 0x1268, 0x8079, 0x132D, 0x8009, 0x126C, 0x80CD, 0x12D8, 0x80BA, 
	0x130C, 0x8095, 0x1279, 0x80B1, 0x12BF, 0x8082, 0x12F1, 0x8095, 0x1255, 0x8105, 0x1208, 0x809E, 0x132A, 0x8082, 0x12CF, 0x7FED, 
	0x12C3, 0x80C4, 0x120E, 0x8164, 0x11C9, 0x80B1, 0x131F, 0x80D6, 0x12D5, 0x8054, 0x117F, 0x805D, 0x11B5, 0x808C, 0x111D, 0x80B1, 
	0x1122, 0x808C, 0x1209, 0x8066, 0x111E, 0x80C4, 0x11D9, 0x80CD, 0x1212, 0x80E0, 0x120C, 0x8105, 0x11C0, 0x8105, 0x12E5, 0x810F, 
	0x10B1, 0x80FC, 0x1042, 0x80F3, 0x1236, 0x8118, 0x124A, 0x813E, 0x115D, 0x809E, 0x11A7, 0x80FC, 0x113F, 0x80C4, 0x110A, 0x8180, 
	0x11EB, 0x8151, 0x10CD, 0x80F3, 0x10C6, 0x8180, 0x11CA, 0x8118, 0x10C6, 0x8151, 0x109E, 0x81DF, 0x1153, 0x8193, 0x110A, 0x8147, 
	0x1106, 0x8118, 0x1190, 0x8147, 0x10DC, 0x81B9, 0x115B, 0x818A, 0x10B8, 0x8164, 0x1153, 0x81A6, 0x10AB, 0x8164, 0x10D1, 0x81E9, 
	0x1100, 0x818A, 0x10F8, 0x8135, 0x1073, 0x8193, 0x10A0, 0x81B9, 0x1061, 0x8235, 0x10D9, 0x81DF, 0x0F1E, 0x8122, 0x10F6, 0x81E9, 
	0x11BA, 0x833A, 0x1216, 0x8330, 0x11CA, 0x834E, 0x1163, 0x82D9, 0x1168, 0x82CF, 0x11C4, 0x8205, 0x11D0, 0x8252, 0x114A, 0x8357, 
	0x114D, 0x82C6, 0x11B6, 0x828C, 0x11D2, 0x8205, 0x1223, 0x823F, 0x11A4, 0x82EC, 0x1258, 0x8235, 0x10F9, 0x8248, 0x118B, 0x818A, 
	0x12CA, 0x81D6, 0x133D, 0x8222, 0x1194, 0x81B0, 0x121E, 0x8193, 0x1129, 0x81A6, 0x117C, 0x810F, 0x11FA, 0x8193, 0x120A, 0x81D6, 
	0x10EA, 0x81CC, 0x1165, 0x81CC, 0x1152, 0x8147, 0x1213, 0x815A, 0x10BC, 0x81D6, 0x11E2, 0x819D, 0x11AE, 0x81B0, 0x11AE, 0x8122, 
	0x11F2, 0x80E9, 0x1175, 0x819D, 0x1107, 0x81A6, 0x1196, 0x8193, 0x116A, 0x808C, 0x11A7, 0x818A, 0x1137, 0x80BA, 0x119C, 0x80FC, 
	0x1100, 0x8135, 0x118B, 0x80D6, 0x1167, 0x80E0, 0x10CD, 0x8122, 0x1197, 0x810F, 0x109C, 0x8122, 0x1040, 0x8122, 0x1102, 0x8122, 
	0x10B8, 0x809E, 0x110D, 0x8118, 0x1195, 0x8135, 0x11F5, 0x8066, 0x11AA, 0x80E0, 0x113E, 0x80CD, 0x1117, 0x80CD, 0x119C, 0x80A8, 
	0x10E7, 0x8082, 0x10CA, 0x80E0, 0x1221, 0x8079, 0x1089, 0x8095, 0x1091, 0x8070, 0x119A, 0x80E9, 0x1117, 0x80F3, 0x11F4, 0x8070, 
	0x10A9, 0x8038, 0x11E7, 0x802E, 0x1226, 0x7FE4, 0x10B7, 0x80C4, 0x11CA, 0x8079, 0x1108, 0x8095, 0x1165, 0x805D, 0x10EF, 0x80E9, 
	0x1172, 0x8082, 0x11D8, 0x809E, 0x114A, 0x808C, 0x11A8, 0x808C, 0x10E3, 0x801C, 0x11C0, 0x8079, 0x1141, 0x8095, 0x1075, 0x8066, 
	0x10D9, 0x8038, 0x1143, 0x8041, 0x119E, 0x8041, 0x0FED, 0x8082, 0x107E, 0x8066, 0x10C7, 0x7FC9, 0x103E, 0x8013, 0x1087, 0x802E, 
	0x101A, 0x80BA, 0x1092, 0x8038, 0x1139, 0x7FF7, 0x105A, 0x8025, 0x1123, 0x7F76, 0x10CC, 0x8066, 0x10A7, 0x7FF7, 0x1149, 0x805D, 
	0x0FF5, 0x8038, 0x108E, 0x7FBF, 0x1074, 0x805D, 0x113C, 0x801C, 0x10FD, 0x7FDB, 0x1146, 0x8070, 0x10DA, 0x8009, 0x1063, 0x8066, 
	0x1174, 0x808C, 0x115E, 0x8041, 0x1099, 0x8070, 0x1102, 0x804A, 0x117D, 0x8009, 0x1117, 0x8041, 0x1257, 0x8054, 0x1135, 0x8066, 
	0x10CE, 0x7F7F, 0x1104, 0x8009, 0x10D7, 0x7FED, 0x1182, 0x7FDB, 0x110E, 0x80BA, 0x118E, 0x804A, 0x10FA, 0x7F76, 0x11A8, 0x8013, 
	0x1157, 0x7FC9, 0x1195, 0x8041, 0x11EB, 0x7FD2, 0x1174, 0x7FED, 0x120D, 0x8038, 0x1134, 0x8041, 0x10E0, 0x7F88, 0x11E2, 0x7FE4, 
	0x10D6, 0x7FC9, 0x10BF, 0x7F88, 0x112F, 0x802E, 0x1151, 0x8025, 0x1171, 0x801C, 0x115D, 0x7F7F, 0x1109, 0x7FA4, 0x1162, 0x805D, 
	0x125B, 0x801C, 0x120E, 0x8054, 0x118C, 0x8041, 0x11FC, 0x7FA4, 0x11A2, 0x8013, 0x1159, 0x80D6, 0x116A, 0x8025, 0x10FA, 0x8009, 
	0x11BD, 0x7FC9, 0x114B, 0x7FED, 0x119A, 0x808C, 0x117B, 0x8025, 0x113D, 0x8000, 0x11BC, 0x8009, 0x11D1, 0x7FC9, 0x11BC, 0x8009, 
	0x1183, 0x8009, 0x1185, 0x8038, 0x11B0, 0x7FDB, 0x11F5, 0x8000, 0x118C, 0x8070, 0x11C5, 0x8054, 0x10E9, 0x8041, 0x1117, 0x7FD2, 
	0x1159, 0x801C, 0x11B8, 0x8070, 0x117D, 0x8041, 0x1139, 0x8066, 0x10FF, 0x7FDB, 0x1073, 0x8066, 0x119E, 0x8041, 0x1225, 0x8066, 
	0x1158, 0x8066, 0x1176, 0x7FBF, 0x11D5, 0x8041, 0x1287, 0x8066, 0x11B7, 0x7FF7, 0x1164, 0x809E, 0x11BD, 0x8013, 0x1192, 0x804A, 
	0x110C, 0x8025, 0x10CC, 0x8054, 0x121F, 0x8054, 0x11D8, 0x805D, 0x11EB, 0x80BA, 0x119D, 0x8013, 0x11BB, 0x802E, 0x110B, 0x8025, 
	0x1179, 0x8038, 0x1150, 0x8025, 0x12D4, 0x8054, 0x128B, 0x8025, 0x11FF, 0x8066, 0x115E, 0x8013, 0x11A3, 0x8070, 0x1212, 0x80E0, 
	0x1101, 0x804A, 0x1293, 0x8041, 0x11B4, 0x8118, 0x117F, 0x80BA, 0x1175, 0x80BA, 0x121F, 0x805D, 0x1232, 0x8038, 0x12BF, 0x804A, 
	0x1282, 0x80A8, 0x1266, 0x809E, 0x12E0, 0x804A, 0x11F4, 0x8079, 0x11B0, 0x8095, 0x129F, 0x805D, 0x11FC, 0x80B1, 0x123E, 0x8079, 
	0x1357, 0x80CD, 0x11FB, 0x809E, 0x12E6, 0x80A8, 0x117A, 0x8118, 0x1160, 0x8070, 0x12CA, 0x80A8, 0x121C, 0x80C4, 0x1110, 0x80C4, 
	0x123C, 0x80D6, 0x10AE, 0x809E, 0x10D9, 0x808C, 0x1203, 0x805D, 0x10AD, 0x809E, 0x11D3, 0x8122, 0x120A, 0x815A, 0x11E5, 0x80D6, 
	0x113D, 0x8135, 0x12A2, 0x80CD, 0x108E, 0x818A, 0x0FB7, 0x80C4, 0x11E8, 0x80E9, 0x1184, 0x8105, 0x1118, 0x804A, 0x1108, 0x8122, 
	0x10F1, 0x813E, 0x10B2, 0x810F, 0x11A3, 0x818A, 0x10DB, 0x812B, 0x10F1, 0x816D, 0x1118, 0x813E, 0x105B, 0x8122, 0x0FD0, 0x8135, 
	0x10B7, 0x8135, 0x10CD, 0x8122, 0x108F, 0x8122, 0x1116, 0x81CC, 0x101A, 0x81D6, 0x1167, 0x8151, 0x1044, 0x816D, 0x119F, 0x81F2, 
	0x1053, 0x8193, 0x1012, 0x8252, 0x1150, 0x819D, 0x105E, 0x8122, 0x0F98, 0x81B9, 0x110B, 0x81C3, 0x0FDD, 0x8219, 0x1062, 0x8235, 
	0x0F40, 0x81DF, 0x105E, 0x8265, 0x1033, 0x8205, 0x100C, 0x81CC, 0x104E, 0x8265, 0x0F94, 0x826F, 0x0FCA, 0x8252, 0x10D5, 0x8265, 
	0x0F52, 0x8282, 0x0F21, 0x82B2, 0x0F79, 0x8279, 0x1023, 0x81B9, 0x1069, 0x8282, 0x0FCD, 0x82D9, 0x0FC3, 0x82C6, 0x0ECC, 0x8282, 
	0x0F4A, 0x8193, 0x0FA6, 0x829F, 0x0F8D, 0x82A9, 0x103B, 0x8295, 0x0EF9, 0x82F6, 0x0FD8, 0x81D6, 0x0FFC, 0x825C, 0x0F75, 0x82CF, 
	0x0E9C, 0x82B2, 0x0E7C, 0x82C6, 0x1021, 0x81F2, 0x0F35, 0x826F, 0x0F7F, 0x82CF, 0x0FB3, 0x829F, 0x0E7D, 0x82EC, 0x0EF6, 0x82A9, 
	0x0F9B, 0x829F, 0x105C, 0x828C, 0x1041, 0x8300, 0x0FC6, 0x82D9, 0x0F6E, 0x822C, 0x0F9F, 0x829F, 0x0FDE, 0x829F, 0x0EA1, 0x828C, 
	0x0EB8, 0x837E, 0x0FCD, 0x8265, 0x0F88, 0x8282, 0x10CE, 0x82C6, 0x0FBC, 0x82F6, 0x0FBC, 0x82D9, 0x10A3, 0x82E3, 0x1060, 0x8327, 
	0x10AD, 0x828C, 0x0FCA, 0x8300, 0x101C, 0x831D, 0x1025, 0x831D, 0x0F48, 0x82CF, 0x102F, 0x8388, 0x0FF8, 0x8300, 0x0F85, 0x8309, 
	0x1123, 0x82BC, 0x10A8, 0x82EC, 0x1078, 0x8300, 0x104A, 0x82D9, 0x0FFF, 0x82EC, 0x1060, 0x8309, 0x1133, 0x8357, 0x11C6, 0x8309, 
	0x10C2, 0x8357, 0x102E, 0x82D9, 0x110E, 0x833A, 0x1105, 0x8300, 0x1054, 0x82F6, 0x0FF0, 0x82B2, 0x104C, 0x829F, 0x1116, 0x8309, 
	0x110C, 0x8309, 0x1193, 0x8330, 0x0F82, 0x82E3, 0x1098, 0x82B2, 0x1125, 0x82D9, 0x1086, 0x8309, 0x1118, 0x8357, 0x1164, 0x829F, 
	0x118C, 0x82EC, 0x108B, 0x82C6, 0x0FF8, 0x8344, 0x109F, 0x8344, 0x1065, 0x82F6, 0x1113, 0x8375, 0x10AC, 0x8344, 0x120D, 0x8357, 
	0x1110, 0x8344, 0x11EE, 0x8313, 0x11FC, 0x839C, 0x10A7, 0x831D, 0x11FC, 0x836B, 0x103E, 0x83B9, 0x11F9, 0x8309, 0x1143, 0x83B9, 
	0x1151, 0x831D, 0x10ED, 0x831D, 0x1170, 0x8344, 0x1218, 0x83CD, 0x122F, 0x83A6, 0x12B5, 0x8361, 0x11D5, 0x8327, 0x1128, 0x837E, 
	0x1232, 0x833A, 0x122C, 0x8357, 0x11F3, 0x8375, 0x11C0, 0x8313, 0x1220, 0x842F, 0x123A, 0x83CD, 0x1269, 0x8361, 0x1151, 0x8488, 
	0x12CA, 0x83EA, 0x126F, 0x842F, 0x12CF, 0x849C, 0x1242, 0x8408, 0x1294, 0x84EC, 0x12B8, 0x8457, 0x1231, 0x8425, 0x1431, 0x8461, 
	0x138B, 0x83D7, 0x1335, 0x84EC, 0x1353, 0x8488, 0x13A6, 0x84A6, 0x1322, 0x8582, 0x13D4, 0x85D3, 0x11BA, 0x833A, 0x1216, 0x8330, 
	0x11CA, 0x834E, 0x1163, 0x82D9, 0x1168, 0x82CF, 0x11C4, 0x8205, 0x11D0, 0x8252, 0x114A, 0x8357, 0x114D, 0x82C6, 0x11B6, 0x828C, 
	0x11D2, 0x8205, 0x1223, 0x823F, 0x11A4, 0x82EC, 0x1258, 0x8235, 0x10F9, 0x8248, 0x118B, 0x818A, 0x12CA, 0x81D6, 0x133D, 0x8222, 
	0x1194, 0x81B0, 0x121E, 0x8193, 0x1129, 0x81A6, 0x117C, 0x810F, 0x11FA, 0x8193, 0x120A, 0x81D6, 0x10EA, 0x81CC, 0x1165, 0x81CC, 
	0x1152, 0x8147, 0x1213, 0x815A, 0x10BC, 0x81D6, 0x11E2, 0x819D, 0x11AE, 0x81B0, 0x11AE, 0x8122, 0x11F2, 0x80E9, 0x1175, 0x819D, 
	0x1107, 0x81A6, 0x1196, 0x8193, 0x116A, 0x808C, 0x11A7, 0x818A, 0x1137, 0x80BA, 0x119C, 0x80FC, 0x1100, 0x8135, 0x118B, 0x80D6, 
	0x1167, 0x80E0, 0x10CD, 0x8122, 0x1197, 0x810F, 0x109C, 0x8122, 0x1040, 0x8122, 0x1102, 0x8122, 0x10B8, 0x809E, 0x110D, 0x8118, 
	0x1195, 0x8135, 0x11F5, 0x8066, 0x11AA, 0x80E0, 0x113E, 0x80CD, 0x1117, 0x80CD, 0x119C, 0x80A8, 0x10E7, 0x8082, 0x10CA, 0x80E0, 
	0x1221, 0x8079, 0x1089, 0x8095, 0x1091, 0x8070, 0x119A, 0x80E9, 0x1117, 0x80F3, 0x11F4, 0x8070, 0x10A9, 0x8038, 0x11E7, 0x802E, 
	0x1226, 0x7FE4, 0x10B7, 0x80C4, 0x11CA, 0x8079, 0x1108, 0x8095, 0x1165, 0x805D, 0x10EF, 0x80E9, 0x1172, 0x8082, 0x11D8, 0x809E, 
	0x114A, 0x808C, 0x11A8, 0x808C, 0x10E3, 0x801C, 0x11C0, 0x8079, 0x1141, 0x8095, 0x1075, 0x8066, 0x10D9, 0x8038, 0x1143, 0x8041, 
	0x119E, 0x8041, 0x0FED, 0x8082, 0x107E, 0x8066, 0x10C7, 0x7FC9, 0x103E, 0x8013, 0x1087, 0x802E, 0x101A, 0x80BA, 0x1092, 0x8038, 
	0x1139, 0x7FF7, 0x105A, 0x8025, 0x1123, 0x7F76, 0x10CC, 0x8066, 0x10A7, 0x7FF7, 0x1149, 0x805D, 0x0FF5, 0x8038, 0x108E, 0x7FBF, 
	0x1074, 0x805D, 0x113C, 0x801C, 0x10FD, 0x7FDB, 0x1146, 0x8070, 0x10DA, 0x8009, 0x1063, 0x8066, 0x1174, 0x808C, 0x115E, 0x8041, 
	0x1099, 0x8070, 0x1102, 0x804A, 0x117D, 0x8009, 0x1117, 0x8041, 0x1257, 0x8054, 0x1135, 0x8066, 0x10CE, 0x7F7F, 0x1104, 0x8009, 
	0x10D7, 0x7FED, 0x1182, 0x7FDB, 0x110E, 0x80BA, 0x118E, 0x804A, 0x10FA, 0x7F76, 0x11A8, 0x8013, 0x1157, 0x7FC9, 0x1195, 0x8041, 
	0x11EB, 0x7FD2, 0x1174, 0x7FED, 0x120D, 0x8038, 0x1134, 0x8041, 0x10E0, 0x7F88, 0x11E2, 0x7FE4, 0x10D6, 0x7FC9, 0x10BF, 0x7F88, 
	0x112F, 0x802E, 0x1151, 0x8025, 0x1171, 0x801C, 0x115D, 0x7F7F, 0x1109, 0x7FA4, 0x1162, 0x805D, 0x125B, 0x801C, 0x120E, 0x8054, 
	0x118C, 0x8041, 0x11FC, 0x7FA4, 0x11A2, 0x8013, 0x1159, 0x80D6, 0x116A, 0x8025, 0x10FA, 0x8009, 0x11BD, 0x7FC9, 0x114B, 0x7FED, 
	0x119A, 0x808C, 0x117B, 0x8025, 0x113D, 0x8000, 0x11BC, 0x8009, 0x11D1, 0x7FC9, 0x11BC, 0x8009, 0x1183, 0x8009, 0x1185, 0x8038, 
	0x11B0, 0x7FDB, 0x11F5, 0x8000, 0x118C, 0x8070, 0x11C5, 0x8054, 0x10E9, 0x8041, 0x1117, 0x7FD2, 0x1159, 0x801C, 0x11B8, 0x8070, 
	0x117D, 0x8041, 0x1139, 0x8066, 0x10FF, 0x7FDB, 0x1073, 0x8066, 0x119E, 0x8041, 0x1225, 0x8066, 0x1158, 0x8066, 0x1176, 0x7FBF, 
	0x11D5, 0x8041, 0x1287, 0x8066, 0x11B7, 0x7FF7, 0x1164, 0x809E, 0x11BD, 0x8013, 0x1192, 0x804A, 0x110C, 0x8025, 0x10CC, 0x8054, 
	0x121F, 0x8054, 0x11D8, 0x805D, 0x11EB, 0x80BA, 0x119D, 0x8013, 0x11BB, 0x802E, 0x110B, 0x8025, 0x1179, 0x8038, 0x1150, 0x8025, 
	0x12D4, 0x8054, 0x128B, 0x8025, 0x11FF, 0x8066, 0x115E, 0x8013, 0x11A3, 0x8070, 0x1212, 0x80E0, 0x1101, 0x804A, 0x1293, 0x8041, 
	0x11B4, 0x8118, 0x117F, 0x80BA, 0x1175, 0x80BA, 0x121F, 0x805D, 0x1232, 0x8038, 0x12BF, 0x804A, 0x1282, 0x80A8, 0x1266, 0x809E, 
	0x12E0, 0x804A, 0x11F4, 0x8079, 0x11B0, 0x8095, 0x129F, 0x805D, 0x11FC, 0x80B1, 0x123E, 0x8079, 0x1357, 0x80CD, 0x11FB, 0x809E, 
	0x12E6, 0x80A8, 0x117A, 0x8118, 0x1160, 0x8070, 0x12CA, 0x80A8, 0x121C, 0x80C4, 0x1110, 0x80C4, 0x123C, 0x80D6, 0x10AE, 0x809E, 
	0x10D9, 0x808C, 0x1203, 0x805D, 0x10AD, 0x809E, 0x11D3, 0x8122, 0x120A, 0x815A, 0x11E5, 0x80D6, 0x113D, 0x8135, 0x12A2, 0x80CD, 
	0x108E, 0x818A, 0x0FB7, 0x80C4, 0x11E8, 0x80E9, 0x1184, 0x8105, 0x1118, 0x804A, 0x1108, 0x8122, 0x10F1, 0x813E, 0x10B2, 0x810F, 
	0x11A3, 0x818A, 0x10DB, 0x812B, 0x10F1, 0x816D, 0x1118, 0x813E, 0x105B, 0x8122, 0x0FD0, 0x8135, 0x10B7, 0x8135, 0x10CD, 0x8122, 
	0x108F, 0x8122, 0x1116, 0x81CC, 0x101A, 0x81D6, 0x1167, 0x8151, 0x1044, 0x816D, 0x119F, 0x81F2, 0x1053, 0x8193, 0x1012, 0x8252, 
	0x1150, 0x819D, 0x105E, 0x8122, 0x0F98, 0x81B9, 0x110B, 0x81C3, 0x0FDD, 0x8219, 0x1062, 0x8235, 0x0F40, 0x81DF, 0x105E, 0x8265, 
	0x118B, 0x829F, 0x1234, 0x8327, 0x12F8, 0x8309, 0x11F9, 0x82C6, 0x1271, 0x828C, 0x11E4, 0x8252, 0x12B0, 0x826F, 0x11DD, 0x8282, 
	0x11BB, 0x82BC, 0x1165, 0x82D9, 0x1213, 0x8222, 0x1217, 0x81D6, 0x1218, 0x825C, 0x1210, 0x8252, 0x1195, 0x8235, 0x118C, 0x822C, 
	0x12D1, 0x812B, 0x131E, 0x81D6, 0x11E0, 0x8205, 0x1221, 0x81A6, 0x11BA, 0x819D, 0x121B, 0x819D, 0x11E1, 0x81D6, 0x12D8, 0x81FC, 
	0x11BC, 0x81E9, 0x1195, 0x8193, 0x11C8, 0x812B, 0x121A, 0x8135, 0x114F, 0x81B9, 0x1165, 0x8193, 0x1141, 0x815A, 0x1181, 0x8151, 
	0x1272, 0x80BA, 0x1195, 0x818A, 0x118A, 0x8151, 0x110E, 0x8177, 0x11F0, 0x8122, 0x1212, 0x80B1, 0x11CB, 0x8118, 0x1207, 0x810F, 
	0x117D, 0x8105, 0x1183, 0x80E9, 0x1210, 0x80C4, 0x10E6, 0x8105, 0x1168, 0x8122, 0x1136, 0x8147, 0x1153, 0x80D6, 0x1194, 0x80E9, 
	0x10AA, 0x80CD, 0x1191, 0x80FC, 0x11B3, 0x80D6, 0x1281, 0x8082, 0x11D2, 0x8079, 0x11FE, 0x80D6, 0x11A3, 0x8079, 0x11FB, 0x8105, 
	0x111E, 0x8079, 0x117D, 0x80E0, 0x11DF, 0x80F3, 0x111E, 0x8070, 0x114A, 0x8095, 0x123F, 0x809E, 0x114E, 0x8038, 0x12E5, 0x8066, 
	0x116E, 0x8095, 0x1293, 0x801C, 0x11DF, 0x808C, 0x11B8, 0x80BA, 0x1166, 0x8066, 0x11C3, 0x8082, 0x1159, 0x8013, 0x10A4, 0x8070, 
	0x11CE, 0x8066, 0x11C0, 0x8066, 0x11AA, 0x801C, 0x1273, 0x801C, 0x10B4, 0x804A, 0x11F9, 0x808C, 0x1171, 0x805D, 0x10E6, 0x8079, 
	0x1091, 0x7FAD, 0x10FA, 0x804A, 0x123F, 0x8054, 0x111C, 0x8054, 0x10D5, 0x801C, 0x1122, 0x7FED, 0x107A, 0x7FD2, 0x10C2, 0x804A, 
	0x1095, 0x809E, 0x1083, 0x7FDB, 0x11BE, 0x7FBF, 0x10B0, 0x8013, 0x113D, 0x7FB6, 0x1192, 0x805D, 0x10E9, 0x8009, 0x113F, 0x8054, 
	0x0FE2, 0x802E, 0x1170, 0x7F9A, 0x10ED, 0x8082, 0x11A9, 0x801C, 0x11AE, 0x801C, 0x11AA, 0x8000, 0x111C, 0x7F91, 0x1126, 0x805D, 
	0x10D4, 0x8025, 0x1213, 0x7FDB, 0x1130, 0x8025, 0x1154, 0x8009, 0x119F, 0x802E, 0x1188, 0x80A8, 0x11D4, 0x804A, 0x1147, 0x8025, 
	0x11B1, 0x7FC9, 0x10BB, 0x8025, 0x119D, 0x805D, 0x1240, 0x8025, 0x10AC, 0x8054, 0x12D2, 0x8025, 0x11C3, 0x7FED, 0x12A1, 0x805D, 
	0x120A, 0x8095, 0x1148, 0x8095, 0x1250, 0x7FD2, 0x118B, 0x7F91, 0x120E, 0x8000, 0x1187, 0x7FF7, 0x11B3, 0x8041, 0x122F, 0x8070, 
	0x1092, 0x7FBF, 0x112E, 0x8000, 0x1238, 0x8041, 0x1186, 0x804A, 0x1152, 0x8013, 0x115E, 0x7FB6, 0x1112, 0x7FAD, 0x118F, 0x8038, 
	0x126A, 0x8009, 0x11FA, 0x8095, 0x1203, 0x8054, 0x121B, 0x8000, 0x1249, 0x8025, 0x1160, 0x80C4, 0x11A0, 0x7FDB, 0x1189, 0x8066, 
	0x1205, 0x7F91, 0x1198, 0x8009, 0x11FB, 0x80BA, 0x11D5, 0x7FE4, 0x1218, 0x8066, 0x11EF, 0x7FC9, 0x1134, 0x7FDB, 0x11C9, 0x8070, 
	0x116F, 0x7FAD, 0x11C1, 0x801C, 0x1267, 0x7FF7, 0x1267, 0x8038, 0x1278, 0x805D, 0x1152, 0x805D, 0x1128, 0x8041, 0x1208, 0x8025, 
	0x1156, 0x7FE4, 0x11B9, 0x8009, 0x119D, 0x80B1, 0x1219, 0x809E, 0x118F, 0x7FED, 0x10B0, 0x8013, 0x1161, 0x8070, 0x126A, 0x8066, 
	0x11F1, 0x8013, 0x124C, 0x7FDB, 0x11AC, 0x7FDB, 0x1265, 0x8066, 0x123B, 0x8066, 0x1155, 0x8025, 0x117D, 0x8025, 0x11F8, 0x8070, 
	0x10F7, 0x805D, 0x112A, 0x8082, 0x121E, 0x8054, 0x12FD, 0x8038, 0x125C, 0x808C, 0x1264, 0x8066, 0x1119, 0x8079, 0x11C7, 0x8079, 
	0x1225, 0x805D, 0x1159, 0x808C, 0x12B4, 0x802E, 0x129B, 0x802E, 0x11FC, 0x8013, 0x11C6, 0x802E, 0x122C, 0x8070, 0x1217, 0x80CD, 
	0x117B, 0x802E, 0x132F, 0x8054, 0x123E, 0x80CD, 0x1225, 0x81C3, 0x11A8, 0x8082, 0x1229, 0x805D, 0x124B, 0x8025, 0x133D, 0x80E0, 
	0x12F2, 0x80E0, 0x1282, 0x801C, 0x1359, 0x8009, 0x123E, 0x802E, 0x1232, 0x8095, 0x132C, 0x80A8, 0x122F, 0x808C, 0x11EB, 0x8095, 
	0x139D, 0x8095, 0x12E2, 0x80BA, 0x121A, 0x80B1, 0x1227, 0x80F3, 0x11B5, 0x80BA, 0x1389, 0x8013, 0x117F, 0x8079, 0x1232, 0x804A, 
	0x12A8, 0x8105, 0x119D, 0x805D, 0x1172, 0x8095, 0x1221, 0x808C, 0x1179, 0x80BA, 0x11B5, 0x8122, 0x123C, 0x80D6, 0x1267, 0x80E9, 
	0x11BB, 0x80C4, 0x12DF, 0x80E9, 0x10D7, 0x8105, 0x1135, 0x810F, 0x1228, 0x80CD, 0x1177, 0x813E, 0x1216, 0x80A8, 0x11BB, 0x810F, 
	0x1140, 0x813E, 0x11A2, 0x8151, 0x11F6, 0x815A, 0x10F5, 0x8095, 0x10DF, 0x812B, 0x118A, 0x818A, 0x1116, 0x8151, 0x1071, 0x8193, 
	0x11D7, 0x80F3, 0x1132, 0x8118, 0x1157, 0x81B9, 0x11A5, 0x8105, 0x1133, 0x81E9, 0x113C, 0x816D, 0x110E, 0x8118, 0x1112, 0x81CC, 
	0x10EB, 0x81DF, 0x1003, 0x81F2, 0x10D7, 0x81C3, 0x1005, 0x819D, 0x1096, 0x822C, 0x1122, 0x8235, 0x1030, 0x820F, 0x1114, 0x81E9, 
	0x0F7E, 0x81CC, 0x111C, 0x8222, 0x1040, 0x82BC, 0x10A9, 0x8248, 0x0FA2, 0x8235, 0x0FC5, 0x8248, 0x1016, 0x8282, 0x10B7, 0x82CF, 
	0x1093, 0x82D9, 0x0F59, 0x823F, 0x0FB5, 0x8222, 0x1042, 0x81FC, 0x107E, 0x82D9, 0x102B, 0x82D9, 0x1059, 0x8295, 0x1023, 0x82C6, 
	0x0FC7, 0x8222, 0x0FD6, 0x826F, 0x0F8A, 0x8327, 0x108D, 0x82C6, 0x0F70, 0x8309, 0x102B, 0x8265, 0x107D, 0x8300, 0x0FFF, 0x833A, 
	0x0F2D, 0x8295, 0x0F6C, 0x8279, 0x10E8, 0x8205, 0x0F6E, 0x8265, 0x0FEE, 0x822C, 0x0FF1, 0x82C6, 0x0F51, 0x82CF, 0x0EA4, 0x8265, 
	0x0F9B, 0x82F6, 0x10DC, 0x82A9, 0x0FDC, 0x82E3, 0x106A, 0x82EC, 0x0FC1, 0x825C, 0x109F, 0x823F, 0x1026, 0x82B2, 0x1024, 0x82C6, 
	0x0F01, 0x82E3, 0x10B2, 0x8248, 0x1025, 0x8357, 0x10E6, 0x82CF, 0x106B, 0x82E3, 0x1035, 0x833A, 0x10A7, 0x829F, 0x1059, 0x826F, 
	0x10BC, 0x829F, 0x101E, 0x828C, 0x1087, 0x829F, 0x0F6F, 0x831D, 0x101A, 0x82C6, 0x110C, 0x82E3, 0x10AA, 0x82C6, 0x10E3, 0x82EC, 
	0x1162, 0x82CF, 0x105D, 0x8248, 0x1125, 0x8300, 0x10B7, 0x82B2, 0x0FAB, 0x82E3, 0x1184, 0x834E, 0x10F1, 0x8300, 0x1214, 0x82B2, 
	0x10C6, 0x8327, 0x10C2, 0x8248, 0x1153, 0x8327, 0x113E, 0x8300, 0x10DA, 0x82BC, 0x1124, 0x826F, 0x1106, 0x828C, 0x1104, 0x8330, 
	0x10F9, 0x8330, 0x124F, 0x82F6, 0x0F90, 0x8309, 0x1147, 0x82EC, 0x1194, 0x82B2, 0x1113, 0x8392, 0x119E, 0x8313, 0x1228, 0x829F, 
	0x124D, 0x82EC, 0x10E0, 0x833A, 0x10A7, 0x836B, 0x1183, 0x8361, 0x10DB, 0x8330, 0x1174, 0x8361, 0x1147, 0x8330, 0x11D0, 0x8344, 
	0x119D, 0x8388, 0x11F0, 0x837E, 0x1270, 0x8313, 0x1188, 0x831D, 0x11F8, 0x837E, 0x11A9, 0x8392, 0x11F6, 0x8361, 0x111B, 0x8357, 
	0x11DA, 0x8361, 0x1191, 0x834E, 0x11AD, 0x8357, 0x1210, 0x837E, 0x11C4, 0x836B, 0x12CC, 0x837E, 0x12A0, 0x83CD, 0x1214, 0x83B9, 
	0x11AE, 0x837E, 0x12A3, 0x8300, 0x11B3, 0x83D7, 0x1237, 0x82EC, 0x121A, 0x83EA, 0x1264, 0x83CD, 0x1274, 0x83AF, 0x11C0, 0x8443, 
	0x121D, 0x8425, 0x134E, 0x83FE, 0x1388, 0x8457, 0x1332, 0x8425, 0x12F8, 0x8412, 0x138C, 0x83AF, 0x13AE, 0x83E0, 0x147F, 0x849C, 
	0x14C1, 0x83D7, 0x138D, 0x84D8, 0x1531, 0x847E, 0x13EA, 0x846B, 0x141F, 0x85C9, 0x1442, 0x85F2, 0x118B, 0x829F, 0x1234, 0x8327, 
	0x12F8, 0x8309, 0x11F9, 0x82C6, 0x1271, 0x828C, 0x11E4, 0x8252, 0x12B0, 0x826F, 0x11DD, 0x8282, 0x11BB, 0x82BC, 0x1165, 0x82D9, 
	0x1213, 0x8222, 0x1217, 0x81D6, 0x1218, 0x825C, 0x1210, 0x8252, 0x1195, 0x8235, 0x118C, 0x822C, 0x12D1, 0x812B, 0x131E, 0x81D6, 
	0x11E0, 0x8205, 0x1221, 0x81A6, 0x11BA, 0x819D, 0x121B, 0x819D, 0x11E1, 0x81D6, 0x12D8, 0x81FC, 0x11BC, 0x81E9, 0x1195, 0x8193, 
	0x11C8, 0x812B, 0x121A, 0x8135, 0x114F, 0x81B9, 0x1165, 0x8193, 0x1141, 0x815A, 0x1181, 0x8151, 0x1272, 0x80BA, 0x1195, 0x818A, 
	0x118A, 0x8151, 0x110E, 0x8177, 0x11F0, 0x8122, 0x1212, 0x80B1, 0x11CB, 0x8118, 0x1207, 0x810F, 0x117D, 0x8105, 0x1183, 0x80E9, 
	0x1210, 0x80C4, 0x10E6, 0x8105, 0x1168, 0x8122, 0x1136, 0x8147, 0x1153, 0x80D6, 0x1194, 0x80E9, 0x10AA, 0x80CD, 0x1191, 0x80FC, 
	0x11B3, 0x80D6, 0x1281, 0x8082, 0x11D2, 0x8079, 0x11FE, 0x80D6, 0x11A3, 0x8079, 0x11FB, 0x8105, 0x111E, 0x8079, 0x117D, 0x80E0, 
	0x11DF, 0x80F3, 0x111E, 0x8070, 0x114A, 0x8095, 0x123F, 0x809E, 0x114E, 0x8038, 0x12E5, 0x8066, 0x116E, 0x8095, 0x1293, 0x801C, 
	0x11DF, 0x808C, 0x11B8, 0x80BA, 0x1166, 0x8066, 0x11C3, 0x8082, 0x1159, 0x8013, 0x10A4, 0x8070, 0x11CE, 0x8066, 0x11C0, 0x8066, 
	0x11AA, 0x801C, 0x1273, 0x801C, 0x10B4, 0x804A, 0x11F9, 0x808C, 0x1171, 0x805D, 0x10E6, 0x8079, 0x1091, 0x7FAD, 0x10FA, 0x804A, 
	0x123F, 0x8054, 0x111C, 0x8054, 0x10D5, 0x801C, 0x1122, 0x7FED, 0x107A, 0x7FD2, 0x10C2, 0x804A, 0x1095, 0x809E, 0x1083, 0x7FDB, 
	0x11BE, 0x7FBF, 0x10B0, 0x8013, 0x113D, 0x7FB6, 0x1192, 0x805D, 0x10E9, 0x8009, 0x113F, 0x8054, 0x0FE2, 0x802E, 0x1170, 0x7F9A, 
	0x10ED, 0x8082, 0x11A9, 0x801C, 0x11AE, 0x801C, 0x11AA, 0x8000, 0x111C, 0x7F91, 0x1126, 0x805D, 0x10D4, 0x8025, 0x1213, 0x7FDB, 
	0x1130, 0x8025, 0x1154, 0x8009, 0x119F, 0x802E, 0x1188, 0x80A8, 0x11D4, 0x804A, 0x1147, 0x8025, 0x11B1, 0x7FC9, 0x10BB, 0x8025, 
	0x119D, 0x805D, 0x1240, 0x8025, 0x10AC, 0x8054, 0x12D2, 0x8025, 0x11C3, 0x7FED, 0x12A1, 0x805D, 0x120A, 0x8095, 0x1148, 0x8095, 
	0x1250, 0x7FD2, 0x118B, 0x7F91, 0x120E, 0x8000, 0x1187, 0x7FF7, 0x11B3, 0x8041, 0x122F, 0x8070, 0x1092, 0x7FBF, 0x112E, 0x8000, 
	0x1238, 0x8041, 0x1186, 0x804A, 0x1152, 0x8013, 0x115E, 0x7FB6, 0x1112, 0x7FAD, 0x118F, 0x8038, 0x126A, 0x8009, 0x11FA, 0x8095, 
	0x1203, 0x8054, 0x121B, 0x8000, 0x1249, 0x8025, 0x1160, 0x80C4, 0x11A0, 0x7FDB, 0x1189, 0x8066, 0x1205, 0x7F91, 0x1198, 0x8009, 
	0x11FB, 0x80BA, 0x11D5, 0x7FE4, 0x1218, 0x8066, 0x11EF, 0x7FC9, 0x1134, 0x7FDB, 0x11C9, 0x8070, 0x116F, 0x7FAD, 0x11C1, 0x801C, 
	0x1267, 0x7FF7, 0x1267, 0x8038, 0x1278, 0x805D, 0x1152, 0x805D, 0x1128, 0x8041, 0x1208, 0x8025, 0x1156, 0x7FE4, 0x11B9, 0x8009, 
	0x119D, 0x80B1, 0x1219, 0x809E, 0x118F, 0x7FED, 0x10B0, 0x8013, 0x1161, 0x8070, 0x126A, 0x8066, 0x11F1, 0x8013, 0x124C, 0x7FDB, 
	0x11AC, 0x7FDB, 0x1265, 0x8066, 0x123B, 0x8066, 0x1155, 0x8025, 0x117D, 0x8025, 0x11F8, 0x8070, 0x10F7, 0x805D, 0x112A, 0x8082, 
	0x121E, 0x8054, 0x12FD, 0x8038, 0x125C, 0x808C, 0x1264, 0x8066, 0x1119, 0x8079, 0x11C7, 0x8079, 0x1225, 0x805D, 0x1159, 0x808C, 
	0x12B4, 0x802E, 0x129B, 0x802E, 0x11FC, 0x8013, 0x11C6, 0x802E, 0x122C, 0x8070, 0x1217, 0x80CD, 0x117B, 0x802E, 0x132F, 0x8054, 
	0x123E, 0x80CD, 0x1225, 0x81C3, 0x11A8, 0x8082, 0x1229, 0x805D, 0x124B, 0x8025, 0x133D, 0x80E0, 0x12F2, 0x80E0, 0x1282, 0x801C, 
	0x1359, 0x8009, 0x123E, 0x802E, 0x1232, 0x8095, 0x132C, 0x80A8, 0x122F, 0x808C, 0x11EB, 0x8095, 0x139D, 0x8095, 0x12E2, 0x80BA, 
	0x121A, 0x80B1, 0x1227, 0x80F3, 0x11B5, 0x80BA, 0x1389, 0x8013, 0x117F, 0x8079, 0x1232, 0x804A, 0x12A8, 0x8105, 0x119D, 0x805D, 
	0x1172, 0x8095, 0x1221, 0x808C, 0x1179, 0x80BA, 0x11B5, 0x8122, 0x123C, 0x80D6, 0x1267, 0x80E9, 0x11BB, 0x80C4, 0x12DF, 0x80E9, 
	0x10D7, 0x8105, 0x1135, 0x810F, 0x1228, 0x80CD, 0x1177, 0x813E, 0x1216, 0x80A8, 0x11BB, 0x810F, 0x1140, 0x813E, 0x11A2, 0x8151, 
	0x11F6, 0x815A, 0x10F5, 0x8095, 0x10DF, 0x812B, 0x118A, 0x818A, 0x1116, 0x8151, 0x1071, 0x8193, 0x11D7, 0x80F3, 0x1132, 0x8118, 
	0x1157, 0x81B9, 0x11A5, 0x8105, 0x1133, 0x81E9, 0x113C, 0x816D, 0x110E, 0x8118, 0x1112, 0x81CC, 0x10EB, 0x81DF, 0x1003, 0x81F2, 
	0x10D7, 0x81C3, 0x1005, 0x819D, 0x1096, 0x822C, 0x1122, 0x8235, 0x1030, 0x820F, 0x1114, 0x81E9, 0x0F7E, 0x81CC, 0x111C, 0x8222, 
	0x10EE, 0x831D, 0x11C2, 0x8313, 0x1193, 0x82EC, 0x11E4, 0x829F, 0x116C, 0x8295, 0x11FF, 0x82C6, 0x128B, 0x828C, 0x1105, 0x8309, 
	0x1196, 0x82B2, 0x1141, 0x8265, 0x1162, 0x81E9, 0x118D, 0x81F2, 0x1165, 0x8222, 0x117B, 0x822C, 0x1174, 0x8219, 0x114A, 0x8248, 
	0x1260, 0x81F2, 0x126F, 0x81F2, 0x1165, 0x825C, 0x11EF, 0x823F, 0x10E1, 0x8177, 0x113B, 0x8180, 0x1185, 0x81CC, 0x11E6, 0x823F, 
	0x113F, 0x8164, 0x117E, 0x8177, 0x114D, 0x8122, 0x1237, 0x80F3, 0x1149, 0x813E, 0x11A0, 0x819D, 0x114C, 0x816D, 0x10F7, 0x813E, 
	0x11F8, 0x8118, 0x1177, 0x8164, 0x10E2, 0x81B0, 0x10B5, 0x8193, 0x11CC, 0x80D6, 0x11DD, 0x8105, 0x1176, 0x812B, 0x10FD, 0x815A, 
	0x1112, 0x80B1, 0x1135, 0x810F, 0x1192, 0x80D6, 0x110C, 0x8105, 0x10EA, 0x8135, 0x1106, 0x8180, 0x1056, 0x80E9, 0x118C, 0x810F, 
	0x1073, 0x8105, 0x1169, 0x80E9, 0x11A6, 0x80C4, 0x1240, 0x80E9, 0x112D, 0x80D6, 0x11B5, 0x8118, 0x11A2, 0x8151, 0x11BE, 0x8095, 
	0x110F, 0x80BA, 0x109A, 0x805D, 0x118E, 0x80C4, 0x1091, 0x80A8, 0x1076, 0x805D, 0x11D1, 0x8082, 0x10B0, 0x80D6, 0x1299, 0x80CD, 
	0x10BF, 0x8070, 0x11EC, 0x8082, 0x11B7, 0x8070, 0x118E, 0x80CD, 0x10F3, 0x805D, 0x1169, 0x8095, 0x113A, 0x8054, 0x10ED, 0x80A8, 
	0x1183, 0x80A8, 0x1195, 0x805D, 0x116E, 0x8082, 0x11EB, 0x8082, 0x0FD1, 0x802E, 0x11C2, 0x80B1, 0x10EE, 0x80B1, 0x10AF, 0x7FED, 
	0x0FFC, 0x7FF7, 0x10BD, 0x8066, 0x11BD, 0x80A8, 0x1058, 0x8025, 0x0FCC, 0x801C, 0x10DA, 0x801C, 0x1050, 0x805D, 0x1032, 0x805D, 
	0x0FD1, 0x80A8, 0x103B, 0x8041, 0x1107, 0x7FAD, 0x10AA, 0x8070, 0x10CF, 0x8038, 0x1086, 0x8070, 0x108F, 0x7F9A, 0x11AC, 0x7F88, 
	0x0FCE, 0x7FDB, 0x111C, 0x7FC9, 0x108E, 0x802E, 0x10E2, 0x7FB6, 0x1193, 0x7F91, 0x1180, 0x8054, 0x1110, 0x8025, 0x103F, 0x8079, 
	0x105C, 0x818A, 0x1188, 0x7FA4, 0x1101, 0x804A, 0x1152, 0x802E, 0x1160, 0x8041, 0x1087, 0x808C, 0x1153, 0x8009, 0x10A2, 0x8009, 
	0x1153, 0x7FF7, 0x1074, 0x7FAD, 0x1077, 0x802E, 0x11CB, 0x7FED, 0x112B, 0x8041, 0x11C6, 0x8025, 0x11A2, 0x7FDB, 0x11B4, 0x7FF7, 
	0x116F, 0x8025, 0x11B4, 0x7FF7, 0x11E9, 0x8000, 0x10FA, 0x8000, 0x112D, 0x8054, 0x105D, 0x7FC9, 0x10ED, 0x802E, 0x1168, 0x8054, 
	0x1084, 0x801C, 0x106A, 0x8009, 0x1172, 0x8025, 0x117A, 0x8041, 0x10BD, 0x7FE4, 0x1139, 0x7FE4, 0x111A, 0x7FB6, 0x1155, 0x8025, 
	0x1194, 0x8095, 0x1119, 0x8054, 0x11BB, 0x80F3, 0x11C6, 0x7FF7, 0x118C, 0x804A, 0x1142, 0x8054, 0x1148, 0x7FF7, 0x1123, 0x8038, 
	0x11A6, 0x7FE4, 0x110A, 0x8009, 0x113F, 0x805D, 0x115D, 0x801C, 0x118D, 0x7FE4, 0x118B, 0x8013, 0x10FE, 0x7F7F, 0x1128, 0x8041, 
	0x1175, 0x80BA, 0x117B, 0x7FED, 0x120A, 0x8009, 0x11C7, 0x7FE4, 0x117C, 0x8095, 0x10EB, 0x808C, 0x1062, 0x7FF7, 0x1171, 0x802E, 
	0x113A, 0x8082, 0x1117, 0x80BA, 0x1188, 0x8009, 0x1160, 0x80BA, 0x1073, 0x7FED, 0x1096, 0x804A, 0x10F1, 0x8054, 0x11DE, 0x805D, 
	0x1128, 0x8025, 0x11DB, 0x7FDB, 0x1186, 0x8066, 0x1225, 0x8054, 0x11EE, 0x8082, 0x1142, 0x802E, 0x112F, 0x8070, 0x10A0, 0x7FED, 
	0x1105, 0x8013, 0x1106, 0x8038, 0x1195, 0x805D, 0x11EC, 0x8038, 0x11D0, 0x8095, 0x11B2, 0x8054, 0x113C, 0x8070, 0x1124, 0x805D, 
	0x1162, 0x80C4, 0x110A, 0x8066, 0x12BD, 0x8082, 0x1254, 0x8041, 0x1206, 0x8054, 0x1124, 0x8025, 0x113D, 0x80A8, 0x11C8, 0x80A8, 
	0x10D8, 0x8066, 0x12D1, 0x8070, 0x11F2, 0x80BA, 0x1201, 0x8070, 0x10D9, 0x8070, 0x1173, 0x8079, 0x1197, 0x80B1, 0x12AD, 0x809E, 
	0x1289, 0x80C4, 0x120B, 0x80A8, 0x1294, 0x809E, 0x1287, 0x8082, 0x1231, 0x80F3, 0x12F8, 0x80E0, 0x1224, 0x80C4, 0x11A5, 0x80A8, 
	0x1363, 0x8066, 0x126C, 0x80BA, 0x11C3, 0x8082, 0x11BD, 0x80D6, 0x114A, 0x80CD, 0x12E8, 0x805D, 0x11F2, 0x80A8, 0x1173, 0x8082, 
	0x11EB, 0x8118, 0x10AF, 0x8079, 0x10E7, 0x805D, 0x11C4, 0x80CD, 0x111D, 0x80FC, 0x119A, 0x8164, 0x11F5, 0x80E9, 0x1228, 0x80E9, 
	0x1104, 0x809E, 0x1271, 0x8193, 0x109A, 0x8177, 0x10B5, 0x810F, 0x11E7, 0x80CD, 0x10EF, 0x80D6, 0x1187, 0x80B1, 0x10F0, 0x8151, 
	0x10C8, 0x8177, 0x10F1, 0x80E9, 0x1134, 0x8118, 0x10B3, 0x80FC, 0x1060, 0x816D, 0x1121, 0x8122, 0x10D1, 0x8135, 0x1037, 0x819D, 
	0x1115, 0x8180, 0x1111, 0x813E, 0x1087, 0x819D, 0x10F8, 0x80B1, 0x1095, 0x8122, 0x1171, 0x8180, 0x104D, 0x8147, 0x10B5, 0x81D6, 
	0x10AB, 0x81B9, 0x102D, 0x81E9, 0x101B, 0x8193, 0x0FD9, 0x81FC, 0x0F50, 0x8219, 0x103A, 0x8219, 0x0FC7, 0x81B9, 0x1097, 0x8248, 
	0x0F40, 0x8205, 0x10D4, 0x81F2, 0x0F9B, 0x8279, 0x1040, 0x829F, 0x0F36, 0x820F, 0x0F95, 0x828C, 0x0F76, 0x82A9, 0x100D, 0x8279, 
	0x1044, 0x82BC, 0x0F44, 0x8248, 0x0F68, 0x8222, 0x0FB8, 0x8265, 0x109F, 0x829F, 0x0FA4, 0x826F, 0x0FBA, 0x8295, 0x0F97, 0x829F, 
	0x0F0A, 0x825C, 0x0F56, 0x82C6, 0x0F94, 0x8327, 0x0FFB, 0x8282, 0x0F27, 0x82B2, 0x1033, 0x8248, 0x0FEA, 0x82D9, 0x0FCA, 0x831D, 
	0x0F54, 0x82CF, 0x0F33, 0x828C, 0x10AB, 0x8248, 0x0FE1, 0x828C, 0x0F15, 0x82CF, 0x0FA3, 0x82A9, 0x0EA3, 0x82A9, 0x0E73, 0x825C, 
	0x0FF5, 0x82BC, 0x0FCC, 0x82E3, 0x0FAD, 0x8300, 0x0FFC, 0x829F, 0x0F6A, 0x826F, 0x0FEA, 0x829F, 0x0FCD, 0x8282, 0x0F9B, 0x833A, 
	0x0E59, 0x8313, 0x1070, 0x823F, 0x1017, 0x82F6, 0x1073, 0x82C6, 0x100A, 0x82A9, 0x0F90, 0x8300, 0x10F8, 0x82D9, 0x1007, 0x82EC, 
	0x1012, 0x8344, 0x0F0B, 0x8300, 0x1019, 0x8361, 0x0F35, 0x82EC, 0x0FDA, 0x82B2, 0x10A3, 0x82D9, 0x1080, 0x82C6, 0x104E, 0x82C6, 
	0x1078, 0x82A9, 0x1082, 0x82EC, 0x10C2, 0x82F6, 0x1067, 0x834E, 0x0F53, 0x82F6, 0x10E6, 0x8344, 0x10BF, 0x8330, 0x11E3, 0x8313, 
	0x109E, 0x8309, 0x0FBD, 0x82EC, 0x10A2, 0x82E3, 0x1107, 0x8309, 0x1025, 0x8300, 0x1097, 0x82E3, 0x0FF0, 0x82B2, 0x1036, 0x82E3, 
	0x10E7, 0x8361, 0x11D4, 0x8313, 0x0F0E, 0x8309, 0x116D, 0x8295, 0x111E, 0x8252, 0x10C5, 0x833A, 0x10E4, 0x8344, 0x116D, 0x8327, 
	0x119F, 0x8309, 0x10FC, 0x8309, 0x1077, 0x834E, 0x1130, 0x8392, 0x101E, 0x8392, 0x10CA, 0x8313, 0x10F7, 0x831D, 0x110B, 0x8439, 
	0x116B, 0x83CD, 0x117C, 0x8375, 0x125A, 0x8309, 0x114D, 0x834E, 0x11BD, 0x8392, 0x116B, 0x83C3, 0x112A, 0x834E, 0x10B8, 0x82EC, 
	0x1156, 0x8388, 0x10D3, 0x8327, 0x11CA, 0x83A6, 0x11DE, 0x83CD, 0x11B7, 0x833A, 0x12B7, 0x8330, 0x1273, 0x83AF, 0x1107, 0x839C, 
	0x1152, 0x83D7, 0x11BD, 0x8361, 0x11E3, 0x83FE, 0x11AA, 0x8392, 0x11DD, 0x83CD, 0x11F1, 0x8439, 0x11E4, 0x839C, 0x1140, 0x842F, 
	0x1280, 0x83EA, 0x12C1, 0x8475, 0x1295, 0x8475, 0x12EF, 0x844D, 0x1301, 0x8461, 0x12D2, 0x83EA, 0x1336, 0x83B9, 0x1409, 0x84BA, 
	0x1406, 0x8408, 0x1333, 0x8457, 0x14D3, 0x84B0, 0x130C, 0x84BA, 0x13B9, 0x85C9, 0x1419, 0x85E7, 0x10EE, 0x831D, 0x11C2, 0x8313, 
	0x1193, 0x82EC, 0x11E4, 0x829F, 0x116C, 0x8295, 0x11FF, 0x82C6, 0x128B, 0x828C, 0x1105, 0x8309, 0x1196, 0x82B2, 0x1141, 0x8265, 
	0x1162, 0x81E9, 0x118D, 0x81F2, 0x1165, 0x8222, 0x117B, 0x822C, 0x1174, 0x8219, 0x114A, 0x8248, 0x1260, 0x81F2, 0x126F, 0x81F2, 
	0x1165, 0x825C, 0x11EF, 0x823F, 0x10E1, 0x8177, 0x113B, 0x8180, 0x1185, 0x81CC, 0x11E6, 0x823F, 0x113F, 0x8164, 0x117E, 0x8177, 
	0x114D, 0x8122, 0x1237, 0x80F3, 0x1149, 0x813E, 0x11A0, 0x819D, 0x114C, 0x816D, 0x10F7, 0x813E, 0x11F8, 0x8118, 0x1177, 0x8164, 
	0x10E2, 0x81B0, 0x10B5, 0x8193, 0x11CC, 0x80D6, 0x11DD, 0x8105, 0x1176, 0x812B, 0x10FD, 0x815A, 0x1112, 0x80B1, 0x1135, 0x810F, 
	0x1192, 0x80D6, 0x110C, 0x8105, 0x10EA, 0x8135, 0x1106, 0x8180, 0x1056, 0x80E9, 0x118C, 0x810F, 0x1073, 0x8105, 0x1169, 0x80E9, 
	0x11A6, 0x80C4, 0x1240, 0x80E9, 0x112D, 0x80D6, 0x11B5, 0x8118, 0x11A2, 0x8151, 0x11BE, 0x8095, 0x110F, 0x80BA, 0x109A, 0x805D, 
	0x118E, 0x80C4, 0x1091, 0x80A8, 0x1076, 0x805D, 0x11D1, 0x8082, 0x10B0, 0x80D6, 0x1299, 0x80CD, 0x10BF, 0x8070, 0x11EC, 0x8082, 
	0x11B7, 0x8070, 0x118E, 0x80CD, 0x10F3, 0x805D, 0x1169, 0x8095, 0x113A, 0x8054, 0x10ED, 0x80A8, 0x1183, 0x80A8, 0x1195, 0x805D, 
	0x116E, 0x8082, 0x11EB, 0x8082, 0x0FD1, 0x802E, 0x11C2, 0x80B1, 0x10EE, 0x80B1, 0x10AF, 0x7FED, 0x0FFC, 0x7FF7, 0x10BD, 0x8066, 
	0x11BD, 0x80A8, 0x1058, 0x8025, 0x0FCC, 0x801C, 0x10DA, 0x801C, 0x1050, 0x805D, 0x1032, 0x805D, 0x0FD1, 0x80A8, 0x103B, 0x8041, 
	0x1107, 0x7FAD, 0x10AA, 0x8070, 0x10CF, 0x8038, 0x1086, 0x8070, 0x108F, 0x7F9A, 0x11AC, 0x7F88, 0x0FCE, 0x7FDB, 0x111C, 0x7FC9, 
	0x108E, 0x802E, 0x10E2, 0x7FB6, 0x1193, 0x7F91, 0x1180, 0x8054, 0x1110, 0x8025, 0x103F, 0x8079, 0x105C, 0x818A, 0x1188, 0x7FA4, 
	0x1101, 0x804A, 0x1152, 0x802E, 0x1160, 0x8041, 0x1087, 0x808C, 0x1153, 0x8009, 0x10A2, 0x8009, 0x1153, 0x7FF7, 0x1074, 0x7FAD, 
	0x1077, 0x802E, 0x11CB, 0x7FED, 0x112B, 0x8041, 0x11C6, 0x8025, 0x11A2, 0x7FDB, 0x11B4, 0x7FF7, 0x116F, 0x8025, 0x11B4, 0x7FF7, 
	0x11E9, 0x8000, 0x10FA, 0x8000, 0x112D, 0x8054, 0x105D, 0x7FC9, 0x10ED, 0x802E, 0x1168, 0x8054, 0x1084, 0x801C, 0x106A, 0x8009, 
	0x1172, 0x8025, 0x117A, 0x8041, 0x10BD, 0x7FE4, 0x1139, 0x7FE4, 0x111A, 0x7FB6, 0x1155, 0x8025, 0x1194, 0x8095, 0x1119, 0x8054, 
	0x11BB, 0x80F3, 0x11C6, 0x7FF7, 0x118C, 0x804A, 0x1142, 0x8054, 0x1148, 0x7FF7, 0x1123, 0x8038, 0x11A6, 0x7FE4, 0x110A, 0x8009, 
	0x113F, 0x805D, 0x115D, 0x801C, 0x118D, 0x7FE4, 0x118B, 0x8013, 0x10FE, 0x7F7F, 0x1128, 0x8041, 0x1175, 0x80BA, 0x117B, 0x7FED, 
	0x120A, 0x8009, 0x11C7, 0x7FE4, 0x117C, 0x8095, 0x10EB, 0x808C, 0x1062, 0x7FF7, 0x1171, 0x802E, 0x113A, 0x8082, 0x1117, 0x80BA, 
	0x1188, 0x8009, 0x1160, 0x80BA, 0x1073, 0x7FED, 0x1096, 0x804A, 0x10F1, 0x8054, 0x11DE, 0x805D, 0x1128, 0x8025, 0x11DB, 0x7FDB, 
	0x1186, 0x8066, 0x1225, 0x8054, 0x11EE, 0x8082, 0x1142, 0x802E, 0x112F, 0x8070, 0x10A0, 0x7FED, 0x1105, 0x8013, 0x1106, 0x8038, 
	0x1195, 0x805D, 0x11EC, 0x8038, 0x11D0, 0x8095, 0x11B2, 0x8054, 0x113C, 0x8070, 0x1124, 0x805D, 0x1162, 0x80C4, 0x110A, 0x8066, 
	0x12BD, 0x8082, 0x1254, 0x8041, 0x1206, 0x8054, 0x1124, 0x8025, 0x113D, 0x80A8, 0x11C8, 0x80A8, 0x10D8, 0x8066, 0x12D1, 0x8070, 
	0x11F2, 0x80BA, 0x1201, 0x8070, 0x10D9, 0x8070, 0x1173, 0x8079, 0x1197, 0x80B1, 0x12AD, 0x809E, 0x1289, 0x80C4, 0x120B, 0x80A8, 
	0x1294, 0x809E, 0x1287, 0x8082, 0x1231, 0x80F3, 0x12F8, 0x80E0, 0x1224, 0x80C4, 0x11A5, 0x80A8, 0x1363, 0x8066, 0x126C, 0x80BA, 
	0x11C3, 0x8082, 0x11BD, 0x80D6, 0x114A, 0x80CD, 0x12E8, 0x805D, 0x11F2, 0x80A8, 0x1173, 0x8082, 0x11EB, 0x8118, 0x10AF, 0x8079, 
	0x10E7, 0x805D, 0x11C4, 0x80CD, 0x111D, 0x80FC, 0x119A, 0x8164, 0x11F5, 0x80E9, 0x1228, 0x80E9, 0x1104, 0x809E, 0x1271, 0x8193, 
	0x109A, 0x8177, 0x10B5, 0x810F, 0x11E7, 0x80CD, 0x10EF, 0x80D6, 0x1187, 0x80B1, 0x10F0, 0x8151, 0x10C8, 0x8177, 0x10F1, 0x80E9, 
	0x1134, 0x8118, 0x10B3, 0x80FC, 0x1060, 0x816D, 0x1121, 0x8122, 0x10D1, 0x8135, 0x1037, 0x819D, 0x1115, 0x8180, 0x1111, 0x813E, 
	0x1087, 0x819D, 0x10F8, 0x80B1, 0x1095, 0x8122, 0x1171, 0x8180, 0x104D, 0x8147, 0x10B5, 0x81D6, 0x10AB, 0x81B9, 0x102D, 0x81E9, 
	0x101B, 0x8193, 0x0FD9, 0x81FC, 0x0F50, 0x8219, 0x103A, 0x8219, 0x0FC7, 0x81B9, 0x1097, 0x8248, 0x0F40, 0x8205, 0x10D4, 0x81F2, 
	0x1215, 0x8300, 0x1254, 0x8375, 0x1322, 0x83AF, 0x12C7, 0x8300, 0x1275, 0x82D9, 0x11F9, 0x829F, 0x1286, 0x82CF, 0x1162, 0x82B2, 
	0x10DE, 0x8282, 0x121B, 0x82B2, 0x11F3, 0x8222, 0x1265, 0x81D6, 0x11A9, 0x8219, 0x1219, 0x8222, 0x1199, 0x81D6, 0x1181, 0x8248, 
	0x12CD, 0x8222, 0x12E1, 0x819D, 0x11B0, 0x81FC, 0x1213, 0x81E9, 0x11C5, 0x81B9, 0x1183, 0x81B9, 0x114C, 0x8177, 0x1280, 0x8222, 
	0x116F, 0x81B0, 0x1256, 0x8151, 0x1228, 0x8177, 0x12EA, 0x8177, 0x11EB, 0x810F, 0x1284, 0x819D, 0x11C1, 0x8180, 0x1178, 0x813E, 
	0x11C9, 0x812B, 0x11F6, 0x8151, 0x10E1, 0x812B, 0x10E8, 0x810F, 0x11FD, 0x8122, 0x11A9, 0x8135, 0x1206, 0x810F, 0x113E, 0x80FC, 
	0x1162, 0x80E0, 0x11C7, 0x80F3, 0x1182, 0x80D6, 0x11A0, 0x812B, 0x11B5, 0x80BA, 0x10BB, 0x8118, 0x110F, 0x80BA, 0x118B, 0x8135, 
	0x1085, 0x80BA, 0x110E, 0x80FC, 0x1197, 0x8122, 0x1254, 0x80C4, 0x11F1, 0x8122, 0x11EC, 0x8054, 0x1171, 0x812B, 0x11B4, 0x809E, 
	0x1134, 0x80BA, 0x111E, 0x80BA, 0x114A, 0x80C4, 0x10DD, 0x8070, 0x1128, 0x802E, 0x1177, 0x80B1, 0x114A, 0x8082, 0x123E, 0x8066, 
	0x11BC, 0x8070, 0x11C3, 0x8025, 0x1210, 0x801C, 0x11CB, 0x80A8, 0x1185, 0x8070, 0x11A7, 0x8079, 0x1106, 0x8009, 0x10EA, 0x809E, 
	0x1193, 0x805D, 0x11A4, 0x80CD, 0x114E, 0x80A8, 0x120D, 0x80CD, 0x1166, 0x8066, 0x124B, 0x8025, 0x115A, 0x8082, 0x10D4, 0x7FED, 
	0x1060, 0x805D, 0x1100, 0x8009, 0x11F1, 0x8038, 0x1110, 0x8041, 0x1048, 0x7FD2, 0x111B, 0x7FF7, 0x10DC, 0x80B1, 0x1179, 0x8066, 
	0x10A2, 0x8082, 0x10C8, 0x804A, 0x10D1, 0x8038, 0x1110, 0x8038, 0x11A0, 0x7FF7, 0x1098, 0x8066, 0x106B, 0x7FE4, 0x1119, 0x802E, 
	0x0FD9, 0x8009, 0x10E4, 0x8013, 0x1172, 0x808C, 0x1115, 0x804A, 0x1148, 0x7FAD, 0x1138, 0x804A, 0x10CF, 0x7FDB, 0x1016, 0x7FED, 
	0x10FA, 0x8041, 0x1154, 0x801C, 0x109C, 0x8082, 0x118F, 0x802E, 0x11A7, 0x8082, 0x116A, 0x8082, 0x1268, 0x7FE4, 0x118A, 0x8054, 
	0x1197, 0x8013, 0x1163, 0x8054, 0x1127, 0x7FC9, 0x1285, 0x805D, 0x1111, 0x802E, 0x10FA, 0x80C4, 0x11CC, 0x8054, 0x123A, 0x805D, 
	0x1143, 0x8013, 0x1132, 0x8054, 0x122E, 0x8025, 0x11F1, 0x7FDB, 0x118B, 0x8041, 0x1144, 0x7F6C, 0x1283, 0x8025, 0x11A0, 0x805D, 
	0x10F8, 0x8025, 0x10BE, 0x802E, 0x10B3, 0x8025, 0x11F3, 0x7FED, 0x114B, 0x8009, 0x123C, 0x805D, 0x1143, 0x8013, 0x11A4, 0x7FD2, 
	0x11F4, 0x801C, 0x11C5, 0x808C, 0x1191, 0x801C, 0x11AC, 0x8009, 0x10F8, 0x7FBF, 0x11C3, 0x8041, 0x11DF, 0x7F7F, 0x1139, 0x8000, 
	0x1200, 0x801C, 0x1158, 0x8025, 0x117A, 0x8009, 0x1236, 0x8000, 0x1232, 0x7FAD, 0x10B9, 0x8054, 0x11C9, 0x8013, 0x119D, 0x804A, 
	0x1139, 0x80A8, 0x1172, 0x802E, 0x1174, 0x7FF7, 0x1238, 0x8054, 0x11AB, 0x804A, 0x11B0, 0x80A8, 0x10D1, 0x804A, 0x11E6, 0x8038, 
	0x119D, 0x805D, 0x1122, 0x808C, 0x1132, 0x804A, 0x10D2, 0x80A8, 0x119D, 0x7FE4, 0x10D3, 0x8082, 0x11F1, 0x80A8, 0x11AA, 0x8082, 
	0x11E2, 0x804A, 0x11CD, 0x8013, 0x1173, 0x809E, 0x1257, 0x804A, 0x121B, 0x8025, 0x1159, 0x804A, 0x11E8, 0x805D, 0x114A, 0x8095, 
	0x118C, 0x8082, 0x1149, 0x80E9, 0x1157, 0x8066, 0x123E, 0x8095, 0x11F1, 0x809E, 0x11C3, 0x8079, 0x114B, 0x8038, 0x11A4, 0x8038, 
	0x11A5, 0x8054, 0x119F, 0x8082, 0x1296, 0x808C, 0x12A3, 0x80A8, 0x119B, 0x801C, 0x10FF, 0x805D, 0x1200, 0x80A8, 0x127E, 0x8079, 
	0x1176, 0x809E, 0x132E, 0x8009, 0x1260, 0x80CD, 0x11BB, 0x80D6, 0x117A, 0x808C, 0x122C, 0x80F3, 0x12C4, 0x8079, 0x120D, 0x8070, 
	0x12BE, 0x80F3, 0x12D4, 0x809E, 0x1217, 0x80C4, 0x1264, 0x80CD, 0x11FD, 0x8079, 0x12E6, 0x80BA, 0x1242, 0x80CD, 0x118D, 0x8066, 
	0x1336, 0x80D6, 0x1236, 0x8066, 0x12B1, 0x802E, 0x121C, 0x80BA, 0x1118, 0x80C4, 0x1320, 0x809E, 0x1236, 0x8105, 0x1212, 0x8070, 
	0x124B, 0x80CD, 0x10E0, 0x80B1, 0x1125, 0x805D, 0x1232, 0x8054, 0x11B1, 0x8095, 0x1220, 0x810F, 0x11A8, 0x810F, 0x11E5, 0x80B1, 
	0x1163, 0x80FC, 0x12B8, 0x80D6, 0x10C3, 0x8135, 0x1140, 0x80F3, 0x12B2, 0x8070, 0x121E, 0x810F, 0x1159, 0x8164, 0x11A5, 0x80E0, 
	0x1118, 0x8135, 0x1149, 0x80A8, 0x1180, 0x8147, 0x10C2, 0x810F, 0x10A4, 0x8177, 0x1132, 0x81A6, 0x10D9, 0x8135, 0x0FF6, 0x8164, 
	0x120C, 0x8180, 0x110C, 0x8135, 0x10CE, 0x8164, 0x1149, 0x816D, 0x1062, 0x81C3, 0x1156, 0x8193, 0x115B, 0x8177, 0x10E6, 0x8222, 
	0x10DA, 0x8177, 0x1072, 0x81A6, 0x113B, 0x81D6, 0x1081, 0x81C3, 0x0FE0, 0x81F2, 0x1155, 0x81A6, 0x10B8, 0x820F, 0x1007, 0x81F2, 
	0x1001, 0x81B9, 0x1114, 0x822C, 0x10B6, 0x81D6, 0x1028, 0x8219, 0x0FE9, 0x8252, 0x1027, 0x82B2, 0x104D, 0x8279, 0x10A2, 0x82BC, 
	0x100E, 0x82BC, 0x0F96, 0x825C, 0x0FA8, 0x8235, 0x10C4, 0x82BC, 0x10DE, 0x826F, 0x103F, 0x8295, 0x1064, 0x82C6, 0x0FE8, 0x82F6, 
	0x0F9C, 0x826F, 0x0F7F, 0x82BC, 0x1065, 0x82EC, 0x10BF, 0x82BC, 0x1010, 0x8282, 0x1052, 0x826F, 0x1084, 0x82BC, 0x0FCA, 0x82EC, 
	0x105F, 0x828C, 0x0F7A, 0x822C, 0x1026, 0x8248, 0x1062, 0x82BC, 0x0F54, 0x8295, 0x1012, 0x82BC, 0x0EE3, 0x82B2, 0x0EE0, 0x8252, 
	0x1016, 0x82EC, 0x1043, 0x82CF, 0x106B, 0x8300, 0x1091, 0x826F, 0x1007, 0x82CF, 0x1011, 0x829F, 0x1050, 0x82CF, 0x0FEC, 0x82CF, 
	0x0F48, 0x82D9, 0x1092, 0x82B2, 0x0FED, 0x8300, 0x108C, 0x82D9, 0x0FEE, 0x82D9, 0x0FEB, 0x82D9, 0x108D, 0x829F, 0x10CA, 0x82EC, 
	0x11B8, 0x833A, 0x101D, 0x82B2, 0x1091, 0x8361, 0x1055, 0x82C6, 0x100A, 0x8282, 0x1092, 0x836B, 0x10B3, 0x8309, 0x1019, 0x82CF, 
	0x1196, 0x831D, 0x1003, 0x82E3, 0x1146, 0x833A, 0x109E, 0x8344, 0x105F, 0x8252, 0x1036, 0x834E, 0x1127, 0x8300, 0x11EF, 0x82CF, 
	0x10AB, 0x828C, 0x1095, 0x8235, 0x10CB, 0x8282, 0x1112, 0x8330, 0x1069, 0x82D9, 0x10AB, 0x82BC, 0x1067, 0x82CF, 0x1119, 0x8313, 
	0x1151, 0x8344, 0x11E4, 0x8309, 0x0FC1, 0x8330, 0x10A6, 0x82BC, 0x1212, 0x82D9, 0x10CC, 0x8388, 0x1200, 0x8309, 0x1143, 0x82F6, 
	0x11B1, 0x834E, 0x10D8, 0x831D, 0x10BA, 0x8375, 0x11BC, 0x8375, 0x10A5, 0x834E, 0x1136, 0x8375, 0x112A, 0x833A, 0x11A3, 0x833A, 
	0x1274, 0x83CD, 0x114D, 0x836B, 0x121C, 0x82EC, 0x11D8, 0x8392, 0x1180, 0x833A, 0x11D1, 0x83D7, 0x11EE, 0x834E, 0x1165, 0x8375, 
	0x126C, 0x833A, 0x11E5, 0x834E, 0x11CF, 0x834E, 0x1200, 0x83C3, 0x11F3, 0x8300, 0x1345, 0x837E, 0x126B, 0x83F4, 0x121C, 0x8327, 
	0x11A6, 0x8388, 0x12CE, 0x82D9, 0x1237, 0x8392, 0x12A1, 0x833A, 0x11EF, 0x83E0, 0x12B0, 0x83B9, 0x121B, 0x8344, 0x11F3, 0x8412, 
	0x12B3, 0x841B, 0x1339, 0x8439, 0x128F, 0x8461, 0x134D, 0x842F, 0x1382, 0x8492, 0x1311, 0x83EA, 0x1356, 0x842F, 0x13BC, 0x8457, 
	0x1435, 0x8412, 0x13A3, 0x84C4, 0x144B, 0x847E, 0x138C, 0x84BA, 0x1423, 0x8578, 0x143F, 0x85E7, 0x1215, 0x8300, 0x1254, 0x8375, 
	0x1322, 0x83AF, 0x12C7, 0x8300, 0x1275, 0x82D9, 0x11F9, 0x829F, 0x1286, 0x82CF, 0x1162, 0x82B2, 0x10DE, 0x8282, 0x121B, 0x82B2, 
	0x11F3, 0x8222, 0x1265, 0x81D6, 0x11A9, 0x8219, 0x1219, 0x8222, 0x1199, 0x81D6, 0x1181, 0x8248, 0x12CD, 0x8222, 0x12E1, 0x819D, 
	0x11B0, 0x81FC, 0x1213, 0x81E9, 0x11C5, 0x81B9, 0x1183, 0x81B9, 0x114C, 0x8177, 0x1280, 0x8222, 0x116F, 0x81B0, 0x1256, 0x8151, 
	0x1228, 0x8177, 0x12EA, 0x8177, 0x11EB, 0x810F, 0x1284, 0x819D, 0x11C1, 0x8180, 0x1178, 0x813E, 0x11C9, 0x812B, 0x11F6, 0x8151, 
	0x10E1, 0x812B, 0x10E8, 0x810F, 0x11FD, 0x8122, 0x11A9, 0x8135, 0x1206, 0x810F, 0x113E, 0x80FC, 0x1162, 0x80E0, 0x11C7, 0x80F3, 
	0x1182, 0x80D6, 0x11A0, 0x812B, 0x11B5, 0x80BA, 0x10BB, 0x8118, 0x110F, 0x80BA, 0x118B, 0x8135, 0x1085, 0x80BA, 0x110E, 0x80FC, 
	0x1197, 0x8122, 0x1254, 0x80C4, 0x11F1, 0x8122, 0x11EC, 0x8054, 0x1171, 0x812B, 0x11B4, 0x809E, 0x1134, 0x80BA, 0x111E, 0x80BA, 
	0x114A, 0x80C4, 0x10DD, 0x8070, 0x1128, 0x802E, 0x1177, 0x80B1, 0x114A, 0x8082, 0x123E, 0x8066, 0x11BC, 0x8070, 0x11C3, 0x8025, 
	0x1210, 0x801C, 0x11CB, 0x80A8, 0x1185, 0x8070, 0x11A7, 0x8079, 0x1106, 0x8009, 0x10EA, 0x809E, 0x1193, 0x805D, 0x11A4, 0x80CD, 
	0x114E, 0x80A8, 0x120D, 0x80CD, 0x1166, 0x8066, 0x124B, 0x8025, 0x115A, 0x8082, 0x10D4, 0x7FED, 0x1060, 0x805D, 0x1100, 0x8009, 
	0x11F1, 0x8038, 0x1110, 0x8041, 0x1048, 0x7FD2, 0x111B, 0x7FF7, 0x10DC, 0x80B1, 0x1179, 0x8066, 0x10A2, 0x8082, 0x10C8, 0x804A, 
	0x10D1, 0x8038, 0x1110, 0x8038, 0x11A0, 0x7FF7, 0x1098, 0x8066, 0x106B, 0x7FE4, 0x1119, 0x802E, 0x0FD9, 0x8009, 0x10E4, 0x8013, 
	0x1172, 0x808C, 0x1115, 0x804A, 0x1148, 0x7FAD, 0x1138, 0x804A, 0x10CF, 0x7FDB, 0x1016, 0x7FED, 0x10FA, 0x8041, 0x1154, 0x801C, 
	0x109C, 0x8082, 0x118F, 0x802E, 0x11A7, 0x8082, 0x116A, 0x8082, 0x1268, 0x7FE4, 0x118A, 0x8054, 0x1197, 0x8013, 0x1163, 0x8054, 
	0x1127, 0x7FC9, 0x1285, 0x805D, 0x1111, 0x802E, 0x10FA, 0x80C4, 0x11CC, 0x8054, 0x123A, 0x805D, 0x1143, 0x8013, 0x1132, 0x8054, 
	0x122E, 0x8025, 0x11F1, 0x7FDB, 0x118B, 0x8041, 0x1144, 0x7F6C, 0x1283, 0x8025, 0x11A0, 0x805D, 0x10F8, 0x8025, 0x10BE, 0x802E, 
	0x10B3, 0x8025, 0x11F3, 0x7FED, 0x114B, 0x8009, 0x123C, 0x805D, 0x1143, 0x8013, 0x11A4, 0x7FD2, 0x11F4, 0x801C, 0x11C5, 0x808C, 
	0x1191, 0x801C, 0x11AC, 0x8009, 0x10F8, 0x7FBF, 0x11C3, 0x8041, 0x11DF, 0x7F7F, 0x1139, 0x8000, 0x1200, 0x801C, 0x1158, 0x8025, 
	0x117A, 0x8009, 0x1236, 0x8000, 0x1232, 0x7FAD, 0x10B9, 0x8054, 0x11C9, 0x8013, 0x119D, 0x804A, 0x1139, 0x80A8, 0x1172, 0x802E, 
	0x1174, 0x7FF7, 0x1238, 0x8054, 0x11AB, 0x804A, 0x11B0, 0x80A8, 0x10D1, 0x804A, 0x11E6, 0x8038, 0x119D, 0x805D, 0x1122, 0x808C, 
	0x1132, 0x804A, 0x10D2, 0x80A8, 0x119D, 0x7FE4, 0x10D3, 0x8082, 0x11F1, 0x80A8, 0x11AA, 0x8082, 0x11E2, 0x804A, 0x11CD, 0x8013, 
	0x1173, 0x809E, 0x1257, 0x804A, 0x121B, 0x8025, 0x1159, 0x804A, 0x11E8, 0x805D, 0x114A, 0x8095, 0x118C, 0x8082, 0x1149, 0x80E9, 
	0x1157, 0x8066, 0x123E, 0x8095, 0x11F1, 0x809E, 0x11C3, 0x8079, 0x114B, 0x8038, 0x11A4, 0x8038, 0x11A5, 0x8054, 0x119F, 0x8082, 
	0x1296, 0x808C, 0x12A3, 0x80A8, 0x119B, 0x801C, 0x10FF, 0x805D, 0x1200, 0x80A8, 0x127E, 0x8079, 0x1176, 0x809E, 0x132E, 0x8009, 
	0x1260, 0x80CD, 0x11BB, 0x80D6, 0x117A, 0x808C, 0x122C, 0x80F3, 0x12C4, 0x8079, 0x120D, 0x8070, 0x12BE, 0x80F3, 0x12D4, 0x809E, 
	0x1217, 0x80C4, 0x1264, 0x80CD, 0x11FD, 0x8079, 0x12E6, 0x80BA, 0x1242, 0x80CD, 0x118D, 0x8066, 0x1336, 0x80D6, 0x1236, 0x8066, 
	0x12B1, 0x802E, 0x121C, 0x80BA, 0x1118, 0x80C4, 0x1320, 0x809E, 0x1236, 0x8105, 0x1212, 0x8070, 0x124B, 0x80CD, 0x10E0, 0x80B1, 
	0x1125, 0x805D, 0x1232, 0x8054, 0x11B1, 0x8095, 0x1220, 0x810F, 0x11A8, 0x810F, 0x11E5, 0x80B1, 0x1163, 0x80FC, 0x12B8, 0x80D6, 
	0x10C3, 0x8135, 0x1140, 0x80F3, 0x12B2, 0x8070, 0x121E, 0x810F, 0x1159, 0x8164, 0x11A5, 0x80E0, 0x1118, 0x8135, 0x1149, 0x80A8, 
	0x1180, 0x8147, 0x10C2, 0x810F, 0x10A4, 0x8177, 0x1132, 0x81A6, 0x10D9, 0x8135, 0x0FF6, 0x8164, 0x120C, 0x8180, 0x110C, 0x8135, 
	0x10CE, 0x8164, 0x1149, 0x816D, 0x1062, 0x81C3, 0x1156, 0x8193, 0x115B, 0x8177, 0x10E6, 0x8222, 0x10DA, 0x8177, 0x1072, 0x81A6, 
	0x113B, 0x81D6, 0x1081, 0x81C3, 0x0FE0, 0x81F2, 0x1155, 0x81A6, 0x10B8, 0x820F, 0x1007, 0x81F2, 0x1001, 0x81B9, 0x1114, 0x822C, 
	0x11CD, 0x8313, 0x1278, 0x8357, 0x1244, 0x82E3, 0x1246, 0x82BC, 0x119D, 0x82C6, 0x1163, 0x82BC, 0x1210, 0x823F, 0x111B, 0x82B2, 
	0x10C4, 0x823F, 0x11B6, 0x826F, 0x119C, 0x8295, 0x11E5, 0x8248, 0x1138, 0x81F2, 0x118C, 0x81FC, 0x1245, 0x818A, 0x1111, 0x8252, 
	0x1235, 0x81CC, 0x122D, 0x8151, 0x10E9, 0x81C3, 0x1185, 0x8248, 0x1111, 0x81B0, 0x10DD, 0x81E9, 0x113B, 0x8177, 0x124E, 0x819D, 
	0x10DB, 0x8193, 0x1209, 0x81B0, 0x11C7, 0x81A6, 0x1201, 0x8193, 0x10FC, 0x813E, 0x1194, 0x8177, 0x11AC, 0x810F, 0x1083, 0x8164, 
	0x11ED, 0x816D, 0x11B5, 0x8147, 0x108F, 0x8164, 0x1063, 0x8135, 0x11F4, 0x8151, 0x11B4, 0x816D, 0x116E, 0x815A, 0x10CE, 0x812B, 
	0x10F1, 0x80C4, 0x1169, 0x8118, 0x10BF, 0x8105, 0x10D9, 0x8118, 0x1163, 0x810F, 0x10C5, 0x816D, 0x10D9, 0x810F, 0x114E, 0x80FC, 
	0x0FF9, 0x8105, 0x10CA, 0x8105, 0x1163, 0x8095, 0x11FA, 0x80BA, 0x1147, 0x8105, 0x115E, 0x8122, 0x114E, 0x80F3, 0x11E7, 0x80A8, 
	0x1116, 0x809E, 0x10FD, 0x80E9, 0x1133, 0x8079, 0x108A, 0x8054, 0x10DB, 0x808C, 0x1198, 0x808C, 0x10DA, 0x80A8, 0x1185, 0x8070, 
	0x1117, 0x80A8, 0x11F9, 0x8009, 0x11E0, 0x7FE4, 0x1132, 0x8135, 0x110D, 0x8038, 0x1111, 0x80E0, 0x10B2, 0x8095, 0x10FE, 0x805D, 
	0x1117, 0x80B1, 0x116F, 0x8070, 0x10D7, 0x80B1, 0x11CE, 0x809E, 0x1117, 0x8082, 0x1168, 0x8095, 0x117F, 0x8041, 0x0FCE, 0x8054, 
	0x1097, 0x8013, 0x1186, 0x8095, 0x1103, 0x80BA, 0x10C5, 0x8066, 0x1029, 0x8079, 0x10F1, 0x8079, 0x1022, 0x804A, 0x1024, 0x8054, 
	0x0FF6, 0x8009, 0x109C, 0x8041, 0x1098, 0x8013, 0x105E, 0x8066, 0x114E, 0x8070, 0x104D, 0x802E, 0x1080, 0x7FED, 0x1092, 0x804A, 
	0x0F9B, 0x8025, 0x1039, 0x8070, 0x1099, 0x8082, 0x10A8, 0x801C, 0x10CB, 0x7FD2, 0x10EE, 0x804A, 0x1033, 0x7FC9, 0x0F79, 0x801C, 
	0x10DF, 0x8066, 0x10FC, 0x8038, 0x1081, 0x8038, 0x10CC, 0x8095, 0x1169, 0x7F91, 0x1118, 0x8038, 0x11EB, 0x8013, 0x1190, 0x8025, 
	0x1124, 0x7FD2, 0x10F3, 0x802E, 0x1086, 0x7FB6, 0x120F, 0x802E, 0x10F2, 0x8038, 0x1198, 0x8054, 0x10D2, 0x8070, 0x11B9, 0x8038, 
	0x10F0, 0x7FF7, 0x1190, 0x8041, 0x11C6, 0x8054, 0x117E, 0x7F6C, 0x119D, 0x8000, 0x1066, 0x7FF7, 0x11B0, 0x8009, 0x11A7, 0x8054, 
	0x114E, 0x7FF7, 0x109E, 0x7FDB, 0x1065, 0x7FF7, 0x116D, 0x805D, 0x111D, 0x8038, 0x11DE, 0x7FE4, 0x1064, 0x8000, 0x113B, 0x8041, 
	0x1206, 0x7FD2, 0x1143, 0x8041, 0x111B, 0x8025, 0x1158, 0x8095, 0x10E7, 0x7FDB, 0x116C, 0x8082, 0x1195, 0x8025, 0x1185, 0x801C, 
	0x1190, 0x7FF7, 0x10A9, 0x8038, 0x10FE, 0x8066, 0x1148, 0x7FF7, 0x11E5, 0x8025, 0x1138, 0x805D, 0x1113, 0x8054, 0x1141, 0x7FE4, 
	0x1090, 0x8054, 0x10E2, 0x80B1, 0x11E9, 0x8079, 0x11AF, 0x804A, 0x1171, 0x8038, 0x1137, 0x805D, 0x10BE, 0x808C, 0x1195, 0x8013, 
	0x10F3, 0x805D, 0x1121, 0x8070, 0x10E7, 0x804A, 0x10DD, 0x8079, 0x10D8, 0x8025, 0x106F, 0x8095, 0x1137, 0x8054, 0x118F, 0x8095, 
	0x11A6, 0x8070, 0x1189, 0x8038, 0x1092, 0x80F3, 0x11CE, 0x805D, 0x120B, 0x802E, 0x1117, 0x804A, 0x11C4, 0x80A8, 0x1102, 0x808C, 
	0x108C, 0x8066, 0x1189, 0x8070, 0x11AA, 0x80A8, 0x123E, 0x8082, 0x1145, 0x80B1, 0x119F, 0x8082, 0x110F, 0x8082, 0x1119, 0x8025, 
	0x1129, 0x8066, 0x1186, 0x80FC, 0x1245, 0x8009, 0x11F0, 0x8105, 0x11C1, 0x8066, 0x1077, 0x80A8, 0x11D8, 0x80E9, 0x11BA, 0x8095, 
	0x1088, 0x80BA, 0x1349, 0x802E, 0x11FA, 0x80D6, 0x117B, 0x80BA, 0x1135, 0x8079, 0x114F, 0x8070, 0x11C8, 0x8082, 0x1189, 0x801C, 
	0x11EA, 0x802E, 0x1282, 0x8082, 0x11D4, 0x8095, 0x11ED, 0x8164, 0x1229, 0x80BA, 0x1222, 0x80CD, 0x128C, 0x8079, 0x114A, 0x80B1, 
	0x12CD, 0x808C, 0x11DD, 0x8000, 0x1216, 0x808C, 0x11D1, 0x80A8, 0x10F7, 0x8079, 0x1238, 0x808C, 0x1215, 0x80CD, 0x115F, 0x808C, 
	0x1199, 0x8122, 0x10C1, 0x8066, 0x10F4, 0x80B1, 0x127D, 0x8122, 0x1134, 0x80E9, 0x11E7, 0x80D6, 0x11A8, 0x8135, 0x11A1, 0x8066, 
	0x1157, 0x818A, 0x1227, 0x8147, 0x0FCD, 0x8105, 0x1108, 0x80E9, 0x1273, 0x8070, 0x1126, 0x80E9, 0x1188, 0x8177, 0x1135, 0x812B, 
	0x1149, 0x816D, 0x10D1, 0x80CD, 0x10F4, 0x8177, 0x10D4, 0x816D, 0x10C6, 0x815A, 0x113B, 0x8105, 0x1027, 0x8135, 0x0EF9, 0x8118, 
	0x11B3, 0x81C3, 0x10AC, 0x813E, 0x10F9, 0x816D, 0x10AF, 0x8147, 0x1027, 0x81C3, 0x114D, 0x81CC, 0x10F7, 0x81B0, 0x1108, 0x8193, 
	0x108E, 0x816D, 0x1061, 0x81D6, 0x1110, 0x8222, 0x0FF7, 0x81C3, 0x0F6D, 0x81B9, 0x10AE, 0x8219, 0x0FF5, 0x81B0, 0x0FD2, 0x8205, 
	0x0F6A, 0x823F, 0x10EE, 0x8205, 0x0F97, 0x822C, 0x0F94, 0x81A6, 0x0F58, 0x8282, 0x0F78, 0x825C, 0x0FB5, 0x8282, 0x0FF8, 0x829F, 
	0x0FC4, 0x8279, 0x0FA6, 0x8295, 0x0F10, 0x8265, 0x104E, 0x82A9, 0x1014, 0x826F, 0x0FEF, 0x81E9, 0x0FFC, 0x82C6, 0x0F71, 0x82B2, 
	0x0F69, 0x8282, 0x0F2E, 0x825C, 0x1024, 0x82B2, 0x103E, 0x82BC, 0x0FBA, 0x82BC, 0x0FF4, 0x8282, 0x1017, 0x829F, 0x0FB9, 0x82EC, 
	0x0F6C, 0x82C6, 0x0F25, 0x82CF, 0x0FC4, 0x826F, 0x0FD7, 0x828C, 0x0F0B, 0x8279, 0x0FB0, 0x82C6, 0x0ED4, 0x8327, 0x0EE0, 0x82E3, 
	0x0EFA, 0x8327, 0x0F50, 0x82BC, 0x0FDA, 0x82C6, 0x0FB4, 0x82C6, 0x0FCB, 0x82EC, 0x0FB5, 0x82C6, 0x0FA3, 0x82CF, 0x0F6D, 0x8248, 
	0x0EFC, 0x833A, 0x1057, 0x8252, 0x0FE3, 0x8300, 0x103F, 0x8313, 0x0F9B, 0x8327, 0x0EFB, 0x8309, 0x10A8, 0x831D, 0x109F, 0x837E, 
	0x10D0, 0x8309, 0x0F62, 0x82C6, 0x1077, 0x829F, 0x0FD9, 0x834E, 0x0FBB, 0x82F6, 0x10A3, 0x82CF, 0x102D, 0x8313, 0x0FD4, 0x828C, 
	0x1174, 0x8309, 0x0FF8, 0x82BC, 0x10C9, 0x8309, 0x1046, 0x8309, 0x1017, 0x82C6, 0x1082, 0x8300, 0x103A, 0x83B9, 0x1129, 0x82EC, 
	0x104A, 0x8344, 0x1053, 0x82E3, 0x10CC, 0x831D, 0x1099, 0x8392, 0x1012, 0x8309, 0x104B, 0x8309, 0x1031, 0x82EC, 0x10BF, 0x8375, 
	0x102B, 0x8309, 0x1147, 0x82EC, 0x0F60, 0x834E, 0x0FF7, 0x8309, 0x1194, 0x8309, 0x1050, 0x83C3, 0x1186, 0x839C, 0x112B, 0x8327, 
	0x1169, 0x8357, 0x1070, 0x831D, 0x1045, 0x8392, 0x110F, 0x837E, 0x1065, 0x833A, 0x113B, 0x836B, 0x1188, 0x83A6, 0x113C, 0x8330, 
	0x11E7, 0x8392, 0x1197, 0x8392, 0x1134, 0x8357, 0x11AB, 0x839C, 0x110C, 0x839C, 0x110D, 0x8361, 0x1208, 0x8330, 0x119E, 0x8344, 
	0x1159, 0x837E, 0x1198, 0x8392, 0x1166, 0x8361, 0x117E, 0x83CD, 0x11B3, 0x831D, 0x1255, 0x83AF, 0x1242, 0x839C, 0x11D1, 0x8357, 
	0x1181, 0x839C, 0x1239, 0x8313, 0x122C, 0x83A6, 0x1271, 0x8344, 0x119B, 0x83D7, 0x122E, 0x83B9, 0x117D, 0x839C, 0x1200, 0x83FE, 
	0x1252, 0x8443, 0x124B, 0x84B0, 0x120C, 0x8475, 0x129E, 0x8412, 0x136F, 0x8408, 0x12F6, 0x8408, 0x1280, 0x83F4, 0x131E, 0x84BA, 
	0x1341, 0x842F, 0x133B, 0x8488, 0x1388, 0x84C4, 0x1379, 0x8532, 0x1408, 0x8597, 0x13A5, 0x86FB, 0x11CD, 0x8313, 0x1278, 0x8357, 
	0x1244, 0x82E3, 0x1246, 0x82BC, 0x119D, 0x82C6, 0x1163, 0x82BC, 0x1210, 0x823F, 0x111B, 0x82B2, 0x10C4, 0x823F, 0x11B6, 0x826F, 
	0x119C, 0x8295, 0x11E5, 0x8248, 0x1138, 0x81F2, 0x118C, 0x81FC, 0x1245, 0x818A, 0x1111, 0x8252, 0x1235, 0x81CC, 0x122D, 0x8151, 
	0x10E9, 0x81C3, 0x1185, 0x8248, 0x1111, 0x81B0, 0x10DD, 0x81E9, 0x113B, 0x8177, 0x124E, 0x819D, 0x10DB, 0x8193, 0x1209, 0x81B0, 
	0x11C7, 0x81A6, 0x1201, 0x8193, 0x10FC, 0x813E, 0x1194, 0x8177, 0x11AC, 0x810F, 0x1083, 0x8164, 0x11ED, 0x816D, 0x11B5, 0x8147, 
	0x108F, 0x8164, 0x1063, 0x8135, 0x11F4, 0x8151, 0x11B4, 0x816D, 0x116E, 0x815A, 0x10CE, 0x812B, 0x10F1, 0x80C4, 0x1169, 0x8118, 
	0x10BF, 0x8105, 0x10D9, 0x8118, 0x1163, 0x810F, 0x10C5, 0x816D, 0x10D9, 0x810F, 0x114E, 0x80FC, 0x0FF9, 0x8105, 0x10CA, 0x8105, 
	0x1163, 0x8095, 0x11FA, 0x80BA, 0x1147, 0x8105, 0x115E, 0x8122, 0x114E, 0x80F3, 0x11E7, 0x80A8, 0x1116, 0x809E, 0x10FD, 0x80E9, 
	0x1133, 0x8079, 0x108A, 0x8054, 0x10DB, 0x808C, 0x1198, 0x808C, 0x10DA, 0x80A8, 0x1185, 0x8070, 0x1117, 0x80A8, 0x11F9, 0x8009, 
	0x11E0, 0x7FE4, 0x1132, 0x8135, 0x110D, 0x8038, 0x1111, 0x80E0, 0x10B2, 0x8095, 0x10FE, 0x805D, 0x1117, 0x80B1, 0x116F, 0x8070, 
	0x10D7, 0x80B1, 0x11CE, 0x809E, 0x1117, 0x8082, 0x1168, 0x8095, 0x117F, 0x8041, 0x0FCE, 0x8054, 0x1097, 0x8013, 0x1186, 0x8095, 
	0x1103, 0x80BA, 0x10C5, 0x8066, 0x1029, 0x8079, 0x10F1, 0x8079, 0x1022, 0x804A, 0x1024, 0x8054, 0x0FF6, 0x8009, 0x109C, 0x8041, 
	0x1098, 0x8013, 0x105E, 0x8066, 0x114E, 0x8070, 0x104D, 0x802E, 0x1080, 0x7FED, 0x1092, 0x804A, 0x0F9B, 0x8025, 0x1039, 0x8070, 
	0x1099, 0x8082, 0x10A8, 0x801C, 0x10CB, 0x7FD2, 0x10EE, 0x804A, 0x1033, 0x7FC9, 0x0F79, 0x801C, 0x10DF, 0x8066, 0x10FC, 0x8038, 
	0x1081, 0x8038, 0x10CC, 0x8095, 0x1169, 0x7F91, 0x1118, 0x8038, 0x11EB, 0x8013, 0x1190, 0x8025, 0x1124, 0x7FD2, 0x10F3, 0x802E, 
	0x1086, 0x7FB6, 0x120F, 0x802E, 0x10F2, 0x8038, 0x1198, 0x8054, 0x10D2, 0x8070, 0x11B9, 0x8038, 0x10F0, 0x7FF7, 0x1190, 0x8041, 
	0x11C6, 0x8054, 0x117E, 0x7F6C, 0x119D, 0x8000, 0x1066, 0x7FF7, 0x11B0, 0x8009, 0x11A7, 0x8054, 0x114E, 0x7FF7, 0x109E, 0x7FDB, 
	0x1065, 0x7FF7, 0x116D, 0x805D, 0x111D, 0x8038, 0x11DE, 0x7FE4, 0x1064, 0x8000, 0x113B, 0x8041, 0x1206, 0x7FD2, 0x1143, 0x8041, 
	0x111B, 0x8025, 0x1158, 0x8095, 0x10E7, 0x7FDB, 0x116C, 0x8082, 0x1195, 0x8025, 0x1185, 0x801C, 0x1190, 0x7FF7, 0x10A9, 0x8038, 
	0x10FE, 0x8066, 0x1148, 0x7FF7, 0x11E5, 0x8025, 0x1138, 0x805D, 0x1113, 0x8054, 0x1141, 0x7FE4, 0x1090, 0x8054, 0x10E2, 0x80B1, 
	0x11E9, 0x8079, 0x11AF, 0x804A, 0x1171, 0x8038, 0x1137, 0x805D, 0x10BE, 0x808C, 0x1195, 0x8013, 0x10F3, 0x805D, 0x1121, 0x8070, 
	0x10E7, 0x804A, 0x10DD, 0x8079, 0x10D8, 0x8025, 0x106F, 0x8095, 0x1137, 0x8054, 0x118F, 0x8095, 0x11A6, 0x8070, 0x1189, 0x8038, 
	0x1092, 0x80F3, 0x11CE, 0x805D, 0x120B, 0x802E, 0x1117, 0x804A, 0x11C4, 0x80A8, 0x1102, 0x808C, 0x108C, 0x8066, 0x1189, 0x8070, 
	0x11AA, 0x80A8, 0x123E, 0x8082, 0x1145, 0x80B1, 0x119F, 0x8082, 0x110F, 0x8082, 0x1119, 0x8025, 0x1129, 0x8066, 0x1186, 0x80FC, 
	0x1245, 0x8009, 0x11F0, 0x8105, 0x11C1, 0x8066, 0x1077, 0x80A8, 0x11D8, 0x80E9, 0x11BA, 0x8095, 0x1088, 0x80BA, 0x1349, 0x802E, 
	0x11FA, 0x80D6, 0x117B, 0x80BA, 0x1135, 0x8079, 0x114F, 0x8070, 0x11C8, 0x8082, 0x1189, 0x801C, 0x11EA, 0x802E, 0x1282, 0x8082, 
	0x11D4, 0x8095, 0x11ED, 0x8164, 0x1229, 0x80BA, 0x1222, 0x80CD, 0x128C, 0x8079, 0x114A, 0x80B1, 0x12CD, 0x808C, 0x11DD, 0x8000, 
	0x1216, 0x808C, 0x11D1, 0x80A8, 0x10F7, 0x8079, 0x1238, 0x808C, 0x1215, 0x80CD, 0x115F, 0x808C, 0x1199, 0x8122, 0x10C1, 0x8066, 
	0x10F4, 0x80B1, 0x127D, 0x8122, 0x1134, 0x80E9, 0x11E7, 0x80D6, 0x11A8, 0x8135, 0x11A1, 0x8066, 0x1157, 0x818A, 0x1227, 0x8147, 
	0x0FCD, 0x8105, 0x1108, 0x80E9, 0x1273, 0x8070, 0x1126, 0x80E9, 0x1188, 0x8177, 0x1135, 0x812B, 0x1149, 0x816D, 0x10D1, 0x80CD, 
	0x10F4, 0x8177, 0x10D4, 0x816D, 0x10C6, 0x815A, 0x113B, 0x8105, 0x1027, 0x8135, 0x0EF9, 0x8118, 0x11B3, 0x81C3, 0x10AC, 0x813E, 
	0x10F9, 0x816D, 0x10AF, 0x8147, 0x1027, 0x81C3, 0x114D, 0x81CC, 0x10F7, 0x81B0, 0x1108, 0x8193, 0x108E, 0x816D, 0x1061, 0x81D6, 
	0x1110, 0x8222, 0x0FF7, 0x81C3, 0x0F6D, 0x81B9, 0x10AE, 0x8219, 0x0FF5, 0x81B0, 0x0FD2, 0x8205, 0x0F6A, 0x823F, 0x10EE, 0x8205, 
	};
