//__attribute__((section(".xdata"))) uint16_t planck[0x10000] ={
const uint16_t planck[0x10000] ={
	0x0226, 0x0226, 0x0227, 0x0228, 0x0228, 0x0229, 0x022A, 0x022A, 0x022B, 0x022B, 0x022C, 0x022D, 0x022D, 0x022E, 0x022F, 0x022F, 
	0x0230, 0x0231, 0x0231, 0x0232, 0x0232, 0x0233, 0x0234, 0x0234, 0x0235, 0x0236, 0x0236, 0x0237, 0x0237, 0x0238, 0x0239, 0x0239, 
	0x023A, 0x023B, 0x023B, 0x023C, 0x023D, 0x023D, 0x023E, 0x023E, 0x023F, 0x0240, 0x0240, 0x0241, 0x0241, 0x0242, 0x0243, 0x0243, 
	0x0244, 0x0245, 0x0245, 0x0246, 0x0246, 0x0247, 0x0248, 0x0248, 0x0249, 0x0249, 0x024A, 0x024B, 0x024B, 0x024C, 0x024D, 0x024D, 
	0x024E, 0x024E, 0x024F, 0x0250, 0x0250, 0x0251, 0x0251, 0x0252, 0x0253, 0x0253, 0x0254, 0x0254, 0x0255, 0x0256, 0x0256, 0x0257, 
	0x0257, 0x0258, 0x0259, 0x0259, 0x025A, 0x025A, 0x025B, 0x025C, 0x025C, 0x025D, 0x025D, 0x025E, 0x025F, 0x025F, 0x0260, 0x0260, 
	0x0261, 0x0261, 0x0262, 0x0263, 0x0263, 0x0264, 0x0264, 0x0265, 0x0266, 0x0266, 0x0267, 0x0267, 0x0268, 0x0269, 0x0269, 0x026A, 
	0x026A, 0x026B, 0x026B, 0x026C, 0x026D, 0x026D, 0x026E, 0x026E, 0x026F, 0x026F, 0x0270, 0x0271, 0x0271, 0x0272, 0x0272, 0x0273, 
	0x0274, 0x0274, 0x0275, 0x0275, 0x0276, 0x0276, 0x0277, 0x0278, 0x0278, 0x0279, 0x0279, 0x027A, 0x027A, 0x027B, 0x027C, 0x027C, 
	0x027D, 0x027D, 0x027E, 0x027E, 0x027F, 0x027F, 0x0280, 0x0281, 0x0281, 0x0282, 0x0282, 0x0283, 0x0283, 0x0284, 0x0285, 0x0285, 
	0x0286, 0x0286, 0x0287, 0x0287, 0x0288, 0x0288, 0x0289, 0x028A, 0x028A, 0x028B, 0x028B, 0x028C, 0x028C, 0x028D, 0x028D, 0x028E, 
	0x028F, 0x028F, 0x0290, 0x0290, 0x0291, 0x0291, 0x0292, 0x0292, 0x0293, 0x0293, 0x0294, 0x0295, 0x0295, 0x0296, 0x0296, 0x0297, 
	0x0297, 0x0298, 0x0298, 0x0299, 0x0299, 0x029A, 0x029B, 0x029B, 0x029C, 0x029C, 0x029D, 0x029D, 0x029E, 0x029E, 0x029F, 0x029F, 
	0x02A0, 0x02A0, 0x02A1, 0x02A2, 0x02A2, 0x02A3, 0x02A3, 0x02A4, 0x02A4, 0x02A5, 0x02A5, 0x02A6, 0x02A6, 0x02A7, 0x02A7, 0x02A8, 
	0x02A9, 0x02A9, 0x02AA, 0x02AA, 0x02AB, 0x02AB, 0x02AC, 0x02AC, 0x02AD, 0x02AD, 0x02AE, 0x02AE, 0x02AF, 0x02AF, 0x02B0, 0x02B0, 
	0x02B1, 0x02B1, 0x02B2, 0x02B3, 0x02B3, 0x02B4, 0x02B4, 0x02B5, 0x02B5, 0x02B6, 0x02B6, 0x02B7, 0x02B7, 0x02B8, 0x02B8, 0x02B9, 
	0x02B9, 0x02BA, 0x02BA, 0x02BB, 0x02BB, 0x02BC, 0x02BC, 0x02BD, 0x02BD, 0x02BE, 0x02BF, 0x02BF, 0x02C0, 0x02C0, 0x02C1, 0x02C1, 
	0x02C2, 0x02C2, 0x02C3, 0x02C3, 0x02C4, 0x02C4, 0x02C5, 0x02C5, 0x02C6, 0x02C6, 0x02C7, 0x02C7, 0x02C8, 0x02C8, 0x02C9, 0x02C9, 
	0x02CA, 0x02CA, 0x02CB, 0x02CB, 0x02CC, 0x02CC, 0x02CD, 0x02CD, 0x02CE, 0x02CE, 0x02CF, 0x02CF, 0x02D0, 0x02D0, 0x02D1, 0x02D1, 
	0x02D2, 0x02D2, 0x02D3, 0x02D3, 0x02D4, 0x02D4, 0x02D5, 0x02D5, 0x02D6, 0x02D6, 0x02D7, 0x02D7, 0x02D8, 0x02D8, 0x02D9, 0x02D9, 
	0x02DA, 0x02DA, 0x02DB, 0x02DB, 0x02DC, 0x02DC, 0x02DD, 0x02DD, 0x02DE, 0x02DE, 0x02DF, 0x02DF, 0x02E0, 0x02E0, 0x02E1, 0x02E1, 
	0x02E2, 0x02E2, 0x02E3, 0x02E3, 0x02E4, 0x02E4, 0x02E5, 0x02E5, 0x02E6, 0x02E6, 0x02E7, 0x02E7, 0x02E8, 0x02E8, 0x02E9, 0x02E9, 
	0x02EA, 0x02EA, 0x02EB, 0x02EB, 0x02EC, 0x02EC, 0x02EC, 0x02ED, 0x02ED, 0x02EE, 0x02EE, 0x02EF, 0x02EF, 0x02F0, 0x02F0, 0x02F1, 
	0x02F1, 0x02F2, 0x02F2, 0x02F3, 0x02F3, 0x02F4, 0x02F4, 0x02F5, 0x02F5, 0x02F6, 0x02F6, 0x02F7, 0x02F7, 0x02F8, 0x02F8, 0x02F9, 
	0x02F9, 0x02F9, 0x02FA, 0x02FA, 0x02FB, 0x02FB, 0x02FC, 0x02FC, 0x02FD, 0x02FD, 0x02FE, 0x02FE, 0x02FF, 0x02FF, 0x0300, 0x0300, 
	0x0301, 0x0301, 0x0302, 0x0302, 0x0302, 0x0303, 0x0303, 0x0304, 0x0304, 0x0305, 0x0305, 0x0306, 0x0306, 0x0307, 0x0307, 0x0308, 
	0x0308, 0x0309, 0x0309, 0x030A, 0x030A, 0x030A, 0x030B, 0x030B, 0x030C, 0x030C, 0x030D, 0x030D, 0x030E, 0x030E, 0x030F, 0x030F, 
	0x0310, 0x0310, 0x0310, 0x0311, 0x0311, 0x0312, 0x0312, 0x0313, 0x0313, 0x0314, 0x0314, 0x0315, 0x0315, 0x0316, 0x0316, 0x0316, 
	0x0317, 0x0317, 0x0318, 0x0318, 0x0319, 0x0319, 0x031A, 0x031A, 0x031B, 0x031B, 0x031C, 0x031C, 0x031C, 0x031D, 0x031D, 0x031E, 
	0x031E, 0x031F, 0x031F, 0x0320, 0x0320, 0x0321, 0x0321, 0x0321, 0x0322, 0x0322, 0x0323, 0x0323, 0x0324, 0x0324, 0x0325, 0x0325, 
	0x0326, 0x0326, 0x0326, 0x0327, 0x0327, 0x0328, 0x0328, 0x0329, 0x0329, 0x032A, 0x032A, 0x032A, 0x032B, 0x032B, 0x032C, 0x032C, 
	0x032D, 0x032D, 0x032E, 0x032E, 0x032E, 0x032F, 0x032F, 0x0330, 0x0330, 0x0331, 0x0331, 0x0332, 0x0332, 0x0332, 0x0333, 0x0333, 
	0x0334, 0x0334, 0x0335, 0x0335, 0x0336, 0x0336, 0x0336, 0x0337, 0x0337, 0x0338, 0x0338, 0x0339, 0x0339, 0x033A, 0x033A, 0x033A, 
	0x033B, 0x033B, 0x033C, 0x033C, 0x033D, 0x033D, 0x033E, 0x033E, 0x033E, 0x033F, 0x033F, 0x0340, 0x0340, 0x0341, 0x0341, 0x0341, 
	0x0342, 0x0342, 0x0343, 0x0343, 0x0344, 0x0344, 0x0344, 0x0345, 0x0345, 0x0346, 0x0346, 0x0347, 0x0347, 0x0348, 0x0348, 0x0348, 
	0x0349, 0x0349, 0x034A, 0x034A, 0x034B, 0x034B, 0x034B, 0x034C, 0x034C, 0x034D, 0x034D, 0x034E, 0x034E, 0x034E, 0x034F, 0x034F, 
	0x0350, 0x0350, 0x0351, 0x0351, 0x0351, 0x0352, 0x0352, 0x0353, 0x0353, 0x0354, 0x0354, 0x0354, 0x0355, 0x0355, 0x0356, 0x0356, 
	0x0357, 0x0357, 0x0357, 0x0358, 0x0358, 0x0359, 0x0359, 0x035A, 0x035A, 0x035A, 0x035B, 0x035B, 0x035C, 0x035C, 0x035C, 0x035D, 
	0x035D, 0x035E, 0x035E, 0x035F, 0x035F, 0x035F, 0x0360, 0x0360, 0x0361, 0x0361, 0x0362, 0x0362, 0x0362, 0x0363, 0x0363, 0x0364, 
	0x0364, 0x0364, 0x0365, 0x0365, 0x0366, 0x0366, 0x0367, 0x0367, 0x0367, 0x0368, 0x0368, 0x0369, 0x0369, 0x0369, 0x036A, 0x036A, 
	0x036B, 0x036B, 0x036C, 0x036C, 0x036C, 0x036D, 0x036D, 0x036E, 0x036E, 0x036E, 0x036F, 0x036F, 0x0370, 0x0370, 0x0370, 0x0371, 
	0x0371, 0x0372, 0x0372, 0x0373, 0x0373, 0x0373, 0x0374, 0x0374, 0x0375, 0x0375, 0x0375, 0x0376, 0x0376, 0x0377, 0x0377, 0x0377, 
	0x0378, 0x0378, 0x0379, 0x0379, 0x037A, 0x037A, 0x037A, 0x037B, 0x037B, 0x037C, 0x037C, 0x037C, 0x037D, 0x037D, 0x037E, 0x037E, 
	0x037E, 0x037F, 0x037F, 0x0380, 0x0380, 0x0380, 0x0381, 0x0381, 0x0382, 0x0382, 0x0382, 0x0383, 0x0383, 0x0384, 0x0384, 0x0384, 
	0x0385, 0x0385, 0x0386, 0x0386, 0x0386, 0x0387, 0x0387, 0x0388, 0x0388, 0x0389, 0x0389, 0x0389, 0x038A, 0x038A, 0x038B, 0x038B, 
	0x038B, 0x038C, 0x038C, 0x038D, 0x038D, 0x038D, 0x038E, 0x038E, 0x038F, 0x038F, 0x038F, 0x0390, 0x0390, 0x0391, 0x0391, 0x0391, 
	0x0392, 0x0392, 0x0392, 0x0393, 0x0393, 0x0394, 0x0394, 0x0394, 0x0395, 0x0395, 0x0396, 0x0396, 0x0396, 0x0397, 0x0397, 0x0398, 
	0x0398, 0x0398, 0x0399, 0x0399, 0x039A, 0x039A, 0x039A, 0x039B, 0x039B, 0x039C, 0x039C, 0x039C, 0x039D, 0x039D, 0x039E, 0x039E, 
	0x039E, 0x039F, 0x039F, 0x039F, 0x03A0, 0x03A0, 0x03A1, 0x03A1, 0x03A1, 0x03A2, 0x03A2, 0x03A3, 0x03A3, 0x03A3, 0x03A4, 0x03A4, 
	0x03A5, 0x03A5, 0x03A5, 0x03A6, 0x03A6, 0x03A7, 0x03A7, 0x03A7, 0x03A8, 0x03A8, 0x03A8, 0x03A9, 0x03A9, 0x03AA, 0x03AA, 0x03AA, 
	0x03AB, 0x03AB, 0x03AC, 0x03AC, 0x03AC, 0x03AD, 0x03AD, 0x03AD, 0x03AE, 0x03AE, 0x03AF, 0x03AF, 0x03AF, 0x03B0, 0x03B0, 0x03B1, 
	0x03B1, 0x03B1, 0x03B2, 0x03B2, 0x03B2, 0x03B3, 0x03B3, 0x03B4, 0x03B4, 0x03B4, 0x03B5, 0x03B5, 0x03B6, 0x03B6, 0x03B6, 0x03B7, 
	0x03B7, 0x03B7, 0x03B8, 0x03B8, 0x03B9, 0x03B9, 0x03B9, 0x03BA, 0x03BA, 0x03BA, 0x03BB, 0x03BB, 0x03BC, 0x03BC, 0x03BC, 0x03BD, 
	0x03BD, 0x03BE, 0x03BE, 0x03BE, 0x03BF, 0x03BF, 0x03BF, 0x03C0, 0x03C0, 0x03C1, 0x03C1, 0x03C1, 0x03C2, 0x03C2, 0x03C2, 0x03C3, 
	0x03C3, 0x03C4, 0x03C4, 0x03C4, 0x03C5, 0x03C5, 0x03C5, 0x03C6, 0x03C6, 0x03C7, 0x03C7, 0x03C7, 0x03C8, 0x03C8, 0x03C8, 0x03C9, 
	0x03C9, 0x03CA, 0x03CA, 0x03CA, 0x03CB, 0x03CB, 0x03CB, 0x03CC, 0x03CC, 0x03CD, 0x03CD, 0x03CD, 0x03CE, 0x03CE, 0x03CE, 0x03CF, 
	0x03CF, 0x03D0, 0x03D0, 0x03D0, 0x03D1, 0x03D1, 0x03D1, 0x03D2, 0x03D2, 0x03D3, 0x03D3, 0x03D3, 0x03D4, 0x03D4, 0x03D4, 0x03D5, 
	0x03D5, 0x03D5, 0x03D6, 0x03D6, 0x03D7, 0x03D7, 0x03D7, 0x03D8, 0x03D8, 0x03D8, 0x03D9, 0x03D9, 0x03DA, 0x03DA, 0x03DA, 0x03DB, 
	0x03DB, 0x03DB, 0x03DC, 0x03DC, 0x03DC, 0x03DD, 0x03DD, 0x03DE, 0x03DE, 0x03DE, 0x03DF, 0x03DF, 0x03DF, 0x03E0, 0x03E0, 0x03E0, 
	0x03E1, 0x03E1, 0x03E2, 0x03E2, 0x03E2, 0x03E3, 0x03E3, 0x03E3, 0x03E4, 0x03E4, 0x03E5, 0x03E5, 0x03E5, 0x03E6, 0x03E6, 0x03E6, 
	0x03E7, 0x03E7, 0x03E7, 0x03E7, 0x03E8, 0x03E8, 0x03E9, 0x03E9, 0x03EA, 0x03EA, 0x03EA, 0x03EB, 0x03EB, 0x03EB, 0x03EC, 0x03EC, 
	0x03EC, 0x03ED, 0x03ED, 0x03EE, 0x03EE, 0x03EE, 0x03EF, 0x03EF, 0x03EF, 0x03F0, 0x03F0, 0x03F0, 0x03F1, 0x03F1, 0x03F2, 0x03F2, 
	0x03F2, 0x03F3, 0x03F3, 0x03F3, 0x03F4, 0x03F4, 0x03F4, 0x03F5, 0x03F5, 0x03F5, 0x03F6, 0x03F6, 0x03F7, 0x03F7, 0x03F7, 0x03F8, 
	0x03F8, 0x03F8, 0x03F9, 0x03F9, 0x03F9, 0x03FA, 0x03FA, 0x03FA, 0x03FB, 0x03FB, 0x03FC, 0x03FC, 0x03FC, 0x03FD, 0x03FD, 0x03FD, 
	0x03FE, 0x03FE, 0x03FE, 0x03FF, 0x03FF, 0x03FF, 0x0400, 0x0400, 0x0400, 0x0401, 0x0401, 0x0402, 0x0402, 0x0402, 0x0403, 0x0403, 
	0x0403, 0x0404, 0x0404, 0x0404, 0x0405, 0x0405, 0x0405, 0x0406, 0x0406, 0x0406, 0x0407, 0x0407, 0x0408, 0x0408, 0x0408, 0x0409, 
	0x0409, 0x0409, 0x040A, 0x040A, 0x040A, 0x040B, 0x040B, 0x040B, 0x040C, 0x040C, 0x040C, 0x040D, 0x040D, 0x040D, 0x040E, 0x040E, 
	0x040F, 0x040F, 0x040F, 0x0410, 0x0410, 0x0410, 0x0411, 0x0411, 0x0411, 0x0412, 0x0412, 0x0412, 0x0413, 0x0413, 0x0413, 0x0414, 
	0x0414, 0x0414, 0x0415, 0x0415, 0x0415, 0x0416, 0x0416, 0x0417, 0x0417, 0x0417, 0x0418, 0x0418, 0x0418, 0x0419, 0x0419, 0x0419, 
	0x041A, 0x041A, 0x041A, 0x041B, 0x041B, 0x041B, 0x041C, 0x041C, 0x041C, 0x041D, 0x041D, 0x041D, 0x041E, 0x041E, 0x041E, 0x041F, 
	0x041F, 0x041F, 0x0420, 0x0420, 0x0420, 0x0421, 0x0421, 0x0422, 0x0422, 0x0422, 0x0423, 0x0423, 0x0423, 0x0424, 0x0424, 0x0424, 
	0x0425, 0x0425, 0x0425, 0x0426, 0x0426, 0x0426, 0x0427, 0x0427, 0x0427, 0x0428, 0x0428, 0x0428, 0x0429, 0x0429, 0x0429, 0x042A, 
	0x042A, 0x042A, 0x042B, 0x042B, 0x042B, 0x042C, 0x042C, 0x042C, 0x042D, 0x042D, 0x042D, 0x042E, 0x042E, 0x042E, 0x042F, 0x042F, 
	0x042F, 0x0430, 0x0430, 0x0430, 0x0431, 0x0431, 0x0431, 0x0432, 0x0432, 0x0432, 0x0433, 0x0433, 0x0434, 0x0434, 0x0434, 0x0435, 
	0x0435, 0x0435, 0x0436, 0x0436, 0x0436, 0x0437, 0x0437, 0x0437, 0x0438, 0x0438, 0x0438, 0x0439, 0x0439, 0x0439, 0x043A, 0x043A, 
	0x043A, 0x043B, 0x043B, 0x043B, 0x043C, 0x043C, 0x043C, 0x043D, 0x043D, 0x043D, 0x043E, 0x043E, 0x043E, 0x043F, 0x043F, 0x043F, 
	0x0440, 0x0440, 0x0440, 0x0441, 0x0441, 0x0441, 0x0442, 0x0442, 0x0442, 0x0443, 0x0443, 0x0443, 0x0444, 0x0444, 0x0444, 0x0445, 
	0x0445, 0x0445, 0x0446, 0x0446, 0x0446, 0x0447, 0x0447, 0x0447, 0x0448, 0x0448, 0x0448, 0x0448, 0x0449, 0x0449, 0x0449, 0x044A, 
	0x044A, 0x044A, 0x044B, 0x044B, 0x044B, 0x044C, 0x044C, 0x044C, 0x044D, 0x044D, 0x044D, 0x044E, 0x044E, 0x044E, 0x044F, 0x044F, 
	0x044F, 0x0450, 0x0450, 0x0450, 0x0451, 0x0451, 0x0451, 0x0452, 0x0452, 0x0452, 0x0453, 0x0453, 0x0453, 0x0454, 0x0454, 0x0454, 
	0x0455, 0x0455, 0x0455, 0x0456, 0x0456, 0x0456, 0x0457, 0x0457, 0x0457, 0x0458, 0x0458, 0x0458, 0x0459, 0x0459, 0x0459, 0x045A, 
	0x045A, 0x045A, 0x045A, 0x045B, 0x045B, 0x045B, 0x045C, 0x045C, 0x045C, 0x045D, 0x045D, 0x045D, 0x045E, 0x045E, 0x045E, 0x045F, 
	0x045F, 0x045F, 0x0460, 0x0460, 0x0460, 0x0461, 0x0461, 0x0461, 0x0462, 0x0462, 0x0462, 0x0463, 0x0463, 0x0463, 0x0464, 0x0464, 
	0x0464, 0x0464, 0x0465, 0x0465, 0x0465, 0x0466, 0x0466, 0x0466, 0x0467, 0x0467, 0x0467, 0x0468, 0x0468, 0x0468, 0x0469, 0x0469, 
	0x0469, 0x046A, 0x046A, 0x046A, 0x046B, 0x046B, 0x046B, 0x046C, 0x046C, 0x046C, 0x046C, 0x046D, 0x046D, 0x046D, 0x046E, 0x046E, 
	0x046E, 0x046F, 0x046F, 0x046F, 0x0470, 0x0470, 0x0470, 0x0471, 0x0471, 0x0471, 0x0472, 0x0472, 0x0472, 0x0473, 0x0473, 0x0473, 
	0x0473, 0x0474, 0x0474, 0x0474, 0x0475, 0x0475, 0x0475, 0x0476, 0x0476, 0x0476, 0x0477, 0x0477, 0x0477, 0x0478, 0x0478, 0x0478, 
	0x0479, 0x0479, 0x0479, 0x047A, 0x047A, 0x047A, 0x047A, 0x047B, 0x047B, 0x047B, 0x047C, 0x047C, 0x047C, 0x047D, 0x047D, 0x047D, 
	0x047E, 0x047E, 0x047E, 0x047F, 0x047F, 0x047F, 0x047F, 0x0480, 0x0480, 0x0480, 0x0481, 0x0481, 0x0481, 0x0482, 0x0482, 0x0482, 
	0x0483, 0x0483, 0x0483, 0x0484, 0x0484, 0x0484, 0x0484, 0x0485, 0x0485, 0x0485, 0x0486, 0x0486, 0x0486, 0x0487, 0x0487, 0x0487, 
	0x0488, 0x0488, 0x0488, 0x0489, 0x0489, 0x0489, 0x0489, 0x048A, 0x048A, 0x048A, 0x048B, 0x048B, 0x048B, 0x048C, 0x048C, 0x048C, 
	0x048D, 0x048D, 0x048D, 0x048E, 0x048E, 0x048E, 0x048E, 0x048F, 0x048F, 0x048F, 0x0490, 0x0490, 0x0490, 0x0491, 0x0491, 0x0491, 
	0x0492, 0x0492, 0x0492, 0x0492, 0x0493, 0x0493, 0x0493, 0x0494, 0x0494, 0x0494, 0x0495, 0x0495, 0x0495, 0x0496, 0x0496, 0x0496, 
	0x0496, 0x0497, 0x0497, 0x0497, 0x0498, 0x0498, 0x0498, 0x0499, 0x0499, 0x0499, 0x049A, 0x049A, 0x049A, 0x049A, 0x049B, 0x049B, 
	0x049B, 0x049C, 0x049C, 0x049C, 0x049D, 0x049D, 0x049D, 0x049E, 0x049E, 0x049E, 0x049E, 0x049F, 0x049F, 0x049F, 0x04A0, 0x04A0, 
	0x04A0, 0x04A1, 0x04A1, 0x04A1, 0x04A1, 0x04A2, 0x04A2, 0x04A2, 0x04A3, 0x04A3, 0x04A3, 0x04A4, 0x04A4, 0x04A4, 0x04A5, 0x04A5, 
	0x04A5, 0x04A5, 0x04A6, 0x04A6, 0x04A6, 0x04A7, 0x04A7, 0x04A7, 0x04A8, 0x04A8, 0x04A8, 0x04A8, 0x04A9, 0x04A9, 0x04A9, 0x04AA, 
	0x04AA, 0x04AA, 0x04AB, 0x04AB, 0x04AB, 0x04AB, 0x04AC, 0x04AC, 0x04AC, 0x04AD, 0x04AD, 0x04AD, 0x04AE, 0x04AE, 0x04AE, 0x04AE, 
	0x04AF, 0x04AF, 0x04AF, 0x04B0, 0x04B0, 0x04B0, 0x04B1, 0x04B1, 0x04B1, 0x04B2, 0x04B2, 0x04B2, 0x04B2, 0x04B3, 0x04B3, 0x04B3, 
	0x04B4, 0x04B4, 0x04B4, 0x04B5, 0x04B5, 0x04B5, 0x04B5, 0x04B6, 0x04B6, 0x04B6, 0x04B7, 0x04B7, 0x04B7, 0x04B7, 0x04B8, 0x04B8, 
	0x04B8, 0x04B9, 0x04B9, 0x04B9, 0x04BA, 0x04BA, 0x04BA, 0x04BA, 0x04BB, 0x04BB, 0x04BB, 0x04BC, 0x04BC, 0x04BC, 0x04BD, 0x04BD, 
	0x04BD, 0x04BD, 0x04BE, 0x04BE, 0x04BE, 0x04BF, 0x04BF, 0x04BF, 0x04C0, 0x04C0, 0x04C0, 0x04C0, 0x04C1, 0x04C1, 0x04C1, 0x04C2, 
	0x04C2, 0x04C2, 0x04C3, 0x04C3, 0x04C3, 0x04C3, 0x04C4, 0x04C4, 0x04C4, 0x04C5, 0x04C5, 0x04C5, 0x04C5, 0x04C6, 0x04C6, 0x04C6, 
	0x04C7, 0x04C7, 0x04C7, 0x04C8, 0x04C8, 0x04C8, 0x04C8, 0x04C9, 0x04C9, 0x04C9, 0x04CA, 0x04CA, 0x04CA, 0x04CA, 0x04CB, 0x04CB, 
	0x04CB, 0x04CC, 0x04CC, 0x04CC, 0x04CD, 0x04CD, 0x04CD, 0x04CD, 0x04CE, 0x04CE, 0x04CE, 0x04CF, 0x04CF, 0x04CF, 0x04CF, 0x04D0, 
	0x04D0, 0x04D0, 0x04D1, 0x04D1, 0x04D1, 0x04D2, 0x04D2, 0x04D2, 0x04D2, 0x04D3, 0x04D3, 0x04D3, 0x04D4, 0x04D4, 0x04D4, 0x04D4, 
	0x04D5, 0x04D5, 0x04D5, 0x04D6, 0x04D6, 0x04D6, 0x04D6, 0x04D7, 0x04D7, 0x04D7, 0x04D8, 0x04D8, 0x04D8, 0x04D9, 0x04D9, 0x04D9, 
	0x04D9, 0x04DA, 0x04DA, 0x04DA, 0x04DB, 0x04DB, 0x04DB, 0x04DB, 0x04DC, 0x04DC, 0x04DC, 0x04DD, 0x04DD, 0x04DD, 0x04DD, 0x04DE, 
	0x04DE, 0x04DE, 0x04DF, 0x04DF, 0x04DF, 0x04DF, 0x04E0, 0x04E0, 0x04E0, 0x04E1, 0x04E1, 0x04E1, 0x04E1, 0x04E2, 0x04E2, 0x04E2, 
	0x04E3, 0x04E3, 0x04E3, 0x04E4, 0x04E4, 0x04E4, 0x04E4, 0x04E5, 0x04E5, 0x04E5, 0x04E6, 0x04E6, 0x04E6, 0x04E6, 0x04E7, 0x04E7, 
	0x04E7, 0x04E8, 0x04E8, 0x04E8, 0x04E8, 0x04E9, 0x04E9, 0x04E9, 0x04EA, 0x04EA, 0x04EA, 0x04EA, 0x04EB, 0x04EB, 0x04EB, 0x04EC, 
	0x04EC, 0x04EC, 0x04EC, 0x04ED, 0x04ED, 0x04ED, 0x04EE, 0x04EE, 0x04EE, 0x04EE, 0x04EF, 0x04EF, 0x04EF, 0x04F0, 0x04F0, 0x04F0, 
	0x04F0, 0x04F1, 0x04F1, 0x04F1, 0x04F2, 0x04F2, 0x04F2, 0x04F2, 0x04F3, 0x04F3, 0x04F3, 0x04F4, 0x04F4, 0x04F4, 0x04F4, 0x04F5, 
	0x04F5, 0x04F5, 0x04F6, 0x04F6, 0x04F6, 0x04F6, 0x04F7, 0x04F7, 0x04F7, 0x04F8, 0x04F8, 0x04F8, 0x04F8, 0x04F9, 0x04F9, 0x04F9, 
	0x04F9, 0x04FA, 0x04FA, 0x04FA, 0x04FB, 0x04FB, 0x04FB, 0x04FB, 0x04FC, 0x04FC, 0x04FC, 0x04FD, 0x04FD, 0x04FD, 0x04FD, 0x04FE, 
	0x04FE, 0x04FE, 0x04FF, 0x04FF, 0x04FF, 0x04FF, 0x0500, 0x0500, 0x0500, 0x0501, 0x0501, 0x0501, 0x0501, 0x0502, 0x0502, 0x0502, 
	0x0503, 0x0503, 0x0503, 0x0503, 0x0504, 0x0504, 0x0504, 0x0504, 0x0505, 0x0505, 0x0505, 0x0506, 0x0506, 0x0506, 0x0506, 0x0507, 
	0x0507, 0x0507, 0x0508, 0x0508, 0x0508, 0x0508, 0x0509, 0x0509, 0x0509, 0x050A, 0x050A, 0x050A, 0x050A, 0x050B, 0x050B, 0x050B, 
	0x050B, 0x050C, 0x050C, 0x050C, 0x050D, 0x050D, 0x050D, 0x050D, 0x050E, 0x050E, 0x050E, 0x050F, 0x050F, 0x050F, 0x050F, 0x0510, 
	0x0510, 0x0510, 0x0510, 0x0511, 0x0511, 0x0511, 0x0512, 0x0512, 0x0512, 0x0512, 0x0513, 0x0513, 0x0513, 0x0514, 0x0514, 0x0514, 
	0x0514, 0x0515, 0x0515, 0x0515, 0x0515, 0x0516, 0x0516, 0x0516, 0x0517, 0x0517, 0x0517, 0x0517, 0x0518, 0x0518, 0x0518, 0x0519, 
	0x0519, 0x0519, 0x0519, 0x051A, 0x051A, 0x051A, 0x051A, 0x051B, 0x051B, 0x051B, 0x051C, 0x051C, 0x051C, 0x051C, 0x051D, 0x051D, 
	0x051D, 0x051D, 0x051E, 0x051E, 0x051E, 0x051F, 0x051F, 0x051F, 0x051F, 0x0520, 0x0520, 0x0520, 0x0521, 0x0521, 0x0521, 0x0521, 
	0x0522, 0x0522, 0x0522, 0x0522, 0x0523, 0x0523, 0x0523, 0x0524, 0x0524, 0x0524, 0x0524, 0x0525, 0x0525, 0x0525, 0x0525, 0x0526, 
	0x0526, 0x0526, 0x0527, 0x0527, 0x0527, 0x0527, 0x0528, 0x0528, 0x0528, 0x0528, 0x0529, 0x0529, 0x0529, 0x052A, 0x052A, 0x052A, 
	0x052A, 0x052B, 0x052B, 0x052B, 0x052B, 0x052C, 0x052C, 0x052C, 0x052D, 0x052D, 0x052D, 0x052D, 0x052E, 0x052E, 0x052E, 0x052E, 
	0x052F, 0x052F, 0x052F, 0x0530, 0x0530, 0x0530, 0x0530, 0x0531, 0x0531, 0x0531, 0x0531, 0x0532, 0x0532, 0x0532, 0x0533, 0x0533, 
	0x0533, 0x0533, 0x0534, 0x0534, 0x0534, 0x0534, 0x0535, 0x0535, 0x0535, 0x0535, 0x0536, 0x0536, 0x0536, 0x0537, 0x0537, 0x0537, 
	0x0537, 0x0538, 0x0538, 0x0538, 0x0538, 0x0539, 0x0539, 0x0539, 0x053A, 0x053A, 0x053A, 0x053A, 0x053B, 0x053B, 0x053B, 0x053B, 
	0x053C, 0x053C, 0x053C, 0x053C, 0x053D, 0x053D, 0x053D, 0x053E, 0x053E, 0x053E, 0x053E, 0x053F, 0x053F, 0x053F, 0x053F, 0x0540, 
	0x0540, 0x0540, 0x0541, 0x0541, 0x0541, 0x0541, 0x0542, 0x0542, 0x0542, 0x0542, 0x0543, 0x0543, 0x0543, 0x0543, 0x0544, 0x0544, 
	0x0544, 0x0545, 0x0545, 0x0545, 0x0545, 0x0546, 0x0546, 0x0546, 0x0546, 0x0547, 0x0547, 0x0547, 0x0547, 0x0548, 0x0548, 0x0548, 
	0x0549, 0x0549, 0x0549, 0x0549, 0x054A, 0x054A, 0x054A, 0x054A, 0x054B, 0x054B, 0x054B, 0x054B, 0x054C, 0x054C, 0x054C, 0x054D, 
	0x054D, 0x054D, 0x054D, 0x054E, 0x054E, 0x054E, 0x054E, 0x054F, 0x054F, 0x054F, 0x054F, 0x0550, 0x0550, 0x0550, 0x0550, 0x0551, 
	0x0551, 0x0551, 0x0552, 0x0552, 0x0552, 0x0552, 0x0553, 0x0553, 0x0553, 0x0553, 0x0554, 0x0554, 0x0554, 0x0554, 0x0555, 0x0555, 
	0x0555, 0x0556, 0x0556, 0x0556, 0x0556, 0x0557, 0x0557, 0x0557, 0x0557, 0x0558, 0x0558, 0x0558, 0x0558, 0x0559, 0x0559, 0x0559, 
	0x0559, 0x055A, 0x055A, 0x055A, 0x055B, 0x055B, 0x055B, 0x055B, 0x055C, 0x055C, 0x055C, 0x055C, 0x055D, 0x055D, 0x055D, 0x055D, 
	0x055E, 0x055E, 0x055E, 0x055E, 0x055F, 0x055F, 0x055F, 0x055F, 0x0560, 0x0560, 0x0560, 0x0561, 0x0561, 0x0561, 0x0561, 0x0562, 
	0x0562, 0x0562, 0x0562, 0x0563, 0x0563, 0x0563, 0x0563, 0x0564, 0x0564, 0x0564, 0x0564, 0x0565, 0x0565, 0x0565, 0x0566, 0x0566, 
	0x0566, 0x0566, 0x0567, 0x0567, 0x0567, 0x0567, 0x0568, 0x0568, 0x0568, 0x0568, 0x0569, 0x0569, 0x0569, 0x0569, 0x056A, 0x056A, 
	0x056A, 0x056A, 0x056B, 0x056B, 0x056B, 0x056B, 0x056C, 0x056C, 0x056C, 0x056D, 0x056D, 0x056D, 0x056D, 0x056E, 0x056E, 0x056E, 
	0x056E, 0x056F, 0x056F, 0x056F, 0x056F, 0x0570, 0x0570, 0x0570, 0x0570, 0x0571, 0x0571, 0x0571, 0x0571, 0x0572, 0x0572, 0x0572, 
	0x0572, 0x0573, 0x0573, 0x0573, 0x0574, 0x0574, 0x0574, 0x0574, 0x0575, 0x0575, 0x0575, 0x0575, 0x0576, 0x0576, 0x0576, 0x0576, 
	0x0577, 0x0577, 0x0577, 0x0577, 0x0578, 0x0578, 0x0578, 0x0578, 0x0579, 0x0579, 0x0579, 0x0579, 0x057A, 0x057A, 0x057A, 0x057A, 
	0x057B, 0x057B, 0x057B, 0x057B, 0x057C, 0x057C, 0x057C, 0x057D, 0x057D, 0x057D, 0x057D, 0x057E, 0x057E, 0x057E, 0x057E, 0x057F, 
	0x057F, 0x057F, 0x057F, 0x0580, 0x0580, 0x0580, 0x0580, 0x0581, 0x0581, 0x0581, 0x0581, 0x0582, 0x0582, 0x0582, 0x0582, 0x0583, 
	0x0583, 0x0583, 0x0583, 0x0584, 0x0584, 0x0584, 0x0584, 0x0585, 0x0585, 0x0585, 0x0585, 0x0586, 0x0586, 0x0586, 0x0586, 0x0587, 
	0x0587, 0x0587, 0x0588, 0x0588, 0x0588, 0x0588, 0x0589, 0x0589, 0x0589, 0x0589, 0x058A, 0x058A, 0x058A, 0x058A, 0x058B, 0x058B, 
	0x058B, 0x058B, 0x058C, 0x058C, 0x058C, 0x058C, 0x058D, 0x058D, 0x058D, 0x058D, 0x058E, 0x058E, 0x058E, 0x058E, 0x058F, 0x058F, 
	0x058F, 0x058F, 0x0590, 0x0590, 0x0590, 0x0590, 0x0591, 0x0591, 0x0591, 0x0591, 0x0592, 0x0592, 0x0592, 0x0592, 0x0593, 0x0593, 
	0x0593, 0x0593, 0x0594, 0x0594, 0x0594, 0x0594, 0x0595, 0x0595, 0x0595, 0x0595, 0x0596, 0x0596, 0x0596, 0x0596, 0x0597, 0x0597, 
	0x0597, 0x0597, 0x0598, 0x0598, 0x0598, 0x0598, 0x0599, 0x0599, 0x0599, 0x0599, 0x059A, 0x059A, 0x059A, 0x059A, 0x059B, 0x059B, 
	0x059B, 0x059B, 0x059C, 0x059C, 0x059C, 0x059C, 0x059D, 0x059D, 0x059D, 0x059D, 0x059E, 0x059E, 0x059E, 0x059E, 0x059F, 0x059F, 
	0x059F, 0x059F, 0x05A0, 0x05A0, 0x05A0, 0x05A0, 0x05A1, 0x05A1, 0x05A1, 0x05A1, 0x05A2, 0x05A2, 0x05A2, 0x05A2, 0x05A3, 0x05A3, 
	0x05A3, 0x05A3, 0x05A4, 0x05A4, 0x05A4, 0x05A4, 0x05A5, 0x05A5, 0x05A5, 0x05A5, 0x05A6, 0x05A6, 0x05A6, 0x05A6, 0x05A7, 0x05A7, 
	0x05A7, 0x05A7, 0x05A8, 0x05A8, 0x05A8, 0x05A8, 0x05A9, 0x05A9, 0x05A9, 0x05A9, 0x05AA, 0x05AA, 0x05AA, 0x05AA, 0x05AB, 0x05AB, 
	0x05AB, 0x05AB, 0x05AC, 0x05AC, 0x05AC, 0x05AC, 0x05AD, 0x05AD, 0x05AD, 0x05AD, 0x05AE, 0x05AE, 0x05AE, 0x05AE, 0x05AF, 0x05AF, 
	0x05AF, 0x05AF, 0x05B0, 0x05B0, 0x05B0, 0x05B0, 0x05B1, 0x05B1, 0x05B1, 0x05B1, 0x05B2, 0x05B2, 0x05B2, 0x05B2, 0x05B3, 0x05B3, 
	0x05B3, 0x05B3, 0x05B4, 0x05B4, 0x05B4, 0x05B4, 0x05B5, 0x05B5, 0x05B5, 0x05B5, 0x05B6, 0x05B6, 0x05B6, 0x05B6, 0x05B7, 0x05B7, 
	0x05B7, 0x05B7, 0x05B8, 0x05B8, 0x05B8, 0x05B8, 0x05B9, 0x05B9, 0x05B9, 0x05B9, 0x05BA, 0x05BA, 0x05BA, 0x05BA, 0x05BA, 0x05BB, 
	0x05BB, 0x05BB, 0x05BB, 0x05BC, 0x05BC, 0x05BC, 0x05BC, 0x05BD, 0x05BD, 0x05BD, 0x05BD, 0x05BE, 0x05BE, 0x05BE, 0x05BE, 0x05BF, 
	0x05BF, 0x05BF, 0x05BF, 0x05C0, 0x05C0, 0x05C0, 0x05C0, 0x05C1, 0x05C1, 0x05C1, 0x05C1, 0x05C2, 0x05C2, 0x05C2, 0x05C2, 0x05C3, 
	0x05C3, 0x05C3, 0x05C3, 0x05C4, 0x05C4, 0x05C4, 0x05C4, 0x05C5, 0x05C5, 0x05C5, 0x05C5, 0x05C5, 0x05C6, 0x05C6, 0x05C6, 0x05C6, 
	0x05C7, 0x05C7, 0x05C7, 0x05C7, 0x05C8, 0x05C8, 0x05C8, 0x05C8, 0x05C9, 0x05C9, 0x05C9, 0x05C9, 0x05CA, 0x05CA, 0x05CA, 0x05CA, 
	0x05CB, 0x05CB, 0x05CB, 0x05CB, 0x05CC, 0x05CC, 0x05CC, 0x05CC, 0x05CD, 0x05CD, 0x05CD, 0x05CD, 0x05CE, 0x05CE, 0x05CE, 0x05CE, 
	0x05CE, 0x05CF, 0x05CF, 0x05CF, 0x05CF, 0x05D0, 0x05D0, 0x05D0, 0x05D0, 0x05D1, 0x05D1, 0x05D1, 0x05D1, 0x05D2, 0x05D2, 0x05D2, 
	0x05D2, 0x05D3, 0x05D3, 0x05D3, 0x05D3, 0x05D4, 0x05D4, 0x05D4, 0x05D4, 0x05D5, 0x05D5, 0x05D5, 0x05D5, 0x05D6, 0x05D6, 0x05D6, 
	0x05D6, 0x05D6, 0x05D7, 0x05D7, 0x05D7, 0x05D7, 0x05D8, 0x05D8, 0x05D8, 0x05D8, 0x05D9, 0x05D9, 0x05D9, 0x05D9, 0x05DA, 0x05DA, 
	0x05DA, 0x05DA, 0x05DB, 0x05DB, 0x05DB, 0x05DB, 0x05DC, 0x05DC, 0x05DC, 0x05DC, 0x05DC, 0x05DD, 0x05DD, 0x05DD, 0x05DD, 0x05DE, 
	0x05DE, 0x05DE, 0x05DE, 0x05DF, 0x05DF, 0x05DF, 0x05DF, 0x05E0, 0x05E0, 0x05E0, 0x05E0, 0x05E1, 0x05E1, 0x05E1, 0x05E1, 0x05E2, 
	0x05E2, 0x05E2, 0x05E2, 0x05E2, 0x05E3, 0x05E3, 0x05E3, 0x05E3, 0x05E4, 0x05E4, 0x05E4, 0x05E4, 0x05E5, 0x05E5, 0x05E5, 0x05E5, 
	0x05E6, 0x05E6, 0x05E6, 0x05E6, 0x05E7, 0x05E7, 0x05E7, 0x05E7, 0x05E7, 0x05E8, 0x05E8, 0x05E8, 0x05E8, 0x05E9, 0x05E9, 0x05E9, 
	0x05E9, 0x05EA, 0x05EA, 0x05EA, 0x05EA, 0x05EB, 0x05EB, 0x05EB, 0x05EB, 0x05EC, 0x05EC, 0x05EC, 0x05EC, 0x05EC, 0x05ED, 0x05ED, 
	0x05ED, 0x05ED, 0x05EE, 0x05EE, 0x05EE, 0x05EE, 0x05EF, 0x05EF, 0x05EF, 0x05EF, 0x05F0, 0x05F0, 0x05F0, 0x05F0, 0x05F1, 0x05F1, 
	0x05F1, 0x05F1, 0x05F1, 0x05F2, 0x05F2, 0x05F2, 0x05F2, 0x05F3, 0x05F3, 0x05F3, 0x05F3, 0x05F4, 0x05F4, 0x05F4, 0x05F4, 0x05F5, 
	0x05F5, 0x05F5, 0x05F5, 0x05F5, 0x05F6, 0x05F6, 0x05F6, 0x05F6, 0x05F7, 0x05F7, 0x05F7, 0x05F7, 0x05F8, 0x05F8, 0x05F8, 0x05F8, 
	0x05F9, 0x05F9, 0x05F9, 0x05F9, 0x05F9, 0x05FA, 0x05FA, 0x05FA, 0x05FA, 0x05FB, 0x05FB, 0x05FB, 0x05FB, 0x05FC, 0x05FC, 0x05FC, 
	0x05FC, 0x05FD, 0x05FD, 0x05FD, 0x05FD, 0x05FD, 0x05FE, 0x05FE, 0x05FE, 0x05FE, 0x05FF, 0x05FF, 0x05FF, 0x05FF, 0x0600, 0x0600, 
	0x0600, 0x0600, 0x0601, 0x0601, 0x0601, 0x0601, 0x0601, 0x0602, 0x0602, 0x0602, 0x0602, 0x0603, 0x0603, 0x0603, 0x0603, 0x0604, 
	0x0604, 0x0604, 0x0604, 0x0605, 0x0605, 0x0605, 0x0605, 0x0605, 0x0606, 0x0606, 0x0606, 0x0606, 0x0607, 0x0607, 0x0607, 0x0607, 
	0x0608, 0x0608, 0x0608, 0x0608, 0x0608, 0x0609, 0x0609, 0x0609, 0x0609, 0x060A, 0x060A, 0x060A, 0x060A, 0x060B, 0x060B, 0x060B, 
	0x060B, 0x060C, 0x060C, 0x060C, 0x060C, 0x060C, 0x060D, 0x060D, 0x060D, 0x060D, 0x060E, 0x060E, 0x060E, 0x060E, 0x060F, 0x060F, 
	0x060F, 0x060F, 0x060F, 0x0610, 0x0610, 0x0610, 0x0610, 0x0611, 0x0611, 0x0611, 0x0611, 0x0612, 0x0612, 0x0612, 0x0612, 0x0613, 
	0x0613, 0x0613, 0x0613, 0x0613, 0x0614, 0x0614, 0x0614, 0x0614, 0x0615, 0x0615, 0x0615, 0x0615, 0x0616, 0x0616, 0x0616, 0x0616, 
	0x0616, 0x0617, 0x0617, 0x0617, 0x0617, 0x0618, 0x0618, 0x0618, 0x0618, 0x0619, 0x0619, 0x0619, 0x0619, 0x0619, 0x061A, 0x061A, 
	0x061A, 0x061A, 0x061B, 0x061B, 0x061B, 0x061B, 0x061C, 0x061C, 0x061C, 0x061C, 0x061C, 0x061D, 0x061D, 0x061D, 0x061D, 0x061E, 
	0x061E, 0x061E, 0x061E, 0x061F, 0x061F, 0x061F, 0x061F, 0x061F, 0x0620, 0x0620, 0x0620, 0x0620, 0x0621, 0x0621, 0x0621, 0x0621, 
	0x0622, 0x0622, 0x0622, 0x0622, 0x0622, 0x0623, 0x0623, 0x0623, 0x0623, 0x0624, 0x0624, 0x0624, 0x0624, 0x0624, 0x0625, 0x0625, 
	0x0625, 0x0625, 0x0626, 0x0626, 0x0626, 0x0626, 0x0627, 0x0627, 0x0627, 0x0627, 0x0627, 0x0628, 0x0628, 0x0628, 0x0628, 0x0629, 
	0x0629, 0x0629, 0x0629, 0x062A, 0x062A, 0x062A, 0x062A, 0x062A, 0x062B, 0x062B, 0x062B, 0x062B, 0x062C, 0x062C, 0x062C, 0x062C, 
	0x062C, 0x062D, 0x062D, 0x062D, 0x062D, 0x062E, 0x062E, 0x062E, 0x062E, 0x062F, 0x062F, 0x062F, 0x062F, 0x062F, 0x0630, 0x0630, 
	0x0630, 0x0630, 0x0631, 0x0631, 0x0631, 0x0631, 0x0632, 0x0632, 0x0632, 0x0632, 0x0632, 0x0633, 0x0633, 0x0633, 0x0633, 0x0634, 
	0x0634, 0x0634, 0x0634, 0x0634, 0x0635, 0x0635, 0x0635, 0x0635, 0x0636, 0x0636, 0x0636, 0x0636, 0x0636, 0x0637, 0x0637, 0x0637, 
	0x0637, 0x0638, 0x0638, 0x0638, 0x0638, 0x0639, 0x0639, 0x0639, 0x0639, 0x0639, 0x063A, 0x063A, 0x063A, 0x063A, 0x063B, 0x063B, 
	0x063B, 0x063B, 0x063B, 0x063C, 0x063C, 0x063C, 0x063C, 0x063D, 0x063D, 0x063D, 0x063D, 0x063E, 0x063E, 0x063E, 0x063E, 0x063E, 
	0x063F, 0x063F, 0x063F, 0x063F, 0x0640, 0x0640, 0x0640, 0x0640, 0x0640, 0x0641, 0x0641, 0x0641, 0x0641, 0x0642, 0x0642, 0x0642, 
	0x0642, 0x0642, 0x0643, 0x0643, 0x0643, 0x0643, 0x0644, 0x0644, 0x0644, 0x0644, 0x0644, 0x0645, 0x0645, 0x0645, 0x0645, 0x0646, 
	0x0646, 0x0646, 0x0646, 0x0647, 0x0647, 0x0647, 0x0647, 0x0647, 0x0648, 0x0648, 0x0648, 0x0648, 0x0649, 0x0649, 0x0649, 0x0649, 
	0x0649, 0x064A, 0x064A, 0x064A, 0x064A, 0x064B, 0x064B, 0x064B, 0x064B, 0x064B, 0x064C, 0x064C, 0x064C, 0x064C, 0x064D, 0x064D, 
	0x064D, 0x064D, 0x064D, 0x064E, 0x064E, 0x064E, 0x064E, 0x064F, 0x064F, 0x064F, 0x064F, 0x064F, 0x0650, 0x0650, 0x0650, 0x0650, 
	0x0651, 0x0651, 0x0651, 0x0651, 0x0651, 0x0652, 0x0652, 0x0652, 0x0652, 0x0653, 0x0653, 0x0653, 0x0653, 0x0653, 0x0654, 0x0654, 
	0x0654, 0x0654, 0x0655, 0x0655, 0x0655, 0x0655, 0x0655, 0x0656, 0x0656, 0x0656, 0x0656, 0x0657, 0x0657, 0x0657, 0x0657, 0x0657, 
	0x0658, 0x0658, 0x0658, 0x0658, 0x0659, 0x0659, 0x0659, 0x0659, 0x0659, 0x065A, 0x065A, 0x065A, 0x065A, 0x065B, 0x065B, 0x065B, 
	0x065B, 0x065B, 0x065C, 0x065C, 0x065C, 0x065C, 0x065D, 0x065D, 0x065D, 0x065D, 0x065D, 0x065E, 0x065E, 0x065E, 0x065E, 0x065F, 
	0x065F, 0x065F, 0x065F, 0x065F, 0x0660, 0x0660, 0x0660, 0x0660, 0x0661, 0x0661, 0x0661, 0x0661, 0x0661, 0x0662, 0x0662, 0x0662, 
	0x0662, 0x0663, 0x0663, 0x0663, 0x0663, 0x0663, 0x0664, 0x0664, 0x0664, 0x0664, 0x0665, 0x0665, 0x0665, 0x0665, 0x0665, 0x0666, 
	0x0666, 0x0666, 0x0666, 0x0667, 0x0667, 0x0667, 0x0667, 0x0667, 0x0668, 0x0668, 0x0668, 0x0668, 0x0669, 0x0669, 0x0669, 0x0669, 
	0x0669, 0x066A, 0x066A, 0x066A, 0x066A, 0x066B, 0x066B, 0x066B, 0x066B, 0x066B, 0x066C, 0x066C, 0x066C, 0x066C, 0x066C, 0x066D, 
	0x066D, 0x066D, 0x066D, 0x066E, 0x066E, 0x066E, 0x066E, 0x066E, 0x066F, 0x066F, 0x066F, 0x066F, 0x0670, 0x0670, 0x0670, 0x0670, 
	0x0670, 0x0671, 0x0671, 0x0671, 0x0671, 0x0672, 0x0672, 0x0672, 0x0672, 0x0672, 0x0673, 0x0673, 0x0673, 0x0673, 0x0673, 0x0674, 
	0x0674, 0x0674, 0x0674, 0x0675, 0x0675, 0x0675, 0x0675, 0x0675, 0x0676, 0x0676, 0x0676, 0x0676, 0x0677, 0x0677, 0x0677, 0x0677, 
	0x0677, 0x0678, 0x0678, 0x0678, 0x0678, 0x0679, 0x0679, 0x0679, 0x0679, 0x0679, 0x067A, 0x067A, 0x067A, 0x067A, 0x067A, 0x067B, 
	0x067B, 0x067B, 0x067B, 0x067C, 0x067C, 0x067C, 0x067C, 0x067C, 0x067D, 0x067D, 0x067D, 0x067D, 0x067E, 0x067E, 0x067E, 0x067E, 
	0x067E, 0x067F, 0x067F, 0x067F, 0x067F, 0x067F, 0x0680, 0x0680, 0x0680, 0x0680, 0x0681, 0x0681, 0x0681, 0x0681, 0x0681, 0x0682, 
	0x0682, 0x0682, 0x0682, 0x0683, 0x0683, 0x0683, 0x0683, 0x0683, 0x0684, 0x0684, 0x0684, 0x0684, 0x0684, 0x0685, 0x0685, 0x0685, 
	0x0685, 0x0686, 0x0686, 0x0686, 0x0686, 0x0686, 0x0687, 0x0687, 0x0687, 0x0687, 0x0687, 0x0688, 0x0688, 0x0688, 0x0688, 0x0689, 
	0x0689, 0x0689, 0x0689, 0x0689, 0x068A, 0x068A, 0x068A, 0x068A, 0x068B, 0x068B, 0x068B, 0x068B, 0x068B, 0x068C, 0x068C, 0x068C, 
	0x068C, 0x068C, 0x068D, 0x068D, 0x068D, 0x068D, 0x068E, 0x068E, 0x068E, 0x068E, 0x068E, 0x068F, 0x068F, 0x068F, 0x068F, 0x068F, 
	0x0690, 0x0690, 0x0690, 0x0690, 0x0691, 0x0691, 0x0691, 0x0691, 0x0691, 0x0692, 0x0692, 0x0692, 0x0692, 0x0692, 0x0693, 0x0693, 
	0x0693, 0x0693, 0x0694, 0x0694, 0x0694, 0x0694, 0x0694, 0x0695, 0x0695, 0x0695, 0x0695, 0x0695, 0x0696, 0x0696, 0x0696, 0x0696, 
	0x0697, 0x0697, 0x0697, 0x0697, 0x0697, 0x0698, 0x0698, 0x0698, 0x0698, 0x0698, 0x0699, 0x0699, 0x0699, 0x0699, 0x069A, 0x069A, 
	0x069A, 0x069A, 0x069A, 0x069B, 0x069B, 0x069B, 0x069B, 0x069B, 0x069C, 0x069C, 0x069C, 0x069C, 0x069D, 0x069D, 0x069D, 0x069D, 
	0x069D, 0x069E, 0x069E, 0x069E, 0x069E, 0x069E, 0x069F, 0x069F, 0x069F, 0x069F, 0x06A0, 0x06A0, 0x06A0, 0x06A0, 0x06A0, 0x06A1, 
	0x06A1, 0x06A1, 0x06A1, 0x06A1, 0x06A2, 0x06A2, 0x06A2, 0x06A2, 0x06A3, 0x06A3, 0x06A3, 0x06A3, 0x06A3, 0x06A4, 0x06A4, 0x06A4, 
	0x06A4, 0x06A4, 0x06A5, 0x06A5, 0x06A5, 0x06A5, 0x06A5, 0x06A6, 0x06A6, 0x06A6, 0x06A6, 0x06A7, 0x06A7, 0x06A7, 0x06A7, 0x06A7, 
	0x06A8, 0x06A8, 0x06A8, 0x06A8, 0x06A8, 0x06A9, 0x06A9, 0x06A9, 0x06A9, 0x06AA, 0x06AA, 0x06AA, 0x06AA, 0x06AA, 0x06AB, 0x06AB, 
	0x06AB, 0x06AB, 0x06AB, 0x06AC, 0x06AC, 0x06AC, 0x06AC, 0x06AC, 0x06AD, 0x06AD, 0x06AD, 0x06AD, 0x06AE, 0x06AE, 0x06AE, 0x06AE, 
	0x06AE, 0x06AF, 0x06AF, 0x06AF, 0x06AF, 0x06AF, 0x06B0, 0x06B0, 0x06B0, 0x06B0, 0x06B0, 0x06B1, 0x06B1, 0x06B1, 0x06B1, 0x06B2, 
	0x06B2, 0x06B2, 0x06B2, 0x06B2, 0x06B3, 0x06B3, 0x06B3, 0x06B3, 0x06B3, 0x06B4, 0x06B4, 0x06B4, 0x06B4, 0x06B5, 0x06B5, 0x06B5, 
	0x06B5, 0x06B5, 0x06B6, 0x06B6, 0x06B6, 0x06B6, 0x06B6, 0x06B7, 0x06B7, 0x06B7, 0x06B7, 0x06B7, 0x06B8, 0x06B8, 0x06B8, 0x06B8, 
	0x06B9, 0x06B9, 0x06B9, 0x06B9, 0x06B9, 0x06BA, 0x06BA, 0x06BA, 0x06BA, 0x06BA, 0x06BB, 0x06BB, 0x06BB, 0x06BB, 0x06BB, 0x06BC, 
	0x06BC, 0x06BC, 0x06BC, 0x06BC, 0x06BD, 0x06BD, 0x06BD, 0x06BD, 0x06BE, 0x06BE, 0x06BE, 0x06BE, 0x06BE, 0x06BF, 0x06BF, 0x06BF, 
	0x06BF, 0x06BF, 0x06C0, 0x06C0, 0x06C0, 0x06C0, 0x06C0, 0x06C1, 0x06C1, 0x06C1, 0x06C1, 0x06C2, 0x06C2, 0x06C2, 0x06C2, 0x06C2, 
	0x06C3, 0x06C3, 0x06C3, 0x06C3, 0x06C3, 0x06C4, 0x06C4, 0x06C4, 0x06C4, 0x06C4, 0x06C5, 0x06C5, 0x06C5, 0x06C5, 0x06C5, 0x06C6, 
	0x06C6, 0x06C6, 0x06C6, 0x06C7, 0x06C7, 0x06C7, 0x06C7, 0x06C7, 0x06C8, 0x06C8, 0x06C8, 0x06C8, 0x06C8, 0x06C9, 0x06C9, 0x06C9, 
	0x06C9, 0x06C9, 0x06CA, 0x06CA, 0x06CA, 0x06CA, 0x06CA, 0x06CB, 0x06CB, 0x06CB, 0x06CB, 0x06CC, 0x06CC, 0x06CC, 0x06CC, 0x06CC, 
	0x06CD, 0x06CD, 0x06CD, 0x06CD, 0x06CD, 0x06CE, 0x06CE, 0x06CE, 0x06CE, 0x06CE, 0x06CF, 0x06CF, 0x06CF, 0x06CF, 0x06CF, 0x06D0, 
	0x06D0, 0x06D0, 0x06D0, 0x06D1, 0x06D1, 0x06D1, 0x06D1, 0x06D1, 0x06D2, 0x06D2, 0x06D2, 0x06D2, 0x06D2, 0x06D3, 0x06D3, 0x06D3, 
	0x06D3, 0x06D3, 0x06D4, 0x06D4, 0x06D4, 0x06D4, 0x06D4, 0x06D5, 0x06D5, 0x06D5, 0x06D5, 0x06D5, 0x06D6, 0x06D6, 0x06D6, 0x06D6, 
	0x06D7, 0x06D7, 0x06D7, 0x06D7, 0x06D7, 0x06D8, 0x06D8, 0x06D8, 0x06D8, 0x06D8, 0x06D9, 0x06D9, 0x06D9, 0x06D9, 0x06D9, 0x06DA, 
	0x06DA, 0x06DA, 0x06DA, 0x06DA, 0x06DB, 0x06DB, 0x06DB, 0x06DB, 0x06DB, 0x06DC, 0x06DC, 0x06DC, 0x06DC, 0x06DD, 0x06DD, 0x06DD, 
	0x06DD, 0x06DD, 0x06DE, 0x06DE, 0x06DE, 0x06DE, 0x06DE, 0x06DF, 0x06DF, 0x06DF, 0x06DF, 0x06DF, 0x06E0, 0x06E0, 0x06E0, 0x06E0, 
	0x06E0, 0x06E1, 0x06E1, 0x06E1, 0x06E1, 0x06E1, 0x06E2, 0x06E2, 0x06E2, 0x06E2, 0x06E2, 0x06E3, 0x06E3, 0x06E3, 0x06E3, 0x06E4, 
	0x06E4, 0x06E4, 0x06E4, 0x06E4, 0x06E5, 0x06E5, 0x06E5, 0x06E5, 0x06E5, 0x06E6, 0x06E6, 0x06E6, 0x06E6, 0x06E6, 0x06E7, 0x06E7, 
	0x06E7, 0x06E7, 0x06E7, 0x06E8, 0x06E8, 0x06E8, 0x06E8, 0x06E8, 0x06E9, 0x06E9, 0x06E9, 0x06E9, 0x06E9, 0x06EA, 0x06EA, 0x06EA, 
	0x06EA, 0x06EA, 0x06EB, 0x06EB, 0x06EB, 0x06EB, 0x06EC, 0x06EC, 0x06EC, 0x06EC, 0x06EC, 0x06ED, 0x06ED, 0x06ED, 0x06ED, 0x06ED, 
	0x06EE, 0x06EE, 0x06EE, 0x06EE, 0x06EE, 0x06EF, 0x06EF, 0x06EF, 0x06EF, 0x06EF, 0x06F0, 0x06F0, 0x06F0, 0x06F0, 0x06F0, 0x06F1, 
	0x06F1, 0x06F1, 0x06F1, 0x06F1, 0x06F2, 0x06F2, 0x06F2, 0x06F2, 0x06F2, 0x06F3, 0x06F3, 0x06F3, 0x06F3, 0x06F3, 0x06F4, 0x06F4, 
	0x06F4, 0x06F4, 0x06F4, 0x06F5, 0x06F5, 0x06F5, 0x06F5, 0x06F5, 0x06F6, 0x06F6, 0x06F6, 0x06F6, 0x06F7, 0x06F7, 0x06F7, 0x06F7, 
	0x06F7, 0x06F8, 0x06F8, 0x06F8, 0x06F8, 0x06F8, 0x06F9, 0x06F9, 0x06F9, 0x06F9, 0x06F9, 0x06FA, 0x06FA, 0x06FA, 0x06FA, 0x06FA, 
	0x06FB, 0x06FB, 0x06FB, 0x06FB, 0x06FB, 0x06FC, 0x06FC, 0x06FC, 0x06FC, 0x06FC, 0x06FD, 0x06FD, 0x06FD, 0x06FD, 0x06FD, 0x06FE, 
	0x06FE, 0x06FE, 0x06FE, 0x06FE, 0x06FF, 0x06FF, 0x06FF, 0x06FF, 0x06FF, 0x0700, 0x0700, 0x0700, 0x0700, 0x0700, 0x0701, 0x0701, 
	0x0701, 0x0701, 0x0701, 0x0702, 0x0702, 0x0702, 0x0702, 0x0702, 0x0703, 0x0703, 0x0703, 0x0703, 0x0703, 0x0704, 0x0704, 0x0704, 
	0x0704, 0x0704, 0x0705, 0x0705, 0x0705, 0x0705, 0x0705, 0x0706, 0x0706, 0x0706, 0x0706, 0x0707, 0x0707, 0x0707, 0x0707, 0x0707, 
	0x0708, 0x0708, 0x0708, 0x0708, 0x0708, 0x0709, 0x0709, 0x0709, 0x0709, 0x0709, 0x070A, 0x070A, 0x070A, 0x070A, 0x070A, 0x070B, 
	0x070B, 0x070B, 0x070B, 0x070B, 0x070C, 0x070C, 0x070C, 0x070C, 0x070C, 0x070D, 0x070D, 0x070D, 0x070D, 0x070D, 0x070E, 0x070E, 
	0x070E, 0x070E, 0x070E, 0x070F, 0x070F, 0x070F, 0x070F, 0x070F, 0x0710, 0x0710, 0x0710, 0x0710, 0x0710, 0x0711, 0x0711, 0x0711, 
	0x0711, 0x0711, 0x0712, 0x0712, 0x0712, 0x0712, 0x0712, 0x0713, 0x0713, 0x0713, 0x0713, 0x0713, 0x0714, 0x0714, 0x0714, 0x0714, 
	0x0714, 0x0715, 0x0715, 0x0715, 0x0715, 0x0715, 0x0716, 0x0716, 0x0716, 0x0716, 0x0716, 0x0717, 0x0717, 0x0717, 0x0717, 0x0717, 
	0x0718, 0x0718, 0x0718, 0x0718, 0x0718, 0x0719, 0x0719, 0x0719, 0x0719, 0x0719, 0x071A, 0x071A, 0x071A, 0x071A, 0x071A, 0x071B, 
	0x071B, 0x071B, 0x071B, 0x071B, 0x071C, 0x071C, 0x071C, 0x071C, 0x071C, 0x071D, 0x071D, 0x071D, 0x071D, 0x071D, 0x071E, 0x071E, 
	0x071E, 0x071E, 0x071E, 0x071F, 0x071F, 0x071F, 0x071F, 0x071F, 0x0720, 0x0720, 0x0720, 0x0720, 0x0720, 0x0721, 0x0721, 0x0721, 
	0x0721, 0x0721, 0x0722, 0x0722, 0x0722, 0x0722, 0x0722, 0x0723, 0x0723, 0x0723, 0x0723, 0x0723, 0x0724, 0x0724, 0x0724, 0x0724, 
	0x0724, 0x0725, 0x0725, 0x0725, 0x0725, 0x0725, 0x0726, 0x0726, 0x0726, 0x0726, 0x0726, 0x0726, 0x0727, 0x0727, 0x0727, 0x0727, 
	0x0727, 0x0728, 0x0728, 0x0728, 0x0728, 0x0728, 0x0729, 0x0729, 0x0729, 0x0729, 0x0729, 0x072A, 0x072A, 0x072A, 0x072A, 0x072A, 
	0x072B, 0x072B, 0x072B, 0x072B, 0x072B, 0x072C, 0x072C, 0x072C, 0x072C, 0x072C, 0x072D, 0x072D, 0x072D, 0x072D, 0x072D, 0x072E, 
	0x072E, 0x072E, 0x072E, 0x072E, 0x072F, 0x072F, 0x072F, 0x072F, 0x072F, 0x0730, 0x0730, 0x0730, 0x0730, 0x0730, 0x0731, 0x0731, 
	0x0731, 0x0731, 0x0731, 0x0732, 0x0732, 0x0732, 0x0732, 0x0732, 0x0733, 0x0733, 0x0733, 0x0733, 0x0733, 0x0734, 0x0734, 0x0734, 
	0x0734, 0x0734, 0x0735, 0x0735, 0x0735, 0x0735, 0x0735, 0x0736, 0x0736, 0x0736, 0x0736, 0x0736, 0x0736, 0x0737, 0x0737, 0x0737, 
	0x0737, 0x0737, 0x0738, 0x0738, 0x0738, 0x0738, 0x0738, 0x0739, 0x0739, 0x0739, 0x0739, 0x0739, 0x073A, 0x073A, 0x073A, 0x073A, 
	0x073A, 0x073B, 0x073B, 0x073B, 0x073B, 0x073B, 0x073C, 0x073C, 0x073C, 0x073C, 0x073C, 0x073D, 0x073D, 0x073D, 0x073D, 0x073D, 
	0x073E, 0x073E, 0x073E, 0x073E, 0x073E, 0x073F, 0x073F, 0x073F, 0x073F, 0x073F, 0x0740, 0x0740, 0x0740, 0x0740, 0x0740, 0x0741, 
	0x0741, 0x0741, 0x0741, 0x0741, 0x0741, 0x0742, 0x0742, 0x0742, 0x0742, 0x0742, 0x0743, 0x0743, 0x0743, 0x0743, 0x0743, 0x0744, 
	0x0744, 0x0744, 0x0744, 0x0744, 0x0745, 0x0745, 0x0745, 0x0745, 0x0745, 0x0746, 0x0746, 0x0746, 0x0746, 0x0746, 0x0747, 0x0747, 
	0x0747, 0x0747, 0x0747, 0x0748, 0x0748, 0x0748, 0x0748, 0x0748, 0x0749, 0x0749, 0x0749, 0x0749, 0x0749, 0x0749, 0x074A, 0x074A, 
	0x074A, 0x074A, 0x074A, 0x074B, 0x074B, 0x074B, 0x074B, 0x074B, 0x074C, 0x074C, 0x074C, 0x074C, 0x074C, 0x074D, 0x074D, 0x074D, 
	0x074D, 0x074D, 0x074E, 0x074E, 0x074E, 0x074E, 0x074E, 0x074F, 0x074F, 0x074F, 0x074F, 0x074F, 0x0750, 0x0750, 0x0750, 0x0750, 
	0x0750, 0x0750, 0x0751, 0x0751, 0x0751, 0x0751, 0x0751, 0x0752, 0x0752, 0x0752, 0x0752, 0x0752, 0x0753, 0x0753, 0x0753, 0x0753, 
	0x0753, 0x0754, 0x0754, 0x0754, 0x0754, 0x0754, 0x0755, 0x0755, 0x0755, 0x0755, 0x0755, 0x0756, 0x0756, 0x0756, 0x0756, 0x0756, 
	0x0756, 0x0757, 0x0757, 0x0757, 0x0757, 0x0757, 0x0758, 0x0758, 0x0758, 0x0758, 0x0758, 0x0759, 0x0759, 0x0759, 0x0759, 0x0759, 
	0x075A, 0x075A, 0x075A, 0x075A, 0x075A, 0x075B, 0x075B, 0x075B, 0x075B, 0x075B, 0x075C, 0x075C, 0x075C, 0x075C, 0x075C, 0x075C, 
	0x075D, 0x075D, 0x075D, 0x075D, 0x075D, 0x075E, 0x075E, 0x075E, 0x075E, 0x075E, 0x075F, 0x075F, 0x075F, 0x075F, 0x075F, 0x0760, 
	0x0760, 0x0760, 0x0760, 0x0760, 0x0761, 0x0761, 0x0761, 0x0761, 0x0761, 0x0762, 0x0762, 0x0762, 0x0762, 0x0762, 0x0762, 0x0763, 
	0x0763, 0x0763, 0x0763, 0x0763, 0x0764, 0x0764, 0x0764, 0x0764, 0x0764, 0x0765, 0x0765, 0x0765, 0x0765, 0x0765, 0x0766, 0x0766, 
	0x0766, 0x0766, 0x0766, 0x0767, 0x0767, 0x0767, 0x0767, 0x0767, 0x0767, 0x0768, 0x0768, 0x0768, 0x0768, 0x0768, 0x0769, 0x0769, 
	0x0769, 0x0769, 0x0769, 0x076A, 0x076A, 0x076A, 0x076A, 0x076A, 0x076B, 0x076B, 0x076B, 0x076B, 0x076B, 0x076B, 0x076C, 0x076C, 
	0x076C, 0x076C, 0x076C, 0x076D, 0x076D, 0x076D, 0x076D, 0x076D, 0x076E, 0x076E, 0x076E, 0x076E, 0x076E, 0x076F, 0x076F, 0x076F, 
	0x076F, 0x076F, 0x0770, 0x0770, 0x0770, 0x0770, 0x0770, 0x0770, 0x0771, 0x0771, 0x0771, 0x0771, 0x0771, 0x0772, 0x0772, 0x0772, 
	0x0772, 0x0772, 0x0773, 0x0773, 0x0773, 0x0773, 0x0773, 0x0774, 0x0774, 0x0774, 0x0774, 0x0774, 0x0774, 0x0775, 0x0775, 0x0775, 
	0x0775, 0x0775, 0x0776, 0x0776, 0x0776, 0x0776, 0x0776, 0x0777, 0x0777, 0x0777, 0x0777, 0x0777, 0x0778, 0x0778, 0x0778, 0x0778, 
	0x0778, 0x0778, 0x0779, 0x0779, 0x0779, 0x0779, 0x0779, 0x077A, 0x077A, 0x077A, 0x077A, 0x077A, 0x077B, 0x077B, 0x077B, 0x077B, 
	0x077B, 0x077C, 0x077C, 0x077C, 0x077C, 0x077C, 0x077C, 0x077D, 0x077D, 0x077D, 0x077D, 0x077D, 0x077E, 0x077E, 0x077E, 0x077E, 
	0x077E, 0x077F, 0x077F, 0x077F, 0x077F, 0x077F, 0x0780, 0x0780, 0x0780, 0x0780, 0x0780, 0x0780, 0x0781, 0x0781, 0x0781, 0x0781, 
	0x0781, 0x0782, 0x0782, 0x0782, 0x0782, 0x0782, 0x0783, 0x0783, 0x0783, 0x0783, 0x0783, 0x0784, 0x0784, 0x0784, 0x0784, 0x0784, 
	0x0784, 0x0785, 0x0785, 0x0785, 0x0785, 0x0785, 0x0786, 0x0786, 0x0786, 0x0786, 0x0786, 0x0787, 0x0787, 0x0787, 0x0787, 0x0787, 
	0x0787, 0x0788, 0x0788, 0x0788, 0x0788, 0x0788, 0x0789, 0x0789, 0x0789, 0x0789, 0x0789, 0x078A, 0x078A, 0x078A, 0x078A, 0x078A, 
	0x078B, 0x078B, 0x078B, 0x078B, 0x078B, 0x078B, 0x078C, 0x078C, 0x078C, 0x078C, 0x078C, 0x078D, 0x078D, 0x078D, 0x078D, 0x078D, 
	0x078E, 0x078E, 0x078E, 0x078E, 0x078E, 0x078E, 0x078F, 0x078F, 0x078F, 0x078F, 0x078F, 0x0790, 0x0790, 0x0790, 0x0790, 0x0790, 
	0x0791, 0x0791, 0x0791, 0x0791, 0x0791, 0x0791, 0x0792, 0x0792, 0x0792, 0x0792, 0x0792, 0x0793, 0x0793, 0x0793, 0x0793, 0x0793, 
	0x0794, 0x0794, 0x0794, 0x0794, 0x0794, 0x0794, 0x0795, 0x0795, 0x0795, 0x0795, 0x0795, 0x0796, 0x0796, 0x0796, 0x0796, 0x0796, 
	0x0797, 0x0797, 0x0797, 0x0797, 0x0797, 0x0797, 0x0798, 0x0798, 0x0798, 0x0798, 0x0798, 0x0799, 0x0799, 0x0799, 0x0799, 0x0799, 
	0x079A, 0x079A, 0x079A, 0x079A, 0x079A, 0x079A, 0x079B, 0x079B, 0x079B, 0x079B, 0x079B, 0x079C, 0x079C, 0x079C, 0x079C, 0x079C, 
	0x079D, 0x079D, 0x079D, 0x079D, 0x079D, 0x079D, 0x079E, 0x079E, 0x079E, 0x079E, 0x079E, 0x079F, 0x079F, 0x079F, 0x079F, 0x079F, 
	0x07A0, 0x07A0, 0x07A0, 0x07A0, 0x07A0, 0x07A0, 0x07A1, 0x07A1, 0x07A1, 0x07A1, 0x07A1, 0x07A2, 0x07A2, 0x07A2, 0x07A2, 0x07A2, 
	0x07A3, 0x07A3, 0x07A3, 0x07A3, 0x07A3, 0x07A3, 0x07A4, 0x07A4, 0x07A4, 0x07A4, 0x07A4, 0x07A5, 0x07A5, 0x07A5, 0x07A5, 0x07A5, 
	0x07A6, 0x07A6, 0x07A6, 0x07A6, 0x07A6, 0x07A6, 0x07A7, 0x07A7, 0x07A7, 0x07A7, 0x07A7, 0x07A8, 0x07A8, 0x07A8, 0x07A8, 0x07A8, 
	0x07A9, 0x07A9, 0x07A9, 0x07A9, 0x07A9, 0x07A9, 0x07AA, 0x07AA, 0x07AA, 0x07AA, 0x07AA, 0x07AB, 0x07AB, 0x07AB, 0x07AB, 0x07AB, 
	0x07AB, 0x07AC, 0x07AC, 0x07AC, 0x07AC, 0x07AC, 0x07AD, 0x07AD, 0x07AD, 0x07AD, 0x07AD, 0x07AE, 0x07AE, 0x07AE, 0x07AE, 0x07AE, 
	0x07AE, 0x07AF, 0x07AF, 0x07AF, 0x07AF, 0x07AF, 0x07B0, 0x07B0, 0x07B0, 0x07B0, 0x07B0, 0x07B1, 0x07B1, 0x07B1, 0x07B1, 0x07B1, 
	0x07B1, 0x07B2, 0x07B2, 0x07B2, 0x07B2, 0x07B2, 0x07B3, 0x07B3, 0x07B3, 0x07B3, 0x07B3, 0x07B3, 0x07B4, 0x07B4, 0x07B4, 0x07B4, 
	0x07B4, 0x07B5, 0x07B5, 0x07B5, 0x07B5, 0x07B5, 0x07B6, 0x07B6, 0x07B6, 0x07B6, 0x07B6, 0x07B6, 0x07B7, 0x07B7, 0x07B7, 0x07B7, 
	0x07B7, 0x07B8, 0x07B8, 0x07B8, 0x07B8, 0x07B8, 0x07B8, 0x07B9, 0x07B9, 0x07B9, 0x07B9, 0x07B9, 0x07BA, 0x07BA, 0x07BA, 0x07BA, 
	0x07BA, 0x07BA, 0x07BB, 0x07BB, 0x07BB, 0x07BB, 0x07BB, 0x07BC, 0x07BC, 0x07BC, 0x07BC, 0x07BC, 0x07BD, 0x07BD, 0x07BD, 0x07BD, 
	0x07BD, 0x07BD, 0x07BE, 0x07BE, 0x07BE, 0x07BE, 0x07BE, 0x07BF, 0x07BF, 0x07BF, 0x07BF, 0x07BF, 0x07BF, 0x07C0, 0x07C0, 0x07C0, 
	0x07C0, 0x07C0, 0x07C1, 0x07C1, 0x07C1, 0x07C1, 0x07C1, 0x07C2, 0x07C2, 0x07C2, 0x07C2, 0x07C2, 0x07C2, 0x07C3, 0x07C3, 0x07C3, 
	0x07C3, 0x07C3, 0x07C4, 0x07C4, 0x07C4, 0x07C4, 0x07C4, 0x07C4, 0x07C5, 0x07C5, 0x07C5, 0x07C5, 0x07C5, 0x07C6, 0x07C6, 0x07C6, 
	0x07C6, 0x07C6, 0x07C6, 0x07C7, 0x07C7, 0x07C7, 0x07C7, 0x07C7, 0x07C8, 0x07C8, 0x07C8, 0x07C8, 0x07C8, 0x07C8, 0x07C9, 0x07C9, 
	0x07C9, 0x07C9, 0x07C9, 0x07CA, 0x07CA, 0x07CA, 0x07CA, 0x07CA, 0x07CB, 0x07CB, 0x07CB, 0x07CB, 0x07CB, 0x07CB, 0x07CC, 0x07CC, 
	0x07CC, 0x07CC, 0x07CC, 0x07CD, 0x07CD, 0x07CD, 0x07CD, 0x07CD, 0x07CD, 0x07CE, 0x07CE, 0x07CE, 0x07CE, 0x07CE, 0x07CF, 0x07CF, 
	0x07CF, 0x07CF, 0x07CF, 0x07CF, 0x07D0, 0x07D0, 0x07D0, 0x07D0, 0x07D0, 0x07D1, 0x07D1, 0x07D1, 0x07D1, 0x07D1, 0x07D1, 0x07D2, 
	0x07D2, 0x07D2, 0x07D2, 0x07D2, 0x07D3, 0x07D3, 0x07D3, 0x07D3, 0x07D3, 0x07D3, 0x07D4, 0x07D4, 0x07D4, 0x07D4, 0x07D4, 0x07D5, 
	0x07D5, 0x07D5, 0x07D5, 0x07D5, 0x07D5, 0x07D6, 0x07D6, 0x07D6, 0x07D6, 0x07D6, 0x07D7, 0x07D7, 0x07D7, 0x07D7, 0x07D7, 0x07D7, 
	0x07D8, 0x07D8, 0x07D8, 0x07D8, 0x07D8, 0x07D9, 0x07D9, 0x07D9, 0x07D9, 0x07D9, 0x07D9, 0x07DA, 0x07DA, 0x07DA, 0x07DA, 0x07DA, 
	0x07DB, 0x07DB, 0x07DB, 0x07DB, 0x07DB, 0x07DB, 0x07DC, 0x07DC, 0x07DC, 0x07DC, 0x07DC, 0x07DD, 0x07DD, 0x07DD, 0x07DD, 0x07DD, 
	0x07DD, 0x07DE, 0x07DE, 0x07DE, 0x07DE, 0x07DE, 0x07DF, 0x07DF, 0x07DF, 0x07DF, 0x07DF, 0x07DF, 0x07E0, 0x07E0, 0x07E0, 0x07E0, 
	0x07E0, 0x07E1, 0x07E1, 0x07E1, 0x07E1, 0x07E1, 0x07E1, 0x07E2, 0x07E2, 0x07E2, 0x07E2, 0x07E2, 0x07E3, 0x07E3, 0x07E3, 0x07E3, 
	0x07E3, 0x07E3, 0x07E4, 0x07E4, 0x07E4, 0x07E4, 0x07E4, 0x07E5, 0x07E5, 0x07E5, 0x07E5, 0x07E5, 0x07E5, 0x07E6, 0x07E6, 0x07E6, 
	0x07E6, 0x07E6, 0x07E7, 0x07E7, 0x07E7, 0x07E7, 0x07E7, 0x07E7, 0x07E8, 0x07E8, 0x07E8, 0x07E8, 0x07E8, 0x07E9, 0x07E9, 0x07E9, 
	0x07E9, 0x07E9, 0x07E9, 0x07EA, 0x07EA, 0x07EA, 0x07EA, 0x07EA, 0x07EB, 0x07EB, 0x07EB, 0x07EB, 0x07EB, 0x07EB, 0x07EC, 0x07EC, 
	0x07EC, 0x07EC, 0x07EC, 0x07ED, 0x07ED, 0x07ED, 0x07ED, 0x07ED, 0x07ED, 0x07EE, 0x07EE, 0x07EE, 0x07EE, 0x07EE, 0x07EF, 0x07EF, 
	0x07EF, 0x07EF, 0x07EF, 0x07EF, 0x07F0, 0x07F0, 0x07F0, 0x07F0, 0x07F0, 0x07F1, 0x07F1, 0x07F1, 0x07F1, 0x07F1, 0x07F1, 0x07F2, 
	0x07F2, 0x07F2, 0x07F2, 0x07F2, 0x07F2, 0x07F3, 0x07F3, 0x07F3, 0x07F3, 0x07F3, 0x07F4, 0x07F4, 0x07F4, 0x07F4, 0x07F4, 0x07F4, 
	0x07F5, 0x07F5, 0x07F5, 0x07F5, 0x07F5, 0x07F6, 0x07F6, 0x07F6, 0x07F6, 0x07F6, 0x07F6, 0x07F7, 0x07F7, 0x07F7, 0x07F7, 0x07F7, 
	0x07F8, 0x07F8, 0x07F8, 0x07F8, 0x07F8, 0x07F8, 0x07F9, 0x07F9, 0x07F9, 0x07F9, 0x07F9, 0x07FA, 0x07FA, 0x07FA, 0x07FA, 0x07FA, 
	0x07FA, 0x07FB, 0x07FB, 0x07FB, 0x07FB, 0x07FB, 0x07FB, 0x07FC, 0x07FC, 0x07FC, 0x07FC, 0x07FC, 0x07FD, 0x07FD, 0x07FD, 0x07FD, 
	0x07FD, 0x07FD, 0x07FE, 0x07FE, 0x07FE, 0x07FE, 0x07FE, 0x07FF, 0x07FF, 0x07FF, 0x07FF, 0x07FF, 0x07FF, 0x0800, 0x0800, 0x0800, 
	0x0800, 0x0800, 0x0800, 0x0801, 0x0801, 0x0801, 0x0801, 0x0801, 0x0802, 0x0802, 0x0802, 0x0802, 0x0802, 0x0802, 0x0803, 0x0803, 
	0x0803, 0x0803, 0x0803, 0x0804, 0x0804, 0x0804, 0x0804, 0x0804, 0x0804, 0x0805, 0x0805, 0x0805, 0x0805, 0x0805, 0x0806, 0x0806, 
	0x0806, 0x0806, 0x0806, 0x0806, 0x0807, 0x0807, 0x0807, 0x0807, 0x0807, 0x0807, 0x0808, 0x0808, 0x0808, 0x0808, 0x0808, 0x0809, 
	0x0809, 0x0809, 0x0809, 0x0809, 0x0809, 0x080A, 0x080A, 0x080A, 0x080A, 0x080A, 0x080A, 0x080B, 0x080B, 0x080B, 0x080B, 0x080B, 
	0x080C, 0x080C, 0x080C, 0x080C, 0x080C, 0x080C, 0x080D, 0x080D, 0x080D, 0x080D, 0x080D, 0x080E, 0x080E, 0x080E, 0x080E, 0x080E, 
	0x080E, 0x080F, 0x080F, 0x080F, 0x080F, 0x080F, 0x080F, 0x0810, 0x0810, 0x0810, 0x0810, 0x0810, 0x0811, 0x0811, 0x0811, 0x0811, 
	0x0811, 0x0811, 0x0812, 0x0812, 0x0812, 0x0812, 0x0812, 0x0813, 0x0813, 0x0813, 0x0813, 0x0813, 0x0813, 0x0814, 0x0814, 0x0814, 
	0x0814, 0x0814, 0x0814, 0x0815, 0x0815, 0x0815, 0x0815, 0x0815, 0x0816, 0x0816, 0x0816, 0x0816, 0x0816, 0x0816, 0x0817, 0x0817, 
	0x0817, 0x0817, 0x0817, 0x0817, 0x0818, 0x0818, 0x0818, 0x0818, 0x0818, 0x0819, 0x0819, 0x0819, 0x0819, 0x0819, 0x0819, 0x081A, 
	0x081A, 0x081A, 0x081A, 0x081A, 0x081A, 0x081B, 0x081B, 0x081B, 0x081B, 0x081B, 0x081C, 0x081C, 0x081C, 0x081C, 0x081C, 0x081C, 
	0x081D, 0x081D, 0x081D, 0x081D, 0x081D, 0x081D, 0x081E, 0x081E, 0x081E, 0x081E, 0x081E, 0x081F, 0x081F, 0x081F, 0x081F, 0x081F, 
	0x081F, 0x0820, 0x0820, 0x0820, 0x0820, 0x0820, 0x0820, 0x0821, 0x0821, 0x0821, 0x0821, 0x0821, 0x0822, 0x0822, 0x0822, 0x0822, 
	0x0822, 0x0822, 0x0823, 0x0823, 0x0823, 0x0823, 0x0823, 0x0824, 0x0824, 0x0824, 0x0824, 0x0824, 0x0824, 0x0825, 0x0825, 0x0825, 
	0x0825, 0x0825, 0x0825, 0x0826, 0x0826, 0x0826, 0x0826, 0x0826, 0x0826, 0x0827, 0x0827, 0x0827, 0x0827, 0x0827, 0x0828, 0x0828, 
	0x0828, 0x0828, 0x0828, 0x0828, 0x0829, 0x0829, 0x0829, 0x0829, 0x0829, 0x0829, 0x082A, 0x082A, 0x082A, 0x082A, 0x082A, 0x082B, 
	0x082B, 0x082B, 0x082B, 0x082B, 0x082B, 0x082C, 0x082C, 0x082C, 0x082C, 0x082C, 0x082C, 0x082D, 0x082D, 0x082D, 0x082D, 0x082D, 
	0x082E, 0x082E, 0x082E, 0x082E, 0x082E, 0x082E, 0x082F, 0x082F, 0x082F, 0x082F, 0x082F, 0x082F, 0x0830, 0x0830, 0x0830, 0x0830, 
	0x0830, 0x0831, 0x0831, 0x0831, 0x0831, 0x0831, 0x0831, 0x0832, 0x0832, 0x0832, 0x0832, 0x0832, 0x0832, 0x0833, 0x0833, 0x0833, 
	0x0833, 0x0833, 0x0833, 0x0834, 0x0834, 0x0834, 0x0834, 0x0834, 0x0835, 0x0835, 0x0835, 0x0835, 0x0835, 0x0835, 0x0836, 0x0836, 
	0x0836, 0x0836, 0x0836, 0x0836, 0x0837, 0x0837, 0x0837, 0x0837, 0x0837, 0x0838, 0x0838, 0x0838, 0x0838, 0x0838, 0x0838, 0x0839, 
	0x0839, 0x0839, 0x0839, 0x0839, 0x0839, 0x083A, 0x083A, 0x083A, 0x083A, 0x083A, 0x083A, 0x083B, 0x083B, 0x083B, 0x083B, 0x083B, 
	0x083C, 0x083C, 0x083C, 0x083C, 0x083C, 0x083C, 0x083D, 0x083D, 0x083D, 0x083D, 0x083D, 0x083D, 0x083E, 0x083E, 0x083E, 0x083E, 
	0x083E, 0x083F, 0x083F, 0x083F, 0x083F, 0x083F, 0x083F, 0x0840, 0x0840, 0x0840, 0x0840, 0x0840, 0x0840, 0x0841, 0x0841, 0x0841, 
	0x0841, 0x0841, 0x0841, 0x0842, 0x0842, 0x0842, 0x0842, 0x0842, 0x0843, 0x0843, 0x0843, 0x0843, 0x0843, 0x0843, 0x0844, 0x0844, 
	0x0844, 0x0844, 0x0844, 0x0844, 0x0845, 0x0845, 0x0845, 0x0845, 0x0845, 0x0845, 0x0846, 0x0846, 0x0846, 0x0846, 0x0846, 0x0847, 
	0x0847, 0x0847, 0x0847, 0x0847, 0x0847, 0x0848, 0x0848, 0x0848, 0x0848, 0x0848, 0x0848, 0x0849, 0x0849, 0x0849, 0x0849, 0x0849, 
	0x0849, 0x084A, 0x084A, 0x084A, 0x084A, 0x084A, 0x084B, 0x084B, 0x084B, 0x084B, 0x084B, 0x084B, 0x084C, 0x084C, 0x084C, 0x084C, 
	0x084C, 0x084C, 0x084D, 0x084D, 0x084D, 0x084D, 0x084D, 0x084D, 0x084E, 0x084E, 0x084E, 0x084E, 0x084E, 0x084F, 0x084F, 0x084F, 
	0x084F, 0x084F, 0x084F, 0x0850, 0x0850, 0x0850, 0x0850, 0x0850, 0x0850, 0x0851, 0x0851, 0x0851, 0x0851, 0x0851, 0x0851, 0x0852, 
	0x0852, 0x0852, 0x0852, 0x0852, 0x0852, 0x0853, 0x0853, 0x0853, 0x0853, 0x0853, 0x0854, 0x0854, 0x0854, 0x0854, 0x0854, 0x0854, 
	0x0855, 0x0855, 0x0855, 0x0855, 0x0855, 0x0855, 0x0856, 0x0856, 0x0856, 0x0856, 0x0856, 0x0856, 0x0857, 0x0857, 0x0857, 0x0857, 
	0x0857, 0x0857, 0x0858, 0x0858, 0x0858, 0x0858, 0x0858, 0x0859, 0x0859, 0x0859, 0x0859, 0x0859, 0x0859, 0x085A, 0x085A, 0x085A, 
	0x085A, 0x085A, 0x085A, 0x085B, 0x085B, 0x085B, 0x085B, 0x085B, 0x085B, 0x085C, 0x085C, 0x085C, 0x085C, 0x085C, 0x085C, 0x085D, 
	0x085D, 0x085D, 0x085D, 0x085D, 0x085E, 0x085E, 0x085E, 0x085E, 0x085E, 0x085E, 0x085F, 0x085F, 0x085F, 0x085F, 0x085F, 0x085F, 
	0x0860, 0x0860, 0x0860, 0x0860, 0x0860, 0x0860, 0x0861, 0x0861, 0x0861, 0x0861, 0x0861, 0x0861, 0x0862, 0x0862, 0x0862, 0x0862, 
	0x0862, 0x0863, 0x0863, 0x0863, 0x0863, 0x0863, 0x0863, 0x0864, 0x0864, 0x0864, 0x0864, 0x0864, 0x0864, 0x0865, 0x0865, 0x0865, 
	0x0865, 0x0865, 0x0865, 0x0866, 0x0866, 0x0866, 0x0866, 0x0866, 0x0866, 0x0867, 0x0867, 0x0867, 0x0867, 0x0867, 0x0867, 0x0868, 
	0x0868, 0x0868, 0x0868, 0x0868, 0x0869, 0x0869, 0x0869, 0x0869, 0x0869, 0x0869, 0x086A, 0x086A, 0x086A, 0x086A, 0x086A, 0x086A, 
	0x086B, 0x086B, 0x086B, 0x086B, 0x086B, 0x086B, 0x086C, 0x086C, 0x086C, 0x086C, 0x086C, 0x086C, 0x086D, 0x086D, 0x086D, 0x086D, 
	0x086D, 0x086D, 0x086E, 0x086E, 0x086E, 0x086E, 0x086E, 0x086F, 0x086F, 0x086F, 0x086F, 0x086F, 0x086F, 0x0870, 0x0870, 0x0870, 
	0x0870, 0x0870, 0x0870, 0x0871, 0x0871, 0x0871, 0x0871, 0x0871, 0x0871, 0x0872, 0x0872, 0x0872, 0x0872, 0x0872, 0x0872, 0x0873, 
	0x0873, 0x0873, 0x0873, 0x0873, 0x0873, 0x0874, 0x0874, 0x0874, 0x0874, 0x0874, 0x0874, 0x0875, 0x0875, 0x0875, 0x0875, 0x0875, 
	0x0876, 0x0876, 0x0876, 0x0876, 0x0876, 0x0876, 0x0877, 0x0877, 0x0877, 0x0877, 0x0877, 0x0877, 0x0878, 0x0878, 0x0878, 0x0878, 
	0x0878, 0x0878, 0x0879, 0x0879, 0x0879, 0x0879, 0x0879, 0x0879, 0x087A, 0x087A, 0x087A, 0x087A, 0x087A, 0x087A, 0x087B, 0x087B, 
	0x087B, 0x087B, 0x087B, 0x087B, 0x087C, 0x087C, 0x087C, 0x087C, 0x087C, 0x087D, 0x087D, 0x087D, 0x087D, 0x087D, 0x087D, 0x087E, 
	0x087E, 0x087E, 0x087E, 0x087E, 0x087E, 0x087F, 0x087F, 0x087F, 0x087F, 0x087F, 0x087F, 0x0880, 0x0880, 0x0880, 0x0880, 0x0880, 
	0x0880, 0x0881, 0x0881, 0x0881, 0x0881, 0x0881, 0x0881, 0x0882, 0x0882, 0x0882, 0x0882, 0x0882, 0x0882, 0x0883, 0x0883, 0x0883, 
	0x0883, 0x0883, 0x0883, 0x0884, 0x0884, 0x0884, 0x0884, 0x0884, 0x0884, 0x0885, 0x0885, 0x0885, 0x0885, 0x0885, 0x0886, 0x0886, 
	0x0886, 0x0886, 0x0886, 0x0886, 0x0887, 0x0887, 0x0887, 0x0887, 0x0887, 0x0887, 0x0888, 0x0888, 0x0888, 0x0888, 0x0888, 0x0888, 
	0x0889, 0x0889, 0x0889, 0x0889, 0x0889, 0x0889, 0x088A, 0x088A, 0x088A, 0x088A, 0x088A, 0x088A, 0x088B, 0x088B, 0x088B, 0x088B, 
	0x088B, 0x088B, 0x088C, 0x088C, 0x088C, 0x088C, 0x088C, 0x088C, 0x088D, 0x088D, 0x088D, 0x088D, 0x088D, 0x088D, 0x088E, 0x088E, 
	0x088E, 0x088E, 0x088E, 0x088E, 0x088F, 0x088F, 0x088F, 0x088F, 0x088F, 0x088F, 0x0890, 0x0890, 0x0890, 0x0890, 0x0890, 0x0890, 
	0x0891, 0x0891, 0x0891, 0x0891, 0x0891, 0x0892, 0x0892, 0x0892, 0x0892, 0x0892, 0x0892, 0x0893, 0x0893, 0x0893, 0x0893, 0x0893, 
	0x0893, 0x0894, 0x0894, 0x0894, 0x0894, 0x0894, 0x0894, 0x0895, 0x0895, 0x0895, 0x0895, 0x0895, 0x0895, 0x0896, 0x0896, 0x0896, 
	0x0896, 0x0896, 0x0896, 0x0897, 0x0897, 0x0897, 0x0897, 0x0897, 0x0897, 0x0898, 0x0898, 0x0898, 0x0898, 0x0898, 0x0898, 0x0899, 
	0x0899, 0x0899, 0x0899, 0x0899, 0x0899, 0x089A, 0x089A, 0x089A, 0x089A, 0x089A, 0x089A, 0x089B, 0x089B, 0x089B, 0x089B, 0x089B, 
	0x089B, 0x089C, 0x089C, 0x089C, 0x089C, 0x089C, 0x089C, 0x089D, 0x089D, 0x089D, 0x089D, 0x089D, 0x089D, 0x089E, 0x089E, 0x089E, 
	0x089E, 0x089E, 0x089E, 0x089F, 0x089F, 0x089F, 0x089F, 0x089F, 0x089F, 0x08A0, 0x08A0, 0x08A0, 0x08A0, 0x08A0, 0x08A0, 0x08A1, 
	0x08A1, 0x08A1, 0x08A1, 0x08A1, 0x08A1, 0x08A2, 0x08A2, 0x08A2, 0x08A2, 0x08A2, 0x08A2, 0x08A3, 0x08A3, 0x08A3, 0x08A3, 0x08A3, 
	0x08A3, 0x08A4, 0x08A4, 0x08A4, 0x08A4, 0x08A4, 0x08A4, 0x08A5, 0x08A5, 0x08A5, 0x08A5, 0x08A5, 0x08A6, 0x08A6, 0x08A6, 0x08A6, 
	0x08A6, 0x08A6, 0x08A7, 0x08A7, 0x08A7, 0x08A7, 0x08A7, 0x08A7, 0x08A8, 0x08A8, 0x08A8, 0x08A8, 0x08A8, 0x08A8, 0x08A9, 0x08A9, 
	0x08A9, 0x08A9, 0x08A9, 0x08A9, 0x08AA, 0x08AA, 0x08AA, 0x08AA, 0x08AA, 0x08AA, 0x08AB, 0x08AB, 0x08AB, 0x08AB, 0x08AB, 0x08AB, 
	0x08AC, 0x08AC, 0x08AC, 0x08AC, 0x08AC, 0x08AC, 0x08AD, 0x08AD, 0x08AD, 0x08AD, 0x08AD, 0x08AD, 0x08AE, 0x08AE, 0x08AE, 0x08AE, 
	0x08AE, 0x08AE, 0x08AF, 0x08AF, 0x08AF, 0x08AF, 0x08AF, 0x08AF, 0x08B0, 0x08B0, 0x08B0, 0x08B0, 0x08B0, 0x08B0, 0x08B1, 0x08B1, 
	0x08B1, 0x08B1, 0x08B1, 0x08B1, 0x08B2, 0x08B2, 0x08B2, 0x08B2, 0x08B2, 0x08B2, 0x08B3, 0x08B3, 0x08B3, 0x08B3, 0x08B3, 0x08B3, 
	0x08B4, 0x08B4, 0x08B4, 0x08B4, 0x08B4, 0x08B4, 0x08B5, 0x08B5, 0x08B5, 0x08B5, 0x08B5, 0x08B5, 0x08B6, 0x08B6, 0x08B6, 0x08B6, 
	0x08B6, 0x08B6, 0x08B7, 0x08B7, 0x08B7, 0x08B7, 0x08B7, 0x08B7, 0x08B8, 0x08B8, 0x08B8, 0x08B8, 0x08B8, 0x08B8, 0x08B9, 0x08B9, 
	0x08B9, 0x08B9, 0x08B9, 0x08B9, 0x08BA, 0x08BA, 0x08BA, 0x08BA, 0x08BA, 0x08BA, 0x08BB, 0x08BB, 0x08BB, 0x08BB, 0x08BB, 0x08BB, 
	0x08BC, 0x08BC, 0x08BC, 0x08BC, 0x08BC, 0x08BC, 0x08BC, 0x08BD, 0x08BD, 0x08BD, 0x08BD, 0x08BD, 0x08BD, 0x08BE, 0x08BE, 0x08BE, 
	0x08BE, 0x08BE, 0x08BE, 0x08BF, 0x08BF, 0x08BF, 0x08BF, 0x08BF, 0x08BF, 0x08C0, 0x08C0, 0x08C0, 0x08C0, 0x08C0, 0x08C0, 0x08C1, 
	0x08C1, 0x08C1, 0x08C1, 0x08C1, 0x08C1, 0x08C2, 0x08C2, 0x08C2, 0x08C2, 0x08C2, 0x08C2, 0x08C3, 0x08C3, 0x08C3, 0x08C3, 0x08C3, 
	0x08C3, 0x08C4, 0x08C4, 0x08C4, 0x08C4, 0x08C4, 0x08C4, 0x08C5, 0x08C5, 0x08C5, 0x08C5, 0x08C5, 0x08C5, 0x08C6, 0x08C6, 0x08C6, 
	0x08C6, 0x08C6, 0x08C6, 0x08C7, 0x08C7, 0x08C7, 0x08C7, 0x08C7, 0x08C7, 0x08C8, 0x08C8, 0x08C8, 0x08C8, 0x08C8, 0x08C8, 0x08C9, 
	0x08C9, 0x08C9, 0x08C9, 0x08C9, 0x08C9, 0x08CA, 0x08CA, 0x08CA, 0x08CA, 0x08CA, 0x08CA, 0x08CA, 0x08CA, 0x08CA, 0x08CA, 0x08CA, 
	0x08CA, 0x08CA, 0x08CA, 0x08CA, 0x08CA, 0x08CA, 0x08CA, 0x08CA, 0x08CA, 0x08CA, 0x08CA, 0x08CA, 0x08CA, 0x08CA, 0x08CA, 0x08CA, 
	0x08CA, 0x08CA, 0x08CA, 0x08CA, 0x08CA, 0x08CA, 0x08CA, 0x08CA, 0x08CA, 0x08CA, 0x08CA, 0x08CA, 0x08CA, 0x08CA, 0x08CA, 0x08CA, 
	0x08CA, 0x08CA, 0x08CA, 0x08CA, 0x08CA, 0x08CA, 0x08CA, 0x08CA, 0x08CA, 0x08CA, 0x08CA, 0x08CA, 0x08CA, 0x08CA, 0x08CA, 0x08CA, 
	0x08CA, 0x08CA, 0x08CA, 0x08CA, 0x08CA, 0x08CA, 0x08CA, 0x08CA, 0x08CA, 0x08CA, 0x08CA, 0x08CA, 0x08CA, 0x08CA, 0x08CA, 0x08CA, 
	0x08CA, 0x08CA, 0x08CA, 0x08CA, 0x08CA, 0x08CA, 0x08CA, 0x08CA, 0x08CA, 0x08CA, 0x08CA, 0x08CA, 0x08CA, 0x08CA, 0x08CA, 0x08CA, 
	0x08CA, 0x08CA, 0x08CA, 0x08CA, 0x08CA, 0x08CA, 0x08CA, 0x08CA, 0x08CA, 0x08CA, 0x08CA, 0x08CA, 0x08CA, 0x08CA, 0x08CA, 0x08CA, 
	0x08CA, 0x08CA, 0x08CA, 0x08CA, 0x08CA, 0x08CA, 0x08CA, 0x08CA, 0x08CA, 0x08CA, 0x08CA, 0x08CA, 0x08CA, 0x08CA, 0x08CA, 0x08CA, 
	0x08CA, 0x08CA, 0x08CA, 0x08CA, 0x08CA, 0x08CA, 0x08CA, 0x08CA, 0x08CA, 0x08CA, 0x08CA, 0x08CA, 0x08CA, 0x08CA, 0x08CA, 0x08CA, 
	0x08CA, 0x08CA, 0x08CA, 0x08CA, 0x08CA, 0x08CA, 0x08CA, 0x08CA, 0x08CA, 0x08CA, 0x08CA, 0x08CA, 0x08CA, 0x08CA, 0x08CA, 0x08CA, 
	0x08CA, 0x08CA, 0x08CA, 0x08CA, 0x08CA, 0x08CA, 0x08CA, 0x08CA, 0x08CA, 0x08CA, 0x08CA, 0x08CA, 0x08CA, 0x08CA, 0x08CA, 0x08CA, 
	0x08CA, 0x08CA, 0x08CA, 0x08CA, 0x08CA, 0x08CA, 0x08CA, 0x08CA, 0x08CA, 0x08CA, 0x08CA, 0x08CA, 0x08CA, 0x08CA, 0x08CA, 0x08CA, 
	0x08CA, 0x08CA, 0x08CA, 0x08CA, 0x08CA, 0x08CA, 0x08CA, 0x08CA, 0x08CA, 0x08CA, 0x08CA, 0x08CA, 0x08CA, 0x08CA, 0x08CA, 0x08CA, 
	0x08CA, 0x08CA, 0x08CA, 0x08CA, 0x08CA, 0x08CA, 0x08CA, 0x08CA, 0x08CA, 0x08CA, 0x08CA, 0x08CA, 0x08CA, 0x08CA, 0x08CA, 0x08CA, 
	0x08CA, 0x08CA, 0x08CA, 0x08CA, 0x08CA, 0x08CA, 0x08CA, 0x08CA, 0x08CA, 0x08CA, 0x08CA, 0x08CA, 0x08CA, 0x08CA, 0x08CA, 0x08CA, 
	0x08CA, 0x08CA, 0x08CA, 0x08CA, 0x08CA, 0x08CA, 0x08CA, 0x08CA, 0x08CA, 0x08CA, 0x08CA, 0x08CA, 0x08CA, 0x08CA, 0x08CA, 0x08CA, 
	0x08CA, 0x08CA, 0x08CA, 0x08CA, 0x08CA, 0x08CA, 0x08CA, 0x08CA, 0x08CA, 0x08CA, 0x08CA, 0x08CA, 0x08CA, 0x08CA, 0x08CA, 0x08CA, 
	0x08CA, 0x08CA, 0x08CA, 0x08CA, 0x08CA, 0x08CA, 0x08CA, 0x08CA, 0x08CA, 0x08CA, 0x08CA, 0x08CA, 0x08CA, 0x08CA, 0x08CA, 0x08CA, 
	0x08CA, 0x08CA, 0x08CA, 0x08CA, 0x08CA, 0x08CA, 0x08CA, 0x08CA, 0x08CA, 0x08CA, 0x08CA, 0x08CA, 0x08CA, 0x08CA, 0x08CA, 0x08CA, 
	0x08CA, 0x08CA, 0x08CA, 0x08CA, 0x08CA, 0x08CA, 0x08CA, 0x08CA, 0x08CA, 0x08CA, 0x08CA, 0x08CA, 0x08CA, 0x08CA, 0x08CA, 0x08CA, 
	0x08CA, 0x08CA, 0x08CA, 0x08CA, 0x08CA, 0x08CA, 0x08CA, 0x08CA, 0x08CA, 0x08CA, 0x08CA, 0x08CA, 0x08CA, 0x08CA, 0x08CA, 0x08CA, 
	0x08CA, 0x08CA, 0x08CA, 0x08CA, 0x08CA, 0x08CA, 0x08CA, 0x08CA, 0x08CA, 0x08CA, 0x08CA, 0x08CA, 0x08CA, 0x08CA, 0x08CA, 0x08CA, 
	0x08CA, 0x08CA, 0x08CA, 0x08CA, 0x08CA, 0x08CA, 0x08CA, 0x08CA, 0x08CA, 0x08CA, 0x08CA, 0x08CA, 0x08CA, 0x08CA, 0x08CA, 0x08CA, 
	0x08CA, 0x08CA, 0x08CA, 0x08CA, 0x08CA, 0x08CA, 0x08CA, 0x08CA, 0x08CA, 0x08CA, 0x08CA, 0x08CA, 0x08CA, 0x08CA, 0x08CA, 0x08CA, 
	0x08CA, 0x08CA, 0x08CA, 0x08CA, 0x08CA, 0x08CA, 0x08CA, 0x08CA, 0x08CA, 0x08CA, 0x08CA, 0x08CA, 0x08CA, 0x08CA, 0x08CA, 0x08CA, 
	0x08CA, 0x08CA, 0x08CA, 0x08CA, 0x08CA, 0x08CA, 0x08CA, 0x08CA, 0x08CA, 0x08CA, 0x08CA, 0x08CA, 0x08CA, 0x08CA, 0x08CA, 0x08CA, 
	0x08CA, 0x08CA, 0x08CA, 0x08CA, 0x08CA, 0x08CA, 0x08CA, 0x08CA, 0x08CA, 0x08CA, 0x08CA, 0x08CA, 0x08CA, 0x08CA, 0x08CA, 0x08CA, 
	0x08CA, 0x08CA, 0x08CA, 0x08CA, 0x08CA, 0x08CA, 0x08CA, 0x08CA, 0x08CA, 0x08CA, 0x08CA, 0x08CA, 0x08CA, 0x08CA, 0x08CA, 0x08CA, 
	0x08CA, 0x08CA, 0x08CA, 0x08CA, 0x08CA, 0x08CA, 0x08CA, 0x08CA, 0x08CA, 0x08CA, 0x08CA, 0x08CA, 0x08CA, 0x08CA, 0x08CA, 0x08CA, 
	0x08CA, 0x08CA, 0x08CA, 0x08CA, 0x08CA, 0x08CA, 0x08CA, 0x08CA, 0x08CA, 0x08CA, 0x08CA, 0x08CA, 0x08CA, 0x08CA, 0x08CA, 0x08CA, 
	0x08CA, 0x08CA, 0x08CA, 0x08CA, 0x08CA, 0x08CA, 0x08CA, 0x08CA, 0x08CA, 0x08CA, 0x08CA, 0x08CA, 0x08CA, 0x08CA, 0x08CA, 0x08CA, 
	0x08CA, 0x08CA, 0x08CA, 0x08CA, 0x08CA, 0x08CA, 0x08CA, 0x08CA, 0x08CA, 0x08CA, 0x08CA, 0x08CA, 0x08CA, 0x08CA, 0x08CA, 0x08CA, 
	0x08CA, 0x08CA, 0x08CA, 0x08CA, 0x08CA, 0x08CA, 0x08CA, 0x08CA, 0x08CA, 0x08CA, 0x08CA, 0x08CA, 0x08CA, 0x08CA, 0x08CA, 0x08CA, 
	0x08CA, 0x08CA, 0x08CA, 0x08CA, 0x08CA, 0x08CA, 0x08CA, 0x08CA, 0x08CA, 0x08CA, 0x08CA, 0x08CA, 0x08CA, 0x08CA, 0x08CA, 0x08CA, 
	0x08CA, 0x08CA, 0x08CA, 0x08CA, 0x08CA, 0x08CA, 0x08CA, 0x08CA, 0x08CA, 0x08CA, 0x08CA, 0x08CA, 0x08CA, 0x08CA, 0x08CA, 0x08CA, 
	0x08CA, 0x08CA, 0x08CA, 0x08CA, 0x08CA, 0x08CA, 0x08CA, 0x08CA, 0x08CA, 0x08CA, 0x08CA, 0x08CA, 0x08CA, 0x08CA, 0x08CA, 0x08CA, 
	0x08CA, 0x08CA, 0x08CA, 0x08CA, 0x08CA, 0x08CA, 0x08CA, 0x08CA, 0x08CA, 0x08CA, 0x08CA, 0x08CA, 0x08CA, 0x08CA, 0x08CA, 0x08CA, 
	0x08CA, 0x08CA, 0x08CA, 0x08CA, 0x08CA, 0x08CA, 0x08CA, 0x08CA, 0x08CA, 0x08CA, 0x08CA, 0x08CA, 0x08CA, 0x08CA, 0x08CA, 0x08CA, 
	0x08CA, 0x08CA, 0x08CA, 0x08CA, 0x08CA, 0x08CA, 0x08CA, 0x08CA, 0x08CA, 0x08CA, 0x08CA, 0x08CA, 0x08CA, 0x08CA, 0x08CA, 0x08CA, 
	0x08CA, 0x08CA, 0x08CA, 0x08CA, 0x08CA, 0x08CA, 0x08CA, 0x08CA, 0x08CA, 0x08CA, 0x08CA, 0x08CA, 0x08CA, 0x08CA, 0x08CA, 0x08CA, 
	0x08CA, 0x08CA, 0x08CA, 0x08CA, 0x08CA, 0x08CA, 0x08CA, 0x08CA, 0x08CA, 0x08CA, 0x08CA, 0x08CA, 0x08CA, 0x08CA, 0x08CA, 0x08CA, 
	0x08CA, 0x08CA, 0x08CA, 0x08CA, 0x08CA, 0x08CA, 0x08CA, 0x08CA, 0x08CA, 0x08CA, 0x08CA, 0x08CA, 0x08CA, 0x08CA, 0x08CA, 0x08CA, 
	0x08CA, 0x08CA, 0x08CA, 0x08CA, 0x08CA, 0x08CA, 0x08CA, 0x08CA, 0x08CA, 0x08CA, 0x08CA, 0x08CA, 0x08CA, 0x08CA, 0x08CA, 0x08CA, 
	0x08CA, 0x08CA, 0x08CA, 0x08CA, 0x08CA, 0x08CA, 0x08CA, 0x08CA, 0x08CA, 0x08CA, 0x08CA, 0x08CA, 0x08CA, 0x08CA, 0x08CA, 0x08CA, 
	0x08CA, 0x08CA, 0x08CA, 0x08CA, 0x08CA, 0x08CA, 0x08CA, 0x08CA, 0x08CA, 0x08CA, 0x08CA, 0x08CA, 0x08CA, 0x08CA, 0x08CA, 0x08CA, 
	0x08CA, 0x08CA, 0x08CA, 0x08CA, 0x08CA, 0x08CA, 0x08CA, 0x08CA, 0x08CA, 0x08CA, 0x08CA, 0x08CA, 0x08CA, 0x08CA, 0x08CA, 0x08CA, 
	0x08CA, 0x08CA, 0x08CA, 0x08CA, 0x08CA, 0x08CA, 0x08CA, 0x08CA, 0x08CA, 0x08CA, 0x08CA, 0x08CA, 0x08CA, 0x08CA, 0x08CA, 0x08CA, 
	0x08CA, 0x08CA, 0x08CA, 0x08CA, 0x08CA, 0x08CA, 0x08CA, 0x08CA, 0x08CA, 0x08CA, 0x08CA, 0x08CA, 0x08CA, 0x08CA, 0x08CA, 0x08CA, 
	0x08CA, 0x08CA, 0x08CA, 0x08CA, 0x08CA, 0x08CA, 0x08CA, 0x08CA, 0x08CA, 0x08CA, 0x08CA, 0x08CA, 0x08CA, 0x08CA, 0x08CA, 0x08CA, 
	0x08CA, 0x08CA, 0x08CA, 0x08CA, 0x08CA, 0x08CA, 0x08CA, 0x08CA, 0x08CA, 0x08CA, 0x08CA, 0x08CA, 0x08CA, 0x08CA, 0x08CA, 0x08CA, 
	0x08CA, 0x08CA, 0x08CA, 0x08CA, 0x08CA, 0x08CA, 0x08CA, 0x08CA, 0x08CA, 0x08CA, 0x08CA, 0x08CA, 0x08CA, 0x08CA, 0x08CA, 0x08CA, 
	0x08CA, 0x08CA, 0x08CA, 0x08CA, 0x08CA, 0x08CA, 0x08CA, 0x08CA, 0x08CA, 0x08CA, 0x08CA, 0x08CA, 0x08CA, 0x08CA, 0x08CA, 0x08CA, 
	0x08CA, 0x08CA, 0x08CA, 0x08CA, 0x08CA, 0x08CA, 0x08CA, 0x08CA, 0x08CA, 0x08CA, 0x08CA, 0x08CA, 0x08CA, 0x08CA, 0x08CA, 0x08CA, 
	0x08CA, 0x08CA, 0x08CA, 0x08CA, 0x08CA, 0x08CA, 0x08CA, 0x08CA, 0x08CA, 0x08CA, 0x08CA, 0x08CA, 0x08CA, 0x08CA, 0x08CA, 0x08CA, 
	0x08CA, 0x08CA, 0x08CA, 0x08CA, 0x08CA, 0x08CA, 0x08CA, 0x08CA, 0x08CA, 0x08CA, 0x08CA, 0x08CA, 0x08CA, 0x08CA, 0x08CA, 0x08CA, 
	0x08CA, 0x08CA, 0x08CA, 0x08CA, 0x08CA, 0x08CA, 0x08CA, 0x08CA, 0x08CA, 0x08CA, 0x08CA, 0x08CA, 0x08CA, 0x08CA, 0x08CA, 0x08CA, 
	0x08CA, 0x08CA, 0x08CA, 0x08CA, 0x08CA, 0x08CA, 0x08CA, 0x08CA, 0x08CA, 0x08CA, 0x08CA, 0x08CA, 0x08CA, 0x08CA, 0x08CA, 0x08CA, 
	0x08CA, 0x08CA, 0x08CA, 0x08CA, 0x08CA, 0x08CA, 0x08CA, 0x08CA, 0x08CA, 0x08CA, 0x08CA, 0x08CA, 0x08CA, 0x08CA, 0x08CA, 0x08CA, 
	0x08CA, 0x08CA, 0x08CA, 0x08CA, 0x08CA, 0x08CA, 0x08CA, 0x08CA, 0x08CA, 0x08CA, 0x08CA, 0x08CA, 0x08CA, 0x08CA, 0x08CA, 0x08CA, 
	0x08CA, 0x08CA, 0x08CA, 0x08CA, 0x08CA, 0x08CA, 0x08CA, 0x08CA, 0x08CA, 0x08CA, 0x08CA, 0x08CA, 0x08CA, 0x08CA, 0x08CA, 0x08CA, 
	0x08CA, 0x08CA, 0x08CA, 0x08CA, 0x08CA, 0x08CA, 0x08CA, 0x08CA, 0x08CA, 0x08CA, 0x08CA, 0x08CA, 0x08CA, 0x08CA, 0x08CA, 0x08CA, 
	0x08CA, 0x08CA, 0x08CA, 0x08CA, 0x08CA, 0x08CA, 0x08CA, 0x08CA, 0x08CA, 0x08CA, 0x08CA, 0x08CA, 0x08CA, 0x08CA, 0x08CA, 0x08CA, 
	0x08CA, 0x08CA, 0x08CA, 0x08CA, 0x08CA, 0x08CA, 0x08CA, 0x08CA, 0x08CA, 0x08CA, 0x08CA, 0x08CA, 0x08CA, 0x08CA, 0x08CA, 0x08CA, 
	0x08CA, 0x08CA, 0x08CA, 0x08CA, 0x08CA, 0x08CA, 0x08CA, 0x08CA, 0x08CA, 0x08CA, 0x08CA, 0x08CA, 0x08CA, 0x08CA, 0x08CA, 0x08CA, 
	0x08CA, 0x08CA, 0x08CA, 0x08CA, 0x08CA, 0x08CA, 0x08CA, 0x08CA, 0x08CA, 0x08CA, 0x08CA, 0x08CA, 0x08CA, 0x08CA, 0x08CA, 0x08CA, 
	0x08CA, 0x08CA, 0x08CA, 0x08CA, 0x08CA, 0x08CA, 0x08CA, 0x08CA, 0x08CA, 0x08CA, 0x08CA, 0x08CA, 0x08CA, 0x08CA, 0x08CA, 0x08CA, 
	0x08CA, 0x08CA, 0x08CA, 0x08CA, 0x08CA, 0x08CA, 0x08CA, 0x08CA, 0x08CA, 0x08CA, 0x08CA, 0x08CA, 0x08CA, 0x08CA, 0x08CA, 0x08CA, 
	0x08CA, 0x08CA, 0x08CA, 0x08CA, 0x08CA, 0x08CA, 0x08CA, 0x08CA, 0x08CA, 0x08CA, 0x08CA, 0x08CA, 0x08CA, 0x08CA, 0x08CA, 0x08CA, 
	0x08CA, 0x08CA, 0x08CA, 0x08CA, 0x08CA, 0x08CA, 0x08CA, 0x08CA, 0x08CA, 0x08CA, 0x08CA, 0x08CA, 0x08CA, 0x08CA, 0x08CA, 0x08CA, 
	0x08CA, 0x08CA, 0x08CA, 0x08CA, 0x08CA, 0x08CA, 0x08CA, 0x08CA, 0x08CA, 0x08CA, 0x08CA, 0x08CA, 0x08CA, 0x08CA, 0x08CA, 0x08CA, 
	0x08CA, 0x08CA, 0x08CA, 0x08CA, 0x08CA, 0x08CA, 0x08CA, 0x08CA, 0x08CA, 0x08CA, 0x08CA, 0x08CA, 0x08CA, 0x08CA, 0x08CA, 0x08CA, 
	0x08CA, 0x08CA, 0x08CA, 0x08CA, 0x08CA, 0x08CA, 0x08CA, 0x08CA, 0x08CA, 0x08CA, 0x08CA, 0x08CA, 0x08CA, 0x08CA, 0x08CA, 0x08CA, 
	0x08CA, 0x08CA, 0x08CA, 0x08CA, 0x08CA, 0x08CA, 0x08CA, 0x08CA, 0x08CA, 0x08CA, 0x08CA, 0x08CA, 0x08CA, 0x08CA, 0x08CA, 0x08CA, 
	0x08CA, 0x08CA, 0x08CA, 0x08CA, 0x08CA, 0x08CA, 0x08CA, 0x08CA, 0x08CA, 0x08CA, 0x08CA, 0x08CA, 0x08CA, 0x08CA, 0x08CA, 0x08CA, 
	0x08CA, 0x08CA, 0x08CA, 0x08CA, 0x08CA, 0x08CA, 0x08CA, 0x08CA, 0x08CA, 0x08CA, 0x08CA, 0x08CA, 0x08CA, 0x08CA, 0x08CA, 0x08CA, 
	0x08CA, 0x08CA, 0x08CA, 0x08CA, 0x08CA, 0x08CA, 0x08CA, 0x08CA, 0x08CA, 0x08CA, 0x08CA, 0x08CA, 0x08CA, 0x08CA, 0x08CA, 0x08CA, 
	0x08CA, 0x08CA, 0x08CA, 0x08CA, 0x08CA, 0x08CA, 0x08CA, 0x08CA, 0x08CA, 0x08CA, 0x08CA, 0x08CA, 0x08CA, 0x08CA, 0x08CA, 0x08CA, 
	0x08CA, 0x08CA, 0x08CA, 0x08CA, 0x08CA, 0x08CA, 0x08CA, 0x08CA, 0x08CA, 0x08CA, 0x08CA, 0x08CA, 0x08CA, 0x08CA, 0x08CA, 0x08CA, 
	0x08CA, 0x08CA, 0x08CA, 0x08CA, 0x08CA, 0x08CA, 0x08CA, 0x08CA, 0x08CA, 0x08CA, 0x08CA, 0x08CA, 0x08CA, 0x08CA, 0x08CA, 0x08CA, 
	0x08CA, 0x08CA, 0x08CA, 0x08CA, 0x08CA, 0x08CA, 0x08CA, 0x08CA, 0x08CA, 0x08CA, 0x08CA, 0x08CA, 0x08CA, 0x08CA, 0x08CA, 0x08CA, 
	0x08CA, 0x08CA, 0x08CA, 0x08CA, 0x08CA, 0x08CA, 0x08CA, 0x08CA, 0x08CA, 0x08CA, 0x08CA, 0x08CA, 0x08CA, 0x08CA, 0x08CA, 0x08CA, 
	0x08CA, 0x08CA, 0x08CA, 0x08CA, 0x08CA, 0x08CA, 0x08CA, 0x08CA, 0x08CA, 0x08CA, 0x08CA, 0x08CA, 0x08CA, 0x08CA, 0x08CA, 0x08CA, 
	0x08CA, 0x08CA, 0x08CA, 0x08CA, 0x08CA, 0x08CA, 0x08CA, 0x08CA, 0x08CA, 0x08CA, 0x08CA, 0x08CA, 0x08CA, 0x08CA, 0x08CA, 0x08CA, 
	0x08CA, 0x08CA, 0x08CA, 0x08CA, 0x08CA, 0x08CA, 0x08CA, 0x08CA, 0x08CA, 0x08CA, 0x08CA, 0x08CA, 0x08CA, 0x08CA, 0x08CA, 0x08CA, 
	0x08CA, 0x08CA, 0x08CA, 0x08CA, 0x08CA, 0x08CA, 0x08CA, 0x08CA, 0x08CA, 0x08CA, 0x08CA, 0x08CA, 0x08CA, 0x08CA, 0x08CA, 0x08CA, 
	0x08CA, 0x08CA, 0x08CA, 0x08CA, 0x08CA, 0x08CA, 0x08CA, 0x08CA, 0x08CA, 0x08CA, 0x08CA, 0x08CA, 0x08CA, 0x08CA, 0x08CA, 0x08CA, 
	0x08CA, 0x08CA, 0x08CA, 0x08CA, 0x08CA, 0x08CA, 0x08CA, 0x08CA, 0x08CA, 0x08CA, 0x08CA, 0x08CA, 0x08CA, 0x08CA, 0x08CA, 0x08CA, 
	0x08CA, 0x08CA, 0x08CA, 0x08CA, 0x08CA, 0x08CA, 0x08CA, 0x08CA, 0x08CA, 0x08CA, 0x08CA, 0x08CA, 0x08CA, 0x08CA, 0x08CA, 0x08CA, 
	0x08CA, 0x08CA, 0x08CA, 0x08CA, 0x08CA, 0x08CA, 0x08CA, 0x08CA, 0x08CA, 0x08CA, 0x08CA, 0x08CA, 0x08CA, 0x08CA, 0x08CA, 0x08CA, 
	0x08CA, 0x08CA, 0x08CA, 0x08CA, 0x08CA, 0x08CA, 0x08CA, 0x08CA, 0x08CA, 0x08CA, 0x08CA, 0x08CA, 0x08CA, 0x08CA, 0x08CA, 0x08CA, 
	0x08CA, 0x08CA, 0x08CA, 0x08CA, 0x08CA, 0x08CA, 0x08CA, 0x08CA, 0x08CA, 0x08CA, 0x08CA, 0x08CA, 0x08CA, 0x08CA, 0x08CA, 0x08CA, 
	0x08CA, 0x08CA, 0x08CA, 0x08CA, 0x08CA, 0x08CA, 0x08CA, 0x08CA, 0x08CA, 0x08CA, 0x08CA, 0x08CA, 0x08CA, 0x08CA, 0x08CA, 0x08CA, 
	0x08CA, 0x08CA, 0x08CA, 0x08CA, 0x08CA, 0x08CA, 0x08CA, 0x08CA, 0x08CA, 0x08CA, 0x08CA, 0x08CA, 0x08CA, 0x08CA, 0x08CA, 0x08CA, 
	0x08CA, 0x08CA, 0x08CA, 0x08CA, 0x08CA, 0x08CA, 0x08CA, 0x08CA, 0x08CA, 0x08CA, 0x08CA, 0x08CA, 0x08CA, 0x08CA, 0x08CA, 0x08CA, 
	0x08CA, 0x08CA, 0x08CA, 0x08CA, 0x08CA, 0x08CA, 0x08CA, 0x08CA, 0x08CA, 0x08CA, 0x08CA, 0x08CA, 0x08CA, 0x08CA, 0x08CA, 0x08CA, 
	0x08CA, 0x08CA, 0x08CA, 0x08CA, 0x08CA, 0x08CA, 0x08CA, 0x08CA, 0x08CA, 0x08CA, 0x08CA, 0x08CA, 0x08CA, 0x08CA, 0x08CA, 0x08CA, 
	0x08CA, 0x08CA, 0x08CA, 0x08CA, 0x08CA, 0x08CA, 0x08CA, 0x08CA, 0x08CA, 0x08CA, 0x08CA, 0x08CA, 0x08CA, 0x08CA, 0x08CA, 0x08CA, 
	0x08CA, 0x08CA, 0x08CA, 0x08CA, 0x08CA, 0x08CA, 0x08CA, 0x08CA, 0x08CA, 0x08CA, 0x08CA, 0x08CA, 0x08CA, 0x08CA, 0x08CA, 0x08CA, 
	0x08CA, 0x08CA, 0x08CA, 0x08CA, 0x08CA, 0x08CA, 0x08CA, 0x08CA, 0x08CA, 0x08CA, 0x08CA, 0x08CA, 0x08CA, 0x08CA, 0x08CA, 0x08CA, 
	0x08CA, 0x08CA, 0x08CA, 0x08CA, 0x08CA, 0x08CA, 0x08CA, 0x08CA, 0x08CA, 0x08CA, 0x08CA, 0x08CA, 0x08CA, 0x08CA, 0x08CA, 0x08CA, 
	0x08CA, 0x08CA, 0x08CA, 0x08CA, 0x08CA, 0x08CA, 0x08CA, 0x08CA, 0x08CA, 0x08CA, 0x08CA, 0x08CA, 0x08CA, 0x08CA, 0x08CA, 0x08CA, 
	0x08CA, 0x08CA, 0x08CA, 0x08CA, 0x08CA, 0x08CA, 0x08CA, 0x08CA, 0x08CA, 0x08CA, 0x08CA, 0x08CA, 0x08CA, 0x08CA, 0x08CA, 0x08CA, 
	0x08CA, 0x08CA, 0x08CA, 0x08CA, 0x08CA, 0x08CA, 0x08CA, 0x08CA, 0x08CA, 0x08CA, 0x08CA, 0x08CA, 0x08CA, 0x08CA, 0x08CA, 0x08CA, 
	0x08CA, 0x08CA, 0x08CA, 0x08CA, 0x08CA, 0x08CA, 0x08CA, 0x08CA, 0x08CA, 0x08CA, 0x08CA, 0x08CA, 0x08CA, 0x08CA, 0x08CA, 0x08CA, 
	0x08CA, 0x08CA, 0x08CA, 0x08CA, 0x08CA, 0x08CA, 0x08CA, 0x08CA, 0x08CA, 0x08CA, 0x08CA, 0x08CA, 0x08CA, 0x08CA, 0x08CA, 0x08CA, 
	0x08CA, 0x08CA, 0x08CA, 0x08CA, 0x08CA, 0x08CA, 0x08CA, 0x08CA, 0x08CA, 0x08CA, 0x08CA, 0x08CA, 0x08CA, 0x08CA, 0x08CA, 0x08CA, 
	0x08CA, 0x08CA, 0x08CA, 0x08CA, 0x08CA, 0x08CA, 0x08CA, 0x08CA, 0x08CA, 0x08CA, 0x08CA, 0x08CA, 0x08CA, 0x08CA, 0x08CA, 0x08CA, 
	0x08CA, 0x08CA, 0x08CA, 0x08CA, 0x08CA, 0x08CA, 0x08CA, 0x08CA, 0x08CA, 0x08CA, 0x08CA, 0x08CA, 0x08CA, 0x08CA, 0x08CA, 0x08CA, 
	0x08CA, 0x08CA, 0x08CA, 0x08CA, 0x08CA, 0x08CA, 0x08CA, 0x08CA, 0x08CA, 0x08CA, 0x08CA, 0x08CA, 0x08CA, 0x08CA, 0x08CA, 0x08CA, 
	0x08CA, 0x08CA, 0x08CA, 0x08CA, 0x08CA, 0x08CA, 0x08CA, 0x08CA, 0x08CA, 0x08CA, 0x08CA, 0x08CA, 0x08CA, 0x08CA, 0x08CA, 0x08CA, 
	0x08CA, 0x08CA, 0x08CA, 0x08CA, 0x08CA, 0x08CA, 0x08CA, 0x08CA, 0x08CA, 0x08CA, 0x08CA, 0x08CA, 0x08CA, 0x08CA, 0x08CA, 0x08CA, 
	0x08CA, 0x08CA, 0x08CA, 0x08CA, 0x08CA, 0x08CA, 0x08CA, 0x08CA, 0x08CA, 0x08CA, 0x08CA, 0x08CA, 0x08CA, 0x08CA, 0x08CA, 0x08CA, 
	0x08CA, 0x08CA, 0x08CA, 0x08CA, 0x08CA, 0x08CA, 0x08CA, 0x08CA, 0x08CA, 0x08CA, 0x08CA, 0x08CA, 0x08CA, 0x08CA, 0x08CA, 0x08CA, 
	0x08CA, 0x08CA, 0x08CA, 0x08CA, 0x08CA, 0x08CA, 0x08CA, 0x08CA, 0x08CA, 0x08CA, 0x08CA, 0x08CA, 0x08CA, 0x08CA, 0x08CA, 0x08CA, 
	0x08CA, 0x08CA, 0x08CA, 0x08CA, 0x08CA, 0x08CA, 0x08CA, 0x08CA, 0x08CA, 0x08CA, 0x08CA, 0x08CA, 0x08CA, 0x08CA, 0x08CA, 0x08CA, 
	0x08CA, 0x08CA, 0x08CA, 0x08CA, 0x08CA, 0x08CA, 0x08CA, 0x08CA, 0x08CA, 0x08CA, 0x08CA, 0x08CA, 0x08CA, 0x08CA, 0x08CA, 0x08CA, 
	0x08CA, 0x08CA, 0x08CA, 0x08CA, 0x08CA, 0x08CA, 0x08CA, 0x08CA, 0x08CA, 0x08CA, 0x08CA, 0x08CA, 0x08CA, 0x08CA, 0x08CA, 0x08CA, 
	0x08CA, 0x08CA, 0x08CA, 0x08CA, 0x08CA, 0x08CA, 0x08CA, 0x08CA, 0x08CA, 0x08CA, 0x08CA, 0x08CA, 0x08CA, 0x08CA, 0x08CA, 0x08CA, 
	0x08CA, 0x08CA, 0x08CA, 0x08CA, 0x08CA, 0x08CA, 0x08CA, 0x08CA, 0x08CA, 0x08CA, 0x08CA, 0x08CA, 0x08CA, 0x08CA, 0x08CA, 0x08CA, 
	0x08CA, 0x08CA, 0x08CA, 0x08CA, 0x08CA, 0x08CA, 0x08CA, 0x08CA, 0x08CA, 0x08CA, 0x08CA, 0x08CA, 0x08CA, 0x08CA, 0x08CA, 0x08CA, 
	0x08CA, 0x08CA, 0x08CA, 0x08CA, 0x08CA, 0x08CA, 0x08CA, 0x08CA, 0x08CA, 0x08CA, 0x08CA, 0x08CA, 0x08CA, 0x08CA, 0x08CA, 0x08CA, 
	0x08CA, 0x08CA, 0x08CA, 0x08CA, 0x08CA, 0x08CA, 0x08CA, 0x08CA, 0x08CA, 0x08CA, 0x08CA, 0x08CA, 0x08CA, 0x08CA, 0x08CA, 0x08CA, 
	0x08CA, 0x08CA, 0x08CA, 0x08CA, 0x08CA, 0x08CA, 0x08CA, 0x08CA, 0x08CA, 0x08CA, 0x08CA, 0x08CA, 0x08CA, 0x08CA, 0x08CA, 0x08CA, 
	0x08CA, 0x08CA, 0x08CA, 0x08CA, 0x08CA, 0x08CA, 0x08CA, 0x08CA, 0x08CA, 0x08CA, 0x08CA, 0x08CA, 0x08CA, 0x08CA, 0x08CA, 0x08CA, 
	0x08CA, 0x08CA, 0x08CA, 0x08CA, 0x08CA, 0x08CA, 0x08CA, 0x08CA, 0x08CA, 0x08CA, 0x08CA, 0x08CA, 0x08CA, 0x08CA, 0x08CA, 0x08CA, 
	0x08CA, 0x08CA, 0x08CA, 0x08CA, 0x08CA, 0x08CA, 0x08CA, 0x08CA, 0x08CA, 0x08CA, 0x08CA, 0x08CA, 0x08CA, 0x08CA, 0x08CA, 0x08CA, 
	0x08CA, 0x08CA, 0x08CA, 0x08CA, 0x08CA, 0x08CA, 0x08CA, 0x08CA, 0x08CA, 0x08CA, 0x08CA, 0x08CA, 0x08CA, 0x08CA, 0x08CA, 0x08CA, 
	0x08CA, 0x08CA, 0x08CA, 0x08CA, 0x08CA, 0x08CA, 0x08CA, 0x08CA, 0x08CA, 0x08CA, 0x08CA, 0x08CA, 0x08CA, 0x08CA, 0x08CA, 0x08CA, 
	0x08CA, 0x08CA, 0x08CA, 0x08CA, 0x08CA, 0x08CA, 0x08CA, 0x08CA, 0x08CA, 0x08CA, 0x08CA, 0x08CA, 0x08CA, 0x08CA, 0x08CA, 0x08CA, 
	0x08CA, 0x08CA, 0x08CA, 0x08CA, 0x08CA, 0x08CA, 0x08CA, 0x08CA, 0x08CA, 0x08CA, 0x08CA, 0x08CA, 0x08CA, 0x08CA, 0x08CA, 0x08CA, 
	0x08CA, 0x08CA, 0x08CA, 0x08CA, 0x08CA, 0x08CA, 0x08CA, 0x08CA, 0x08CA, 0x08CA, 0x08CA, 0x08CA, 0x08CA, 0x08CA, 0x08CA, 0x08CA, 
	0x08CA, 0x08CA, 0x08CA, 0x08CA, 0x08CA, 0x08CA, 0x08CA, 0x08CA, 0x08CA, 0x08CA, 0x08CA, 0x08CA, 0x08CA, 0x08CA, 0x08CA, 0x08CA, 
	0x08CA, 0x08CA, 0x08CA, 0x08CA, 0x08CA, 0x08CA, 0x08CA, 0x08CA, 0x08CA, 0x08CA, 0x08CA, 0x08CA, 0x08CA, 0x08CA, 0x08CA, 0x08CA, 
	0x08CA, 0x08CA, 0x08CA, 0x08CA, 0x08CA, 0x08CA, 0x08CA, 0x08CA, 0x08CA, 0x08CA, 0x08CA, 0x08CA, 0x08CA, 0x08CA, 0x08CA, 0x08CA, 
	0x08CA, 0x08CA, 0x08CA, 0x08CA, 0x08CA, 0x08CA, 0x08CA, 0x08CA, 0x08CA, 0x08CA, 0x08CA, 0x08CA, 0x08CA, 0x08CA, 0x08CA, 0x08CA, 
	0x08CA, 0x08CA, 0x08CA, 0x08CA, 0x08CA, 0x08CA, 0x08CA, 0x08CA, 0x08CA, 0x08CA, 0x08CA, 0x08CA, 0x08CA, 0x08CA, 0x08CA, 0x08CA, 
	0x08CA, 0x08CA, 0x08CA, 0x08CA, 0x08CA, 0x08CA, 0x08CA, 0x08CA, 0x08CA, 0x08CA, 0x08CA, 0x08CA, 0x08CA, 0x08CA, 0x08CA, 0x08CA, 
	0x08CA, 0x08CA, 0x08CA, 0x08CA, 0x08CA, 0x08CA, 0x08CA, 0x08CA, 0x08CA, 0x08CA, 0x08CA, 0x08CA, 0x08CA, 0x08CA, 0x08CA, 0x08CA, 
	0x08CA, 0x08CA, 0x08CA, 0x08CA, 0x08CA, 0x08CA, 0x08CA, 0x08CA, 0x08CA, 0x08CA, 0x08CA, 0x08CA, 0x08CA, 0x08CA, 0x08CA, 0x08CA, 
	0x08CA, 0x08CA, 0x08CA, 0x08CA, 0x08CA, 0x08CA, 0x08CA, 0x08CA, 0x08CA, 0x08CA, 0x08CA, 0x08CA, 0x08CA, 0x08CA, 0x08CA, 0x08CA, 
	0x08CA, 0x08CA, 0x08CA, 0x08CA, 0x08CA, 0x08CA, 0x08CA, 0x08CA, 0x08CA, 0x08CA, 0x08CA, 0x08CA, 0x08CA, 0x08CA, 0x08CA, 0x08CA, 
	0x08CA, 0x08CA, 0x08CA, 0x08CA, 0x08CA, 0x08CA, 0x08CA, 0x08CA, 0x08CA, 0x08CA, 0x08CA, 0x08CA, 0x08CA, 0x08CA, 0x08CA, 0x08CA, 
	0x08CA, 0x08CA, 0x08CA, 0x08CA, 0x08CA, 0x08CA, 0x08CA, 0x08CA, 0x08CA, 0x08CA, 0x08CA, 0x08CA, 0x08CA, 0x08CA, 0x08CA, 0x08CA, 
	0x08CA, 0x08CA, 0x08CA, 0x08CA, 0x08CA, 0x08CA, 0x08CA, 0x08CA, 0x08CA, 0x08CA, 0x08CA, 0x08CA, 0x08CA, 0x08CA, 0x08CA, 0x08CA, 
	0x08CA, 0x08CA, 0x08CA, 0x08CA, 0x08CA, 0x08CA, 0x08CA, 0x08CA, 0x08CA, 0x08CA, 0x08CA, 0x08CA, 0x08CA, 0x08CA, 0x08CA, 0x08CA, 
	0x08CA, 0x08CA, 0x08CA, 0x08CA, 0x08CA, 0x08CA, 0x08CA, 0x08CA, 0x08CA, 0x08CA, 0x08CA, 0x08CA, 0x08CA, 0x08CA, 0x08CA, 0x08CA, 
	0x08CA, 0x08CA, 0x08CA, 0x08CA, 0x08CA, 0x08CA, 0x08CA, 0x08CA, 0x08CA, 0x08CA, 0x08CA, 0x08CA, 0x08CA, 0x08CA, 0x08CA, 0x08CA, 
	0x08CA, 0x08CA, 0x08CA, 0x08CA, 0x08CA, 0x08CA, 0x08CA, 0x08CA, 0x08CA, 0x08CA, 0x08CA, 0x08CA, 0x08CA, 0x08CA, 0x08CA, 0x08CA, 
	0x08CA, 0x08CA, 0x08CA, 0x08CA, 0x08CA, 0x08CA, 0x08CA, 0x08CA, 0x08CA, 0x08CA, 0x08CA, 0x08CA, 0x08CA, 0x08CA, 0x08CA, 0x08CA, 
	0x08CA, 0x08CA, 0x08CA, 0x08CA, 0x08CA, 0x08CA, 0x08CA, 0x08CA, 0x08CA, 0x08CA, 0x08CA, 0x08CA, 0x08CA, 0x08CA, 0x08CA, 0x08CA, 
	0x08CA, 0x08CA, 0x08CA, 0x08CA, 0x08CA, 0x08CA, 0x08CA, 0x08CA, 0x08CA, 0x08CA, 0x08CA, 0x08CA, 0x08CA, 0x08CA, 0x08CA, 0x08CA, 
	0x08CA, 0x08CA, 0x08CA, 0x08CA, 0x08CA, 0x08CA, 0x08CA, 0x08CA, 0x08CA, 0x08CA, 0x08CA, 0x08CA, 0x08CA, 0x08CA, 0x08CA, 0x08CA, 
	0x08CA, 0x08CA, 0x08CA, 0x08CA, 0x08CA, 0x08CA, 0x08CA, 0x08CA, 0x08CA, 0x08CA, 0x08CA, 0x08CA, 0x08CA, 0x08CA, 0x08CA, 0x08CA, 
	0x08CA, 0x08CA, 0x08CA, 0x08CA, 0x08CA, 0x08CA, 0x08CA, 0x08CA, 0x08CA, 0x08CA, 0x08CA, 0x08CA, 0x08CA, 0x08CA, 0x08CA, 0x08CA, 
	0x08CA, 0x08CA, 0x08CA, 0x08CA, 0x08CA, 0x08CA, 0x08CA, 0x08CA, 0x08CA, 0x08CA, 0x08CA, 0x08CA, 0x08CA, 0x08CA, 0x08CA, 0x08CA, 
	0x08CA, 0x08CA, 0x08CA, 0x08CA, 0x08CA, 0x08CA, 0x08CA, 0x08CA, 0x08CA, 0x08CA, 0x08CA, 0x08CA, 0x08CA, 0x08CA, 0x08CA, 0x08CA, 
	0x08CA, 0x08CA, 0x08CA, 0x08CA, 0x08CA, 0x08CA, 0x08CA, 0x08CA, 0x08CA, 0x08CA, 0x08CA, 0x08CA, 0x08CA, 0x08CA, 0x08CA, 0x08CA, 
	0x08CA, 0x08CA, 0x08CA, 0x08CA, 0x08CA, 0x08CA, 0x08CA, 0x08CA, 0x08CA, 0x08CA, 0x08CA, 0x08CA, 0x08CA, 0x08CA, 0x08CA, 0x08CA, 
	0x08CA, 0x08CA, 0x08CA, 0x08CA, 0x08CA, 0x08CA, 0x08CA, 0x08CA, 0x08CA, 0x08CA, 0x08CA, 0x08CA, 0x08CA, 0x08CA, 0x08CA, 0x08CA, 
	0x08CA, 0x08CA, 0x08CA, 0x08CA, 0x08CA, 0x08CA, 0x08CA, 0x08CA, 0x08CA, 0x08CA, 0x08CA, 0x08CA, 0x08CA, 0x08CA, 0x08CA, 0x08CA, 
	0x08CA, 0x08CA, 0x08CA, 0x08CA, 0x08CA, 0x08CA, 0x08CA, 0x08CA, 0x08CA, 0x08CA, 0x08CA, 0x08CA, 0x08CA, 0x08CA, 0x08CA, 0x08CA, 
	0x08CA, 0x08CA, 0x08CA, 0x08CA, 0x08CA, 0x08CA, 0x08CA, 0x08CA, 0x08CA, 0x08CA, 0x08CA, 0x08CA, 0x08CA, 0x08CA, 0x08CA, 0x08CA, 
	0x08CA, 0x08CA, 0x08CA, 0x08CA, 0x08CA, 0x08CA, 0x08CA, 0x08CA, 0x08CA, 0x08CA, 0x08CA, 0x08CA, 0x08CA, 0x08CA, 0x08CA, 0x08CA, 
	0x08CA, 0x08CA, 0x08CA, 0x08CA, 0x08CA, 0x08CA, 0x08CA, 0x08CA, 0x08CA, 0x08CA, 0x08CA, 0x08CA, 0x08CA, 0x08CA, 0x08CA, 0x08CA, 
	0x08CA, 0x08CA, 0x08CA, 0x08CA, 0x08CA, 0x08CA, 0x08CA, 0x08CA, 0x08CA, 0x08CA, 0x08CA, 0x08CA, 0x08CA, 0x08CA, 0x08CA, 0x08CA, 
	0x08CA, 0x08CA, 0x08CA, 0x08CA, 0x08CA, 0x08CA, 0x08CA, 0x08CA, 0x08CA, 0x08CA, 0x08CA, 0x08CA, 0x08CA, 0x08CA, 0x08CA, 0x08CA, 
	0x08CA, 0x08CA, 0x08CA, 0x08CA, 0x08CA, 0x08CA, 0x08CA, 0x08CA, 0x08CA, 0x08CA, 0x08CA, 0x08CA, 0x08CA, 0x08CA, 0x08CA, 0x08CA, 
	0x08CA, 0x08CA, 0x08CA, 0x08CA, 0x08CA, 0x08CA, 0x08CA, 0x08CA, 0x08CA, 0x08CA, 0x08CA, 0x08CA, 0x08CA, 0x08CA, 0x08CA, 0x08CA, 
	0x08CA, 0x08CA, 0x08CA, 0x08CA, 0x08CA, 0x08CA, 0x08CA, 0x08CA, 0x08CA, 0x08CA, 0x08CA, 0x08CA, 0x08CA, 0x08CA, 0x08CA, 0x08CA, 
	0x08CA, 0x08CA, 0x08CA, 0x08CA, 0x08CA, 0x08CA, 0x08CA, 0x08CA, 0x08CA, 0x08CA, 0x08CA, 0x08CA, 0x08CA, 0x08CA, 0x08CA, 0x08CA, 
	0x08CA, 0x08CA, 0x08CA, 0x08CA, 0x08CA, 0x08CA, 0x08CA, 0x08CA, 0x08CA, 0x08CA, 0x08CA, 0x08CA, 0x08CA, 0x08CA, 0x08CA, 0x08CA, 
	0x08CA, 0x08CA, 0x08CA, 0x08CA, 0x08CA, 0x08CA, 0x08CA, 0x08CA, 0x08CA, 0x08CA, 0x08CA, 0x08CA, 0x08CA, 0x08CA, 0x08CA, 0x08CA, 
	0x08CA, 0x08CA, 0x08CA, 0x08CA, 0x08CA, 0x08CA, 0x08CA, 0x08CA, 0x08CA, 0x08CA, 0x08CA, 0x08CA, 0x08CA, 0x08CA, 0x08CA, 0x08CA, 
	0x08CA, 0x08CA, 0x08CA, 0x08CA, 0x08CA, 0x08CA, 0x08CA, 0x08CA, 0x08CA, 0x08CA, 0x08CA, 0x08CA, 0x08CA, 0x08CA, 0x08CA, 0x08CA, 
	0x08CA, 0x08CA, 0x08CA, 0x08CA, 0x08CA, 0x08CA, 0x08CA, 0x08CA, 0x08CA, 0x08CA, 0x08CA, 0x08CA, 0x08CA, 0x08CA, 0x08CA, 0x08CA, 
	0x08CA, 0x08CA, 0x08CA, 0x08CA, 0x08CA, 0x08CA, 0x08CA, 0x08CA, 0x08CA, 0x08CA, 0x08CA, 0x08CA, 0x08CA, 0x08CA, 0x08CA, 0x08CA, 
	0x08CA, 0x08CA, 0x08CA, 0x08CA, 0x08CA, 0x08CA, 0x08CA, 0x08CA, 0x08CA, 0x08CA, 0x08CA, 0x08CA, 0x08CA, 0x08CA, 0x08CA, 0x08CA, 
	0x08CA, 0x08CA, 0x08CA, 0x08CA, 0x08CA, 0x08CA, 0x08CA, 0x08CA, 0x08CA, 0x08CA, 0x08CA, 0x08CA, 0x08CA, 0x08CA, 0x08CA, 0x08CA, 
	0x08CA, 0x08CA, 0x08CA, 0x08CA, 0x08CA, 0x08CA, 0x08CA, 0x08CA, 0x08CA, 0x08CA, 0x08CA, 0x08CA, 0x08CA, 0x08CA, 0x08CA, 0x08CA, 
	0x08CA, 0x08CA, 0x08CA, 0x08CA, 0x08CA, 0x08CA, 0x08CA, 0x08CA, 0x08CA, 0x08CA, 0x08CA, 0x08CA, 0x08CA, 0x08CA, 0x08CA, 0x08CA, 
	0x08CA, 0x08CA, 0x08CA, 0x08CA, 0x08CA, 0x08CA, 0x08CA, 0x08CA, 0x08CA, 0x08CA, 0x08CA, 0x08CA, 0x08CA, 0x08CA, 0x08CA, 0x08CA, 
	0x08CA, 0x08CA, 0x08CA, 0x08CA, 0x08CA, 0x08CA, 0x08CA, 0x08CA, 0x08CA, 0x08CA, 0x08CA, 0x08CA, 0x08CA, 0x08CA, 0x08CA, 0x08CA, 
	0x08CA, 0x08CA, 0x08CA, 0x08CA, 0x08CA, 0x08CA, 0x08CA, 0x08CA, 0x08CA, 0x08CA, 0x08CA, 0x08CA, 0x08CA, 0x08CA, 0x08CA, 0x08CA, 
	0x08CA, 0x08CA, 0x08CA, 0x08CA, 0x08CA, 0x08CA, 0x08CA, 0x08CA, 0x08CA, 0x08CA, 0x08CA, 0x08CA, 0x08CA, 0x08CA, 0x08CA, 0x08CA, 
	0x08CA, 0x08CA, 0x08CA, 0x08CA, 0x08CA, 0x08CA, 0x08CA, 0x08CA, 0x08CA, 0x08CA, 0x08CA, 0x08CA, 0x08CA, 0x08CA, 0x08CA, 0x08CA, 
	0x08CA, 0x08CA, 0x08CA, 0x08CA, 0x08CA, 0x08CA, 0x08CA, 0x08CA, 0x08CA, 0x08CA, 0x08CA, 0x08CA, 0x08CA, 0x08CA, 0x08CA, 0x08CA, 
	0x08CA, 0x08CA, 0x08CA, 0x08CA, 0x08CA, 0x08CA, 0x08CA, 0x08CA, 0x08CA, 0x08CA, 0x08CA, 0x08CA, 0x08CA, 0x08CA, 0x08CA, 0x08CA, 
	0x08CA, 0x08CA, 0x08CA, 0x08CA, 0x08CA, 0x08CA, 0x08CA, 0x08CA, 0x08CA, 0x08CA, 0x08CA, 0x08CA, 0x08CA, 0x08CA, 0x08CA, 0x08CA, 
	0x08CA, 0x08CA, 0x08CA, 0x08CA, 0x08CA, 0x08CA, 0x08CA, 0x08CA, 0x08CA, 0x08CA, 0x08CA, 0x08CA, 0x08CA, 0x08CA, 0x08CA, 0x08CA, 
	0x08CA, 0x08CA, 0x08CA, 0x08CA, 0x08CA, 0x08CA, 0x08CA, 0x08CA, 0x08CA, 0x08CA, 0x08CA, 0x08CA, 0x08CA, 0x08CA, 0x08CA, 0x08CA, 
	0x08CA, 0x08CA, 0x08CA, 0x08CA, 0x08CA, 0x08CA, 0x08CA, 0x08CA, 0x08CA, 0x08CA, 0x08CA, 0x08CA, 0x08CA, 0x08CA, 0x08CA, 0x08CA, 
	0x08CA, 0x08CA, 0x08CA, 0x08CA, 0x08CA, 0x08CA, 0x08CA, 0x08CA, 0x08CA, 0x08CA, 0x08CA, 0x08CA, 0x08CA, 0x08CA, 0x08CA, 0x08CA, 
	0x08CA, 0x08CA, 0x08CA, 0x08CA, 0x08CA, 0x08CA, 0x08CA, 0x08CA, 0x08CA, 0x08CA, 0x08CA, 0x08CA, 0x08CA, 0x08CA, 0x08CA, 0x08CA, 
	0x08CA, 0x08CA, 0x08CA, 0x08CA, 0x08CA, 0x08CA, 0x08CA, 0x08CA, 0x08CA, 0x08CA, 0x08CA, 0x08CA, 0x08CA, 0x08CA, 0x08CA, 0x08CA, 
	0x08CA, 0x08CA, 0x08CA, 0x08CA, 0x08CA, 0x08CA, 0x08CA, 0x08CA, 0x08CA, 0x08CA, 0x08CA, 0x08CA, 0x08CA, 0x08CA, 0x08CA, 0x08CA, 
	0x08CA, 0x08CA, 0x08CA, 0x08CA, 0x08CA, 0x08CA, 0x08CA, 0x08CA, 0x08CA, 0x08CA, 0x08CA, 0x08CA, 0x08CA, 0x08CA, 0x08CA, 0x08CA, 
	0x08CA, 0x08CA, 0x08CA, 0x08CA, 0x08CA, 0x08CA, 0x08CA, 0x08CA, 0x08CA, 0x08CA, 0x08CA, 0x08CA, 0x08CA, 0x08CA, 0x08CA, 0x08CA, 
	0x08CA, 0x08CA, 0x08CA, 0x08CA, 0x08CA, 0x08CA, 0x08CA, 0x08CA, 0x08CA, 0x08CA, 0x08CA, 0x08CA, 0x08CA, 0x08CA, 0x08CA, 0x08CA, 
	0x08CA, 0x08CA, 0x08CA, 0x08CA, 0x08CA, 0x08CA, 0x08CA, 0x08CA, 0x08CA, 0x08CA, 0x08CA, 0x08CA, 0x08CA, 0x08CA, 0x08CA, 0x08CA, 
	0x08CA, 0x08CA, 0x08CA, 0x08CA, 0x08CA, 0x08CA, 0x08CA, 0x08CA, 0x08CA, 0x08CA, 0x08CA, 0x08CA, 0x08CA, 0x08CA, 0x08CA, 0x08CA, 
	0x08CA, 0x08CA, 0x08CA, 0x08CA, 0x08CA, 0x08CA, 0x08CA, 0x08CA, 0x08CA, 0x08CA, 0x08CA, 0x08CA, 0x08CA, 0x08CA, 0x08CA, 0x08CA, 
	0x08CA, 0x08CA, 0x08CA, 0x08CA, 0x08CA, 0x08CA, 0x08CA, 0x08CA, 0x08CA, 0x08CA, 0x08CA, 0x08CA, 0x08CA, 0x08CA, 0x08CA, 0x08CA, 
	0x08CA, 0x08CA, 0x08CA, 0x08CA, 0x08CA, 0x08CA, 0x08CA, 0x08CA, 0x08CA, 0x08CA, 0x08CA, 0x08CA, 0x08CA, 0x08CA, 0x08CA, 0x08CA, 
	0x08CA, 0x08CA, 0x08CA, 0x08CA, 0x08CA, 0x08CA, 0x08CA, 0x08CA, 0x08CA, 0x08CA, 0x08CA, 0x08CA, 0x08CA, 0x08CA, 0x08CA, 0x08CA, 
	0x08CA, 0x08CA, 0x08CA, 0x08CA, 0x08CA, 0x08CA, 0x08CA, 0x08CA, 0x08CA, 0x08CA, 0x08CA, 0x08CA, 0x08CA, 0x08CA, 0x08CA, 0x08CA, 
	0x08CA, 0x08CA, 0x08CA, 0x08CA, 0x08CA, 0x08CA, 0x08CA, 0x08CA, 0x08CA, 0x08CA, 0x08CA, 0x08CA, 0x08CA, 0x08CA, 0x08CA, 0x08CA, 
	0x08CA, 0x08CA, 0x08CA, 0x08CA, 0x08CA, 0x08CA, 0x08CA, 0x08CA, 0x08CA, 0x08CA, 0x08CA, 0x08CA, 0x08CA, 0x08CA, 0x08CA, 0x08CA, 
	0x08CA, 0x08CA, 0x08CA, 0x08CA, 0x08CA, 0x08CA, 0x08CA, 0x08CA, 0x08CA, 0x08CA, 0x08CA, 0x08CA, 0x08CA, 0x08CA, 0x08CA, 0x08CA, 
	0x08CA, 0x08CA, 0x08CA, 0x08CA, 0x08CA, 0x08CA, 0x08CA, 0x08CA, 0x08CA, 0x08CA, 0x08CA, 0x08CA, 0x08CA, 0x08CA, 0x08CA, 0x08CA, 
	0x08CA, 0x08CA, 0x08CA, 0x08CA, 0x08CA, 0x08CA, 0x08CA, 0x08CA, 0x08CA, 0x08CA, 0x08CA, 0x08CA, 0x08CA, 0x08CA, 0x08CA, 0x08CA, 
	0x08CA, 0x08CA, 0x08CA, 0x08CA, 0x08CA, 0x08CA, 0x08CA, 0x08CA, 0x08CA, 0x08CA, 0x08CA, 0x08CA, 0x08CA, 0x08CA, 0x08CA, 0x08CA, 
	0x08CA, 0x08CA, 0x08CA, 0x08CA, 0x08CA, 0x08CA, 0x08CA, 0x08CA, 0x08CA, 0x08CA, 0x08CA, 0x08CA, 0x08CA, 0x08CA, 0x08CA, 0x08CA, 
	0x08CA, 0x08CA, 0x08CA, 0x08CA, 0x08CA, 0x08CA, 0x08CA, 0x08CA, 0x08CA, 0x08CA, 0x08CA, 0x08CA, 0x08CA, 0x08CA, 0x08CA, 0x08CA, 
	0x08CA, 0x08CA, 0x08CA, 0x08CA, 0x08CA, 0x08CA, 0x08CA, 0x08CA, 0x08CA, 0x08CA, 0x08CA, 0x08CA, 0x08CA, 0x08CA, 0x08CA, 0x08CA, 
	0x08CA, 0x08CA, 0x08CA, 0x08CA, 0x08CA, 0x08CA, 0x08CA, 0x08CA, 0x08CA, 0x08CA, 0x08CA, 0x08CA, 0x08CA, 0x08CA, 0x08CA, 0x08CA, 
	0x08CA, 0x08CA, 0x08CA, 0x08CA, 0x08CA, 0x08CA, 0x08CA, 0x08CA, 0x08CA, 0x08CA, 0x08CA, 0x08CA, 0x08CA, 0x08CA, 0x08CA, 0x08CA, 
	0x08CA, 0x08CA, 0x08CA, 0x08CA, 0x08CA, 0x08CA, 0x08CA, 0x08CA, 0x08CA, 0x08CA, 0x08CA, 0x08CA, 0x08CA, 0x08CA, 0x08CA, 0x08CA, 
	0x08CA, 0x08CA, 0x08CA, 0x08CA, 0x08CA, 0x08CA, 0x08CA, 0x08CA, 0x08CA, 0x08CA, 0x08CA, 0x08CA, 0x08CA, 0x08CA, 0x08CA, 0x08CA, 
	0x08CA, 0x08CA, 0x08CA, 0x08CA, 0x08CA, 0x08CA, 0x08CA, 0x08CA, 0x08CA, 0x08CA, 0x08CA, 0x08CA, 0x08CA, 0x08CA, 0x08CA, 0x08CA, 
	0x08CA, 0x08CA, 0x08CA, 0x08CA, 0x08CA, 0x08CA, 0x08CA, 0x08CA, 0x08CA, 0x08CA, 0x08CA, 0x08CA, 0x08CA, 0x08CA, 0x08CA, 0x08CA, 
	0x08CA, 0x08CA, 0x08CA, 0x08CA, 0x08CA, 0x08CA, 0x08CA, 0x08CA, 0x08CA, 0x08CA, 0x08CA, 0x08CA, 0x08CA, 0x08CA, 0x08CA, 0x08CA, 
	0x08CA, 0x08CA, 0x08CA, 0x08CA, 0x08CA, 0x08CA, 0x08CA, 0x08CA, 0x08CA, 0x08CA, 0x08CA, 0x08CA, 0x08CA, 0x08CA, 0x08CA, 0x08CA, 
	0x08CA, 0x08CA, 0x08CA, 0x08CA, 0x08CA, 0x08CA, 0x08CA, 0x08CA, 0x08CA, 0x08CA, 0x08CA, 0x08CA, 0x08CA, 0x08CA, 0x08CA, 0x08CA, 
	0x08CA, 0x08CA, 0x08CA, 0x08CA, 0x08CA, 0x08CA, 0x08CA, 0x08CA, 0x08CA, 0x08CA, 0x08CA, 0x08CA, 0x08CA, 0x08CA, 0x08CA, 0x08CA, 
	0x08CA, 0x08CA, 0x08CA, 0x08CA, 0x08CA, 0x08CA, 0x08CA, 0x08CA, 0x08CA, 0x08CA, 0x08CA, 0x08CA, 0x08CA, 0x08CA, 0x08CA, 0x08CA, 
	0x08CA, 0x08CA, 0x08CA, 0x08CA, 0x08CA, 0x08CA, 0x08CA, 0x08CA, 0x08CA, 0x08CA, 0x08CA, 0x08CA, 0x08CA, 0x08CA, 0x08CA, 0x08CA, 
	0x08CA, 0x08CA, 0x08CA, 0x08CA, 0x08CA, 0x08CA, 0x08CA, 0x08CA, 0x08CA, 0x08CA, 0x08CA, 0x08CA, 0x08CA, 0x08CA, 0x08CA, 0x08CA, 
	0x08CA, 0x08CA, 0x08CA, 0x08CA, 0x08CA, 0x08CA, 0x08CA, 0x08CA, 0x08CA, 0x08CA, 0x08CA, 0x08CA, 0x08CA, 0x08CA, 0x08CA, 0x08CA, 
	0x08CA, 0x08CA, 0x08CA, 0x08CA, 0x08CA, 0x08CA, 0x08CA, 0x08CA, 0x08CA, 0x08CA, 0x08CA, 0x08CA, 0x08CA, 0x08CA, 0x08CA, 0x08CA, 
	0x08CA, 0x08CA, 0x08CA, 0x08CA, 0x08CA, 0x08CA, 0x08CA, 0x08CA, 0x08CA, 0x08CA, 0x08CA, 0x08CA, 0x08CA, 0x08CA, 0x08CA, 0x08CA, 
	0x08CA, 0x08CA, 0x08CA, 0x08CA, 0x08CA, 0x08CA, 0x08CA, 0x08CA, 0x08CA, 0x08CA, 0x08CA, 0x08CA, 0x08CA, 0x08CA, 0x08CA, 0x08CA, 
	0x08CA, 0x08CA, 0x08CA, 0x08CA, 0x08CA, 0x08CA, 0x08CA, 0x08CA, 0x08CA, 0x08CA, 0x08CA, 0x08CA, 0x08CA, 0x08CA, 0x08CA, 0x08CA, 
	0x08CA, 0x08CA, 0x08CA, 0x08CA, 0x08CA, 0x08CA, 0x08CA, 0x08CA, 0x08CA, 0x08CA, 0x08CA, 0x08CA, 0x08CA, 0x08CA, 0x08CA, 0x08CA, 
	0x08CA, 0x08CA, 0x08CA, 0x08CA, 0x08CA, 0x08CA, 0x08CA, 0x08CA, 0x08CA, 0x08CA, 0x08CA, 0x08CA, 0x08CA, 0x08CA, 0x08CA, 0x08CA, 
	0x08CA, 0x08CA, 0x08CA, 0x08CA, 0x08CA, 0x08CA, 0x08CA, 0x08CA, 0x08CA, 0x08CA, 0x08CA, 0x08CA, 0x08CA, 0x08CA, 0x08CA, 0x08CA, 
	0x08CA, 0x08CA, 0x08CA, 0x08CA, 0x08CA, 0x08CA, 0x08CA, 0x08CA, 0x08CA, 0x08CA, 0x08CA, 0x08CA, 0x08CA, 0x08CA, 0x08CA, 0x08CA, 
	0x08CA, 0x08CA, 0x08CA, 0x08CA, 0x08CA, 0x08CA, 0x08CA, 0x08CA, 0x08CA, 0x08CA, 0x08CA, 0x08CA, 0x08CA, 0x08CA, 0x08CA, 0x08CA, 
	0x08CA, 0x08CA, 0x08CA, 0x08CA, 0x08CA, 0x08CA, 0x08CA, 0x08CA, 0x08CA, 0x08CA, 0x08CA, 0x08CA, 0x08CA, 0x08CA, 0x08CA, 0x08CA, 
	0x08CA, 0x08CA, 0x08CA, 0x08CA, 0x08CA, 0x08CA, 0x08CA, 0x08CA, 0x08CA, 0x08CA, 0x08CA, 0x08CA, 0x08CA, 0x08CA, 0x08CA, 0x08CA, 
	0x08CA, 0x08CA, 0x08CA, 0x08CA, 0x08CA, 0x08CA, 0x08CA, 0x08CA, 0x08CA, 0x08CA, 0x08CA, 0x08CA, 0x08CA, 0x08CA, 0x08CA, 0x08CA, 
	0x08CA, 0x08CA, 0x08CA, 0x08CA, 0x08CA, 0x08CA, 0x08CA, 0x08CA, 0x08CA, 0x08CA, 0x08CA, 0x08CA, 0x08CA, 0x08CA, 0x08CA, 0x08CA, 
	0x08CA, 0x08CA, 0x08CA, 0x08CA, 0x08CA, 0x08CA, 0x08CA, 0x08CA, 0x08CA, 0x08CA, 0x08CA, 0x08CA, 0x08CA, 0x08CA, 0x08CA, 0x08CA, 
	0x08CA, 0x08CA, 0x08CA, 0x08CA, 0x08CA, 0x08CA, 0x08CA, 0x08CA, 0x08CA, 0x08CA, 0x08CA, 0x08CA, 0x08CA, 0x08CA, 0x08CA, 0x08CA, 
	0x08CA, 0x08CA, 0x08CA, 0x08CA, 0x08CA, 0x08CA, 0x08CA, 0x08CA, 0x08CA, 0x08CA, 0x08CA, 0x08CA, 0x08CA, 0x08CA, 0x08CA, 0x08CA, 
	0x08CA, 0x08CA, 0x08CA, 0x08CA, 0x08CA, 0x08CA, 0x08CA, 0x08CA, 0x08CA, 0x08CA, 0x08CA, 0x08CA, 0x08CA, 0x08CA, 0x08CA, 0x08CA, 
	0x08CA, 0x08CA, 0x08CA, 0x08CA, 0x08CA, 0x08CA, 0x08CA, 0x08CA, 0x08CA, 0x08CA, 0x08CA, 0x08CA, 0x08CA, 0x08CA, 0x08CA, 0x08CA, 
	0x08CA, 0x08CA, 0x08CA, 0x08CA, 0x08CA, 0x08CA, 0x08CA, 0x08CA, 0x08CA, 0x08CA, 0x08CA, 0x08CA, 0x08CA, 0x08CA, 0x08CA, 0x08CA, 
	0x08CA, 0x08CA, 0x08CA, 0x08CA, 0x08CA, 0x08CA, 0x08CA, 0x08CA, 0x08CA, 0x08CA, 0x08CA, 0x08CA, 0x08CA, 0x08CA, 0x08CA, 0x08CA, 
	0x08CA, 0x08CA, 0x08CA, 0x08CA, 0x08CA, 0x08CA, 0x08CA, 0x08CA, 0x08CA, 0x08CA, 0x08CA, 0x08CA, 0x08CA, 0x08CA, 0x08CA, 0x08CA, 
	0x08CA, 0x08CA, 0x08CA, 0x08CA, 0x08CA, 0x08CA, 0x08CA, 0x08CA, 0x08CA, 0x08CA, 0x08CA, 0x08CA, 0x08CA, 0x08CA, 0x08CA, 0x08CA, 
	0x08CA, 0x08CA, 0x08CA, 0x08CA, 0x08CA, 0x08CA, 0x08CA, 0x08CA, 0x08CA, 0x08CA, 0x08CA, 0x08CA, 0x08CA, 0x08CA, 0x08CA, 0x08CA, 
	0x08CA, 0x08CA, 0x08CA, 0x08CA, 0x08CA, 0x08CA, 0x08CA, 0x08CA, 0x08CA, 0x08CA, 0x08CA, 0x08CA, 0x08CA, 0x08CA, 0x08CA, 0x08CA, 
	0x08CA, 0x08CA, 0x08CA, 0x08CA, 0x08CA, 0x08CA, 0x08CA, 0x08CA, 0x08CA, 0x08CA, 0x08CA, 0x08CA, 0x08CA, 0x08CA, 0x08CA, 0x08CA, 
	0x08CA, 0x08CA, 0x08CA, 0x08CA, 0x08CA, 0x08CA, 0x08CA, 0x08CA, 0x08CA, 0x08CA, 0x08CA, 0x08CA, 0x08CA, 0x08CA, 0x08CA, 0x08CA, 
	0x08CA, 0x08CA, 0x08CA, 0x08CA, 0x08CA, 0x08CA, 0x08CA, 0x08CA, 0x08CA, 0x08CA, 0x08CA, 0x08CA, 0x08CA, 0x08CA, 0x08CA, 0x08CA, 
	0x08CA, 0x08CA, 0x08CA, 0x08CA, 0x08CA, 0x08CA, 0x08CA, 0x08CA, 0x08CA, 0x08CA, 0x08CA, 0x08CA, 0x08CA, 0x08CA, 0x08CA, 0x08CA, 
	0x08CA, 0x08CA, 0x08CA, 0x08CA, 0x08CA, 0x08CA, 0x08CA, 0x08CA, 0x08CA, 0x08CA, 0x08CA, 0x08CA, 0x08CA, 0x08CA, 0x08CA, 0x08CA, 
	0x08CA, 0x08CA, 0x08CA, 0x08CA, 0x08CA, 0x08CA, 0x08CA, 0x08CA, 0x08CA, 0x08CA, 0x08CA, 0x08CA, 0x08CA, 0x08CA, 0x08CA, 0x08CA, 
	0x08CA, 0x08CA, 0x08CA, 0x08CA, 0x08CA, 0x08CA, 0x08CA, 0x08CA, 0x08CA, 0x08CA, 0x08CA, 0x08CA, 0x08CA, 0x08CA, 0x08CA, 0x08CA, 
	0x08CA, 0x08CA, 0x08CA, 0x08CA, 0x08CA, 0x08CA, 0x08CA, 0x08CA, 0x08CA, 0x08CA, 0x08CA, 0x08CA, 0x08CA, 0x08CA, 0x08CA, 0x08CA, 
	0x08CA, 0x08CA, 0x08CA, 0x08CA, 0x08CA, 0x08CA, 0x08CA, 0x08CA, 0x08CA, 0x08CA, 0x08CA, 0x08CA, 0x08CA, 0x08CA, 0x08CA, 0x08CA, 
	0x08CA, 0x08CA, 0x08CA, 0x08CA, 0x08CA, 0x08CA, 0x08CA, 0x08CA, 0x08CA, 0x08CA, 0x08CA, 0x08CA, 0x08CA, 0x08CA, 0x08CA, 0x08CA, 
	0x08CA, 0x08CA, 0x08CA, 0x08CA, 0x08CA, 0x08CA, 0x08CA, 0x08CA, 0x08CA, 0x08CA, 0x08CA, 0x08CA, 0x08CA, 0x08CA, 0x08CA, 0x08CA, 
	0x08CA, 0x08CA, 0x08CA, 0x08CA, 0x08CA, 0x08CA, 0x08CA, 0x08CA, 0x08CA, 0x08CA, 0x08CA, 0x08CA, 0x08CA, 0x08CA, 0x08CA, 0x08CA, 
	0x08CA, 0x08CA, 0x08CA, 0x08CA, 0x08CA, 0x08CA, 0x08CA, 0x08CA, 0x08CA, 0x08CA, 0x08CA, 0x08CA, 0x08CA, 0x08CA, 0x08CA, 0x08CA, 
	0x08CA, 0x08CA, 0x08CA, 0x08CA, 0x08CA, 0x08CA, 0x08CA, 0x08CA, 0x08CA, 0x08CA, 0x08CA, 0x08CA, 0x08CA, 0x08CA, 0x08CA, 0x08CA, 
	0x08CA, 0x08CA, 0x08CA, 0x08CA, 0x08CA, 0x08CA, 0x08CA, 0x08CA, 0x08CA, 0x08CA, 0x08CA, 0x08CA, 0x08CA, 0x08CA, 0x08CA, 0x08CA, 
	0x08CA, 0x08CA, 0x08CA, 0x08CA, 0x08CA, 0x08CA, 0x08CA, 0x08CA, 0x08CA, 0x08CA, 0x08CA, 0x08CA, 0x08CA, 0x08CA, 0x08CA, 0x08CA, 
	0x08CA, 0x08CA, 0x08CA, 0x08CA, 0x08CA, 0x08CA, 0x08CA, 0x08CA, 0x08CA, 0x08CA, 0x08CA, 0x08CA, 0x08CA, 0x08CA, 0x08CA, 0x08CA, 
	0x08CA, 0x08CA, 0x08CA, 0x08CA, 0x08CA, 0x08CA, 0x08CA, 0x08CA, 0x08CA, 0x08CA, 0x08CA, 0x08CA, 0x08CA, 0x08CA, 0x08CA, 0x08CA, 
	0x08CA, 0x08CA, 0x08CA, 0x08CA, 0x08CA, 0x08CA, 0x08CA, 0x08CA, 0x08CA, 0x08CA, 0x08CA, 0x08CA, 0x08CA, 0x08CA, 0x08CA, 0x08CA, 
	0x08CA, 0x08CA, 0x08CA, 0x08CA, 0x08CA, 0x08CA, 0x08CA, 0x08CA, 0x08CA, 0x08CA, 0x08CA, 0x08CA, 0x08CA, 0x08CA, 0x08CA, 0x08CA, 
	0x08CA, 0x08CA, 0x08CA, 0x08CA, 0x08CA, 0x08CA, 0x08CA, 0x08CA, 0x08CA, 0x08CA, 0x08CA, 0x08CA, 0x08CA, 0x08CA, 0x08CA, 0x08CA, 
	0x08CA, 0x08CA, 0x08CA, 0x08CA, 0x08CA, 0x08CA, 0x08CA, 0x08CA, 0x08CA, 0x08CA, 0x08CA, 0x08CA, 0x08CA, 0x08CA, 0x08CA, 0x08CA, 
	0x08CA, 0x08CA, 0x08CA, 0x08CA, 0x08CA, 0x08CA, 0x08CA, 0x08CA, 0x08CA, 0x08CA, 0x08CA, 0x08CA, 0x08CA, 0x08CA, 0x08CA, 0x08CA, 
	0x08CA, 0x08CA, 0x08CA, 0x08CA, 0x08CA, 0x08CA, 0x08CA, 0x08CA, 0x08CA, 0x08CA, 0x08CA, 0x08CA, 0x08CA, 0x08CA, 0x08CA, 0x08CA, 
	0x08CA, 0x08CA, 0x08CA, 0x08CA, 0x08CA, 0x08CA, 0x08CA, 0x08CA, 0x08CA, 0x08CA, 0x08CA, 0x08CA, 0x08CA, 0x08CA, 0x08CA, 0x08CA, 
	0x08CA, 0x08CA, 0x08CA, 0x08CA, 0x08CA, 0x08CA, 0x08CA, 0x08CA, 0x08CA, 0x08CA, 0x08CA, 0x08CA, 0x08CA, 0x08CA, 0x08CA, 0x08CA, 
	0x08CA, 0x08CA, 0x08CA, 0x08CA, 0x08CA, 0x08CA, 0x08CA, 0x08CA, 0x08CA, 0x08CA, 0x08CA, 0x08CA, 0x08CA, 0x08CA, 0x08CA, 0x08CA, 
	0x08CA, 0x08CA, 0x08CA, 0x08CA, 0x08CA, 0x08CA, 0x08CA, 0x08CA, 0x08CA, 0x08CA, 0x08CA, 0x08CA, 0x08CA, 0x08CA, 0x08CA, 0x08CA, 
	0x08CA, 0x08CA, 0x08CA, 0x08CA, 0x08CA, 0x08CA, 0x08CA, 0x08CA, 0x08CA, 0x08CA, 0x08CA, 0x08CA, 0x08CA, 0x08CA, 0x08CA, 0x08CA, 
	0x08CA, 0x08CA, 0x08CA, 0x08CA, 0x08CA, 0x08CA, 0x08CA, 0x08CA, 0x08CA, 0x08CA, 0x08CA, 0x08CA, 0x08CA, 0x08CA, 0x08CA, 0x08CA, 
	0x08CA, 0x08CA, 0x08CA, 0x08CA, 0x08CA, 0x08CA, 0x08CA, 0x08CA, 0x08CA, 0x08CA, 0x08CA, 0x08CA, 0x08CA, 0x08CA, 0x08CA, 0x08CA, 
	0x08CA, 0x08CA, 0x08CA, 0x08CA, 0x08CA, 0x08CA, 0x08CA, 0x08CA, 0x08CA, 0x08CA, 0x08CA, 0x08CA, 0x08CA, 0x08CA, 0x08CA, 0x08CA, 
	0x08CA, 0x08CA, 0x08CA, 0x08CA, 0x08CA, 0x08CA, 0x08CA, 0x08CA, 0x08CA, 0x08CA, 0x08CA, 0x08CA, 0x08CA, 0x08CA, 0x08CA, 0x08CA, 
	0x08CA, 0x08CA, 0x08CA, 0x08CA, 0x08CA, 0x08CA, 0x08CA, 0x08CA, 0x08CA, 0x08CA, 0x08CA, 0x08CA, 0x08CA, 0x08CA, 0x08CA, 0x08CA, 
	0x08CA, 0x08CA, 0x08CA, 0x08CA, 0x08CA, 0x08CA, 0x08CA, 0x08CA, 0x08CA, 0x08CA, 0x08CA, 0x08CA, 0x08CA, 0x08CA, 0x08CA, 0x08CA, 
	0x08CA, 0x08CA, 0x08CA, 0x08CA, 0x08CA, 0x08CA, 0x08CA, 0x08CA, 0x08CA, 0x08CA, 0x08CA, 0x08CA, 0x08CA, 0x08CA, 0x08CA, 0x08CA, 
	0x08CA, 0x08CA, 0x08CA, 0x08CA, 0x08CA, 0x08CA, 0x08CA, 0x08CA, 0x08CA, 0x08CA, 0x08CA, 0x08CA, 0x08CA, 0x08CA, 0x08CA, 0x08CA, 
	0x08CA, 0x08CA, 0x08CA, 0x08CA, 0x08CA, 0x08CA, 0x08CA, 0x08CA, 0x08CA, 0x08CA, 0x08CA, 0x08CA, 0x08CA, 0x08CA, 0x08CA, 0x08CA, 
	0x08CA, 0x08CA, 0x08CA, 0x08CA, 0x08CA, 0x08CA, 0x08CA, 0x08CA, 0x08CA, 0x08CA, 0x08CA, 0x08CA, 0x08CA, 0x08CA, 0x08CA, 0x08CA, 
	0x08CA, 0x08CA, 0x08CA, 0x08CA, 0x08CA, 0x08CA, 0x08CA, 0x08CA, 0x08CA, 0x08CA, 0x08CA, 0x08CA, 0x08CA, 0x08CA, 0x08CA, 0x08CA, 
	0x08CA, 0x08CA, 0x08CA, 0x08CA, 0x08CA, 0x08CA, 0x08CA, 0x08CA, 0x08CA, 0x08CA, 0x08CA, 0x08CA, 0x08CA, 0x08CA, 0x08CA, 0x08CA, 
	0x08CA, 0x08CA, 0x08CA, 0x08CA, 0x08CA, 0x08CA, 0x08CA, 0x08CA, 0x08CA, 0x08CA, 0x08CA, 0x08CA, 0x08CA, 0x08CA, 0x08CA, 0x08CA, 
	0x08CA, 0x08CA, 0x08CA, 0x08CA, 0x08CA, 0x08CA, 0x08CA, 0x08CA, 0x08CA, 0x08CA, 0x08CA, 0x08CA, 0x08CA, 0x08CA, 0x08CA, 0x08CA, 
	0x08CA, 0x08CA, 0x08CA, 0x08CA, 0x08CA, 0x08CA, 0x08CA, 0x08CA, 0x08CA, 0x08CA, 0x08CA, 0x08CA, 0x08CA, 0x08CA, 0x08CA, 0x08CA, 
	0x08CA, 0x08CA, 0x08CA, 0x08CA, 0x08CA, 0x08CA, 0x08CA, 0x08CA, 0x08CA, 0x08CA, 0x08CA, 0x08CA, 0x08CA, 0x08CA, 0x08CA, 0x08CA, 
	0x08CA, 0x08CA, 0x08CA, 0x08CA, 0x08CA, 0x08CA, 0x08CA, 0x08CA, 0x08CA, 0x08CA, 0x08CA, 0x08CA, 0x08CA, 0x08CA, 0x08CA, 0x08CA, 
	0x08CA, 0x08CA, 0x08CA, 0x08CA, 0x08CA, 0x08CA, 0x08CA, 0x08CA, 0x08CA, 0x08CA, 0x08CA, 0x08CA, 0x08CA, 0x08CA, 0x08CA, 0x08CA, 
	0x08CA, 0x08CA, 0x08CA, 0x08CA, 0x08CA, 0x08CA, 0x08CA, 0x08CA, 0x08CA, 0x08CA, 0x08CA, 0x08CA, 0x08CA, 0x08CA, 0x08CA, 0x08CA, 
	0x08CA, 0x08CA, 0x08CA, 0x08CA, 0x08CA, 0x08CA, 0x08CA, 0x08CA, 0x08CA, 0x08CA, 0x08CA, 0x08CA, 0x08CA, 0x08CA, 0x08CA, 0x08CA, 
	0x08CA, 0x08CA, 0x08CA, 0x08CA, 0x08CA, 0x08CA, 0x08CA, 0x08CA, 0x08CA, 0x08CA, 0x08CA, 0x08CA, 0x08CA, 0x08CA, 0x08CA, 0x08CA, 
	0x08CA, 0x08CA, 0x08CA, 0x08CA, 0x08CA, 0x08CA, 0x08CA, 0x08CA, 0x08CA, 0x08CA, 0x08CA, 0x08CA, 0x08CA, 0x08CA, 0x08CA, 0x08CA, 
	0x08CA, 0x08CA, 0x08CA, 0x08CA, 0x08CA, 0x08CA, 0x08CA, 0x08CA, 0x08CA, 0x08CA, 0x08CA, 0x08CA, 0x08CA, 0x08CA, 0x08CA, 0x08CA, 
	0x08CA, 0x08CA, 0x08CA, 0x08CA, 0x08CA, 0x08CA, 0x08CA, 0x08CA, 0x08CA, 0x08CA, 0x08CA, 0x08CA, 0x08CA, 0x08CA, 0x08CA, 0x08CA, 
	0x08CA, 0x08CA, 0x08CA, 0x08CA, 0x08CA, 0x08CA, 0x08CA, 0x08CA, 0x08CA, 0x08CA, 0x08CA, 0x08CA, 0x08CA, 0x08CA, 0x08CA, 0x08CA, 
	0x08CA, 0x08CA, 0x08CA, 0x08CA, 0x08CA, 0x08CA, 0x08CA, 0x08CA, 0x08CA, 0x08CA, 0x08CA, 0x08CA, 0x08CA, 0x08CA, 0x08CA, 0x08CA, 
	0x08CA, 0x08CA, 0x08CA, 0x08CA, 0x08CA, 0x08CA, 0x08CA, 0x08CA, 0x08CA, 0x08CA, 0x08CA, 0x08CA, 0x08CA, 0x08CA, 0x08CA, 0x08CA, 
	0x08CA, 0x08CA, 0x08CA, 0x08CA, 0x08CA, 0x08CA, 0x08CA, 0x08CA, 0x08CA, 0x08CA, 0x08CA, 0x08CA, 0x08CA, 0x08CA, 0x08CA, 0x08CA, 
	0x08CA, 0x08CA, 0x08CA, 0x08CA, 0x08CA, 0x08CA, 0x08CA, 0x08CA, 0x08CA, 0x08CA, 0x08CA, 0x08CA, 0x08CA, 0x08CA, 0x08CA, 0x08CA, 
	0x08CA, 0x08CA, 0x08CA, 0x08CA, 0x08CA, 0x08CA, 0x08CA, 0x08CA, 0x08CA, 0x08CA, 0x08CA, 0x08CA, 0x08CA, 0x08CA, 0x08CA, 0x08CA, 
	0x08CA, 0x08CA, 0x08CA, 0x08CA, 0x08CA, 0x08CA, 0x08CA, 0x08CA, 0x08CA, 0x08CA, 0x08CA, 0x08CA, 0x08CA, 0x08CA, 0x08CA, 0x08CA, 
	0x08CA, 0x08CA, 0x08CA, 0x08CA, 0x08CA, 0x08CA, 0x08CA, 0x08CA, 0x08CA, 0x08CA, 0x08CA, 0x08CA, 0x08CA, 0x08CA, 0x08CA, 0x08CA, 
	0x08CA, 0x08CA, 0x08CA, 0x08CA, 0x08CA, 0x08CA, 0x08CA, 0x08CA, 0x08CA, 0x08CA, 0x08CA, 0x08CA, 0x08CA, 0x08CA, 0x08CA, 0x08CA, 
	0x08CA, 0x08CA, 0x08CA, 0x08CA, 0x08CA, 0x08CA, 0x08CA, 0x08CA, 0x08CA, 0x08CA, 0x08CA, 0x08CA, 0x08CA, 0x08CA, 0x08CA, 0x08CA, 
	0x08CA, 0x08CA, 0x08CA, 0x08CA, 0x08CA, 0x08CA, 0x08CA, 0x08CA, 0x08CA, 0x08CA, 0x08CA, 0x08CA, 0x08CA, 0x08CA, 0x08CA, 0x08CA, 
	0x08CA, 0x08CA, 0x08CA, 0x08CA, 0x08CA, 0x08CA, 0x08CA, 0x08CA, 0x08CA, 0x08CA, 0x08CA, 0x08CA, 0x08CA, 0x08CA, 0x08CA, 0x08CA, 
	0x08CA, 0x08CA, 0x08CA, 0x08CA, 0x08CA, 0x08CA, 0x08CA, 0x08CA, 0x08CA, 0x08CA, 0x08CA, 0x08CA, 0x08CA, 0x08CA, 0x08CA, 0x08CA, 
	0x08CA, 0x08CA, 0x08CA, 0x08CA, 0x08CA, 0x08CA, 0x08CA, 0x08CA, 0x08CA, 0x08CA, 0x08CA, 0x08CA, 0x08CA, 0x08CA, 0x08CA, 0x08CA, 
	0x08CA, 0x08CA, 0x08CA, 0x08CA, 0x08CA, 0x08CA, 0x08CA, 0x08CA, 0x08CA, 0x08CA, 0x08CA, 0x08CA, 0x08CA, 0x08CA, 0x08CA, 0x08CA, 
	0x08CA, 0x08CA, 0x08CA, 0x08CA, 0x08CA, 0x08CA, 0x08CA, 0x08CA, 0x08CA, 0x08CA, 0x08CA, 0x08CA, 0x08CA, 0x08CA, 0x08CA, 0x08CA, 
	0x08CA, 0x08CA, 0x08CA, 0x08CA, 0x08CA, 0x08CA, 0x08CA, 0x08CA, 0x08CA, 0x08CA, 0x08CA, 0x08CA, 0x08CA, 0x08CA, 0x08CA, 0x08CA, 
	0x08CA, 0x08CA, 0x08CA, 0x08CA, 0x08CA, 0x08CA, 0x08CA, 0x08CA, 0x08CA, 0x08CA, 0x08CA, 0x08CA, 0x08CA, 0x08CA, 0x08CA, 0x08CA, 
	0x08CA, 0x08CA, 0x08CA, 0x08CA, 0x08CA, 0x08CA, 0x08CA, 0x08CA, 0x08CA, 0x08CA, 0x08CA, 0x08CA, 0x08CA, 0x08CA, 0x08CA, 0x08CA, 
	0x08CA, 0x08CA, 0x08CA, 0x08CA, 0x08CA, 0x08CA, 0x08CA, 0x08CA, 0x08CA, 0x08CA, 0x08CA, 0x08CA, 0x08CA, 0x08CA, 0x08CA, 0x08CA, 
	0x08CA, 0x08CA, 0x08CA, 0x08CA, 0x08CA, 0x08CA, 0x08CA, 0x08CA, 0x08CA, 0x08CA, 0x08CA, 0x08CA, 0x08CA, 0x08CA, 0x08CA, 0x08CA, 
	0x08CA, 0x08CA, 0x08CA, 0x08CA, 0x08CA, 0x08CA, 0x08CA, 0x08CA, 0x08CA, 0x08CA, 0x08CA, 0x08CA, 0x08CA, 0x08CA, 0x08CA, 0x08CA, 
	0x08CA, 0x08CA, 0x08CA, 0x08CA, 0x08CA, 0x08CA, 0x08CA, 0x08CA, 0x08CA, 0x08CA, 0x08CA, 0x08CA, 0x08CA, 0x08CA, 0x08CA, 0x08CA, 
	0x08CA, 0x08CA, 0x08CA, 0x08CA, 0x08CA, 0x08CA, 0x08CA, 0x08CA, 0x08CA, 0x08CA, 0x08CA, 0x08CA, 0x08CA, 0x08CA, 0x08CA, 0x08CA, 
	0x08CA, 0x08CA, 0x08CA, 0x08CA, 0x08CA, 0x08CA, 0x08CA, 0x08CA, 0x08CA, 0x08CA, 0x08CA, 0x08CA, 0x08CA, 0x08CA, 0x08CA, 0x08CA, 
	0x08CA, 0x08CA, 0x08CA, 0x08CA, 0x08CA, 0x08CA, 0x08CA, 0x08CA, 0x08CA, 0x08CA, 0x08CA, 0x08CA, 0x08CA, 0x08CA, 0x08CA, 0x08CA, 
	0x08CA, 0x08CA, 0x08CA, 0x08CA, 0x08CA, 0x08CA, 0x08CA, 0x08CA, 0x08CA, 0x08CA, 0x08CA, 0x08CA, 0x08CA, 0x08CA, 0x08CA, 0x08CA, 
	0x08CA, 0x08CA, 0x08CA, 0x08CA, 0x08CA, 0x08CA, 0x08CA, 0x08CA, 0x08CA, 0x08CA, 0x08CA, 0x08CA, 0x08CA, 0x08CA, 0x08CA, 0x08CA, 
	0x08CA, 0x08CA, 0x08CA, 0x08CA, 0x08CA, 0x08CA, 0x08CA, 0x08CA, 0x08CA, 0x08CA, 0x08CA, 0x08CA, 0x08CA, 0x08CA, 0x08CA, 0x08CA, 
	0x08CA, 0x08CA, 0x08CA, 0x08CA, 0x08CA, 0x08CA, 0x08CA, 0x08CA, 0x08CA, 0x08CA, 0x08CA, 0x08CA, 0x08CA, 0x08CA, 0x08CA, 0x08CA, 
	0x08CA, 0x08CA, 0x08CA, 0x08CA, 0x08CA, 0x08CA, 0x08CA, 0x08CA, 0x08CA, 0x08CA, 0x08CA, 0x08CA, 0x08CA, 0x08CA, 0x08CA, 0x08CA, 
	0x08CA, 0x08CA, 0x08CA, 0x08CA, 0x08CA, 0x08CA, 0x08CA, 0x08CA, 0x08CA, 0x08CA, 0x08CA, 0x08CA, 0x08CA, 0x08CA, 0x08CA, 0x08CA, 
	0x08CA, 0x08CA, 0x08CA, 0x08CA, 0x08CA, 0x08CA, 0x08CA, 0x08CA, 0x08CA, 0x08CA, 0x08CA, 0x08CA, 0x08CA, 0x08CA, 0x08CA, 0x08CA, 
	0x08CA, 0x08CA, 0x08CA, 0x08CA, 0x08CA, 0x08CA, 0x08CA, 0x08CA, 0x08CA, 0x08CA, 0x08CA, 0x08CA, 0x08CA, 0x08CA, 0x08CA, 0x08CA, 
	0x08CA, 0x08CA, 0x08CA, 0x08CA, 0x08CA, 0x08CA, 0x08CA, 0x08CA, 0x08CA, 0x08CA, 0x08CA, 0x08CA, 0x08CA, 0x08CA, 0x08CA, 0x08CA, 
	0x08CA, 0x08CA, 0x08CA, 0x08CA, 0x08CA, 0x08CA, 0x08CA, 0x08CA, 0x08CA, 0x08CA, 0x08CA, 0x08CA, 0x08CA, 0x08CA, 0x08CA, 0x08CA, 
	0x08CA, 0x08CA, 0x08CA, 0x08CA, 0x08CA, 0x08CA, 0x08CA, 0x08CA, 0x08CA, 0x08CA, 0x08CA, 0x08CA, 0x08CA, 0x08CA, 0x08CA, 0x08CA, 
	0x08CA, 0x08CA, 0x08CA, 0x08CA, 0x08CA, 0x08CA, 0x08CA, 0x08CA, 0x08CA, 0x08CA, 0x08CA, 0x08CA, 0x08CA, 0x08CA, 0x08CA, 0x08CA, 
	0x08CA, 0x08CA, 0x08CA, 0x08CA, 0x08CA, 0x08CA, 0x08CA, 0x08CA, 0x08CA, 0x08CA, 0x08CA, 0x08CA, 0x08CA, 0x08CA, 0x08CA, 0x08CA, 
	0x08CA, 0x08CA, 0x08CA, 0x08CA, 0x08CA, 0x08CA, 0x08CA, 0x08CA, 0x08CA, 0x08CA, 0x08CA, 0x08CA, 0x08CA, 0x08CA, 0x08CA, 0x08CA, 
	0x08CA, 0x08CA, 0x08CA, 0x08CA, 0x08CA, 0x08CA, 0x08CA, 0x08CA, 0x08CA, 0x08CA, 0x08CA, 0x08CA, 0x08CA, 0x08CA, 0x08CA, 0x08CA, 
	0x08CA, 0x08CA, 0x08CA, 0x08CA, 0x08CA, 0x08CA, 0x08CA, 0x08CA, 0x08CA, 0x08CA, 0x08CA, 0x08CA, 0x08CA, 0x08CA, 0x08CA, 0x08CA, 
	0x08CA, 0x08CA, 0x08CA, 0x08CA, 0x08CA, 0x08CA, 0x08CA, 0x08CA, 0x08CA, 0x08CA, 0x08CA, 0x08CA, 0x08CA, 0x08CA, 0x08CA, 0x08CA, 
	0x08CA, 0x08CA, 0x08CA, 0x08CA, 0x08CA, 0x08CA, 0x08CA, 0x08CA, 0x08CA, 0x08CA, 0x08CA, 0x08CA, 0x08CA, 0x08CA, 0x08CA, 0x08CA, 
	0x08CA, 0x08CA, 0x08CA, 0x08CA, 0x08CA, 0x08CA, 0x08CA, 0x08CA, 0x08CA, 0x08CA, 0x08CA, 0x08CA, 0x08CA, 0x08CA, 0x08CA, 0x08CA, 
	0x08CA, 0x08CA, 0x08CA, 0x08CA, 0x08CA, 0x08CA, 0x08CA, 0x08CA, 0x08CA, 0x08CA, 0x08CA, 0x08CA, 0x08CA, 0x08CA, 0x08CA, 0x08CA, 
	0x08CA, 0x08CA, 0x08CA, 0x08CA, 0x08CA, 0x08CA, 0x08CA, 0x08CA, 0x08CA, 0x08CA, 0x08CA, 0x08CA, 0x08CA, 0x08CA, 0x08CA, 0x08CA, 
	0x08CA, 0x08CA, 0x08CA, 0x08CA, 0x08CA, 0x08CA, 0x08CA, 0x08CA, 0x08CA, 0x08CA, 0x08CA, 0x08CA, 0x08CA, 0x08CA, 0x08CA, 0x08CA, 
	0x08CA, 0x08CA, 0x08CA, 0x08CA, 0x08CA, 0x08CA, 0x08CA, 0x08CA, 0x08CA, 0x08CA, 0x08CA, 0x08CA, 0x08CA, 0x08CA, 0x08CA, 0x08CA, 
	0x08CA, 0x08CA, 0x08CA, 0x08CA, 0x08CA, 0x08CA, 0x08CA, 0x08CA, 0x08CA, 0x08CA, 0x08CA, 0x08CA, 0x08CA, 0x08CA, 0x08CA, 0x08CA, 
	0x08CA, 0x08CA, 0x08CA, 0x08CA, 0x08CA, 0x08CA, 0x08CA, 0x08CA, 0x08CA, 0x08CA, 0x08CA, 0x08CA, 0x08CA, 0x08CA, 0x08CA, 0x08CA, 
	0x08CA, 0x08CA, 0x08CA, 0x08CA, 0x08CA, 0x08CA, 0x08CA, 0x08CA, 0x08CA, 0x08CA, 0x08CA, 0x08CA, 0x08CA, 0x08CA, 0x08CA, 0x08CA, 
	0x08CA, 0x08CA, 0x08CA, 0x08CA, 0x08CA, 0x08CA, 0x08CA, 0x08CA, 0x08CA, 0x08CA, 0x08CA, 0x08CA, 0x08CA, 0x08CA, 0x08CA, 0x08CA, 
	0x08CA, 0x08CA, 0x08CA, 0x08CA, 0x08CA, 0x08CA, 0x08CA, 0x08CA, 0x08CA, 0x08CA, 0x08CA, 0x08CA, 0x08CA, 0x08CA, 0x08CA, 0x08CA, 
	0x08CA, 0x08CA, 0x08CA, 0x08CA, 0x08CA, 0x08CA, 0x08CA, 0x08CA, 0x08CA, 0x08CA, 0x08CA, 0x08CA, 0x08CA, 0x08CA, 0x08CA, 0x08CA, 
	0x08CA, 0x08CA, 0x08CA, 0x08CA, 0x08CA, 0x08CA, 0x08CA, 0x08CA, 0x08CA, 0x08CA, 0x08CA, 0x08CA, 0x08CA, 0x08CA, 0x08CA, 0x08CA, 
	0x08CA, 0x08CA, 0x08CA, 0x08CA, 0x08CA, 0x08CA, 0x08CA, 0x08CA, 0x08CA, 0x08CA, 0x08CA, 0x08CA, 0x08CA, 0x08CA, 0x08CA, 0x08CA, 
	0x08CA, 0x08CA, 0x08CA, 0x08CA, 0x08CA, 0x08CA, 0x08CA, 0x08CA, 0x08CA, 0x08CA, 0x08CA, 0x08CA, 0x08CA, 0x08CA, 0x08CA, 0x08CA, 
	0x08CA, 0x08CA, 0x08CA, 0x08CA, 0x08CA, 0x08CA, 0x08CA, 0x08CA, 0x08CA, 0x08CA, 0x08CA, 0x08CA, 0x08CA, 0x08CA, 0x08CA, 0x08CA, 
	0x08CA, 0x08CA, 0x08CA, 0x08CA, 0x08CA, 0x08CA, 0x08CA, 0x08CA, 0x08CA, 0x08CA, 0x08CA, 0x08CA, 0x08CA, 0x08CA, 0x08CA, 0x08CA, 
	0x08CA, 0x08CA, 0x08CA, 0x08CA, 0x08CA, 0x08CA, 0x08CA, 0x08CA, 0x08CA, 0x08CA, 0x08CA, 0x08CA, 0x08CA, 0x08CA, 0x08CA, 0x08CA, 
	0x08CA, 0x08CA, 0x08CA, 0x08CA, 0x08CA, 0x08CA, 0x08CA, 0x08CA, 0x08CA, 0x08CA, 0x08CA, 0x08CA, 0x08CA, 0x08CA, 0x08CA, 0x08CA, 
	0x08CA, 0x08CA, 0x08CA, 0x08CA, 0x08CA, 0x08CA, 0x08CA, 0x08CA, 0x08CA, 0x08CA, 0x08CA, 0x08CA, 0x08CA, 0x08CA, 0x08CA, 0x08CA, 
	0x08CA, 0x08CA, 0x08CA, 0x08CA, 0x08CA, 0x08CA, 0x08CA, 0x08CA, 0x08CA, 0x08CA, 0x08CA, 0x08CA, 0x08CA, 0x08CA, 0x08CA, 0x08CA, 
	0x08CA, 0x08CA, 0x08CA, 0x08CA, 0x08CA, 0x08CA, 0x08CA, 0x08CA, 0x08CA, 0x08CA, 0x08CA, 0x08CA, 0x08CA, 0x08CA, 0x08CA, 0x08CA, 
	0x08CA, 0x08CA, 0x08CA, 0x08CA, 0x08CA, 0x08CA, 0x08CA, 0x08CA, 0x08CA, 0x08CA, 0x08CA, 0x08CA, 0x08CA, 0x08CA, 0x08CA, 0x08CA, 
	0x08CA, 0x08CA, 0x08CA, 0x08CA, 0x08CA, 0x08CA, 0x08CA, 0x08CA, 0x08CA, 0x08CA, 0x08CA, 0x08CA, 0x08CA, 0x08CA, 0x08CA, 0x08CA, 
	0x08CA, 0x08CA, 0x08CA, 0x08CA, 0x08CA, 0x08CA, 0x08CA, 0x08CA, 0x08CA, 0x08CA, 0x08CA, 0x08CA, 0x08CA, 0x08CA, 0x08CA, 0x08CA, 
	0x08CA, 0x08CA, 0x08CA, 0x08CA, 0x08CA, 0x08CA, 0x08CA, 0x08CA, 0x08CA, 0x08CA, 0x08CA, 0x08CA, 0x08CA, 0x08CA, 0x08CA, 0x08CA, 
	0x08CA, 0x08CA, 0x08CA, 0x08CA, 0x08CA, 0x08CA, 0x08CA, 0x08CA, 0x08CA, 0x08CA, 0x08CA, 0x08CA, 0x08CA, 0x08CA, 0x08CA, 0x08CA, 
	0x08CA, 0x08CA, 0x08CA, 0x08CA, 0x08CA, 0x08CA, 0x08CA, 0x08CA, 0x08CA, 0x08CA, 0x08CA, 0x08CA, 0x08CA, 0x08CA, 0x08CA, 0x08CA, 
	0x08CA, 0x08CA, 0x08CA, 0x08CA, 0x08CA, 0x08CA, 0x08CA, 0x08CA, 0x08CA, 0x08CA, 0x08CA, 0x08CA, 0x08CA, 0x08CA, 0x08CA, 0x08CA, 
	0x08CA, 0x08CA, 0x08CA, 0x08CA, 0x08CA, 0x08CA, 0x08CA, 0x08CA, 0x08CA, 0x08CA, 0x08CA, 0x08CA, 0x08CA, 0x08CA, 0x08CA, 0x08CA, 
	0x08CA, 0x08CA, 0x08CA, 0x08CA, 0x08CA, 0x08CA, 0x08CA, 0x08CA, 0x08CA, 0x08CA, 0x08CA, 0x08CA, 0x08CA, 0x08CA, 0x08CA, 0x08CA, 
	0x08CA, 0x08CA, 0x08CA, 0x08CA, 0x08CA, 0x08CA, 0x08CA, 0x08CA, 0x08CA, 0x08CA, 0x08CA, 0x08CA, 0x08CA, 0x08CA, 0x08CA, 0x08CA, 
	0x08CA, 0x08CA, 0x08CA, 0x08CA, 0x08CA, 0x08CA, 0x08CA, 0x08CA, 0x08CA, 0x08CA, 0x08CA, 0x08CA, 0x08CA, 0x08CA, 0x08CA, 0x08CA, 
	0x08CA, 0x08CA, 0x08CA, 0x08CA, 0x08CA, 0x08CA, 0x08CA, 0x08CA, 0x08CA, 0x08CA, 0x08CA, 0x08CA, 0x08CA, 0x08CA, 0x08CA, 0x08CA, 
	0x08CA, 0x08CA, 0x08CA, 0x08CA, 0x08CA, 0x08CA, 0x08CA, 0x08CA, 0x08CA, 0x08CA, 0x08CA, 0x08CA, 0x08CA, 0x08CA, 0x08CA, 0x08CA, 
	0x08CA, 0x08CA, 0x08CA, 0x08CA, 0x08CA, 0x08CA, 0x08CA, 0x08CA, 0x08CA, 0x08CA, 0x08CA, 0x08CA, 0x08CA, 0x08CA, 0x08CA, 0x08CA, 
	0x08CA, 0x08CA, 0x08CA, 0x08CA, 0x08CA, 0x08CA, 0x08CA, 0x08CA, 0x08CA, 0x08CA, 0x08CA, 0x08CA, 0x08CA, 0x08CA, 0x08CA, 0x08CA, 
	0x08CA, 0x08CA, 0x08CA, 0x08CA, 0x08CA, 0x08CA, 0x08CA, 0x08CA, 0x08CA, 0x08CA, 0x08CA, 0x08CA, 0x08CA, 0x08CA, 0x08CA, 0x08CA, 
	0x08CA, 0x08CA, 0x08CA, 0x08CA, 0x08CA, 0x08CA, 0x08CA, 0x08CA, 0x08CA, 0x08CA, 0x08CA, 0x08CA, 0x08CA, 0x08CA, 0x08CA, 0x08CA, 
	0x08CA, 0x08CA, 0x08CA, 0x08CA, 0x08CA, 0x08CA, 0x08CA, 0x08CA, 0x08CA, 0x08CA, 0x08CA, 0x08CA, 0x08CA, 0x08CA, 0x08CA, 0x08CA, 
	0x08CA, 0x08CA, 0x08CA, 0x08CA, 0x08CA, 0x08CA, 0x08CA, 0x08CA, 0x08CA, 0x08CA, 0x08CA, 0x08CA, 0x08CA, 0x08CA, 0x08CA, 0x08CA, 
	0x08CA, 0x08CA, 0x08CA, 0x08CA, 0x08CA, 0x08CA, 0x08CA, 0x08CA, 0x08CA, 0x08CA, 0x08CA, 0x08CA, 0x08CA, 0x08CA, 0x08CA, 0x08CA, 
	0x08CA, 0x08CA, 0x08CA, 0x08CA, 0x08CA, 0x08CA, 0x08CA, 0x08CA, 0x08CA, 0x08CA, 0x08CA, 0x08CA, 0x08CA, 0x08CA, 0x08CA, 0x08CA, 
	0x08CA, 0x08CA, 0x08CA, 0x08CA, 0x08CA, 0x08CA, 0x08CA, 0x08CA, 0x08CA, 0x08CA, 0x08CA, 0x08CA, 0x08CA, 0x08CA, 0x08CA, 0x08CA, 
	0x08CA, 0x08CA, 0x08CA, 0x08CA, 0x08CA, 0x08CA, 0x08CA, 0x08CA, 0x08CA, 0x08CA, 0x08CA, 0x08CA, 0x08CA, 0x08CA, 0x08CA, 0x08CA, 
	0x08CA, 0x08CA, 0x08CA, 0x08CA, 0x08CA, 0x08CA, 0x08CA, 0x08CA, 0x08CA, 0x08CA, 0x08CA, 0x08CA, 0x08CA, 0x08CA, 0x08CA, 0x08CA, 
	0x08CA, 0x08CA, 0x08CA, 0x08CA, 0x08CA, 0x08CA, 0x08CA, 0x08CA, 0x08CA, 0x08CA, 0x08CA, 0x08CA, 0x08CA, 0x08CA, 0x08CA, 0x08CA, 
	0x08CA, 0x08CA, 0x08CA, 0x08CA, 0x08CA, 0x08CA, 0x08CA, 0x08CA, 0x08CA, 0x08CA, 0x08CA, 0x08CA, 0x08CA, 0x08CA, 0x08CA, 0x08CA, 
	0x08CA, 0x08CA, 0x08CA, 0x08CA, 0x08CA, 0x08CA, 0x08CA, 0x08CA, 0x08CA, 0x08CA, 0x08CA, 0x08CA, 0x08CA, 0x08CA, 0x08CA, 0x08CA, 
	0x08CA, 0x08CA, 0x08CA, 0x08CA, 0x08CA, 0x08CA, 0x08CA, 0x08CA, 0x08CA, 0x08CA, 0x08CA, 0x08CA, 0x08CA, 0x08CA, 0x08CA, 0x08CA, 
	0x08CA, 0x08CA, 0x08CA, 0x08CA, 0x08CA, 0x08CA, 0x08CA, 0x08CA, 0x08CA, 0x08CA, 0x08CA, 0x08CA, 0x08CA, 0x08CA, 0x08CA, 0x08CA, 
	0x08CA, 0x08CA, 0x08CA, 0x08CA, 0x08CA, 0x08CA, 0x08CA, 0x08CA, 0x08CA, 0x08CA, 0x08CA, 0x08CA, 0x08CA, 0x08CA, 0x08CA, 0x08CA, 
	0x08CA, 0x08CA, 0x08CA, 0x08CA, 0x08CA, 0x08CA, 0x08CA, 0x08CA, 0x08CA, 0x08CA, 0x08CA, 0x08CA, 0x08CA, 0x08CA, 0x08CA, 0x08CA, 
	0x08CA, 0x08CA, 0x08CA, 0x08CA, 0x08CA, 0x08CA, 0x08CA, 0x08CA, 0x08CA, 0x08CA, 0x08CA, 0x08CA, 0x08CA, 0x08CA, 0x08CA, 0x08CA, 
	0x08CA, 0x08CA, 0x08CA, 0x08CA, 0x08CA, 0x08CA, 0x08CA, 0x08CA, 0x08CA, 0x08CA, 0x08CA, 0x08CA, 0x08CA, 0x08CA, 0x08CA, 0x08CA, 
	0x08CA, 0x08CA, 0x08CA, 0x08CA, 0x08CA, 0x08CA, 0x08CA, 0x08CA, 0x08CA, 0x08CA, 0x08CA, 0x08CA, 0x08CA, 0x08CA, 0x08CA, 0x08CA, 
	0x08CA, 0x08CA, 0x08CA, 0x08CA, 0x08CA, 0x08CA, 0x08CA, 0x08CA, 0x08CA, 0x08CA, 0x08CA, 0x08CA, 0x08CA, 0x08CA, 0x08CA, 0x08CA, 
	0x08CA, 0x08CA, 0x08CA, 0x08CA, 0x08CA, 0x08CA, 0x08CA, 0x08CA, 0x08CA, 0x08CA, 0x08CA, 0x08CA, 0x08CA, 0x08CA, 0x08CA, 0x08CA, 
	0x08CA, 0x08CA, 0x08CA, 0x08CA, 0x08CA, 0x08CA, 0x08CA, 0x08CA, 0x08CA, 0x08CA, 0x08CA, 0x08CA, 0x08CA, 0x08CA, 0x08CA, 0x08CA, 
	0x08CA, 0x08CA, 0x08CA, 0x08CA, 0x08CA, 0x08CA, 0x08CA, 0x08CA, 0x08CA, 0x08CA, 0x08CA, 0x08CA, 0x08CA, 0x08CA, 0x08CA, 0x08CA, 
	0x08CA, 0x08CA, 0x08CA, 0x08CA, 0x08CA, 0x08CA, 0x08CA, 0x08CA, 0x08CA, 0x08CA, 0x08CA, 0x08CA, 0x08CA, 0x08CA, 0x08CA, 0x08CA, 
	0x08CA, 0x08CA, 0x08CA, 0x08CA, 0x08CA, 0x08CA, 0x08CA, 0x08CA, 0x08CA, 0x08CA, 0x08CA, 0x08CA, 0x08CA, 0x08CA, 0x08CA, 0x08CA, 
	0x08CA, 0x08CA, 0x08CA, 0x08CA, 0x08CA, 0x08CA, 0x08CA, 0x08CA, 0x08CA, 0x08CA, 0x08CA, 0x08CA, 0x08CA, 0x08CA, 0x08CA, 0x08CA, 
	0x08CA, 0x08CA, 0x08CA, 0x08CA, 0x08CA, 0x08CA, 0x08CA, 0x08CA, 0x08CA, 0x08CA, 0x08CA, 0x08CA, 0x08CA, 0x08CA, 0x08CA, 0x08CA, 
	0x08CA, 0x08CA, 0x08CA, 0x08CA, 0x08CA, 0x08CA, 0x08CA, 0x08CA, 0x08CA, 0x08CA, 0x08CA, 0x08CA, 0x08CA, 0x08CA, 0x08CA, 0x08CA, 
	0x08CA, 0x08CA, 0x08CA, 0x08CA, 0x08CA, 0x08CA, 0x08CA, 0x08CA, 0x08CA, 0x08CA, 0x08CA, 0x08CA, 0x08CA, 0x08CA, 0x08CA, 0x08CA, 
	0x08CA, 0x08CA, 0x08CA, 0x08CA, 0x08CA, 0x08CA, 0x08CA, 0x08CA, 0x08CA, 0x08CA, 0x08CA, 0x08CA, 0x08CA, 0x08CA, 0x08CA, 0x08CA, 
	0x08CA, 0x08CA, 0x08CA, 0x08CA, 0x08CA, 0x08CA, 0x08CA, 0x08CA, 0x08CA, 0x08CA, 0x08CA, 0x08CA, 0x08CA, 0x08CA, 0x08CA, 0x08CA, 
	0x08CA, 0x08CA, 0x08CA, 0x08CA, 0x08CA, 0x08CA, 0x08CA, 0x08CA, 0x08CA, 0x08CA, 0x08CA, 0x08CA, 0x08CA, 0x08CA, 0x08CA, 0x08CA, 
	0x08CA, 0x08CA, 0x08CA, 0x08CA, 0x08CA, 0x08CA, 0x08CA, 0x08CA, 0x08CA, 0x08CA, 0x08CA, 0x08CA, 0x08CA, 0x08CA, 0x08CA, 0x08CA, 
	0x08CA, 0x08CA, 0x08CA, 0x08CA, 0x08CA, 0x08CA, 0x08CA, 0x08CA, 0x08CA, 0x08CA, 0x08CA, 0x08CA, 0x08CA, 0x08CA, 0x08CA, 0x08CA, 
	0x08CA, 0x08CA, 0x08CA, 0x08CA, 0x08CA, 0x08CA, 0x08CA, 0x08CA, 0x08CA, 0x08CA, 0x08CA, 0x08CA, 0x08CA, 0x08CA, 0x08CA, 0x08CA, 
	0x08CA, 0x08CA, 0x08CA, 0x08CA, 0x08CA, 0x08CA, 0x08CA, 0x08CA, 0x08CA, 0x08CA, 0x08CA, 0x08CA, 0x08CA, 0x08CA, 0x08CA, 0x08CA, 
	0x08CA, 0x08CA, 0x08CA, 0x08CA, 0x08CA, 0x08CA, 0x08CA, 0x08CA, 0x08CA, 0x08CA, 0x08CA, 0x08CA, 0x08CA, 0x08CA, 0x08CA, 0x08CA, 
	0x08CA, 0x08CA, 0x08CA, 0x08CA, 0x08CA, 0x08CA, 0x08CA, 0x08CA, 0x08CA, 0x08CA, 0x08CA, 0x08CA, 0x08CA, 0x08CA, 0x08CA, 0x08CA, 
	0x08CA, 0x08CA, 0x08CA, 0x08CA, 0x08CA, 0x08CA, 0x08CA, 0x08CA, 0x08CA, 0x08CA, 0x08CA, 0x08CA, 0x08CA, 0x08CA, 0x08CA, 0x08CA, 
	0x08CA, 0x08CA, 0x08CA, 0x08CA, 0x08CA, 0x08CA, 0x08CA, 0x08CA, 0x08CA, 0x08CA, 0x08CA, 0x08CA, 0x08CA, 0x08CA, 0x08CA, 0x08CA, 
	0x08CA, 0x08CA, 0x08CA, 0x08CA, 0x08CA, 0x08CA, 0x08CA, 0x08CA, 0x08CA, 0x08CA, 0x08CA, 0x08CA, 0x08CA, 0x08CA, 0x08CA, 0x08CA, 
	0x08CA, 0x08CA, 0x08CA, 0x08CA, 0x08CA, 0x08CA, 0x08CA, 0x08CA, 0x08CA, 0x08CA, 0x08CA, 0x08CA, 0x08CA, 0x08CA, 0x08CA, 0x08CA, 
	0x08CA, 0x08CA, 0x08CA, 0x08CA, 0x08CA, 0x08CA, 0x08CA, 0x08CA, 0x08CA, 0x08CA, 0x08CA, 0x08CA, 0x08CA, 0x08CA, 0x08CA, 0x08CA, 
	0x08CA, 0x08CA, 0x08CA, 0x08CA, 0x08CA, 0x08CA, 0x08CA, 0x08CA, 0x08CA, 0x08CA, 0x08CA, 0x08CA, 0x08CA, 0x08CA, 0x08CA, 0x08CA, 
	0x08CA, 0x08CA, 0x08CA, 0x08CA, 0x08CA, 0x08CA, 0x08CA, 0x08CA, 0x08CA, 0x08CA, 0x08CA, 0x08CA, 0x08CA, 0x08CA, 0x08CA, 0x08CA, 
	0x08CA, 0x08CA, 0x08CA, 0x08CA, 0x08CA, 0x08CA, 0x08CA, 0x08CA, 0x08CA, 0x08CA, 0x08CA, 0x08CA, 0x08CA, 0x08CA, 0x08CA, 0x08CA, 
	0x08CA, 0x08CA, 0x08CA, 0x08CA, 0x08CA, 0x08CA, 0x08CA, 0x08CA, 0x08CA, 0x08CA, 0x08CA, 0x08CA, 0x08CA, 0x08CA, 0x08CA, 0x08CA, 
	0x08CA, 0x08CA, 0x08CA, 0x08CA, 0x08CA, 0x08CA, 0x08CA, 0x08CA, 0x08CA, 0x08CA, 0x08CA, 0x08CA, 0x08CA, 0x08CA, 0x08CA, 0x08CA, 
	0x08CA, 0x08CA, 0x08CA, 0x08CA, 0x08CA, 0x08CA, 0x08CA, 0x08CA, 0x08CA, 0x08CA, 0x08CA, 0x08CA, 0x08CA, 0x08CA, 0x08CA, 0x08CA, 
	0x08CA, 0x08CA, 0x08CA, 0x08CA, 0x08CA, 0x08CA, 0x08CA, 0x08CA, 0x08CA, 0x08CA, 0x08CA, 0x08CA, 0x08CA, 0x08CA, 0x08CA, 0x08CA, 
	0x08CA, 0x08CA, 0x08CA, 0x08CA, 0x08CA, 0x08CA, 0x08CA, 0x08CA, 0x08CA, 0x08CA, 0x08CA, 0x08CA, 0x08CA, 0x08CA, 0x08CA, 0x08CA, 
	0x08CA, 0x08CA, 0x08CA, 0x08CA, 0x08CA, 0x08CA, 0x08CA, 0x08CA, 0x08CA, 0x08CA, 0x08CA, 0x08CA, 0x08CA, 0x08CA, 0x08CA, 0x08CA, 
	0x08CA, 0x08CA, 0x08CA, 0x08CA, 0x08CA, 0x08CA, 0x08CA, 0x08CA, 0x08CA, 0x08CA, 0x08CA, 0x08CA, 0x08CA, 0x08CA, 0x08CA, 0x08CA, 
	0x08CA, 0x08CA, 0x08CA, 0x08CA, 0x08CA, 0x08CA, 0x08CA, 0x08CA, 0x08CA, 0x08CA, 0x08CA, 0x08CA, 0x08CA, 0x08CA, 0x08CA, 0x08CA, 
	0x08CA, 0x08CA, 0x08CA, 0x08CA, 0x08CA, 0x08CA, 0x08CA, 0x08CA, 0x08CA, 0x08CA, 0x08CA, 0x08CA, 0x08CA, 0x08CA, 0x08CA, 0x08CA, 
	0x08CA, 0x08CA, 0x08CA, 0x08CA, 0x08CA, 0x08CA, 0x08CA, 0x08CA, 0x08CA, 0x08CA, 0x08CA, 0x08CA, 0x08CA, 0x08CA, 0x08CA, 0x08CA, 
	0x08CA, 0x08CA, 0x08CA, 0x08CA, 0x08CA, 0x08CA, 0x08CA, 0x08CA, 0x08CA, 0x08CA, 0x08CA, 0x08CA, 0x08CA, 0x08CA, 0x08CA, 0x08CA, 
	0x08CA, 0x08CA, 0x08CA, 0x08CA, 0x08CA, 0x08CA, 0x08CA, 0x08CA, 0x08CA, 0x08CA, 0x08CA, 0x08CA, 0x08CA, 0x08CA, 0x08CA, 0x08CA, 
	0x08CA, 0x08CA, 0x08CA, 0x08CA, 0x08CA, 0x08CA, 0x08CA, 0x08CA, 0x08CA, 0x08CA, 0x08CA, 0x08CA, 0x08CA, 0x08CA, 0x08CA, 0x08CA, 
	0x08CA, 0x08CA, 0x08CA, 0x08CA, 0x08CA, 0x08CA, 0x08CA, 0x08CA, 0x08CA, 0x08CA, 0x08CA, 0x08CA, 0x08CA, 0x08CA, 0x08CA, 0x08CA, 
	0x08CA, 0x08CA, 0x08CA, 0x08CA, 0x08CA, 0x08CA, 0x08CA, 0x08CA, 0x08CA, 0x08CA, 0x08CA, 0x08CA, 0x08CA, 0x08CA, 0x08CA, 0x08CA, 
	0x08CA, 0x08CA, 0x08CA, 0x08CA, 0x08CA, 0x08CA, 0x08CA, 0x08CA, 0x08CA, 0x08CA, 0x08CA, 0x08CA, 0x08CA, 0x08CA, 0x08CA, 0x08CA, 
	0x08CA, 0x08CA, 0x08CA, 0x08CA, 0x08CA, 0x08CA, 0x08CA, 0x08CA, 0x08CA, 0x08CA, 0x08CA, 0x08CA, 0x08CA, 0x08CA, 0x08CA, 0x08CA, 
	0x08CA, 0x08CA, 0x08CA, 0x08CA, 0x08CA, 0x08CA, 0x08CA, 0x08CA, 0x08CA, 0x08CA, 0x08CA, 0x08CA, 0x08CA, 0x08CA, 0x08CA, 0x08CA, 
	0x08CA, 0x08CA, 0x08CA, 0x08CA, 0x08CA, 0x08CA, 0x08CA, 0x08CA, 0x08CA, 0x08CA, 0x08CA, 0x08CA, 0x08CA, 0x08CA, 0x08CA, 0x08CA, 
	0x08CA, 0x08CA, 0x08CA, 0x08CA, 0x08CA, 0x08CA, 0x08CA, 0x08CA, 0x08CA, 0x08CA, 0x08CA, 0x08CA, 0x08CA, 0x08CA, 0x08CA, 0x08CA, 
	0x08CA, 0x08CA, 0x08CA, 0x08CA, 0x08CA, 0x08CA, 0x08CA, 0x08CA, 0x08CA, 0x08CA, 0x08CA, 0x08CA, 0x08CA, 0x08CA, 0x08CA, 0x08CA, 
	0x08CA, 0x08CA, 0x08CA, 0x08CA, 0x08CA, 0x08CA, 0x08CA, 0x08CA, 0x08CA, 0x08CA, 0x08CA, 0x08CA, 0x08CA, 0x08CA, 0x08CA, 0x08CA, 
	0x08CA, 0x08CA, 0x08CA, 0x08CA, 0x08CA, 0x08CA, 0x08CA, 0x08CA, 0x08CA, 0x08CA, 0x08CA, 0x08CA, 0x08CA, 0x08CA, 0x08CA, 0x08CA, 
	0x08CA, 0x08CA, 0x08CA, 0x08CA, 0x08CA, 0x08CA, 0x08CA, 0x08CA, 0x08CA, 0x08CA, 0x08CA, 0x08CA, 0x08CA, 0x08CA, 0x08CA, 0x08CA, 
	0x08CA, 0x08CA, 0x08CA, 0x08CA, 0x08CA, 0x08CA, 0x08CA, 0x08CA, 0x08CA, 0x08CA, 0x08CA, 0x08CA, 0x08CA, 0x08CA, 0x08CA, 0x08CA, 
	0x08CA, 0x08CA, 0x08CA, 0x08CA, 0x08CA, 0x08CA, 0x08CA, 0x08CA, 0x08CA, 0x08CA, 0x08CA, 0x08CA, 0x08CA, 0x08CA, 0x08CA, 0x08CA, 
	0x08CA, 0x08CA, 0x08CA, 0x08CA, 0x08CA, 0x08CA, 0x08CA, 0x08CA, 0x08CA, 0x08CA, 0x08CA, 0x08CA, 0x08CA, 0x08CA, 0x08CA, 0x08CA, 
	0x08CA, 0x08CA, 0x08CA, 0x08CA, 0x08CA, 0x08CA, 0x08CA, 0x08CA, 0x08CA, 0x08CA, 0x08CA, 0x08CA, 0x08CA, 0x08CA, 0x08CA, 0x08CA, 
	0x08CA, 0x08CA, 0x08CA, 0x08CA, 0x08CA, 0x08CA, 0x08CA, 0x08CA, 0x08CA, 0x08CA, 0x08CA, 0x08CA, 0x08CA, 0x08CA, 0x08CA, 0x08CA, 
	0x08CA, 0x08CA, 0x08CA, 0x08CA, 0x08CA, 0x08CA, 0x08CA, 0x08CA, 0x08CA, 0x08CA, 0x08CA, 0x08CA, 0x08CA, 0x08CA, 0x08CA, 0x08CA, 
	0x08CA, 0x08CA, 0x08CA, 0x08CA, 0x08CA, 0x08CA, 0x08CA, 0x08CA, 0x08CA, 0x08CA, 0x08CA, 0x08CA, 0x08CA, 0x08CA, 0x08CA, 0x08CA, 
	0x08CA, 0x08CA, 0x08CA, 0x08CA, 0x08CA, 0x08CA, 0x08CA, 0x08CA, 0x08CA, 0x08CA, 0x08CA, 0x08CA, 0x08CA, 0x08CA, 0x08CA, 0x08CA, 
	0x08CA, 0x08CA, 0x08CA, 0x08CA, 0x08CA, 0x08CA, 0x08CA, 0x08CA, 0x08CA, 0x08CA, 0x08CA, 0x08CA, 0x08CA, 0x08CA, 0x08CA, 0x08CA, 
	0x08CA, 0x08CA, 0x08CA, 0x08CA, 0x08CA, 0x08CA, 0x08CA, 0x08CA, 0x08CA, 0x08CA, 0x08CA, 0x08CA, 0x08CA, 0x08CA, 0x08CA, 0x08CA, 
	0x08CA, 0x08CA, 0x08CA, 0x08CA, 0x08CA, 0x08CA, 0x08CA, 0x08CA, 0x08CA, 0x08CA, 0x08CA, 0x08CA, 0x08CA, 0x08CA, 0x08CA, 0x08CA, 
	0x08CA, 0x08CA, 0x08CA, 0x08CA, 0x08CA, 0x08CA, 0x08CA, 0x08CA, 0x08CA, 0x08CA, 0x08CA, 0x08CA, 0x08CA, 0x08CA, 0x08CA, 0x08CA, 
	0x08CA, 0x08CA, 0x08CA, 0x08CA, 0x08CA, 0x08CA, 0x08CA, 0x08CA, 0x08CA, 0x08CA, 0x08CA, 0x08CA, 0x08CA, 0x08CA, 0x08CA, 0x08CA, 
	0x08CA, 0x08CA, 0x08CA, 0x08CA, 0x08CA, 0x08CA, 0x08CA, 0x08CA, 0x08CA, 0x08CA, 0x08CA, 0x08CA, 0x08CA, 0x08CA, 0x08CA, 0x08CA, 
	0x08CA, 0x08CA, 0x08CA, 0x08CA, 0x08CA, 0x08CA, 0x08CA, 0x08CA, 0x08CA, 0x08CA, 0x08CA, 0x08CA, 0x08CA, 0x08CA, 0x08CA, 0x08CA, 
	0x08CA, 0x08CA, 0x08CA, 0x08CA, 0x08CA, 0x08CA, 0x08CA, 0x08CA, 0x08CA, 0x08CA, 0x08CA, 0x08CA, 0x08CA, 0x08CA, 0x08CA, 0x08CA, 
	0x08CA, 0x08CA, 0x08CA, 0x08CA, 0x08CA, 0x08CA, 0x08CA, 0x08CA, 0x08CA, 0x08CA, 0x08CA, 0x08CA, 0x08CA, 0x08CA, 0x08CA, 0x08CA, 
	0x08CA, 0x08CA, 0x08CA, 0x08CA, 0x08CA, 0x08CA, 0x08CA, 0x08CA, 0x08CA, 0x08CA, 0x08CA, 0x08CA, 0x08CA, 0x08CA, 0x08CA, 0x08CA, 
	0x08CA, 0x08CA, 0x08CA, 0x08CA, 0x08CA, 0x08CA, 0x08CA, 0x08CA, 0x08CA, 0x08CA, 0x08CA, 0x08CA, 0x08CA, 0x08CA, 0x08CA, 0x08CA, 
	0x08CA, 0x08CA, 0x08CA, 0x08CA, 0x08CA, 0x08CA, 0x08CA, 0x08CA, 0x08CA, 0x08CA, 0x08CA, 0x08CA, 0x08CA, 0x08CA, 0x08CA, 0x08CA, 
	0x08CA, 0x08CA, 0x08CA, 0x08CA, 0x08CA, 0x08CA, 0x08CA, 0x08CA, 0x08CA, 0x08CA, 0x08CA, 0x08CA, 0x08CA, 0x08CA, 0x08CA, 0x08CA, 
	0x08CA, 0x08CA, 0x08CA, 0x08CA, 0x08CA, 0x08CA, 0x08CA, 0x08CA, 0x08CA, 0x08CA, 0x08CA, 0x08CA, 0x08CA, 0x08CA, 0x08CA, 0x08CA, 
	0x08CA, 0x08CA, 0x08CA, 0x08CA, 0x08CA, 0x08CA, 0x08CA, 0x08CA, 0x08CA, 0x08CA, 0x08CA, 0x08CA, 0x08CA, 0x08CA, 0x08CA, 0x08CA, 
	0x08CA, 0x08CA, 0x08CA, 0x08CA, 0x08CA, 0x08CA, 0x08CA, 0x08CA, 0x08CA, 0x08CA, 0x08CA, 0x08CA, 0x08CA, 0x08CA, 0x08CA, 0x08CA, 
	0x08CA, 0x08CA, 0x08CA, 0x08CA, 0x08CA, 0x08CA, 0x08CA, 0x08CA, 0x08CA, 0x08CA, 0x08CA, 0x08CA, 0x08CA, 0x08CA, 0x08CA, 0x08CA, 
	0x08CA, 0x08CA, 0x08CA, 0x08CA, 0x08CA, 0x08CA, 0x08CA, 0x08CA, 0x08CA, 0x08CA, 0x08CA, 0x08CA, 0x08CA, 0x08CA, 0x08CA, 0x08CA, 
	0x08CA, 0x08CA, 0x08CA, 0x08CA, 0x08CA, 0x08CA, 0x08CA, 0x08CA, 0x08CA, 0x08CA, 0x08CA, 0x08CA, 0x08CA, 0x08CA, 0x08CA, 0x08CA, 
	0x08CA, 0x08CA, 0x08CA, 0x08CA, 0x08CA, 0x08CA, 0x08CA, 0x08CA, 0x08CA, 0x08CA, 0x08CA, 0x08CA, 0x08CA, 0x08CA, 0x08CA, 0x08CA, 
	0x08CA, 0x08CA, 0x08CA, 0x08CA, 0x08CA, 0x08CA, 0x08CA, 0x08CA, 0x08CA, 0x08CA, 0x08CA, 0x08CA, 0x08CA, 0x08CA, 0x08CA, 0x08CA, 
	0x08CA, 0x08CA, 0x08CA, 0x08CA, 0x08CA, 0x08CA, 0x08CA, 0x08CA, 0x08CA, 0x08CA, 0x08CA, 0x08CA, 0x08CA, 0x08CA, 0x08CA, 0x08CA, 
	0x08CA, 0x08CA, 0x08CA, 0x08CA, 0x08CA, 0x08CA, 0x08CA, 0x08CA, 0x08CA, 0x08CA, 0x08CA, 0x08CA, 0x08CA, 0x08CA, 0x08CA, 0x08CA, 
	0x08CA, 0x08CA, 0x08CA, 0x08CA, 0x08CA, 0x08CA, 0x08CA, 0x08CA, 0x08CA, 0x08CA, 0x08CA, 0x08CA, 0x08CA, 0x08CA, 0x08CA, 0x08CA, 
	0x08CA, 0x08CA, 0x08CA, 0x08CA, 0x08CA, 0x08CA, 0x08CA, 0x08CA, 0x08CA, 0x08CA, 0x08CA, 0x08CA, 0x08CA, 0x08CA, 0x08CA, 0x08CA, 
	0x08CA, 0x08CA, 0x08CA, 0x08CA, 0x08CA, 0x08CA, 0x08CA, 0x08CA, 0x08CA, 0x08CA, 0x08CA, 0x08CA, 0x08CA, 0x08CA, 0x08CA, 0x08CA, 
	0x08CA, 0x08CA, 0x08CA, 0x08CA, 0x08CA, 0x08CA, 0x08CA, 0x08CA, 0x08CA, 0x08CA, 0x08CA, 0x08CA, 0x08CA, 0x08CA, 0x08CA, 0x08CA, 
	0x08CA, 0x08CA, 0x08CA, 0x08CA, 0x08CA, 0x08CA, 0x08CA, 0x08CA, 0x08CA, 0x08CA, 0x08CA, 0x08CA, 0x08CA, 0x08CA, 0x08CA, 0x08CA, 
	0x08CA, 0x08CA, 0x08CA, 0x08CA, 0x08CA, 0x08CA, 0x08CA, 0x08CA, 0x08CA, 0x08CA, 0x08CA, 0x08CA, 0x08CA, 0x08CA, 0x08CA, 0x08CA, 
	0x08CA, 0x08CA, 0x08CA, 0x08CA, 0x08CA, 0x08CA, 0x08CA, 0x08CA, 0x08CA, 0x08CA, 0x08CA, 0x08CA, 0x08CA, 0x08CA, 0x08CA, 0x08CA, 
	0x08CA, 0x08CA, 0x08CA, 0x08CA, 0x08CA, 0x08CA, 0x08CA, 0x08CA, 0x08CA, 0x08CA, 0x08CA, 0x08CA, 0x08CA, 0x08CA, 0x08CA, 0x08CA, 
	0x08CA, 0x08CA, 0x08CA, 0x08CA, 0x08CA, 0x08CA, 0x08CA, 0x08CA, 0x08CA, 0x08CA, 0x08CA, 0x08CA, 0x08CA, 0x08CA, 0x08CA, 0x08CA, 
	0x08CA, 0x08CA, 0x08CA, 0x08CA, 0x08CA, 0x08CA, 0x08CA, 0x08CA, 0x08CA, 0x08CA, 0x08CA, 0x08CA, 0x08CA, 0x08CA, 0x08CA, 0x08CA, 
	0x08CA, 0x08CA, 0x08CA, 0x08CA, 0x08CA, 0x08CA, 0x08CA, 0x08CA, 0x08CA, 0x08CA, 0x08CA, 0x08CA, 0x08CA, 0x08CA, 0x08CA, 0x08CA, 
	0x08CA, 0x08CA, 0x08CA, 0x08CA, 0x08CA, 0x08CA, 0x08CA, 0x08CA, 0x08CA, 0x08CA, 0x08CA, 0x08CA, 0x08CA, 0x08CA, 0x08CA, 0x08CA, 
	0x08CA, 0x08CA, 0x08CA, 0x08CA, 0x08CA, 0x08CA, 0x08CA, 0x08CA, 0x08CA, 0x08CA, 0x08CA, 0x08CA, 0x08CA, 0x08CA, 0x08CA, 0x08CA, 
	0x08CA, 0x08CA, 0x08CA, 0x08CA, 0x08CA, 0x08CA, 0x08CA, 0x08CA, 0x08CA, 0x08CA, 0x08CA, 0x08CA, 0x08CA, 0x08CA, 0x08CA, 0x08CA, 
	0x08CA, 0x08CA, 0x08CA, 0x08CA, 0x08CA, 0x08CA, 0x08CA, 0x08CA, 0x08CA, 0x08CA, 0x08CA, 0x08CA, 0x08CA, 0x08CA, 0x08CA, 0x08CA, 
	0x08CA, 0x08CA, 0x08CA, 0x08CA, 0x08CA, 0x08CA, 0x08CA, 0x08CA, 0x08CA, 0x08CA, 0x08CA, 0x08CA, 0x08CA, 0x08CA, 0x08CA, 0x08CA, 
	0x08CA, 0x08CA, 0x08CA, 0x08CA, 0x08CA, 0x08CA, 0x08CA, 0x08CA, 0x08CA, 0x08CA, 0x08CA, 0x08CA, 0x08CA, 0x08CA, 0x08CA, 0x08CA, 
	0x08CA, 0x08CA, 0x08CA, 0x08CA, 0x08CA, 0x08CA, 0x08CA, 0x08CA, 0x08CA, 0x08CA, 0x08CA, 0x08CA, 0x08CA, 0x08CA, 0x08CA, 0x08CA, 
	0x08CA, 0x08CA, 0x08CA, 0x08CA, 0x08CA, 0x08CA, 0x08CA, 0x08CA, 0x08CA, 0x08CA, 0x08CA, 0x08CA, 0x08CA, 0x08CA, 0x08CA, 0x08CA, 
	0x08CA, 0x08CA, 0x08CA, 0x08CA, 0x08CA, 0x08CA, 0x08CA, 0x08CA, 0x08CA, 0x08CA, 0x08CA, 0x08CA, 0x08CA, 0x08CA, 0x08CA, 0x08CA, 
	0x08CA, 0x08CA, 0x08CA, 0x08CA, 0x08CA, 0x08CA, 0x08CA, 0x08CA, 0x08CA, 0x08CA, 0x08CA, 0x08CA, 0x08CA, 0x08CA, 0x08CA, 0x08CA, 
	0x08CA, 0x08CA, 0x08CA, 0x08CA, 0x08CA, 0x08CA, 0x08CA, 0x08CA, 0x08CA, 0x08CA, 0x08CA, 0x08CA, 0x08CA, 0x08CA, 0x08CA, 0x08CA, 
	0x08CA, 0x08CA, 0x08CA, 0x08CA, 0x08CA, 0x08CA, 0x08CA, 0x08CA, 0x08CA, 0x08CA, 0x08CA, 0x08CA, 0x08CA, 0x08CA, 0x08CA, 0x08CA, 
	0x08CA, 0x08CA, 0x08CA, 0x08CA, 0x08CA, 0x08CA, 0x08CA, 0x08CA, 0x08CA, 0x08CA, 0x08CA, 0x08CA, 0x08CA, 0x08CA, 0x08CA, 0x08CA, 
	0x08CA, 0x08CA, 0x08CA, 0x08CA, 0x08CA, 0x08CA, 0x08CA, 0x08CA, 0x08CA, 0x08CA, 0x08CA, 0x08CA, 0x08CA, 0x08CA, 0x08CA, 0x08CA, 
	0x08CA, 0x08CA, 0x08CA, 0x08CA, 0x08CA, 0x08CA, 0x08CA, 0x08CA, 0x08CA, 0x08CA, 0x08CA, 0x08CA, 0x08CA, 0x08CA, 0x08CA, 0x08CA, 
	0x08CA, 0x08CA, 0x08CA, 0x08CA, 0x08CA, 0x08CA, 0x08CA, 0x08CA, 0x08CA, 0x08CA, 0x08CA, 0x08CA, 0x08CA, 0x08CA, 0x08CA, 0x08CA, 
	0x08CA, 0x08CA, 0x08CA, 0x08CA, 0x08CA, 0x08CA, 0x08CA, 0x08CA, 0x08CA, 0x08CA, 0x08CA, 0x08CA, 0x08CA, 0x08CA, 0x08CA, 0x08CA, 
	0x08CA, 0x08CA, 0x08CA, 0x08CA, 0x08CA, 0x08CA, 0x08CA, 0x08CA, 0x08CA, 0x08CA, 0x08CA, 0x08CA, 0x08CA, 0x08CA, 0x08CA, 0x08CA, 
	0x08CA, 0x08CA, 0x08CA, 0x08CA, 0x08CA, 0x08CA, 0x08CA, 0x08CA, 0x08CA, 0x08CA, 0x08CA, 0x08CA, 0x08CA, 0x08CA, 0x08CA, 0x08CA, 
	0x08CA, 0x08CA, 0x08CA, 0x08CA, 0x08CA, 0x08CA, 0x08CA, 0x08CA, 0x08CA, 0x08CA, 0x08CA, 0x08CA, 0x08CA, 0x08CA, 0x08CA, 0x08CA, 
	0x08CA, 0x08CA, 0x08CA, 0x08CA, 0x08CA, 0x08CA, 0x08CA, 0x08CA, 0x08CA, 0x08CA, 0x08CA, 0x08CA, 0x08CA, 0x08CA, 0x08CA, 0x08CA, 
	0x08CA, 0x08CA, 0x08CA, 0x08CA, 0x08CA, 0x08CA, 0x08CA, 0x08CA, 0x08CA, 0x08CA, 0x08CA, 0x08CA, 0x08CA, 0x08CA, 0x08CA, 0x08CA, 
	0x08CA, 0x08CA, 0x08CA, 0x08CA, 0x08CA, 0x08CA, 0x08CA, 0x08CA, 0x08CA, 0x08CA, 0x08CA, 0x08CA, 0x08CA, 0x08CA, 0x08CA, 0x08CA, 
	0x08CA, 0x08CA, 0x08CA, 0x08CA, 0x08CA, 0x08CA, 0x08CA, 0x08CA, 0x08CA, 0x08CA, 0x08CA, 0x08CA, 0x08CA, 0x08CA, 0x08CA, 0x08CA, 
	0x08CA, 0x08CA, 0x08CA, 0x08CA, 0x08CA, 0x08CA, 0x08CA, 0x08CA, 0x08CA, 0x08CA, 0x08CA, 0x08CA, 0x08CA, 0x08CA, 0x08CA, 0x08CA, 
	0x08CA, 0x08CA, 0x08CA, 0x08CA, 0x08CA, 0x08CA, 0x08CA, 0x08CA, 0x08CA, 0x08CA, 0x08CA, 0x08CA, 0x08CA, 0x08CA, 0x08CA, 0x08CA, 
	0x08CA, 0x08CA, 0x08CA, 0x08CA, 0x08CA, 0x08CA, 0x08CA, 0x08CA, 0x08CA, 0x08CA, 0x08CA, 0x08CA, 0x08CA, 0x08CA, 0x08CA, 0x08CA, 
	0x08CA, 0x08CA, 0x08CA, 0x08CA, 0x08CA, 0x08CA, 0x08CA, 0x08CA, 0x08CA, 0x08CA, 0x08CA, 0x08CA, 0x08CA, 0x08CA, 0x08CA, 0x08CA, 
	0x08CA, 0x08CA, 0x08CA, 0x08CA, 0x08CA, 0x08CA, 0x08CA, 0x08CA, 0x08CA, 0x08CA, 0x08CA, 0x08CA, 0x08CA, 0x08CA, 0x08CA, 0x08CA, 
	0x08CA, 0x08CA, 0x08CA, 0x08CA, 0x08CA, 0x08CA, 0x08CA, 0x08CA, 0x08CA, 0x08CA, 0x08CA, 0x08CA, 0x08CA, 0x08CA, 0x08CA, 0x08CA, 
	0x08CA, 0x08CA, 0x08CA, 0x08CA, 0x08CA, 0x08CA, 0x08CA, 0x08CA, 0x08CA, 0x08CA, 0x08CA, 0x08CA, 0x08CA, 0x08CA, 0x08CA, 0x08CA, 
	0x08CA, 0x08CA, 0x08CA, 0x08CA, 0x08CA, 0x08CA, 0x08CA, 0x08CA, 0x08CA, 0x08CA, 0x08CA, 0x08CA, 0x08CA, 0x08CA, 0x08CA, 0x08CA, 
	0x08CA, 0x08CA, 0x08CA, 0x08CA, 0x08CA, 0x08CA, 0x08CA, 0x08CA, 0x08CA, 0x08CA, 0x08CA, 0x08CA, 0x08CA, 0x08CA, 0x08CA, 0x08CA, 
	0x08CA, 0x08CA, 0x08CA, 0x08CA, 0x08CA, 0x08CA, 0x08CA, 0x08CA, 0x08CA, 0x08CA, 0x08CA, 0x08CA, 0x08CA, 0x08CA, 0x08CA, 0x08CA, 
	0x08CA, 0x08CA, 0x08CA, 0x08CA, 0x08CA, 0x08CA, 0x08CA, 0x08CA, 0x08CA, 0x08CA, 0x08CA, 0x08CA, 0x08CA, 0x08CA, 0x08CA, 0x08CA, 
	0x08CA, 0x08CA, 0x08CA, 0x08CA, 0x08CA, 0x08CA, 0x08CA, 0x08CA, 0x08CA, 0x08CA, 0x08CA, 0x08CA, 0x08CA, 0x08CA, 0x08CA, 0x08CA, 
	0x08CA, 0x08CA, 0x08CA, 0x08CA, 0x08CA, 0x08CA, 0x08CA, 0x08CA, 0x08CA, 0x08CA, 0x08CA, 0x08CA, 0x08CA, 0x08CA, 0x08CA, 0x08CA, 
	0x08CA, 0x08CA, 0x08CA, 0x08CA, 0x08CA, 0x08CA, 0x08CA, 0x08CA, 0x08CA, 0x08CA, 0x08CA, 0x08CA, 0x08CA, 0x08CA, 0x08CA, 0x08CA, 
	0x08CA, 0x08CA, 0x08CA, 0x08CA, 0x08CA, 0x08CA, 0x08CA, 0x08CA, 0x08CA, 0x08CA, 0x08CA, 0x08CA, 0x08CA, 0x08CA, 0x08CA, 0x08CA, 
	0x08CA, 0x08CA, 0x08CA, 0x08CA, 0x08CA, 0x08CA, 0x08CA, 0x08CA, 0x08CA, 0x08CA, 0x08CA, 0x08CA, 0x08CA, 0x08CA, 0x08CA, 0x08CA, 
	0x08CA, 0x08CA, 0x08CA, 0x08CA, 0x08CA, 0x08CA, 0x08CA, 0x08CA, 0x08CA, 0x08CA, 0x08CA, 0x08CA, 0x08CA, 0x08CA, 0x08CA, 0x08CA, 
	0x08CA, 0x08CA, 0x08CA, 0x08CA, 0x08CA, 0x08CA, 0x08CA, 0x08CA, 0x08CA, 0x08CA, 0x08CA, 0x08CA, 0x08CA, 0x08CA, 0x08CA, 0x08CA, 
	0x08CA, 0x08CA, 0x08CA, 0x08CA, 0x08CA, 0x08CA, 0x08CA, 0x08CA, 0x08CA, 0x08CA, 0x08CA, 0x08CA, 0x08CA, 0x08CA, 0x08CA, 0x08CA, 
	0x08CA, 0x08CA, 0x08CA, 0x08CA, 0x08CA, 0x08CA, 0x08CA, 0x08CA, 0x08CA, 0x08CA, 0x08CA, 0x08CA, 0x08CA, 0x08CA, 0x08CA, 0x08CA, 
	0x08CA, 0x08CA, 0x08CA, 0x08CA, 0x08CA, 0x08CA, 0x08CA, 0x08CA, 0x08CA, 0x08CA, 0x08CA, 0x08CA, 0x08CA, 0x08CA, 0x08CA, 0x08CA, 
	0x08CA, 0x08CA, 0x08CA, 0x08CA, 0x08CA, 0x08CA, 0x08CA, 0x08CA, 0x08CA, 0x08CA, 0x08CA, 0x08CA, 0x08CA, 0x08CA, 0x08CA, 0x08CA, 
	0x08CA, 0x08CA, 0x08CA, 0x08CA, 0x08CA, 0x08CA, 0x08CA, 0x08CA, 0x08CA, 0x08CA, 0x08CA, 0x08CA, 0x08CA, 0x08CA, 0x08CA, 0x08CA, 
	0x08CA, 0x08CA, 0x08CA, 0x08CA, 0x08CA, 0x08CA, 0x08CA, 0x08CA, 0x08CA, 0x08CA, 0x08CA, 0x08CA, 0x08CA, 0x08CA, 0x08CA, 0x08CA, 
	0x08CA, 0x08CA, 0x08CA, 0x08CA, 0x08CA, 0x08CA, 0x08CA, 0x08CA, 0x08CA, 0x08CA, 0x08CA, 0x08CA, 0x08CA, 0x08CA, 0x08CA, 0x08CA, 
	0x08CA, 0x08CA, 0x08CA, 0x08CA, 0x08CA, 0x08CA, 0x08CA, 0x08CA, 0x08CA, 0x08CA, 0x08CA, 0x08CA, 0x08CA, 0x08CA, 0x08CA, 0x08CA, 
	0x08CA, 0x08CA, 0x08CA, 0x08CA, 0x08CA, 0x08CA, 0x08CA, 0x08CA, 0x08CA, 0x08CA, 0x08CA, 0x08CA, 0x08CA, 0x08CA, 0x08CA, 0x08CA, 
	0x08CA, 0x08CA, 0x08CA, 0x08CA, 0x08CA, 0x08CA, 0x08CA, 0x08CA, 0x08CA, 0x08CA, 0x08CA, 0x08CA, 0x08CA, 0x08CA, 0x08CA, 0x08CA, 
	0x08CA, 0x08CA, 0x08CA, 0x08CA, 0x08CA, 0x08CA, 0x08CA, 0x08CA, 0x08CA, 0x08CA, 0x08CA, 0x08CA, 0x08CA, 0x08CA, 0x08CA, 0x08CA, 
	0x08CA, 0x08CA, 0x08CA, 0x08CA, 0x08CA, 0x08CA, 0x08CA, 0x08CA, 0x08CA, 0x08CA, 0x08CA, 0x08CA, 0x08CA, 0x08CA, 0x08CA, 0x08CA, 
	0x08CA, 0x08CA, 0x08CA, 0x08CA, 0x08CA, 0x08CA, 0x08CA, 0x08CA, 0x08CA, 0x08CA, 0x08CA, 0x08CA, 0x08CA, 0x08CA, 0x08CA, 0x08CA, 
	0x08CA, 0x08CA, 0x08CA, 0x08CA, 0x08CA, 0x08CA, 0x08CA, 0x08CA, 0x08CA, 0x08CA, 0x08CA, 0x08CA, 0x08CA, 0x08CA, 0x08CA, 0x08CA, 
	0x08CA, 0x08CA, 0x08CA, 0x08CA, 0x08CA, 0x08CA, 0x08CA, 0x08CA, 0x08CA, 0x08CA, 0x08CA, 0x08CA, 0x08CA, 0x08CA, 0x08CA, 0x08CA, 
	0x08CA, 0x08CA, 0x08CA, 0x08CA, 0x08CA, 0x08CA, 0x08CA, 0x08CA, 0x08CA, 0x08CA, 0x08CA, 0x08CA, 0x08CA, 0x08CA, 0x08CA, 0x08CA, 
	0x08CA, 0x08CA, 0x08CA, 0x08CA, 0x08CA, 0x08CA, 0x08CA, 0x08CA, 0x08CA, 0x08CA, 0x08CA, 0x08CA, 0x08CA, 0x08CA, 0x08CA, 0x08CA, 
	0x08CA, 0x08CA, 0x08CA, 0x08CA, 0x08CA, 0x08CA, 0x08CA, 0x08CA, 0x08CA, 0x08CA, 0x08CA, 0x08CA, 0x08CA, 0x08CA, 0x08CA, 0x08CA, 
	0x08CA, 0x08CA, 0x08CA, 0x08CA, 0x08CA, 0x08CA, 0x08CA, 0x08CA, 0x08CA, 0x08CA, 0x08CA, 0x08CA, 0x08CA, 0x08CA, 0x08CA, 0x08CA, 
	0x08CA, 0x08CA, 0x08CA, 0x08CA, 0x08CA, 0x08CA, 0x08CA, 0x08CA, 0x08CA, 0x08CA, 0x08CA, 0x08CA, 0x08CA, 0x08CA, 0x08CA, 0x08CA, 
	0x08CA, 0x08CA, 0x08CA, 0x08CA, 0x08CA, 0x08CA, 0x08CA, 0x08CA, 0x08CA, 0x08CA, 0x08CA, 0x08CA, 0x08CA, 0x08CA, 0x08CA, 0x08CA, 
	0x08CA, 0x08CA, 0x08CA, 0x08CA, 0x08CA, 0x08CA, 0x08CA, 0x08CA, 0x08CA, 0x08CA, 0x08CA, 0x08CA, 0x08CA, 0x08CA, 0x08CA, 0x08CA, 
	0x08CA, 0x08CA, 0x08CA, 0x08CA, 0x08CA, 0x08CA, 0x08CA, 0x08CA, 0x08CA, 0x08CA, 0x08CA, 0x08CA, 0x08CA, 0x08CA, 0x08CA, 0x08CA, 
	0x08CA, 0x08CA, 0x08CA, 0x08CA, 0x08CA, 0x08CA, 0x08CA, 0x08CA, 0x08CA, 0x08CA, 0x08CA, 0x08CA, 0x08CA, 0x08CA, 0x08CA, 0x08CA, 
	0x08CA, 0x08CA, 0x08CA, 0x08CA, 0x08CA, 0x08CA, 0x08CA, 0x08CA, 0x08CA, 0x08CA, 0x08CA, 0x08CA, 0x08CA, 0x08CA, 0x08CA, 0x08CA, 
	0x08CA, 0x08CA, 0x08CA, 0x08CA, 0x08CA, 0x08CA, 0x08CA, 0x08CA, 0x08CA, 0x08CA, 0x08CA, 0x08CA, 0x08CA, 0x08CA, 0x08CA, 0x08CA, 
	0x08CA, 0x08CA, 0x08CA, 0x08CA, 0x08CA, 0x08CA, 0x08CA, 0x08CA, 0x08CA, 0x08CA, 0x08CA, 0x08CA, 0x08CA, 0x08CA, 0x08CA, 0x08CA, 
	0x08CA, 0x08CA, 0x08CA, 0x08CA, 0x08CA, 0x08CA, 0x08CA, 0x08CA, 0x08CA, 0x08CA, 0x08CA, 0x08CA, 0x08CA, 0x08CA, 0x08CA, 0x08CA, 
	0x08CA, 0x08CA, 0x08CA, 0x08CA, 0x08CA, 0x08CA, 0x08CA, 0x08CA, 0x08CA, 0x08CA, 0x08CA, 0x08CA, 0x08CA, 0x08CA, 0x08CA, 0x08CA, 
	0x08CA, 0x08CA, 0x08CA, 0x08CA, 0x08CA, 0x08CA, 0x08CA, 0x08CA, 0x08CA, 0x08CA, 0x08CA, 0x08CA, 0x08CA, 0x08CA, 0x08CA, 0x08CA, 
	0x08CA, 0x08CA, 0x08CA, 0x08CA, 0x08CA, 0x08CA, 0x08CA, 0x08CA, 0x08CA, 0x08CA, 0x08CA, 0x08CA, 0x08CA, 0x08CA, 0x08CA, 0x08CA, 
	0x08CA, 0x08CA, 0x08CA, 0x08CA, 0x08CA, 0x08CA, 0x08CA, 0x08CA, 0x08CA, 0x08CA, 0x08CA, 0x08CA, 0x08CA, 0x08CA, 0x08CA, 0x08CA, 
	0x08CA, 0x08CA, 0x08CA, 0x08CA, 0x08CA, 0x08CA, 0x08CA, 0x08CA, 0x08CA, 0x08CA, 0x08CA, 0x08CA, 0x08CA, 0x08CA, 0x08CA, 0x08CA, 
	0x08CA, 0x08CA, 0x08CA, 0x08CA, 0x08CA, 0x08CA, 0x08CA, 0x08CA, 0x08CA, 0x08CA, 0x08CA, 0x08CA, 0x08CA, 0x08CA, 0x08CA, 0x08CA, 
	0x08CA, 0x08CA, 0x08CA, 0x08CA, 0x08CA, 0x08CA, 0x08CA, 0x08CA, 0x08CA, 0x08CA, 0x08CA, 0x08CA, 0x08CA, 0x08CA, 0x08CA, 0x08CA, 
	0x08CA, 0x08CA, 0x08CA, 0x08CA, 0x08CA, 0x08CA, 0x08CA, 0x08CA, 0x08CA, 0x08CA, 0x08CA, 0x08CA, 0x08CA, 0x08CA, 0x08CA, 0x08CA, 
	0x08CA, 0x08CA, 0x08CA, 0x08CA, 0x08CA, 0x08CA, 0x08CA, 0x08CA, 0x08CA, 0x08CA, 0x08CA, 0x08CA, 0x08CA, 0x08CA, 0x08CA, 0x08CA, 
	0x08CA, 0x08CA, 0x08CA, 0x08CA, 0x08CA, 0x08CA, 0x08CA, 0x08CA, 0x08CA, 0x08CA, 0x08CA, 0x08CA, 0x08CA, 0x08CA, 0x08CA, 0x08CA, 
	0x08CA, 0x08CA, 0x08CA, 0x08CA, 0x08CA, 0x08CA, 0x08CA, 0x08CA, 0x08CA, 0x08CA, 0x08CA, 0x08CA, 0x08CA, 0x08CA, 0x08CA, 0x08CA, 
	0x08CA, 0x08CA, 0x08CA, 0x08CA, 0x08CA, 0x08CA, 0x08CA, 0x08CA, 0x08CA, 0x08CA, 0x08CA, 0x08CA, 0x08CA, 0x08CA, 0x08CA, 0x08CA, 
	0x08CA, 0x08CA, 0x08CA, 0x08CA, 0x08CA, 0x08CA, 0x08CA, 0x08CA, 0x08CA, 0x08CA, 0x08CA, 0x08CA, 0x08CA, 0x08CA, 0x08CA, 0x08CA, 
	0x08CA, 0x08CA, 0x08CA, 0x08CA, 0x08CA, 0x08CA, 0x08CA, 0x08CA, 0x08CA, 0x08CA, 0x08CA, 0x08CA, 0x08CA, 0x08CA, 0x08CA, 0x08CA, 
	0x08CA, 0x08CA, 0x08CA, 0x08CA, 0x08CA, 0x08CA, 0x08CA, 0x08CA, 0x08CA, 0x08CA, 0x08CA, 0x08CA, 0x08CA, 0x08CA, 0x08CA, 0x08CA, 
	0x08CA, 0x08CA, 0x08CA, 0x08CA, 0x08CA, 0x08CA, 0x08CA, 0x08CA, 0x08CA, 0x08CA, 0x08CA, 0x08CA, 0x08CA, 0x08CA, 0x08CA, 0x08CA, 
	0x08CA, 0x08CA, 0x08CA, 0x08CA, 0x08CA, 0x08CA, 0x08CA, 0x08CA, 0x08CA, 0x08CA, 0x08CA, 0x08CA, 0x08CA, 0x08CA, 0x08CA, 0x08CA, 
	0x08CA, 0x08CA, 0x08CA, 0x08CA, 0x08CA, 0x08CA, 0x08CA, 0x08CA, 0x08CA, 0x08CA, 0x08CA, 0x08CA, 0x08CA, 0x08CA, 0x08CA, 0x08CA, 
	0x08CA, 0x08CA, 0x08CA, 0x08CA, 0x08CA, 0x08CA, 0x08CA, 0x08CA, 0x08CA, 0x08CA, 0x08CA, 0x08CA, 0x08CA, 0x08CA, 0x08CA, 0x08CA, 
	0x08CA, 0x08CA, 0x08CA, 0x08CA, 0x08CA, 0x08CA, 0x08CA, 0x08CA, 0x08CA, 0x08CA, 0x08CA, 0x08CA, 0x08CA, 0x08CA, 0x08CA, 0x08CA, 
	0x08CA, 0x08CA, 0x08CA, 0x08CA, 0x08CA, 0x08CA, 0x08CA, 0x08CA, 0x08CA, 0x08CA, 0x08CA, 0x08CA, 0x08CA, 0x08CA, 0x08CA, 0x08CA, 
	0x08CA, 0x08CA, 0x08CA, 0x08CA, 0x08CA, 0x08CA, 0x08CA, 0x08CA, 0x08CA, 0x08CA, 0x08CA, 0x08CA, 0x08CA, 0x08CA, 0x08CA, 0x08CA, 
	0x08CA, 0x08CA, 0x08CA, 0x08CA, 0x08CA, 0x08CA, 0x08CA, 0x08CA, 0x08CA, 0x08CA, 0x08CA, 0x08CA, 0x08CA, 0x08CA, 0x08CA, 0x08CA, 
	0x08CA, 0x08CA, 0x08CA, 0x08CA, 0x08CA, 0x08CA, 0x08CA, 0x08CA, 0x08CA, 0x08CA, 0x08CA, 0x08CA, 0x08CA, 0x08CA, 0x08CA, 0x08CA, 
	0x08CA, 0x08CA, 0x08CA, 0x08CA, 0x08CA, 0x08CA, 0x08CA, 0x08CA, 0x08CA, 0x08CA, 0x08CA, 0x08CA, 0x08CA, 0x08CA, 0x08CA, 0x08CA, 
	0x08CA, 0x08CA, 0x08CA, 0x08CA, 0x08CA, 0x08CA, 0x08CA, 0x08CA, 0x08CA, 0x08CA, 0x08CA, 0x08CA, 0x08CA, 0x08CA, 0x08CA, 0x08CA, 
	0x08CA, 0x08CA, 0x08CA, 0x08CA, 0x08CA, 0x08CA, 0x08CA, 0x08CA, 0x08CA, 0x08CA, 0x08CA, 0x08CA, 0x08CA, 0x08CA, 0x08CA, 0x08CA, 
	0x08CA, 0x08CA, 0x08CA, 0x08CA, 0x08CA, 0x08CA, 0x08CA, 0x08CA, 0x08CA, 0x08CA, 0x08CA, 0x08CA, 0x08CA, 0x08CA, 0x08CA, 0x08CA, 
	0x08CA, 0x08CA, 0x08CA, 0x08CA, 0x08CA, 0x08CA, 0x08CA, 0x08CA, 0x08CA, 0x08CA, 0x08CA, 0x08CA, 0x08CA, 0x08CA, 0x08CA, 0x08CA, 
	0x08CA, 0x08CA, 0x08CA, 0x08CA, 0x08CA, 0x08CA, 0x08CA, 0x08CA, 0x08CA, 0x08CA, 0x08CA, 0x08CA, 0x08CA, 0x08CA, 0x08CA, 0x08CA, 
	0x08CA, 0x08CA, 0x08CA, 0x08CA, 0x08CA, 0x08CA, 0x08CA, 0x08CA, 0x08CA, 0x08CA, 0x08CA, 0x08CA, 0x08CA, 0x08CA, 0x08CA, 0x08CA, 
	0x08CA, 0x08CA, 0x08CA, 0x08CA, 0x08CA, 0x08CA, 0x08CA, 0x08CA, 0x08CA, 0x08CA, 0x08CA, 0x08CA, 0x08CA, 0x08CA, 0x08CA, 0x08CA, 
	0x08CA, 0x08CA, 0x08CA, 0x08CA, 0x08CA, 0x08CA, 0x08CA, 0x08CA, 0x08CA, 0x08CA, 0x08CA, 0x08CA, 0x08CA, 0x08CA, 0x08CA, 0x08CA, 
	0x08CA, 0x08CA, 0x08CA, 0x08CA, 0x08CA, 0x08CA, 0x08CA, 0x08CA, 0x08CA, 0x08CA, 0x08CA, 0x08CA, 0x08CA, 0x08CA, 0x08CA, 0x08CA, 
	0x08CA, 0x08CA, 0x08CA, 0x08CA, 0x08CA, 0x08CA, 0x08CA, 0x08CA, 0x08CA, 0x08CA, 0x08CA, 0x08CA, 0x08CA, 0x08CA, 0x08CA, 0x08CA, 
	0x08CA, 0x08CA, 0x08CA, 0x08CA, 0x08CA, 0x08CA, 0x08CA, 0x08CA, 0x08CA, 0x08CA, 0x08CA, 0x08CA, 0x08CA, 0x08CA, 0x08CA, 0x08CA, 
	0x08CA, 0x08CA, 0x08CA, 0x08CA, 0x08CA, 0x08CA, 0x08CA, 0x08CA, 0x08CA, 0x08CA, 0x08CA, 0x08CA, 0x08CA, 0x08CA, 0x08CA, 0x08CA, 
	0x08CA, 0x08CA, 0x08CA, 0x08CA, 0x08CA, 0x08CA, 0x08CA, 0x08CA, 0x08CA, 0x08CA, 0x08CA, 0x08CA, 0x08CA, 0x08CA, 0x08CA, 0x08CA, 
	0x08CA, 0x08CA, 0x08CA, 0x08CA, 0x08CA, 0x08CA, 0x08CA, 0x08CA, 0x08CA, 0x08CA, 0x08CA, 0x08CA, 0x08CA, 0x08CA, 0x08CA, 0x08CA, 
	0x08CA, 0x08CA, 0x08CA, 0x08CA, 0x08CA, 0x08CA, 0x08CA, 0x08CA, 0x08CA, 0x08CA, 0x08CA, 0x08CA, 0x08CA, 0x08CA, 0x08CA, 0x08CA, 
	0x08CA, 0x08CA, 0x08CA, 0x08CA, 0x08CA, 0x08CA, 0x08CA, 0x08CA, 0x08CA, 0x08CA, 0x08CA, 0x08CA, 0x08CA, 0x08CA, 0x08CA, 0x08CA, 
	0x08CA, 0x08CA, 0x08CA, 0x08CA, 0x08CA, 0x08CA, 0x08CA, 0x08CA, 0x08CA, 0x08CA, 0x08CA, 0x08CA, 0x08CA, 0x08CA, 0x08CA, 0x08CA, 
	0x08CA, 0x08CA, 0x08CA, 0x08CA, 0x08CA, 0x08CA, 0x08CA, 0x08CA, 0x08CA, 0x08CA, 0x08CA, 0x08CA, 0x08CA, 0x08CA, 0x08CA, 0x08CA, 
	0x08CA, 0x08CA, 0x08CA, 0x08CA, 0x08CA, 0x08CA, 0x08CA, 0x08CA, 0x08CA, 0x08CA, 0x08CA, 0x08CA, 0x08CA, 0x08CA, 0x08CA, 0x08CA, 
	0x08CA, 0x08CA, 0x08CA, 0x08CA, 0x08CA, 0x08CA, 0x08CA, 0x08CA, 0x08CA, 0x08CA, 0x08CA, 0x08CA, 0x08CA, 0x08CA, 0x08CA, 0x08CA, 
	0x08CA, 0x08CA, 0x08CA, 0x08CA, 0x08CA, 0x08CA, 0x08CA, 0x08CA, 0x08CA, 0x08CA, 0x08CA, 0x08CA, 0x08CA, 0x08CA, 0x08CA, 0x08CA, 
	0x08CA, 0x08CA, 0x08CA, 0x08CA, 0x08CA, 0x08CA, 0x08CA, 0x08CA, 0x08CA, 0x08CA, 0x08CA, 0x08CA, 0x08CA, 0x08CA, 0x08CA, 0x08CA, 
	0x08CA, 0x08CA, 0x08CA, 0x08CA, 0x08CA, 0x08CA, 0x08CA, 0x08CA, 0x08CA, 0x08CA, 0x08CA, 0x08CA, 0x08CA, 0x08CA, 0x08CA, 0x08CA, 
	0x08CA, 0x08CA, 0x08CA, 0x08CA, 0x08CA, 0x08CA, 0x08CA, 0x08CA, 0x08CA, 0x08CA, 0x08CA, 0x08CA, 0x08CA, 0x08CA, 0x08CA, 0x08CA, 
	0x08CA, 0x08CA, 0x08CA, 0x08CA, 0x08CA, 0x08CA, 0x08CA, 0x08CA, 0x08CA, 0x08CA, 0x08CA, 0x08CA, 0x08CA, 0x08CA, 0x08CA, 0x08CA, 
	0x08CA, 0x08CA, 0x08CA, 0x08CA, 0x08CA, 0x08CA, 0x08CA, 0x08CA, 0x08CA, 0x08CA, 0x08CA, 0x08CA, 0x08CA, 0x08CA, 0x08CA, 0x08CA, 
	0x08CA, 0x08CA, 0x08CA, 0x08CA, 0x08CA, 0x08CA, 0x08CA, 0x08CA, 0x08CA, 0x08CA, 0x08CA, 0x08CA, 0x08CA, 0x08CA, 0x08CA, 0x08CA, 
	0x08CA, 0x08CA, 0x08CA, 0x08CA, 0x08CA, 0x08CA, 0x08CA, 0x08CA, 0x08CA, 0x08CA, 0x08CA, 0x08CA, 0x08CA, 0x08CA, 0x08CA, 0x08CA, 
	0x08CA, 0x08CA, 0x08CA, 0x08CA, 0x08CA, 0x08CA, 0x08CA, 0x08CA, 0x08CA, 0x08CA, 0x08CA, 0x08CA, 0x08CA, 0x08CA, 0x08CA, 0x08CA, 
	0x08CA, 0x08CA, 0x08CA, 0x08CA, 0x08CA, 0x08CA, 0x08CA, 0x08CA, 0x08CA, 0x08CA, 0x08CA, 0x08CA, 0x08CA, 0x08CA, 0x08CA, 0x08CA, 
	0x08CA, 0x08CA, 0x08CA, 0x08CA, 0x08CA, 0x08CA, 0x08CA, 0x08CA, 0x08CA, 0x08CA, 0x08CA, 0x08CA, 0x08CA, 0x08CA, 0x08CA, 0x08CA, 
	0x08CA, 0x08CA, 0x08CA, 0x08CA, 0x08CA, 0x08CA, 0x08CA, 0x08CA, 0x08CA, 0x08CA, 0x08CA, 0x08CA, 0x08CA, 0x08CA, 0x08CA, 0x08CA, 
	0x08CA, 0x08CA, 0x08CA, 0x08CA, 0x08CA, 0x08CA, 0x08CA, 0x08CA, 0x08CA, 0x08CA, 0x08CA, 0x08CA, 0x08CA, 0x08CA, 0x08CA, 0x08CA, 
	0x08CA, 0x08CA, 0x08CA, 0x08CA, 0x08CA, 0x08CA, 0x08CA, 0x08CA, 0x08CA, 0x08CA, 0x08CA, 0x08CA, 0x08CA, 0x08CA, 0x08CA, 0x08CA, 
	0x08CA, 0x08CA, 0x08CA, 0x08CA, 0x08CA, 0x08CA, 0x08CA, 0x08CA, 0x08CA, 0x08CA, 0x08CA, 0x08CA, 0x08CA, 0x08CA, 0x08CA, 0x08CA, 
	0x08CA, 0x08CA, 0x08CA, 0x08CA, 0x08CA, 0x08CA, 0x08CA, 0x08CA, 0x08CA, 0x08CA, 0x08CA, 0x08CA, 0x08CA, 0x08CA, 0x08CA, 0x08CA, 
	0x08CA, 0x08CA, 0x08CA, 0x08CA, 0x08CA, 0x08CA, 0x08CA, 0x08CA, 0x08CA, 0x08CA, 0x08CA, 0x08CA, 0x08CA, 0x08CA, 0x08CA, 0x08CA, 
	0x08CA, 0x08CA, 0x08CA, 0x08CA, 0x08CA, 0x08CA, 0x08CA, 0x08CA, 0x08CA, 0x08CA, 0x08CA, 0x08CA, 0x08CA, 0x08CA, 0x08CA, 0x08CA, 
	0x08CA, 0x08CA, 0x08CA, 0x08CA, 0x08CA, 0x08CA, 0x08CA, 0x08CA, 0x08CA, 0x08CA, 0x08CA, 0x08CA, 0x08CA, 0x08CA, 0x08CA, 0x08CA, 
	0x08CA, 0x08CA, 0x08CA, 0x08CA, 0x08CA, 0x08CA, 0x08CA, 0x08CA, 0x08CA, 0x08CA, 0x08CA, 0x08CA, 0x08CA, 0x08CA, 0x08CA, 0x08CA, 
	0x08CA, 0x08CA, 0x08CA, 0x08CA, 0x08CA, 0x08CA, 0x08CA, 0x08CA, 0x08CA, 0x08CA, 0x08CA, 0x08CA, 0x08CA, 0x08CA, 0x08CA, 0x08CA, 
	0x08CA, 0x08CA, 0x08CA, 0x08CA, 0x08CA, 0x08CA, 0x08CA, 0x08CA, 0x08CA, 0x08CA, 0x08CA, 0x08CA, 0x08CA, 0x08CA, 0x08CA, 0x08CA, 
	0x08CA, 0x08CA, 0x08CA, 0x08CA, 0x08CA, 0x08CA, 0x08CA, 0x08CA, 0x08CA, 0x08CA, 0x08CA, 0x08CA, 0x08CA, 0x08CA, 0x08CA, 0x08CA, 
	0x08CA, 0x08CA, 0x08CA, 0x08CA, 0x08CA, 0x08CA, 0x08CA, 0x08CA, 0x08CA, 0x08CA, 0x08CA, 0x08CA, 0x08CA, 0x08CA, 0x08CA, 0x08CA, 
	0x08CA, 0x08CA, 0x08CA, 0x08CA, 0x08CA, 0x08CA, 0x08CA, 0x08CA, 0x08CA, 0x08CA, 0x08CA, 0x08CA, 0x08CA, 0x08CA, 0x08CA, 0x08CA, 
	0x08CA, 0x08CA, 0x08CA, 0x08CA, 0x08CA, 0x08CA, 0x08CA, 0x08CA, 0x08CA, 0x08CA, 0x08CA, 0x08CA, 0x08CA, 0x08CA, 0x08CA, 0x08CA, 
	0x08CA, 0x08CA, 0x08CA, 0x08CA, 0x08CA, 0x08CA, 0x08CA, 0x08CA, 0x08CA, 0x08CA, 0x08CA, 0x08CA, 0x08CA, 0x08CA, 0x08CA, 0x08CA, 
	0x08CA, 0x08CA, 0x08CA, 0x08CA, 0x08CA, 0x08CA, 0x08CA, 0x08CA, 0x08CA, 0x08CA, 0x08CA, 0x08CA, 0x08CA, 0x08CA, 0x08CA, 0x08CA, 
	0x08CA, 0x08CA, 0x08CA, 0x08CA, 0x08CA, 0x08CA, 0x08CA, 0x08CA, 0x08CA, 0x08CA, 0x08CA, 0x08CA, 0x08CA, 0x08CA, 0x08CA, 0x08CA, 
	0x08CA, 0x08CA, 0x08CA, 0x08CA, 0x08CA, 0x08CA, 0x08CA, 0x08CA, 0x08CA, 0x08CA, 0x08CA, 0x08CA, 0x08CA, 0x08CA, 0x08CA, 0x08CA, 
	0x08CA, 0x08CA, 0x08CA, 0x08CA, 0x08CA, 0x08CA, 0x08CA, 0x08CA, 0x08CA, 0x08CA, 0x08CA, 0x08CA, 0x08CA, 0x08CA, 0x08CA, 0x08CA, 
	0x08CA, 0x08CA, 0x08CA, 0x08CA, 0x08CA, 0x08CA, 0x08CA, 0x08CA, 0x08CA, 0x08CA, 0x08CA, 0x08CA, 0x08CA, 0x08CA, 0x08CA, 0x08CA, 
	0x08CA, 0x08CA, 0x08CA, 0x08CA, 0x08CA, 0x08CA, 0x08CA, 0x08CA, 0x08CA, 0x08CA, 0x08CA, 0x08CA, 0x08CA, 0x08CA, 0x08CA, 0x08CA, 
	0x08CA, 0x08CA, 0x08CA, 0x08CA, 0x08CA, 0x08CA, 0x08CA, 0x08CA, 0x08CA, 0x08CA, 0x08CA, 0x08CA, 0x08CA, 0x08CA, 0x08CA, 0x08CA, 
	0x08CA, 0x08CA, 0x08CA, 0x08CA, 0x08CA, 0x08CA, 0x08CA, 0x08CA, 0x08CA, 0x08CA, 0x08CA, 0x08CA, 0x08CA, 0x08CA, 0x08CA, 0x08CA, 
	0x08CA, 0x08CA, 0x08CA, 0x08CA, 0x08CA, 0x08CA, 0x08CA, 0x08CA, 0x08CA, 0x08CA, 0x08CA, 0x08CA, 0x08CA, 0x08CA, 0x08CA, 0x08CA, 
	0x08CA, 0x08CA, 0x08CA, 0x08CA, 0x08CA, 0x08CA, 0x08CA, 0x08CA, 0x08CA, 0x08CA, 0x08CA, 0x08CA, 0x08CA, 0x08CA, 0x08CA, 0x08CA, 
	0x08CA, 0x08CA, 0x08CA, 0x08CA, 0x08CA, 0x08CA, 0x08CA, 0x08CA, 0x08CA, 0x08CA, 0x08CA, 0x08CA, 0x08CA, 0x08CA, 0x08CA, 0x08CA, 
	0x08CA, 0x08CA, 0x08CA, 0x08CA, 0x08CA, 0x08CA, 0x08CA, 0x08CA, 0x08CA, 0x08CA, 0x08CA, 0x08CA, 0x08CA, 0x08CA, 0x08CA, 0x08CA, 
	0x08CA, 0x08CA, 0x08CA, 0x08CA, 0x08CA, 0x08CA, 0x08CA, 0x08CA, 0x08CA, 0x08CA, 0x08CA, 0x08CA, 0x08CA, 0x08CA, 0x08CA, 0x08CA, 
	0x08CA, 0x08CA, 0x08CA, 0x08CA, 0x08CA, 0x08CA, 0x08CA, 0x08CA, 0x08CA, 0x08CA, 0x08CA, 0x08CA, 0x08CA, 0x08CA, 0x08CA, 0x08CA, 
	0x08CA, 0x08CA, 0x08CA, 0x08CA, 0x08CA, 0x08CA, 0x08CA, 0x08CA, 0x08CA, 0x08CA, 0x08CA, 0x08CA, 0x08CA, 0x08CA, 0x08CA, 0x08CA, 
	0x08CA, 0x08CA, 0x08CA, 0x08CA, 0x08CA, 0x08CA, 0x08CA, 0x08CA, 0x08CA, 0x08CA, 0x08CA, 0x08CA, 0x08CA, 0x08CA, 0x08CA, 0x08CA, 
	0x08CA, 0x08CA, 0x08CA, 0x08CA, 0x08CA, 0x08CA, 0x08CA, 0x08CA, 0x08CA, 0x08CA, 0x08CA, 0x08CA, 0x08CA, 0x08CA, 0x08CA, 0x08CA, 
	0x08CA, 0x08CA, 0x08CA, 0x08CA, 0x08CA, 0x08CA, 0x08CA, 0x08CA, 0x08CA, 0x08CA, 0x08CA, 0x08CA, 0x08CA, 0x08CA, 0x08CA, 0x08CA, 
	0x08CA, 0x08CA, 0x08CA, 0x08CA, 0x08CA, 0x08CA, 0x08CA, 0x08CA, 0x08CA, 0x08CA, 0x08CA, 0x08CA, 0x08CA, 0x08CA, 0x08CA, 0x08CA, 
	0x08CA, 0x08CA, 0x08CA, 0x08CA, 0x08CA, 0x08CA, 0x08CA, 0x08CA, 0x08CA, 0x08CA, 0x08CA, 0x08CA, 0x08CA, 0x08CA, 0x08CA, 0x08CA, 
	0x08CA, 0x08CA, 0x08CA, 0x08CA, 0x08CA, 0x08CA, 0x08CA, 0x08CA, 0x08CA, 0x08CA, 0x08CA, 0x08CA, 0x08CA, 0x08CA, 0x08CA, 0x08CA, 
	0x08CA, 0x08CA, 0x08CA, 0x08CA, 0x08CA, 0x08CA, 0x08CA, 0x08CA, 0x08CA, 0x08CA, 0x08CA, 0x08CA, 0x08CA, 0x08CA, 0x08CA, 0x08CA, 
	0x08CA, 0x08CA, 0x08CA, 0x08CA, 0x08CA, 0x08CA, 0x08CA, 0x08CA, 0x08CA, 0x08CA, 0x08CA, 0x08CA, 0x08CA, 0x08CA, 0x08CA, 0x08CA, 
	0x08CA, 0x08CA, 0x08CA, 0x08CA, 0x08CA, 0x08CA, 0x08CA, 0x08CA, 0x08CA, 0x08CA, 0x08CA, 0x08CA, 0x08CA, 0x08CA, 0x08CA, 0x08CA, 
	0x08CA, 0x08CA, 0x08CA, 0x08CA, 0x08CA, 0x08CA, 0x08CA, 0x08CA, 0x08CA, 0x08CA, 0x08CA, 0x08CA, 0x08CA, 0x08CA, 0x08CA, 0x08CA, 
	0x08CA, 0x08CA, 0x08CA, 0x08CA, 0x08CA, 0x08CA, 0x08CA, 0x08CA, 0x08CA, 0x08CA, 0x08CA, 0x08CA, 0x08CA, 0x08CA, 0x08CA, 0x08CA, 
	0x08CA, 0x08CA, 0x08CA, 0x08CA, 0x08CA, 0x08CA, 0x08CA, 0x08CA, 0x08CA, 0x08CA, 0x08CA, 0x08CA, 0x08CA, 0x08CA, 0x08CA, 0x08CA, 
	0x08CA, 0x08CA, 0x08CA, 0x08CA, 0x08CA, 0x08CA, 0x08CA, 0x08CA, 0x08CA, 0x08CA, 0x08CA, 0x08CA, 0x08CA, 0x08CA, 0x08CA, 0x08CA, 
	0x08CA, 0x08CA, 0x08CA, 0x08CA, 0x08CA, 0x08CA, 0x08CA, 0x08CA, 0x08CA, 0x08CA, 0x08CA, 0x08CA, 0x08CA, 0x08CA, 0x08CA, 0x08CA, 
	0x08CA, 0x08CA, 0x08CA, 0x08CA, 0x08CA, 0x08CA, 0x08CA, 0x08CA, 0x08CA, 0x08CA, 0x08CA, 0x08CA, 0x08CA, 0x08CA, 0x08CA, 0x08CA, 
	0x08CA, 0x08CA, 0x08CA, 0x08CA, 0x08CA, 0x08CA, 0x08CA, 0x08CA, 0x08CA, 0x08CA, 0x08CA, 0x08CA, 0x08CA, 0x08CA, 0x08CA, 0x08CA, 
	0x08CA, 0x08CA, 0x08CA, 0x08CA, 0x08CA, 0x08CA, 0x08CA, 0x08CA, 0x08CA, 0x08CA, 0x08CA, 0x08CA, 0x08CA, 0x08CA, 0x08CA, 0x08CA, 
	0x08CA, 0x08CA, 0x08CA, 0x08CA, 0x08CA, 0x08CA, 0x08CA, 0x08CA, 0x08CA, 0x08CA, 0x08CA, 0x08CA, 0x08CA, 0x08CA, 0x08CA, 0x08CA, 
	0x08CA, 0x08CA, 0x08CA, 0x08CA, 0x08CA, 0x08CA, 0x08CA, 0x08CA, 0x08CA, 0x08CA, 0x08CA, 0x08CA, 0x08CA, 0x08CA, 0x08CA, 0x08CA, 
	0x08CA, 0x08CA, 0x08CA, 0x08CA, 0x08CA, 0x08CA, 0x08CA, 0x08CA, 0x08CA, 0x08CA, 0x08CA, 0x08CA, 0x08CA, 0x08CA, 0x08CA, 0x08CA, 
	0x08CA, 0x08CA, 0x08CA, 0x08CA, 0x08CA, 0x08CA, 0x08CA, 0x08CA, 0x08CA, 0x08CA, 0x08CA, 0x08CA, 0x08CA, 0x08CA, 0x08CA, 0x08CA, 
	0x08CA, 0x08CA, 0x08CA, 0x08CA, 0x08CA, 0x08CA, 0x08CA, 0x08CA, 0x08CA, 0x08CA, 0x08CA, 0x08CA, 0x08CA, 0x08CA, 0x08CA, 0x08CA, 
	0x08CA, 0x08CA, 0x08CA, 0x08CA, 0x08CA, 0x08CA, 0x08CA, 0x08CA, 0x08CA, 0x08CA, 0x08CA, 0x08CA, 0x08CA, 0x08CA, 0x08CA, 0x08CA, 
	0x08CA, 0x08CA, 0x08CA, 0x08CA, 0x08CA, 0x08CA, 0x08CA, 0x08CA, 0x08CA, 0x08CA, 0x08CA, 0x08CA, 0x08CA, 0x08CA, 0x08CA, 0x08CA, 
	0x08CA, 0x08CA, 0x08CA, 0x08CA, 0x08CA, 0x08CA, 0x08CA, 0x08CA, 0x08CA, 0x08CA, 0x08CA, 0x08CA, 0x08CA, 0x08CA, 0x08CA, 0x08CA, 
	0x08CA, 0x08CA, 0x08CA, 0x08CA, 0x08CA, 0x08CA, 0x08CA, 0x08CA, 0x08CA, 0x08CA, 0x08CA, 0x08CA, 0x08CA, 0x08CA, 0x08CA, 0x08CA, 
	0x08CA, 0x08CA, 0x08CA, 0x08CA, 0x08CA, 0x08CA, 0x08CA, 0x08CA, 0x08CA, 0x08CA, 0x08CA, 0x08CA, 0x08CA, 0x08CA, 0x08CA, 0x08CA, 
	0x08CA, 0x08CA, 0x08CA, 0x08CA, 0x08CA, 0x08CA, 0x08CA, 0x08CA, 0x08CA, 0x08CA, 0x08CA, 0x08CA, 0x08CA, 0x08CA, 0x08CA, 0x08CA, 
	0x08CA, 0x08CA, 0x08CA, 0x08CA, 0x08CA, 0x08CA, 0x08CA, 0x08CA, 0x08CA, 0x08CA, 0x08CA, 0x08CA, 0x08CA, 0x08CA, 0x08CA, 0x08CA, 
	0x08CA, 0x08CA, 0x08CA, 0x08CA, 0x08CA, 0x08CA, 0x08CA, 0x08CA, 0x08CA, 0x08CA, 0x08CA, 0x08CA, 0x08CA, 0x08CA, 0x08CA, 0x08CA, 
	0x08CA, 0x08CA, 0x08CA, 0x08CA, 0x08CA, 0x08CA, 0x08CA, 0x08CA, 0x08CA, 0x08CA, 0x08CA, 0x08CA, 0x08CA, 0x08CA, 0x08CA, 0x08CA, 
	0x08CA, 0x08CA, 0x08CA, 0x08CA, 0x08CA, 0x08CA, 0x08CA, 0x08CA, 0x08CA, 0x08CA, 0x08CA, 0x08CA, 0x08CA, 0x08CA, 0x08CA, 0x08CA, 
	0x08CA, 0x08CA, 0x08CA, 0x08CA, 0x08CA, 0x08CA, 0x08CA, 0x08CA, 0x08CA, 0x08CA, 0x08CA, 0x08CA, 0x08CA, 0x08CA, 0x08CA, 0x08CA, 
	0x08CA, 0x08CA, 0x08CA, 0x08CA, 0x08CA, 0x08CA, 0x08CA, 0x08CA, 0x08CA, 0x08CA, 0x08CA, 0x08CA, 0x08CA, 0x08CA, 0x08CA, 0x08CA, 
	0x08CA, 0x08CA, 0x08CA, 0x08CA, 0x08CA, 0x08CA, 0x08CA, 0x08CA, 0x08CA, 0x08CA, 0x08CA, 0x08CA, 0x08CA, 0x08CA, 0x08CA, 0x08CA, 
	0x08CA, 0x08CA, 0x08CA, 0x08CA, 0x08CA, 0x08CA, 0x08CA, 0x08CA, 0x08CA, 0x08CA, 0x08CA, 0x08CA, 0x08CA, 0x08CA, 0x08CA, 0x08CA, 
	0x08CA, 0x08CA, 0x08CA, 0x08CA, 0x08CA, 0x08CA, 0x08CA, 0x08CA, 0x08CA, 0x08CA, 0x08CA, 0x08CA, 0x08CA, 0x08CA, 0x08CA, 0x08CA, 
	0x08CA, 0x08CA, 0x08CA, 0x08CA, 0x08CA, 0x08CA, 0x08CA, 0x08CA, 0x08CA, 0x08CA, 0x08CA, 0x08CA, 0x08CA, 0x08CA, 0x08CA, 0x08CA, 
	0x08CA, 0x08CA, 0x08CA, 0x08CA, 0x08CA, 0x08CA, 0x08CA, 0x08CA, 0x08CA, 0x08CA, 0x08CA, 0x08CA, 0x08CA, 0x08CA, 0x08CA, 0x08CA, 
	0x08CA, 0x08CA, 0x08CA, 0x08CA, 0x08CA, 0x08CA, 0x08CA, 0x08CA, 0x08CA, 0x08CA, 0x08CA, 0x08CA, 0x08CA, 0x08CA, 0x08CA, 0x08CA, 
	0x08CA, 0x08CA, 0x08CA, 0x08CA, 0x08CA, 0x08CA, 0x08CA, 0x08CA, 0x08CA, 0x08CA, 0x08CA, 0x08CA, 0x08CA, 0x08CA, 0x08CA, 0x08CA, 
	0x08CA, 0x08CA, 0x08CA, 0x08CA, 0x08CA, 0x08CA, 0x08CA, 0x08CA, 0x08CA, 0x08CA, 0x08CA, 0x08CA, 0x08CA, 0x08CA, 0x08CA, 0x08CA, 
	0x08CA, 0x08CA, 0x08CA, 0x08CA, 0x08CA, 0x08CA, 0x08CA, 0x08CA, 0x08CA, 0x08CA, 0x08CA, 0x08CA, 0x08CA, 0x08CA, 0x08CA, 0x08CA, 
	0x08CA, 0x08CA, 0x08CA, 0x08CA, 0x08CA, 0x08CA, 0x08CA, 0x08CA, 0x08CA, 0x08CA, 0x08CA, 0x08CA, 0x08CA, 0x08CA, 0x08CA, 0x08CA, 
	0x08CA, 0x08CA, 0x08CA, 0x08CA, 0x08CA, 0x08CA, 0x08CA, 0x08CA, 0x08CA, 0x08CA, 0x08CA, 0x08CA, 0x08CA, 0x08CA, 0x08CA, 0x08CA, 
	0x08CA, 0x08CA, 0x08CA, 0x08CA, 0x08CA, 0x08CA, 0x08CA, 0x08CA, 0x08CA, 0x08CA, 0x08CA, 0x08CA, 0x08CA, 0x08CA, 0x08CA, 0x08CA, 
	0x08CA, 0x08CA, 0x08CA, 0x08CA, 0x08CA, 0x08CA, 0x08CA, 0x08CA, 0x08CA, 0x08CA, 0x08CA, 0x08CA, 0x08CA, 0x08CA, 0x08CA, 0x08CA, 
	0x08CA, 0x08CA, 0x08CA, 0x08CA, 0x08CA, 0x08CA, 0x08CA, 0x08CA, 0x08CA, 0x08CA, 0x08CA, 0x08CA, 0x08CA, 0x08CA, 0x08CA, 0x08CA, 
	0x08CA, 0x08CA, 0x08CA, 0x08CA, 0x08CA, 0x08CA, 0x08CA, 0x08CA, 0x08CA, 0x08CA, 0x08CA, 0x08CA, 0x08CA, 0x08CA, 0x08CA, 0x08CA, 
	0x08CA, 0x08CA, 0x08CA, 0x08CA, 0x08CA, 0x08CA, 0x08CA, 0x08CA, 0x08CA, 0x08CA, 0x08CA, 0x08CA, 0x08CA, 0x08CA, 0x08CA, 0x08CA, 
	0x08CA, 0x08CA, 0x08CA, 0x08CA, 0x08CA, 0x08CA, 0x08CA, 0x08CA, 0x08CA, 0x08CA, 0x08CA, 0x08CA, 0x08CA, 0x08CA, 0x08CA, 0x08CA, 
	0x08CA, 0x08CA, 0x08CA, 0x08CA, 0x08CA, 0x08CA, 0x08CA, 0x08CA, 0x08CA, 0x08CA, 0x08CA, 0x08CA, 0x08CA, 0x08CA, 0x08CA, 0x08CA, 
	0x08CA, 0x08CA, 0x08CA, 0x08CA, 0x08CA, 0x08CA, 0x08CA, 0x08CA, 0x08CA, 0x08CA, 0x08CA, 0x08CA, 0x08CA, 0x08CA, 0x08CA, 0x08CA, 
	0x08CA, 0x08CA, 0x08CA, 0x08CA, 0x08CA, 0x08CA, 0x08CA, 0x08CA, 0x08CA, 0x08CA, 0x08CA, 0x08CA, 0x08CA, 0x08CA, 0x08CA, 0x08CA, 
	0x08CA, 0x08CA, 0x08CA, 0x08CA, 0x08CA, 0x08CA, 0x08CA, 0x08CA, 0x08CA, 0x08CA, 0x08CA, 0x08CA, 0x08CA, 0x08CA, 0x08CA, 0x08CA, 
	0x08CA, 0x08CA, 0x08CA, 0x08CA, 0x08CA, 0x08CA, 0x08CA, 0x08CA, 0x08CA, 0x08CA, 0x08CA, 0x08CA, 0x08CA, 0x08CA, 0x08CA, 0x08CA, 
	0x08CA, 0x08CA, 0x08CA, 0x08CA, 0x08CA, 0x08CA, 0x08CA, 0x08CA, 0x08CA, 0x08CA, 0x08CA, 0x08CA, 0x08CA, 0x08CA, 0x08CA, 0x08CA, 
	0x08CA, 0x08CA, 0x08CA, 0x08CA, 0x08CA, 0x08CA, 0x08CA, 0x08CA, 0x08CA, 0x08CA, 0x08CA, 0x08CA, 0x08CA, 0x08CA, 0x08CA, 0x08CA, 
	0x08CA, 0x08CA, 0x08CA, 0x08CA, 0x08CA, 0x08CA, 0x08CA, 0x08CA, 0x08CA, 0x08CA, 0x08CA, 0x08CA, 0x08CA, 0x08CA, 0x08CA, 0x08CA, 
	0x08CA, 0x08CA, 0x08CA, 0x08CA, 0x08CA, 0x08CA, 0x08CA, 0x08CA, 0x08CA, 0x08CA, 0x08CA, 0x08CA, 0x08CA, 0x08CA, 0x08CA, 0x08CA, 
	0x08CA, 0x08CA, 0x08CA, 0x08CA, 0x08CA, 0x08CA, 0x08CA, 0x08CA, 0x08CA, 0x08CA, 0x08CA, 0x08CA, 0x08CA, 0x08CA, 0x08CA, 0x08CA, 
	0x08CA, 0x08CA, 0x08CA, 0x08CA, 0x08CA, 0x08CA, 0x08CA, 0x08CA, 0x08CA, 0x08CA, 0x08CA, 0x08CA, 0x08CA, 0x08CA, 0x08CA, 0x08CA, 
	0x08CA, 0x08CA, 0x08CA, 0x08CA, 0x08CA, 0x08CA, 0x08CA, 0x08CA, 0x08CA, 0x08CA, 0x08CA, 0x08CA, 0x08CA, 0x08CA, 0x08CA, 0x08CA, 
	0x08CA, 0x08CA, 0x08CA, 0x08CA, 0x08CA, 0x08CA, 0x08CA, 0x08CA, 0x08CA, 0x08CA, 0x08CA, 0x08CA, 0x08CA, 0x08CA, 0x08CA, 0x08CA, 
	0x08CA, 0x08CA, 0x08CA, 0x08CA, 0x08CA, 0x08CA, 0x08CA, 0x08CA, 0x08CA, 0x08CA, 0x08CA, 0x08CA, 0x08CA, 0x08CA, 0x08CA, 0x08CA, 
	0x08CA, 0x08CA, 0x08CA, 0x08CA, 0x08CA, 0x08CA, 0x08CA, 0x08CA, 0x08CA, 0x08CA, 0x08CA, 0x08CA, 0x08CA, 0x08CA, 0x08CA, 0x08CA, 
	0x08CA, 0x08CA, 0x08CA, 0x08CA, 0x08CA, 0x08CA, 0x08CA, 0x08CA, 0x08CA, 0x08CA, 0x08CA, 0x08CA, 0x08CA, 0x08CA, 0x08CA, 0x08CA, 
	0x08CA, 0x08CA, 0x08CA, 0x08CA, 0x08CA, 0x08CA, 0x08CA, 0x08CA, 0x08CA, 0x08CA, 0x08CA, 0x08CA, 0x08CA, 0x08CA, 0x08CA, 0x08CA, 
	0x08CA, 0x08CA, 0x08CA, 0x08CA, 0x08CA, 0x08CA, 0x08CA, 0x08CA, 0x08CA, 0x08CA, 0x08CA, 0x08CA, 0x08CA, 0x08CA, 0x08CA, 0x08CA, 
	0x08CA, 0x08CA, 0x08CA, 0x08CA, 0x08CA, 0x08CA, 0x08CA, 0x08CA, 0x08CA, 0x08CA, 0x08CA, 0x08CA, 0x08CA, 0x08CA, 0x08CA, 0x08CA, 
	0x08CA, 0x08CA, 0x08CA, 0x08CA, 0x08CA, 0x08CA, 0x08CA, 0x08CA, 0x08CA, 0x08CA, 0x08CA, 0x08CA, 0x08CA, 0x08CA, 0x08CA, 0x08CA, 
	0x08CA, 0x08CA, 0x08CA, 0x08CA, 0x08CA, 0x08CA, 0x08CA, 0x08CA, 0x08CA, 0x08CA, 0x08CA, 0x08CA, 0x08CA, 0x08CA, 0x08CA, 0x08CA, 
	0x08CA, 0x08CA, 0x08CA, 0x08CA, 0x08CA, 0x08CA, 0x08CA, 0x08CA, 0x08CA, 0x08CA, 0x08CA, 0x08CA, 0x08CA, 0x08CA, 0x08CA, 0x08CA, 
	0x08CA, 0x08CA, 0x08CA, 0x08CA, 0x08CA, 0x08CA, 0x08CA, 0x08CA, 0x08CA, 0x08CA, 0x08CA, 0x08CA, 0x08CA, 0x08CA, 0x08CA, 0x08CA, 
	0x08CA, 0x08CA, 0x08CA, 0x08CA, 0x08CA, 0x08CA, 0x08CA, 0x08CA, 0x08CA, 0x08CA, 0x08CA, 0x08CA, 0x08CA, 0x08CA, 0x08CA, 0x08CA, 
	0x08CA, 0x08CA, 0x08CA, 0x08CA, 0x08CA, 0x08CA, 0x08CA, 0x08CA, 0x08CA, 0x08CA, 0x08CA, 0x08CA, 0x08CA, 0x08CA, 0x08CA, 0x08CA, 
	0x08CA, 0x08CA, 0x08CA, 0x08CA, 0x08CA, 0x08CA, 0x08CA, 0x08CA, 0x08CA, 0x08CA, 0x08CA, 0x08CA, 0x08CA, 0x08CA, 0x08CA, 0x08CA, 
	0x08CA, 0x08CA, 0x08CA, 0x08CA, 0x08CA, 0x08CA, 0x08CA, 0x08CA, 0x08CA, 0x08CA, 0x08CA, 0x08CA, 0x08CA, 0x08CA, 0x08CA, 0x08CA, 
	0x08CA, 0x08CA, 0x08CA, 0x08CA, 0x08CA, 0x08CA, 0x08CA, 0x08CA, 0x08CA, 0x08CA, 0x08CA, 0x08CA, 0x08CA, 0x08CA, 0x08CA, 0x08CA, 
	0x08CA, 0x08CA, 0x08CA, 0x08CA, 0x08CA, 0x08CA, 0x08CA, 0x08CA, 0x08CA, 0x08CA, 0x08CA, 0x08CA, 0x08CA, 0x08CA, 0x08CA, 0x08CA, 
	0x08CA, 0x08CA, 0x08CA, 0x08CA, 0x08CA, 0x08CA, 0x08CA, 0x08CA, 0x08CA, 0x08CA, 0x08CA, 0x08CA, 0x08CA, 0x08CA, 0x08CA, 0x08CA, 
	0x08CA, 0x08CA, 0x08CA, 0x08CA, 0x08CA, 0x08CA, 0x08CA, 0x08CA, 0x08CA, 0x08CA, 0x08CA, 0x08CA, 0x08CA, 0x08CA, 0x08CA, 0x08CA, 
	0x08CA, 0x08CA, 0x08CA, 0x08CA, 0x08CA, 0x08CA, 0x08CA, 0x08CA, 0x08CA, 0x08CA, 0x08CA, 0x08CA, 0x08CA, 0x08CA, 0x08CA, 0x08CA, 
	0x08CA, 0x08CA, 0x08CA, 0x08CA, 0x08CA, 0x08CA, 0x08CA, 0x08CA, 0x08CA, 0x08CA, 0x08CA, 0x08CA, 0x08CA, 0x08CA, 0x08CA, 0x08CA, 
	0x08CA, 0x08CA, 0x08CA, 0x08CA, 0x08CA, 0x08CA, 0x08CA, 0x08CA, 0x08CA, 0x08CA, 0x08CA, 0x08CA, 0x08CA, 0x08CA, 0x08CA, 0x08CA, 
	0x08CA, 0x08CA, 0x08CA, 0x08CA, 0x08CA, 0x08CA, 0x08CA, 0x08CA, 0x08CA, 0x08CA, 0x08CA, 0x08CA, 0x08CA, 0x08CA, 0x08CA, 0x08CA, 
	0x08CA, 0x08CA, 0x08CA, 0x08CA, 0x08CA, 0x08CA, 0x08CA, 0x08CA, 0x08CA, 0x08CA, 0x08CA, 0x08CA, 0x08CA, 0x08CA, 0x08CA, 0x08CA, 
	0x08CA, 0x08CA, 0x08CA, 0x08CA, 0x08CA, 0x08CA, 0x08CA, 0x08CA, 0x08CA, 0x08CA, 0x08CA, 0x08CA, 0x08CA, 0x08CA, 0x08CA, 0x08CA, 
	0x08CA, 0x08CA, 0x08CA, 0x08CA, 0x08CA, 0x08CA, 0x08CA, 0x08CA, 0x08CA, 0x08CA, 0x08CA, 0x08CA, 0x08CA, 0x08CA, 0x08CA, 0x08CA, 
	0x08CA, 0x08CA, 0x08CA, 0x08CA, 0x08CA, 0x08CA, 0x08CA, 0x08CA, 0x08CA, 0x08CA, 0x08CA, 0x08CA, 0x08CA, 0x08CA, 0x08CA, 0x08CA, 
	0x08CA, 0x08CA, 0x08CA, 0x08CA, 0x08CA, 0x08CA, 0x08CA, 0x08CA, 0x08CA, 0x08CA, 0x08CA, 0x08CA, 0x08CA, 0x08CA, 0x08CA, 0x08CA, 
	0x08CA, 0x08CA, 0x08CA, 0x08CA, 0x08CA, 0x08CA, 0x08CA, 0x08CA, 0x08CA, 0x08CA, 0x08CA, 0x08CA, 0x08CA, 0x08CA, 0x08CA, 0x08CA, 
	0x08CA, 0x08CA, 0x08CA, 0x08CA, 0x08CA, 0x08CA, 0x08CA, 0x08CA, 0x08CA, 0x08CA, 0x08CA, 0x08CA, 0x08CA, 0x08CA, 0x08CA, 0x08CA, 
	0x08CA, 0x08CA, 0x08CA, 0x08CA, 0x08CA, 0x08CA, 0x08CA, 0x08CA, 0x08CA, 0x08CA, 0x08CA, 0x08CA, 0x08CA, 0x08CA, 0x08CA, 0x08CA, 
	0x08CA, 0x08CA, 0x08CA, 0x08CA, 0x08CA, 0x08CA, 0x08CA, 0x08CA, 0x08CA, 0x08CA, 0x08CA, 0x08CA, 0x08CA, 0x08CA, 0x08CA, 0x08CA, 
	0x08CA, 0x08CA, 0x08CA, 0x08CA, 0x08CA, 0x08CA, 0x08CA, 0x08CA, 0x08CA, 0x08CA, 0x08CA, 0x08CA, 0x08CA, 0x08CA, 0x08CA, 0x08CA, 
	0x08CA, 0x08CA, 0x08CA, 0x08CA, 0x08CA, 0x08CA, 0x08CA, 0x08CA, 0x08CA, 0x08CA, 0x08CA, 0x08CA, 0x08CA, 0x08CA, 0x08CA, 0x08CA, 
	0x08CA, 0x08CA, 0x08CA, 0x08CA, 0x08CA, 0x08CA, 0x08CA, 0x08CA, 0x08CA, 0x08CA, 0x08CA, 0x08CA, 0x08CA, 0x08CA, 0x08CA, 0x08CA, 
	0x08CA, 0x08CA, 0x08CA, 0x08CA, 0x08CA, 0x08CA, 0x08CA, 0x08CA, 0x08CA, 0x08CA, 0x08CA, 0x08CA, 0x08CA, 0x08CA, 0x08CA, 0x08CA, 
	0x08CA, 0x08CA, 0x08CA, 0x08CA, 0x08CA, 0x08CA, 0x08CA, 0x08CA, 0x08CA, 0x08CA, 0x08CA, 0x08CA, 0x08CA, 0x08CA, 0x08CA, 0x08CA, 
	0x08CA, 0x08CA, 0x08CA, 0x08CA, 0x08CA, 0x08CA, 0x08CA, 0x08CA, 0x08CA, 0x08CA, 0x08CA, 0x08CA, 0x08CA, 0x08CA, 0x08CA, 0x08CA, 
	0x08CA, 0x08CA, 0x08CA, 0x08CA, 0x08CA, 0x08CA, 0x08CA, 0x08CA, 0x08CA, 0x08CA, 0x08CA, 0x08CA, 0x08CA, 0x08CA, 0x08CA, 0x08CA, 
	0x08CA, 0x08CA, 0x08CA, 0x08CA, 0x08CA, 0x08CA, 0x08CA, 0x08CA, 0x08CA, 0x08CA, 0x08CA, 0x08CA, 0x08CA, 0x08CA, 0x08CA, 0x08CA, 
	0x08CA, 0x08CA, 0x08CA, 0x08CA, 0x08CA, 0x08CA, 0x08CA, 0x08CA, 0x08CA, 0x08CA, 0x08CA, 0x08CA, 0x08CA, 0x08CA, 0x08CA, 0x08CA, 
	0x08CA, 0x08CA, 0x08CA, 0x08CA, 0x08CA, 0x08CA, 0x08CA, 0x08CA, 0x08CA, 0x08CA, 0x08CA, 0x08CA, 0x08CA, 0x08CA, 0x08CA, 0x08CA, 
	0x08CA, 0x08CA, 0x08CA, 0x08CA, 0x08CA, 0x08CA, 0x08CA, 0x08CA, 0x08CA, 0x08CA, 0x08CA, 0x08CA, 0x08CA, 0x08CA, 0x08CA, 0x08CA, 
	0x08CA, 0x08CA, 0x08CA, 0x08CA, 0x08CA, 0x08CA, 0x08CA, 0x08CA, 0x08CA, 0x08CA, 0x08CA, 0x08CA, 0x08CA, 0x08CA, 0x08CA, 0x08CA, 
	0x08CA, 0x08CA, 0x08CA, 0x08CA, 0x08CA, 0x08CA, 0x08CA, 0x08CA, 0x08CA, 0x08CA, 0x08CA, 0x08CA, 0x08CA, 0x08CA, 0x08CA, 0x08CA, 
	0x08CA, 0x08CA, 0x08CA, 0x08CA, 0x08CA, 0x08CA, 0x08CA, 0x08CA, 0x08CA, 0x08CA, 0x08CA, 0x08CA, 0x08CA, 0x08CA, 0x08CA, 0x08CA, 
	0x08CA, 0x08CA, 0x08CA, 0x08CA, 0x08CA, 0x08CA, 0x08CA, 0x08CA, 0x08CA, 0x08CA, 0x08CA, 0x08CA, 0x08CA, 0x08CA, 0x08CA, 0x08CA, 
	0x08CA, 0x08CA, 0x08CA, 0x08CA, 0x08CA, 0x08CA, 0x08CA, 0x08CA, 0x08CA, 0x08CA, 0x08CA, 0x08CA, 0x08CA, 0x08CA, 0x08CA, 0x08CA, 
	0x08CA, 0x08CA, 0x08CA, 0x08CA, 0x08CA, 0x08CA, 0x08CA, 0x08CA, 0x08CA, 0x08CA, 0x08CA, 0x08CA, 0x08CA, 0x08CA, 0x08CA, 0x08CA, 
	0x08CA, 0x08CA, 0x08CA, 0x08CA, 0x08CA, 0x08CA, 0x08CA, 0x08CA, 0x08CA, 0x08CA, 0x08CA, 0x08CA, 0x08CA, 0x08CA, 0x08CA, 0x08CA, 
	0x08CA, 0x08CA, 0x08CA, 0x08CA, 0x08CA, 0x08CA, 0x08CA, 0x08CA, 0x08CA, 0x08CA, 0x08CA, 0x08CA, 0x08CA, 0x08CA, 0x08CA, 0x08CA, 
	0x08CA, 0x08CA, 0x08CA, 0x08CA, 0x08CA, 0x08CA, 0x08CA, 0x08CA, 0x08CA, 0x08CA, 0x08CA, 0x08CA, 0x08CA, 0x08CA, 0x08CA, 0x08CA, 
	0x08CA, 0x08CA, 0x08CA, 0x08CA, 0x08CA, 0x08CA, 0x08CA, 0x08CA, 0x08CA, 0x08CA, 0x08CA, 0x08CA, 0x08CA, 0x08CA, 0x08CA, 0x08CA, 
	0x08CA, 0x08CA, 0x08CA, 0x08CA, 0x08CA, 0x08CA, 0x08CA, 0x08CA, 0x08CA, 0x08CA, 0x08CA, 0x08CA, 0x08CA, 0x08CA, 0x08CA, 0x08CA, 
	0x08CA, 0x08CA, 0x08CA, 0x08CA, 0x08CA, 0x08CA, 0x08CA, 0x08CA, 0x08CA, 0x08CA, 0x08CA, 0x08CA, 0x08CA, 0x08CA, 0x08CA, 0x08CA, 
	0x08CA, 0x08CA, 0x08CA, 0x08CA, 0x08CA, 0x08CA, 0x08CA, 0x08CA, 0x08CA, 0x08CA, 0x08CA, 0x08CA, 0x08CA, 0x08CA, 0x08CA, 0x08CA, 
	0x08CA, 0x08CA, 0x08CA, 0x08CA, 0x08CA, 0x08CA, 0x08CA, 0x08CA, 0x08CA, 0x08CA, 0x08CA, 0x08CA, 0x08CA, 0x08CA, 0x08CA, 0x08CA, 
	0x08CA, 0x08CA, 0x08CA, 0x08CA, 0x08CA, 0x08CA, 0x08CA, 0x08CA, 0x08CA, 0x08CA, 0x08CA, 0x08CA, 0x08CA, 0x08CA, 0x08CA, 0x08CA, 
	0x08CA, 0x08CA, 0x08CA, 0x08CA, 0x08CA, 0x08CA, 0x08CA, 0x08CA, 0x08CA, 0x08CA, 0x08CA, 0x08CA, 0x08CA, 0x08CA, 0x08CA, 0x08CA, 
	0x08CA, 0x08CA, 0x08CA, 0x08CA, 0x08CA, 0x08CA, 0x08CA, 0x08CA, 0x08CA, 0x08CA, 0x08CA, 0x08CA, 0x08CA, 0x08CA, 0x08CA, 0x08CA, 
	0x08CA, 0x08CA, 0x08CA, 0x08CA, 0x08CA, 0x08CA, 0x08CA, 0x08CA, 0x08CA, 0x08CA, 0x08CA, 0x08CA, 0x08CA, 0x08CA, 0x08CA, 0x08CA, 
	0x08CA, 0x08CA, 0x08CA, 0x08CA, 0x08CA, 0x08CA, 0x08CA, 0x08CA, 0x08CA, 0x08CA, 0x08CA, 0x08CA, 0x08CA, 0x08CA, 0x08CA, 0x08CA, 
	0x08CA, 0x08CA, 0x08CA, 0x08CA, 0x08CA, 0x08CA, 0x08CA, 0x08CA, 0x08CA, 0x08CA, 0x08CA, 0x08CA, 0x08CA, 0x08CA, 0x08CA, 0x08CA, 
	0x08CA, 0x08CA, 0x08CA, 0x08CA, 0x08CA, 0x08CA, 0x08CA, 0x08CA, 0x08CA, 0x08CA, 0x08CA, 0x08CA, 0x08CA, 0x08CA, 0x08CA, 0x08CA, 
	0x08CA, 0x08CA, 0x08CA, 0x08CA, 0x08CA, 0x08CA, 0x08CA, 0x08CA, 0x08CA, 0x08CA, 0x08CA, 0x08CA, 0x08CA, 0x08CA, 0x08CA, 0x08CA, 
	0x08CA, 0x08CA, 0x08CA, 0x08CA, 0x08CA, 0x08CA, 0x08CA, 0x08CA, 0x08CA, 0x08CA, 0x08CA, 0x08CA, 0x08CA, 0x08CA, 0x08CA, 0x08CA, 
	0x08CA, 0x08CA, 0x08CA, 0x08CA, 0x08CA, 0x08CA, 0x08CA, 0x08CA, 0x08CA, 0x08CA, 0x08CA, 0x08CA, 0x08CA, 0x08CA, 0x08CA, 0x08CA, 
	0x08CA, 0x08CA, 0x08CA, 0x08CA, 0x08CA, 0x08CA, 0x08CA, 0x08CA, 0x08CA, 0x08CA, 0x08CA, 0x08CA, 0x08CA, 0x08CA, 0x08CA, 0x08CA, 
	0x08CA, 0x08CA, 0x08CA, 0x08CA, 0x08CA, 0x08CA, 0x08CA, 0x08CA, 0x08CA, 0x08CA, 0x08CA, 0x08CA, 0x08CA, 0x08CA, 0x08CA, 0x08CA, 
	0x08CA, 0x08CA, 0x08CA, 0x08CA, 0x08CA, 0x08CA, 0x08CA, 0x08CA, 0x08CA, 0x08CA, 0x08CA, 0x08CA, 0x08CA, 0x08CA, 0x08CA, 0x08CA, 
	0x08CA, 0x08CA, 0x08CA, 0x08CA, 0x08CA, 0x08CA, 0x08CA, 0x08CA, 0x08CA, 0x08CA, 0x08CA, 0x08CA, 0x08CA, 0x08CA, 0x08CA, 0x08CA, 
	0x08CA, 0x08CA, 0x08CA, 0x08CA, 0x08CA, 0x08CA, 0x08CA, 0x08CA, 0x08CA, 0x08CA, 0x08CA, 0x08CA, 0x08CA, 0x08CA, 0x08CA, 0x08CA, 
	0x08CA, 0x08CA, 0x08CA, 0x08CA, 0x08CA, 0x08CA, 0x08CA, 0x08CA, 0x08CA, 0x08CA, 0x08CA, 0x08CA, 0x08CA, 0x08CA, 0x08CA, 0x08CA, 
	0x08CA, 0x08CA, 0x08CA, 0x08CA, 0x08CA, 0x08CA, 0x08CA, 0x08CA, 0x08CA, 0x08CA, 0x08CA, 0x08CA, 0x08CA, 0x08CA, 0x08CA, 0x08CA, 
	0x08CA, 0x08CA, 0x08CA, 0x08CA, 0x08CA, 0x08CA, 0x08CA, 0x08CA, 0x08CA, 0x08CA, 0x08CA, 0x08CA, 0x08CA, 0x08CA, 0x08CA, 0x08CA, 
	0x08CA, 0x08CA, 0x08CA, 0x08CA, 0x08CA, 0x08CA, 0x08CA, 0x08CA, 0x08CA, 0x08CA, 0x08CA, 0x08CA, 0x08CA, 0x08CA, 0x08CA, 0x08CA, 
	0x08CA, 0x08CA, 0x08CA, 0x08CA, 0x08CA, 0x08CA, 0x08CA, 0x08CA, 0x08CA, 0x08CA, 0x08CA, 0x08CA, 0x08CA, 0x08CA, 0x08CA, 0x08CA, 
	0x08CA, 0x08CA, 0x08CA, 0x08CA, 0x08CA, 0x08CA, 0x08CA, 0x08CA, 0x08CA, 0x08CA, 0x08CA, 0x08CA, 0x08CA, 0x08CA, 0x08CA, 0x08CA, 
	0x08CA, 0x08CA, 0x08CA, 0x08CA, 0x08CA, 0x08CA, 0x08CA, 0x08CA, 0x08CA, 0x08CA, 0x08CA, 0x08CA, 0x08CA, 0x08CA, 0x08CA, 0x08CA, 
	0x08CA, 0x08CA, 0x08CA, 0x08CA, 0x08CA, 0x08CA, 0x08CA, 0x08CA, 0x08CA, 0x08CA, 0x08CA, 0x08CA, 0x08CA, 0x08CA, 0x08CA, 0x08CA, 
	0x08CA, 0x08CA, 0x08CA, 0x08CA, 0x08CA, 0x08CA, 0x08CA, 0x08CA, 0x08CA, 0x08CA, 0x08CA, 0x08CA, 0x08CA, 0x08CA, 0x08CA, 0x08CA, 
	0x08CA, 0x08CA, 0x08CA, 0x08CA, 0x08CA, 0x08CA, 0x08CA, 0x08CA, 0x08CA, 0x08CA, 0x08CA, 0x08CA, 0x08CA, 0x08CA, 0x08CA, 0x08CA, 
	0x08CA, 0x08CA, 0x08CA, 0x08CA, 0x08CA, 0x08CA, 0x08CA, 0x08CA, 0x08CA, 0x08CA, 0x08CA, 0x08CA, 0x08CA, 0x08CA, 0x08CA, 0x08CA, 
	0x08CA, 0x08CA, 0x08CA, 0x08CA, 0x08CA, 0x08CA, 0x08CA, 0x08CA, 0x08CA, 0x08CA, 0x08CA, 0x08CA, 0x08CA, 0x08CA, 0x08CA, 0x08CA, 
	0x08CA, 0x08CA, 0x08CA, 0x08CA, 0x08CA, 0x08CA, 0x08CA, 0x08CA, 0x08CA, 0x08CA, 0x08CA, 0x08CA, 0x08CA, 0x08CA, 0x08CA, 0x08CA, 
	0x08CA, 0x08CA, 0x08CA, 0x08CA, 0x08CA, 0x08CA, 0x08CA, 0x08CA, 0x08CA, 0x08CA, 0x08CA, 0x08CA, 0x08CA, 0x08CA, 0x08CA, 0x08CA, 
	0x08CA, 0x08CA, 0x08CA, 0x08CA, 0x08CA, 0x08CA, 0x08CA, 0x08CA, 0x08CA, 0x08CA, 0x08CA, 0x08CA, 0x08CA, 0x08CA, 0x08CA, 0x08CA, 
	0x08CA, 0x08CA, 0x08CA, 0x08CA, 0x08CA, 0x08CA, 0x08CA, 0x08CA, 0x08CA, 0x08CA, 0x08CA, 0x08CA, 0x08CA, 0x08CA, 0x08CA, 0x08CA, 
	0x08CA, 0x08CA, 0x08CA, 0x08CA, 0x08CA, 0x08CA, 0x08CA, 0x08CA, 0x08CA, 0x08CA, 0x08CA, 0x08CA, 0x08CA, 0x08CA, 0x08CA, 0x08CA, 
	0x08CA, 0x08CA, 0x08CA, 0x08CA, 0x08CA, 0x08CA, 0x08CA, 0x08CA, 0x08CA, 0x08CA, 0x08CA, 0x08CA, 0x08CA, 0x08CA, 0x08CA, 0x08CA, 
	0x08CA, 0x08CA, 0x08CA, 0x08CA, 0x08CA, 0x08CA, 0x08CA, 0x08CA, 0x08CA, 0x08CA, 0x08CA, 0x08CA, 0x08CA, 0x08CA, 0x08CA, 0x08CA, 
	0x08CA, 0x08CA, 0x08CA, 0x08CA, 0x08CA, 0x08CA, 0x08CA, 0x08CA, 0x08CA, 0x08CA, 0x08CA, 0x08CA, 0x08CA, 0x08CA, 0x08CA, 0x08CA, 
	0x08CA, 0x08CA, 0x08CA, 0x08CA, 0x08CA, 0x08CA, 0x08CA, 0x08CA, 0x08CA, 0x08CA, 0x08CA, 0x08CA, 0x08CA, 0x08CA, 0x08CA, 0x08CA, 
	0x08CA, 0x08CA, 0x08CA, 0x08CA, 0x08CA, 0x08CA, 0x08CA, 0x08CA, 0x08CA, 0x08CA, 0x08CA, 0x08CA, 0x08CA, 0x08CA, 0x08CA, 0x08CA, 
	0x08CA, 0x08CA, 0x08CA, 0x08CA, 0x08CA, 0x08CA, 0x08CA, 0x08CA, 0x08CA, 0x08CA, 0x08CA, 0x08CA, 0x08CA, 0x08CA, 0x08CA, 0x08CA, 
	0x08CA, 0x08CA, 0x08CA, 0x08CA, 0x08CA, 0x08CA, 0x08CA, 0x08CA, 0x08CA, 0x08CA, 0x08CA, 0x08CA, 0x08CA, 0x08CA, 0x08CA, 0x08CA, 
	0x08CA, 0x08CA, 0x08CA, 0x08CA, 0x08CA, 0x08CA, 0x08CA, 0x08CA, 0x08CA, 0x08CA, 0x08CA, 0x08CA, 0x08CA, 0x08CA, 0x08CA, 0x08CA, 
	0x08CA, 0x08CA, 0x08CA, 0x08CA, 0x08CA, 0x08CA, 0x08CA, 0x08CA, 0x08CA, 0x08CA, 0x08CA, 0x08CA, 0x08CA, 0x08CA, 0x08CA, 0x08CA, 
	0x08CA, 0x08CA, 0x08CA, 0x08CA, 0x08CA, 0x08CA, 0x08CA, 0x08CA, 0x08CA, 0x08CA, 0x08CA, 0x08CA, 0x08CA, 0x08CA, 0x08CA, 0x08CA, 
	0x08CA, 0x08CA, 0x08CA, 0x08CA, 0x08CA, 0x08CA, 0x08CA, 0x08CA, 0x08CA, 0x08CA, 0x08CA, 0x08CA, 0x08CA, 0x08CA, 0x08CA, 0x08CA, 
	0x08CA, 0x08CA, 0x08CA, 0x08CA, 0x08CA, 0x08CA, 0x08CA, 0x08CA, 0x08CA, 0x08CA, 0x08CA, 0x08CA, 0x08CA, 0x08CA, 0x08CA, 0x08CA, 
	0x08CA, 0x08CA, 0x08CA, 0x08CA, 0x08CA, 0x08CA, 0x08CA, 0x08CA, 0x08CA, 0x08CA, 0x08CA, 0x08CA, 0x08CA, 0x08CA, 0x08CA, 0x08CA, 
	0x08CA, 0x08CA, 0x08CA, 0x08CA, 0x08CA, 0x08CA, 0x08CA, 0x08CA, 0x08CA, 0x08CA, 0x08CA, 0x08CA, 0x08CA, 0x08CA, 0x08CA, 0x08CA, 
	0x08CA, 0x08CA, 0x08CA, 0x08CA, 0x08CA, 0x08CA, 0x08CA, 0x08CA, 0x08CA, 0x08CA, 0x08CA, 0x08CA, 0x08CA, 0x08CA, 0x08CA, 0x08CA, 
	0x08CA, 0x08CA, 0x08CA, 0x08CA, 0x08CA, 0x08CA, 0x08CA, 0x08CA, 0x08CA, 0x08CA, 0x08CA, 0x08CA, 0x08CA, 0x08CA, 0x08CA, 0x08CA, 
	0x08CA, 0x08CA, 0x08CA, 0x08CA, 0x08CA, 0x08CA, 0x08CA, 0x08CA, 0x08CA, 0x08CA, 0x08CA, 0x08CA, 0x08CA, 0x08CA, 0x08CA, 0x08CA, 
	0x08CA, 0x08CA, 0x08CA, 0x08CA, 0x08CA, 0x08CA, 0x08CA, 0x08CA, 0x08CA, 0x08CA, 0x08CA, 0x08CA, 0x08CA, 0x08CA, 0x08CA, 0x08CA, 
	0x08CA, 0x08CA, 0x08CA, 0x08CA, 0x08CA, 0x08CA, 0x08CA, 0x08CA, 0x08CA, 0x08CA, 0x08CA, 0x08CA, 0x08CA, 0x08CA, 0x08CA, 0x08CA, 
	0x08CA, 0x08CA, 0x08CA, 0x08CA, 0x08CA, 0x08CA, 0x08CA, 0x08CA, 0x08CA, 0x08CA, 0x08CA, 0x08CA, 0x08CA, 0x08CA, 0x08CA, 0x08CA, 
	0x08CA, 0x08CA, 0x08CA, 0x08CA, 0x08CA, 0x08CA, 0x08CA, 0x08CA, 0x08CA, 0x08CA, 0x08CA, 0x08CA, 0x08CA, 0x08CA, 0x08CA, 0x08CA, 
	0x08CA, 0x08CA, 0x08CA, 0x08CA, 0x08CA, 0x08CA, 0x08CA, 0x08CA, 0x08CA, 0x08CA, 0x08CA, 0x08CA, 0x08CA, 0x08CA, 0x08CA, 0x08CA, 
	0x08CA, 0x08CA, 0x08CA, 0x08CA, 0x08CA, 0x08CA, 0x08CA, 0x08CA, 0x08CA, 0x08CA, 0x08CA, 0x08CA, 0x08CA, 0x08CA, 0x08CA, 0x08CA, 
	0x08CA, 0x08CA, 0x08CA, 0x08CA, 0x08CA, 0x08CA, 0x08CA, 0x08CA, 0x08CA, 0x08CA, 0x08CA, 0x08CA, 0x08CA, 0x08CA, 0x08CA, 0x08CA, 
	0x08CA, 0x08CA, 0x08CA, 0x08CA, 0x08CA, 0x08CA, 0x08CA, 0x08CA, 0x08CA, 0x08CA, 0x08CA, 0x08CA, 0x08CA, 0x08CA, 0x08CA, 0x08CA, 
	0x08CA, 0x08CA, 0x08CA, 0x08CA, 0x08CA, 0x08CA, 0x08CA, 0x08CA, 0x08CA, 0x08CA, 0x08CA, 0x08CA, 0x08CA, 0x08CA, 0x08CA, 0x08CA, 
	0x08CA, 0x08CA, 0x08CA, 0x08CA, 0x08CA, 0x08CA, 0x08CA, 0x08CA, 0x08CA, 0x08CA, 0x08CA, 0x08CA, 0x08CA, 0x08CA, 0x08CA, 0x08CA, 
	0x08CA, 0x08CA, 0x08CA, 0x08CA, 0x08CA, 0x08CA, 0x08CA, 0x08CA, 0x08CA, 0x08CA, 0x08CA, 0x08CA, 0x08CA, 0x08CA, 0x08CA, 0x08CA, 
	0x08CA, 0x08CA, 0x08CA, 0x08CA, 0x08CA, 0x08CA, 0x08CA, 0x08CA, 0x08CA, 0x08CA, 0x08CA, 0x08CA, 0x08CA, 0x08CA, 0x08CA, 0x08CA, 
	0x08CA, 0x08CA, 0x08CA, 0x08CA, 0x08CA, 0x08CA, 0x08CA, 0x08CA, 0x08CA, 0x08CA, 0x08CA, 0x08CA, 0x08CA, 0x08CA, 0x08CA, 0x08CA, 
	0x08CA, 0x08CA, 0x08CA, 0x08CA, 0x08CA, 0x08CA, 0x08CA, 0x08CA, 0x08CA, 0x08CA, 0x08CA, 0x08CA, 0x08CA, 0x08CA, 0x08CA, 0x08CA, 
	0x08CA, 0x08CA, 0x08CA, 0x08CA, 0x08CA, 0x08CA, 0x08CA, 0x08CA, 0x08CA, 0x08CA, 0x08CA, 0x08CA, 0x08CA, 0x08CA, 0x08CA, 0x08CA, 
	0x08CA, 0x08CA, 0x08CA, 0x08CA, 0x08CA, 0x08CA, 0x08CA, 0x08CA, 0x08CA, 0x08CA, 0x08CA, 0x08CA, 0x08CA, 0x08CA, 0x08CA, 0x08CA, 
	0x08CA, 0x08CA, 0x08CA, 0x08CA, 0x08CA, 0x08CA, 0x08CA, 0x08CA, 0x08CA, 0x08CA, 0x08CA, 0x08CA, 0x08CA, 0x08CA, 0x08CA, 0x08CA, 
	0x08CA, 0x08CA, 0x08CA, 0x08CA, 0x08CA, 0x08CA, 0x08CA, 0x08CA, 0x08CA, 0x08CA, 0x08CA, 0x08CA, 0x08CA, 0x08CA, 0x08CA, 0x08CA, 
	0x08CA, 0x08CA, 0x08CA, 0x08CA, 0x08CA, 0x08CA, 0x08CA, 0x08CA, 0x08CA, 0x08CA, 0x08CA, 0x08CA, 0x08CA, 0x08CA, 0x08CA, 0x08CA, 
	0x08CA, 0x08CA, 0x08CA, 0x08CA, 0x08CA, 0x08CA, 0x08CA, 0x08CA, 0x08CA, 0x08CA, 0x08CA, 0x08CA, 0x08CA, 0x08CA, 0x08CA, 0x08CA, 
	0x08CA, 0x08CA, 0x08CA, 0x08CA, 0x08CA, 0x08CA, 0x08CA, 0x08CA, 0x08CA, 0x08CA, 0x08CA, 0x08CA, 0x08CA, 0x08CA, 0x08CA, 0x08CA, 
	0x08CA, 0x08CA, 0x08CA, 0x08CA, 0x08CA, 0x08CA, 0x08CA, 0x08CA, 0x08CA, 0x08CA, 0x08CA, 0x08CA, 0x08CA, 0x08CA, 0x08CA, 0x08CA, 
	0x08CA, 0x08CA, 0x08CA, 0x08CA, 0x08CA, 0x08CA, 0x08CA, 0x08CA, 0x08CA, 0x08CA, 0x08CA, 0x08CA, 0x08CA, 0x08CA, 0x08CA, 0x08CA, 
	0x08CA, 0x08CA, 0x08CA, 0x08CA, 0x08CA, 0x08CA, 0x08CA, 0x08CA, 0x08CA, 0x08CA, 0x08CA, 0x08CA, 0x08CA, 0x08CA, 0x08CA, 0x08CA, 
	0x08CA, 0x08CA, 0x08CA, 0x08CA, 0x08CA, 0x08CA, 0x08CA, 0x08CA, 0x08CA, 0x08CA, 0x08CA, 0x08CA, 0x08CA, 0x08CA, 0x08CA, 0x08CA, 
	0x08CA, 0x08CA, 0x08CA, 0x08CA, 0x08CA, 0x08CA, 0x08CA, 0x08CA, 0x08CA, 0x08CA, 0x08CA, 0x08CA, 0x08CA, 0x08CA, 0x08CA, 0x08CA, 
	0x08CA, 0x08CA, 0x08CA, 0x08CA, 0x08CA, 0x08CA, 0x08CA, 0x08CA, 0x08CA, 0x08CA, 0x08CA, 0x08CA, 0x08CA, 0x08CA, 0x08CA, 0x08CA, 
	0x08CA, 0x08CA, 0x08CA, 0x08CA, 0x08CA, 0x08CA, 0x08CA, 0x08CA, 0x08CA, 0x08CA, 0x08CA, 0x08CA, 0x08CA, 0x08CA, 0x08CA, 0x08CA, 
	0x08CA, 0x08CA, 0x08CA, 0x08CA, 0x08CA, 0x08CA, 0x08CA, 0x08CA, 0x08CA, 0x08CA, 0x08CA, 0x08CA, 0x08CA, 0x08CA, 0x08CA, 0x08CA, 
	0x08CA, 0x08CA, 0x08CA, 0x08CA, 0x08CA, 0x08CA, 0x08CA, 0x08CA, 0x08CA, 0x08CA, 0x08CA, 0x08CA, 0x08CA, 0x08CA, 0x08CA, 0x08CA, 
	0x08CA, 0x08CA, 0x08CA, 0x08CA, 0x08CA, 0x08CA, 0x08CA, 0x08CA, 0x08CA, 0x08CA, 0x08CA, 0x08CA, 0x08CA, 0x08CA, 0x08CA, 0x08CA, 
	0x08CA, 0x08CA, 0x08CA, 0x08CA, 0x08CA, 0x08CA, 0x08CA, 0x08CA, 0x08CA, 0x08CA, 0x08CA, 0x08CA, 0x08CA, 0x08CA, 0x08CA, 0x08CA, 
	0x08CA, 0x08CA, 0x08CA, 0x08CA, 0x08CA, 0x08CA, 0x08CA, 0x08CA, 0x08CA, 0x08CA, 0x08CA, 0x08CA, 0x08CA, 0x08CA, 0x08CA, 0x08CA, 
	0x08CA, 0x08CA, 0x08CA, 0x08CA, 0x08CA, 0x08CA, 0x08CA, 0x08CA, 0x08CA, 0x08CA, 0x08CA, 0x08CA, 0x08CA, 0x08CA, 0x08CA, 0x08CA, 
	0x08CA, 0x08CA, 0x08CA, 0x08CA, 0x08CA, 0x08CA, 0x08CA, 0x08CA, 0x08CA, 0x08CA, 0x08CA, 0x08CA, 0x08CA, 0x08CA, 0x08CA, 0x08CA, 
	0x08CA, 0x08CA, 0x08CA, 0x08CA, 0x08CA, 0x08CA, 0x08CA, 0x08CA, 0x08CA, 0x08CA, 0x08CA, 0x08CA, 0x08CA, 0x08CA, 0x08CA, 0x08CA, 
	0x08CA, 0x08CA, 0x08CA, 0x08CA, 0x08CA, 0x08CA, 0x08CA, 0x08CA, 0x08CA, 0x08CA, 0x08CA, 0x08CA, 0x08CA, 0x08CA, 0x08CA, 0x08CA, 
	0x08CA, 0x08CA, 0x08CA, 0x08CA, 0x08CA, 0x08CA, 0x08CA, 0x08CA, 0x08CA, 0x08CA, 0x08CA, 0x08CA, 0x08CA, 0x08CA, 0x08CA, 0x08CA, 
	0x08CA, 0x08CA, 0x08CA, 0x08CA, 0x08CA, 0x08CA, 0x08CA, 0x08CA, 0x08CA, 0x08CA, 0x08CA, 0x08CA, 0x08CA, 0x08CA, 0x08CA, 0x08CA, 
	0x08CA, 0x08CA, 0x08CA, 0x08CA, 0x08CA, 0x08CA, 0x08CA, 0x08CA, 0x08CA, 0x08CA, 0x08CA, 0x08CA, 0x08CA, 0x08CA, 0x08CA, 0x08CA, 
	0x08CA, 0x08CA, 0x08CA, 0x08CA, 0x08CA, 0x08CA, 0x08CA, 0x08CA, 0x08CA, 0x08CA, 0x08CA, 0x08CA, 0x08CA, 0x08CA, 0x08CA, 0x08CA, 
	0x08CA, 0x08CA, 0x08CA, 0x08CA, 0x08CA, 0x08CA, 0x08CA, 0x08CA, 0x08CA, 0x08CA, 0x08CA, 0x08CA, 0x08CA, 0x08CA, 0x08CA, 0x08CA, 
	0x08CA, 0x08CA, 0x08CA, 0x08CA, 0x08CA, 0x08CA, 0x08CA, 0x08CA, 0x08CA, 0x08CA, 0x08CA, 0x08CA, 0x08CA, 0x08CA, 0x08CA, 0x08CA, 
	0x08CA, 0x08CA, 0x08CA, 0x08CA, 0x08CA, 0x08CA, 0x08CA, 0x08CA, 0x08CA, 0x08CA, 0x08CA, 0x08CA, 0x08CA, 0x08CA, 0x08CA, 0x08CA, 
	0x08CA, 0x08CA, 0x08CA, 0x08CA, 0x08CA, 0x08CA, 0x08CA, 0x08CA, 0x08CA, 0x08CA, 0x08CA, 0x08CA, 0x08CA, 0x08CA, 0x08CA, 0x08CA, 
	0x08CA, 0x08CA, 0x08CA, 0x08CA, 0x08CA, 0x08CA, 0x08CA, 0x08CA, 0x08CA, 0x08CA, 0x08CA, 0x08CA, 0x08CA, 0x08CA, 0x08CA, 0x08CA, 
	0x08CA, 0x08CA, 0x08CA, 0x08CA, 0x08CA, 0x08CA, 0x08CA, 0x08CA, 0x08CA, 0x08CA, 0x08CA, 0x08CA, 0x08CA, 0x08CA, 0x08CA, 0x08CA, 
	0x08CA, 0x08CA, 0x08CA, 0x08CA, 0x08CA, 0x08CA, 0x08CA, 0x08CA, 0x08CA, 0x08CA, 0x08CA, 0x08CA, 0x08CA, 0x08CA, 0x08CA, 0x08CA, 
	0x08CA, 0x08CA, 0x08CA, 0x08CA, 0x08CA, 0x08CA, 0x08CA, 0x08CA, 0x08CA, 0x08CA, 0x08CA, 0x08CA, 0x08CA, 0x08CA, 0x08CA, 0x08CA, 
	0x08CA, 0x08CA, 0x08CA, 0x08CA, 0x08CA, 0x08CA, 0x08CA, 0x08CA, 0x08CA, 0x08CA, 0x08CA, 0x08CA, 0x08CA, 0x08CA, 0x08CA, 0x08CA, 
	0x08CA, 0x08CA, 0x08CA, 0x08CA, 0x08CA, 0x08CA, 0x08CA, 0x08CA, 0x08CA, 0x08CA, 0x08CA, 0x08CA, 0x08CA, 0x08CA, 0x08CA, 0x08CA, 
	0x08CA, 0x08CA, 0x08CA, 0x08CA, 0x08CA, 0x08CA, 0x08CA, 0x08CA, 0x08CA, 0x08CA, 0x08CA, 0x08CA, 0x08CA, 0x08CA, 0x08CA, 0x08CA, 
	0x08CA, 0x08CA, 0x08CA, 0x08CA, 0x08CA, 0x08CA, 0x08CA, 0x08CA, 0x08CA, 0x08CA, 0x08CA, 0x08CA, 0x08CA, 0x08CA, 0x08CA, 0x08CA, 
	0x08CA, 0x08CA, 0x08CA, 0x08CA, 0x08CA, 0x08CA, 0x08CA, 0x08CA, 0x08CA, 0x08CA, 0x08CA, 0x08CA, 0x08CA, 0x08CA, 0x08CA, 0x08CA, 
	0x08CA, 0x08CA, 0x08CA, 0x08CA, 0x08CA, 0x08CA, 0x08CA, 0x08CA, 0x08CA, 0x08CA, 0x08CA, 0x08CA, 0x08CA, 0x08CA, 0x08CA, 0x08CA, 
	0x08CA, 0x08CA, 0x08CA, 0x08CA, 0x08CA, 0x08CA, 0x08CA, 0x08CA, 0x08CA, 0x08CA, 0x08CA, 0x08CA, 0x08CA, 0x08CA, 0x08CA, 0x08CA, 
	0x08CA, 0x08CA, 0x08CA, 0x08CA, 0x08CA, 0x08CA, 0x08CA, 0x08CA, 0x08CA, 0x08CA, 0x08CA, 0x08CA, 0x08CA, 0x08CA, 0x08CA, 0x08CA, 
	0x08CA, 0x08CA, 0x08CA, 0x08CA, 0x08CA, 0x08CA, 0x08CA, 0x08CA, 0x08CA, 0x08CA, 0x08CA, 0x08CA, 0x08CA, 0x08CA, 0x08CA, 0x08CA, 
	0x08CA, 0x08CA, 0x08CA, 0x08CA, 0x08CA, 0x08CA, 0x08CA, 0x08CA, 0x08CA, 0x08CA, 0x08CA, 0x08CA, 0x08CA, 0x08CA, 0x08CA, 0x08CA, 
	0x08CA, 0x08CA, 0x08CA, 0x08CA, 0x08CA, 0x08CA, 0x08CA, 0x08CA, 0x08CA, 0x08CA, 0x08CA, 0x08CA, 0x08CA, 0x08CA, 0x08CA, 0x08CA, 
	0x08CA, 0x08CA, 0x08CA, 0x08CA, 0x08CA, 0x08CA, 0x08CA, 0x08CA, 0x08CA, 0x08CA, 0x08CA, 0x08CA, 0x08CA, 0x08CA, 0x08CA, 0x08CA, 
	0x08CA, 0x08CA, 0x08CA, 0x08CA, 0x08CA, 0x08CA, 0x08CA, 0x08CA, 0x08CA, 0x08CA, 0x08CA, 0x08CA, 0x08CA, 0x08CA, 0x08CA, 0x08CA, 
	0x08CA, 0x08CA, 0x08CA, 0x08CA, 0x08CA, 0x08CA, 0x08CA, 0x08CA, 0x08CA, 0x08CA, 0x08CA, 0x08CA, 0x08CA, 0x08CA, 0x08CA, 0x08CA, 
	0x08CA, 0x08CA, 0x08CA, 0x08CA, 0x08CA, 0x08CA, 0x08CA, 0x08CA, 0x08CA, 0x08CA, 0x08CA, 0x08CA, 0x08CA, 0x08CA, 0x08CA, 0x08CA, 
	0x08CA, 0x08CA, 0x08CA, 0x08CA, 0x08CA, 0x08CA, 0x08CA, 0x08CA, 0x08CA, 0x08CA, 0x08CA, 0x08CA, 0x08CA, 0x08CA, 0x08CA, 0x08CA, 
	0x08CA, 0x08CA, 0x08CA, 0x08CA, 0x08CA, 0x08CA, 0x08CA, 0x08CA, 0x08CA, 0x08CA, 0x08CA, 0x08CA, 0x08CA, 0x08CA, 0x08CA, 0x08CA, 
	0x08CA, 0x08CA, 0x08CA, 0x08CA, 0x08CA, 0x08CA, 0x08CA, 0x08CA, 0x08CA, 0x08CA, 0x08CA, 0x08CA, 0x08CA, 0x08CA, 0x08CA, 0x08CA, 
	0x08CA, 0x08CA, 0x08CA, 0x08CA, 0x08CA, 0x08CA, 0x08CA, 0x08CA, 0x08CA, 0x08CA, 0x08CA, 0x08CA, 0x08CA, 0x08CA, 0x08CA, 0x08CA, 
	0x08CA, 0x08CA, 0x08CA, 0x08CA, 0x08CA, 0x08CA, 0x08CA, 0x08CA, 0x08CA, 0x08CA, 0x08CA, 0x08CA, 0x08CA, 0x08CA, 0x08CA, 0x08CA, 
	0x08CA, 0x08CA, 0x08CA, 0x08CA, 0x08CA, 0x08CA, 0x08CA, 0x08CA, 0x08CA, 0x08CA, 0x08CA, 0x08CA, 0x08CA, 0x08CA, 0x08CA, 0x08CA, 
	0x08CA, 0x08CA, 0x08CA, 0x08CA, 0x08CA, 0x08CA, 0x08CA, 0x08CA, 0x08CA, 0x08CA, 0x08CA, 0x08CA, 0x08CA, 0x08CA, 0x08CA, 0x08CA, 
	0x08CA, 0x08CA, 0x08CA, 0x08CA, 0x08CA, 0x08CA, 0x08CA, 0x08CA, 0x08CA, 0x08CA, 0x08CA, 0x08CA, 0x08CA, 0x08CA, 0x08CA, 0x08CA, 
	0x08CA, 0x08CA, 0x08CA, 0x08CA, 0x08CA, 0x08CA, 0x08CA, 0x08CA, 0x08CA, 0x08CA, 0x08CA, 0x08CA, 0x08CA, 0x08CA, 0x08CA, 0x08CA, 
	0x08CA, 0x08CA, 0x08CA, 0x08CA, 0x08CA, 0x08CA, 0x08CA, 0x08CA, 0x08CA, 0x08CA, 0x08CA, 0x08CA, 0x08CA, 0x08CA, 0x08CA, 0x08CA, 
	0x08CA, 0x08CA, 0x08CA, 0x08CA, 0x08CA, 0x08CA, 0x08CA, 0x08CA, 0x08CA, 0x08CA, 0x08CA, 0x08CA, 0x08CA, 0x08CA, 0x08CA, 0x08CA, 
	0x08CA, 0x08CA, 0x08CA, 0x08CA, 0x08CA, 0x08CA, 0x08CA, 0x08CA, 0x08CA, 0x08CA, 0x08CA, 0x08CA, 0x08CA, 0x08CA, 0x08CA, 0x08CA, 
	0x08CA, 0x08CA, 0x08CA, 0x08CA, 0x08CA, 0x08CA, 0x08CA, 0x08CA, 0x08CA, 0x08CA, 0x08CA, 0x08CA, 0x08CA, 0x08CA, 0x08CA, 0x08CA, 
	0x08CA, 0x08CA, 0x08CA, 0x08CA, 0x08CA, 0x08CA, 0x08CA, 0x08CA, 0x08CA, 0x08CA, 0x08CA, 0x08CA, 0x08CA, 0x08CA, 0x08CA, 0x08CA, 
	0x08CA, 0x08CA, 0x08CA, 0x08CA, 0x08CA, 0x08CA, 0x08CA, 0x08CA, 0x08CA, 0x08CA, 0x08CA, 0x08CA, 0x08CA, 0x08CA, 0x08CA, 0x08CA, 
	0x08CA, 0x08CA, 0x08CA, 0x08CA, 0x08CA, 0x08CA, 0x08CA, 0x08CA, 0x08CA, 0x08CA, 0x08CA, 0x08CA, 0x08CA, 0x08CA, 0x08CA, 0x08CA, 
	0x08CA, 0x08CA, 0x08CA, 0x08CA, 0x08CA, 0x08CA, 0x08CA, 0x08CA, 0x08CA, 0x08CA, 0x08CA, 0x08CA, 0x08CA, 0x08CA, 0x08CA, 0x08CA, 
	0x08CA, 0x08CA, 0x08CA, 0x08CA, 0x08CA, 0x08CA, 0x08CA, 0x08CA, 0x08CA, 0x08CA, 0x08CA, 0x08CA, 0x08CA, 0x08CA, 0x08CA, 0x08CA, 
	0x08CA, 0x08CA, 0x08CA, 0x08CA, 0x08CA, 0x08CA, 0x08CA, 0x08CA, 0x08CA, 0x08CA, 0x08CA, 0x08CA, 0x08CA, 0x08CA, 0x08CA, 0x08CA, 
	0x08CA, 0x08CA, 0x08CA, 0x08CA, 0x08CA, 0x08CA, 0x08CA, 0x08CA, 0x08CA, 0x08CA, 0x08CA, 0x08CA, 0x08CA, 0x08CA, 0x08CA, 0x08CA, 
	0x08CA, 0x08CA, 0x08CA, 0x08CA, 0x08CA, 0x08CA, 0x08CA, 0x08CA, 0x08CA, 0x08CA, 0x08CA, 0x08CA, 0x08CA, 0x08CA, 0x08CA, 0x08CA, 
	0x08CA, 0x08CA, 0x08CA, 0x08CA, 0x08CA, 0x08CA, 0x08CA, 0x08CA, 0x08CA, 0x08CA, 0x08CA, 0x08CA, 0x08CA, 0x08CA, 0x08CA, 0x08CA, 
	0x08CA, 0x08CA, 0x08CA, 0x08CA, 0x08CA, 0x08CA, 0x08CA, 0x08CA, 0x08CA, 0x08CA, 0x08CA, 0x08CA, 0x08CA, 0x08CA, 0x08CA, 0x08CA, 
	0x08CA, 0x08CA, 0x08CA, 0x08CA, 0x08CA, 0x08CA, 0x08CA, 0x08CA, 0x08CA, 0x08CA, 0x08CA, 0x08CA, 0x08CA, 0x08CA, 0x08CA, 0x08CA, 
	0x08CA, 0x08CA, 0x08CA, 0x08CA, 0x08CA, 0x08CA, 0x08CA, 0x08CA, 0x08CA, 0x08CA, 0x08CA, 0x08CA, 0x08CA, 0x08CA, 0x08CA, 0x08CA, 
	0x08CA, 0x08CA, 0x08CA, 0x08CA, 0x08CA, 0x08CA, 0x08CA, 0x08CA, 0x08CA, 0x08CA, 0x08CA, 0x08CA, 0x08CA, 0x08CA, 0x08CA, 0x08CA, 
	0x08CA, 0x08CA, 0x08CA, 0x08CA, 0x08CA, 0x08CA, 0x08CA, 0x08CA, 0x08CA, 0x08CA, 0x08CA, 0x08CA, 0x08CA, 0x08CA, 0x08CA, 0x08CA, 
	0x08CA, 0x08CA, 0x08CA, 0x08CA, 0x08CA, 0x08CA, 0x08CA, 0x08CA, 0x08CA, 0x08CA, 0x08CA, 0x08CA, 0x08CA, 0x08CA, 0x08CA, 0x08CA, 
	0x08CA, 0x08CA, 0x08CA, 0x08CA, 0x08CA, 0x08CA, 0x08CA, 0x08CA, 0x08CA, 0x08CA, 0x08CA, 0x08CA, 0x08CA, 0x08CA, 0x08CA, 0x08CA, 
	0x08CA, 0x08CA, 0x08CA, 0x08CA, 0x08CA, 0x08CA, 0x08CA, 0x08CA, 0x08CA, 0x08CA, 0x08CA, 0x08CA, 0x08CA, 0x08CA, 0x08CA, 0x08CA, 
	0x08CA, 0x08CA, 0x08CA, 0x08CA, 0x08CA, 0x08CA, 0x08CA, 0x08CA, 0x08CA, 0x08CA, 0x08CA, 0x08CA, 0x08CA, 0x08CA, 0x08CA, 0x08CA, 
	0x08CA, 0x08CA, 0x08CA, 0x08CA, 0x08CA, 0x08CA, 0x08CA, 0x08CA, 0x08CA, 0x08CA, 0x08CA, 0x08CA, 0x08CA, 0x08CA, 0x08CA, 0x08CA, 
	0x08CA, 0x08CA, 0x08CA, 0x08CA, 0x08CA, 0x08CA, 0x08CA, 0x08CA, 0x08CA, 0x08CA, 0x08CA, 0x08CA, 0x08CA, 0x08CA, 0x08CA, 0x08CA, 
	0x08CA, 0x08CA, 0x08CA, 0x08CA, 0x08CA, 0x08CA, 0x08CA, 0x08CA, 0x08CA, 0x08CA, 0x08CA, 0x08CA, 0x08CA, 0x08CA, 0x08CA, 0x08CA, 
	0x08CA, 0x08CA, 0x08CA, 0x08CA, 0x08CA, 0x08CA, 0x08CA, 0x08CA, 0x08CA, 0x08CA, 0x08CA, 0x08CA, 0x08CA, 0x08CA, 0x08CA, 0x08CA, 
	0x08CA, 0x08CA, 0x08CA, 0x08CA, 0x08CA, 0x08CA, 0x08CA, 0x08CA, 0x08CA, 0x08CA, 0x08CA, 0x08CA, 0x08CA, 0x08CA, 0x08CA, 0x08CA, 
	0x08CA, 0x08CA, 0x08CA, 0x08CA, 0x08CA, 0x08CA, 0x08CA, 0x08CA, 0x08CA, 0x08CA, 0x08CA, 0x08CA, 0x08CA, 0x08CA, 0x08CA, 0x08CA, 
	0x08CA, 0x08CA, 0x08CA, 0x08CA, 0x08CA, 0x08CA, 0x08CA, 0x08CA, 0x08CA, 0x08CA, 0x08CA, 0x08CA, 0x08CA, 0x08CA, 0x08CA, 0x08CA, 
	0x08CA, 0x08CA, 0x08CA, 0x08CA, 0x08CA, 0x08CA, 0x08CA, 0x08CA, 0x08CA, 0x08CA, 0x08CA, 0x08CA, 0x08CA, 0x08CA, 0x08CA, 0x08CA, 
	0x08CA, 0x08CA, 0x08CA, 0x08CA, 0x08CA, 0x08CA, 0x08CA, 0x08CA, 0x08CA, 0x08CA, 0x08CA, 0x08CA, 0x08CA, 0x08CA, 0x08CA, 0x08CA, 
	0x08CA, 0x08CA, 0x08CA, 0x08CA, 0x08CA, 0x08CA, 0x08CA, 0x08CA, 0x08CA, 0x08CA, 0x08CA, 0x08CA, 0x08CA, 0x08CA, 0x08CA, 0x08CA, 
	0x08CA, 0x08CA, 0x08CA, 0x08CA, 0x08CA, 0x08CA, 0x08CA, 0x08CA, 0x08CA, 0x08CA, 0x08CA, 0x08CA, 0x08CA, 0x08CA, 0x08CA, 0x08CA, 
	0x08CA, 0x08CA, 0x08CA, 0x08CA, 0x08CA, 0x08CA, 0x08CA, 0x08CA, 0x08CA, 0x08CA, 0x08CA, 0x08CA, 0x08CA, 0x08CA, 0x08CA, 0x08CA, 
	0x08CA, 0x08CA, 0x08CA, 0x08CA, 0x08CA, 0x08CA, 0x08CA, 0x08CA, 0x08CA, 0x08CA, 0x08CA, 0x08CA, 0x08CA, 0x08CA, 0x08CA, 0x08CA, 
	0x08CA, 0x08CA, 0x08CA, 0x08CA, 0x08CA, 0x08CA, 0x08CA, 0x08CA, 0x08CA, 0x08CA, 0x08CA, 0x08CA, 0x08CA, 0x08CA, 0x08CA, 0x08CA, 
	0x08CA, 0x08CA, 0x08CA, 0x08CA, 0x08CA, 0x08CA, 0x08CA, 0x08CA, 0x08CA, 0x08CA, 0x08CA, 0x08CA, 0x08CA, 0x08CA, 0x08CA, 0x08CA, 
	0x08CA, 0x08CA, 0x08CA, 0x08CA, 0x08CA, 0x08CA, 0x08CA, 0x08CA, 0x08CA, 0x08CA, 0x08CA, 0x08CA, 0x08CA, 0x08CA, 0x08CA, 0x08CA, 
	0x08CA, 0x08CA, 0x08CA, 0x08CA, 0x08CA, 0x08CA, 0x08CA, 0x08CA, 0x08CA, 0x08CA, 0x08CA, 0x08CA, 0x08CA, 0x08CA, 0x08CA, 0x08CA, 
	0x08CA, 0x08CA, 0x08CA, 0x08CA, 0x08CA, 0x08CA, 0x08CA, 0x08CA, 0x08CA, 0x08CA, 0x08CA, 0x08CA, 0x08CA, 0x08CA, 0x08CA, 0x08CA, 
	0x08CA, 0x08CA, 0x08CA, 0x08CA, 0x08CA, 0x08CA, 0x08CA, 0x08CA, 0x08CA, 0x08CA, 0x08CA, 0x08CA, 0x08CA, 0x08CA, 0x08CA, 0x08CA, 
	0x08CA, 0x08CA, 0x08CA, 0x08CA, 0x08CA, 0x08CA, 0x08CA, 0x08CA, 0x08CA, 0x08CA, 0x08CA, 0x08CA, 0x08CA, 0x08CA, 0x08CA, 0x08CA, 
	0x08CA, 0x08CA, 0x08CA, 0x08CA, 0x08CA, 0x08CA, 0x08CA, 0x08CA, 0x08CA, 0x08CA, 0x08CA, 0x08CA, 0x08CA, 0x08CA, 0x08CA, 0x08CA, 
	0x08CA, 0x08CA, 0x08CA, 0x08CA, 0x08CA, 0x08CA, 0x08CA, 0x08CA, 0x08CA, 0x08CA, 0x08CA, 0x08CA, 0x08CA, 0x08CA, 0x08CA, 0x08CA, 
	0x08CA, 0x08CA, 0x08CA, 0x08CA, 0x08CA, 0x08CA, 0x08CA, 0x08CA, 0x08CA, 0x08CA, 0x08CA, 0x08CA, 0x08CA, 0x08CA, 0x08CA, 0x08CA, 
	0x08CA, 0x08CA, 0x08CA, 0x08CA, 0x08CA, 0x08CA, 0x08CA, 0x08CA, 0x08CA, 0x08CA, 0x08CA, 0x08CA, 0x08CA, 0x08CA, 0x08CA, 0x08CA, 
	0x08CA, 0x08CA, 0x08CA, 0x08CA, 0x08CA, 0x08CA, 0x08CA, 0x08CA, 0x08CA, 0x08CA, 0x08CA, 0x08CA, 0x08CA, 0x08CA, 0x08CA, 0x08CA, 
	0x08CA, 0x08CA, 0x08CA, 0x08CA, 0x08CA, 0x08CA, 0x08CA, 0x08CA, 0x08CA, 0x08CA, 0x08CA, 0x08CA, 0x08CA, 0x08CA, 0x08CA, 0x08CA, 
	0x08CA, 0x08CA, 0x08CA, 0x08CA, 0x08CA, 0x08CA, 0x08CA, 0x08CA, 0x08CA, 0x08CA, 0x08CA, 0x08CA, 0x08CA, 0x08CA, 0x08CA, 0x08CA, 
	0x08CA, 0x08CA, 0x08CA, 0x08CA, 0x08CA, 0x08CA, 0x08CA, 0x08CA, 0x08CA, 0x08CA, 0x08CA, 0x08CA, 0x08CA, 0x08CA, 0x08CA, 0x08CA, 
	0x08CA, 0x08CA, 0x08CA, 0x08CA, 0x08CA, 0x08CA, 0x08CA, 0x08CA, 0x08CA, 0x08CA, 0x08CA, 0x08CA, 0x08CA, 0x08CA, 0x08CA, 0x08CA, 
	0x08CA, 0x08CA, 0x08CA, 0x08CA, 0x08CA, 0x08CA, 0x08CA, 0x08CA, 0x08CA, 0x08CA, 0x08CA, 0x08CA, 0x08CA, 0x08CA, 0x08CA, 0x08CA, 
	0x08CA, 0x08CA, 0x08CA, 0x08CA, 0x08CA, 0x08CA, 0x08CA, 0x08CA, 0x08CA, 0x08CA, 0x08CA, 0x08CA, 0x08CA, 0x08CA, 0x08CA, 0x08CA, 
	0x08CA, 0x08CA, 0x08CA, 0x08CA, 0x08CA, 0x08CA, 0x08CA, 0x08CA, 0x08CA, 0x08CA, 0x08CA, 0x08CA, 0x08CA, 0x08CA, 0x08CA, 0x08CA, 
	0x08CA, 0x08CA, 0x08CA, 0x08CA, 0x08CA, 0x08CA, 0x08CA, 0x08CA, 0x08CA, 0x08CA, 0x08CA, 0x08CA, 0x08CA, 0x08CA, 0x08CA, 0x08CA, 
	0x08CA, 0x08CA, 0x08CA, 0x08CA, 0x08CA, 0x08CA, 0x08CA, 0x08CA, 0x08CA, 0x08CA, 0x08CA, 0x08CA, 0x08CA, 0x08CA, 0x08CA, 0x08CA, 
	0x08CA, 0x08CA, 0x08CA, 0x08CA, 0x08CA, 0x08CA, 0x08CA, 0x08CA, 0x08CA, 0x08CA, 0x08CA, 0x08CA, 0x08CA, 0x08CA, 0x08CA, 0x08CA, 
	0x08CA, 0x08CA, 0x08CA, 0x08CA, 0x08CA, 0x08CA, 0x08CA, 0x08CA, 0x08CA, 0x08CA, 0x08CA, 0x08CA, 0x08CA, 0x08CA, 0x08CA, 0x08CA, 
	0x08CA, 0x08CA, 0x08CA, 0x08CA, 0x08CA, 0x08CA, 0x08CA, 0x08CA, 0x08CA, 0x08CA, 0x08CA, 0x08CA, 0x08CA, 0x08CA, 0x08CA, 0x08CA, 
	0x08CA, 0x08CA, 0x08CA, 0x08CA, 0x08CA, 0x08CA, 0x08CA, 0x08CA, 0x08CA, 0x08CA, 0x08CA, 0x08CA, 0x08CA, 0x08CA, 0x08CA, 0x08CA, 
	0x08CA, 0x08CA, 0x08CA, 0x08CA, 0x08CA, 0x08CA, 0x08CA, 0x08CA, 0x08CA, 0x08CA, 0x08CA, 0x08CA, 0x08CA, 0x08CA, 0x08CA, 0x08CA, 
	0x08CA, 0x08CA, 0x08CA, 0x08CA, 0x08CA, 0x08CA, 0x08CA, 0x08CA, 0x08CA, 0x08CA, 0x08CA, 0x08CA, 0x08CA, 0x08CA, 0x08CA, 0x08CA, 
	0x08CA, 0x08CA, 0x08CA, 0x08CA, 0x08CA, 0x08CA, 0x08CA, 0x08CA, 0x08CA, 0x08CA, 0x08CA, 0x08CA, 0x08CA, 0x08CA, 0x08CA, 0x08CA, 
	0x08CA, 0x08CA, 0x08CA, 0x08CA, 0x08CA, 0x08CA, 0x08CA, 0x08CA, 0x08CA, 0x08CA, 0x08CA, 0x08CA, 0x08CA, 0x08CA, 0x08CA, 0x08CA, 
	0x08CA, 0x08CA, 0x08CA, 0x08CA, 0x08CA, 0x08CA, 0x08CA, 0x08CA, 0x08CA, 0x08CA, 0x08CA, 0x08CA, 0x08CA, 0x08CA, 0x08CA, 0x08CA, 
	0x08CA, 0x08CA, 0x08CA, 0x08CA, 0x08CA, 0x08CA, 0x08CA, 0x08CA, 0x08CA, 0x08CA, 0x08CA, 0x08CA, 0x08CA, 0x08CA, 0x08CA, 0x08CA, 
	0x08CA, 0x08CA, 0x08CA, 0x08CA, 0x08CA, 0x08CA, 0x08CA, 0x08CA, 0x08CA, 0x08CA, 0x08CA, 0x08CA, 0x08CA, 0x08CA, 0x08CA, 0x08CA, 
	0x08CA, 0x08CA, 0x08CA, 0x08CA, 0x08CA, 0x08CA, 0x08CA, 0x08CA, 0x08CA, 0x08CA, 0x08CA, 0x08CA, 0x08CA, 0x08CA, 0x08CA, 0x08CA, 
	0x08CA, 0x08CA, 0x08CA, 0x08CA, 0x08CA, 0x08CA, 0x08CA, 0x08CA, 0x08CA, 0x08CA, 0x08CA, 0x08CA, 0x08CA, 0x08CA, 0x08CA, 0x08CA, 
	0x08CA, 0x08CA, 0x08CA, 0x08CA, 0x08CA, 0x08CA, 0x08CA, 0x08CA, 0x08CA, 0x08CA, 0x08CA, 0x08CA, 0x08CA, 0x08CA, 0x08CA, 0x08CA, 
	0x08CA, 0x08CA, 0x08CA, 0x08CA, 0x08CA, 0x08CA, 0x08CA, 0x08CA, 0x08CA, 0x08CA, 0x08CA, 0x08CA, 0x08CA, 0x08CA, 0x08CA, 0x08CA, 
	0x08CA, 0x08CA, 0x08CA, 0x08CA, 0x08CA, 0x08CA, 0x08CA, 0x08CA, 0x08CA, 0x08CA, 0x08CA, 0x08CA, 0x08CA, 0x08CA, 0x08CA, 0x08CA, 
	0x08CA, 0x08CA, 0x08CA, 0x08CA, 0x08CA, 0x08CA, 0x08CA, 0x08CA, 0x08CA, 0x08CA, 0x08CA, 0x08CA, 0x08CA, 0x08CA, 0x08CA, 0x08CA, 
	0x08CA, 0x08CA, 0x08CA, 0x08CA, 0x08CA, 0x08CA, 0x08CA, 0x08CA, 0x08CA, 0x08CA, 0x08CA, 0x08CA, 0x08CA, 0x08CA, 0x08CA, 0x08CA, 
	0x08CA, 0x08CA, 0x08CA, 0x08CA, 0x08CA, 0x08CA, 0x08CA, 0x08CA, 0x08CA, 0x08CA, 0x08CA, 0x08CA, 0x08CA, 0x08CA, 0x08CA, 0x08CA, 
	0x08CA, 0x08CA, 0x08CA, 0x08CA, 0x08CA, 0x08CA, 0x08CA, 0x08CA, 0x08CA, 0x08CA, 0x08CA, 0x08CA, 0x08CA, 0x08CA, 0x08CA, 0x08CA, 
	0x08CA, 0x08CA, 0x08CA, 0x08CA, 0x08CA, 0x08CA, 0x08CA, 0x08CA, 0x08CA, 0x08CA, 0x08CA, 0x08CA, 0x08CA, 0x08CA, 0x08CA, 0x08CA, 
	0x08CA, 0x08CA, 0x08CA, 0x08CA, 0x08CA, 0x08CA, 0x08CA, 0x08CA, 0x08CA, 0x08CA, 0x08CA, 0x08CA, 0x08CA, 0x08CA, 0x08CA, 0x08CA, 
	0x08CA, 0x08CA, 0x08CA, 0x08CA, 0x08CA, 0x08CA, 0x08CA, 0x08CA, 0x08CA, 0x08CA, 0x08CA, 0x08CA, 0x08CA, 0x08CA, 0x08CA, 0x08CA, 
	0x08CA, 0x08CA, 0x08CA, 0x08CA, 0x08CA, 0x08CA, 0x08CA, 0x08CA, 0x08CA, 0x08CA, 0x08CA, 0x08CA, 0x08CA, 0x08CA, 0x08CA, 0x08CA, 
	0x08CA, 0x08CA, 0x08CA, 0x08CA, 0x08CA, 0x08CA, 0x08CA, 0x08CA, 0x08CA, 0x08CA, 0x08CA, 0x08CA, 0x08CA, 0x08CA, 0x08CA, 0x08CA, 
	0x08CA, 0x08CA, 0x08CA, 0x08CA, 0x08CA, 0x08CA, 0x08CA, 0x08CA, 0x08CA, 0x08CA, 0x08CA, 0x08CA, 0x08CA, 0x08CA, 0x08CA, 0x08CA, 
	0x08CA, 0x08CA, 0x08CA, 0x08CA, 0x08CA, 0x08CA, 0x08CA, 0x08CA, 0x08CA, 0x08CA, 0x08CA, 0x08CA, 0x08CA, 0x08CA, 0x08CA, 0x08CA, 
	0x08CA, 0x08CA, 0x08CA, 0x08CA, 0x08CA, 0x08CA, 0x08CA, 0x08CA, 0x08CA, 0x08CA, 0x08CA, 0x08CA, 0x08CA, 0x08CA, 0x08CA, 0x08CA, 
	0x08CA, 0x08CA, 0x08CA, 0x08CA, 0x08CA, 0x08CA, 0x08CA, 0x08CA, 0x08CA, 0x08CA, 0x08CA, 0x08CA, 0x08CA, 0x08CA, 0x08CA, 0x08CA, 
	0x08CA, 0x08CA, 0x08CA, 0x08CA, 0x08CA, 0x08CA, 0x08CA, 0x08CA, 0x08CA, 0x08CA, 0x08CA, 0x08CA, 0x08CA, 0x08CA, 0x08CA, 0x08CA, 
	0x08CA, 0x08CA, 0x08CA, 0x08CA, 0x08CA, 0x08CA, 0x08CA, 0x08CA, 0x08CA, 0x08CA, 0x08CA, 0x08CA, 0x08CA, 0x08CA, 0x08CA, 0x08CA, 
	0x08CA, 0x08CA, 0x08CA, 0x08CA, 0x08CA, 0x08CA, 0x08CA, 0x08CA, 0x08CA, 0x08CA, 0x08CA, 0x08CA, 0x08CA, 0x08CA, 0x08CA, 0x08CA, 
	0x08CA, 0x08CA, 0x08CA, 0x08CA, 0x08CA, 0x08CA, 0x08CA, 0x08CA, 0x08CA, 0x08CA, 0x08CA, 0x08CA, 0x08CA, 0x08CA, 0x08CA, 0x08CA, 
	0x08CA, 0x08CA, 0x08CA, 0x08CA, 0x08CA, 0x08CA, 0x08CA, 0x08CA, 0x08CA, 0x08CA, 0x08CA, 0x08CA, 0x08CA, 0x08CA, 0x08CA, 0x08CA, 
	0x08CA, 0x08CA, 0x08CA, 0x08CA, 0x08CA, 0x08CA, 0x08CA, 0x08CA, 0x08CA, 0x08CA, 0x08CA, 0x08CA, 0x08CA, 0x08CA, 0x08CA, 0x08CA, 
	0x08CA, 0x08CA, 0x08CA, 0x08CA, 0x08CA, 0x08CA, 0x08CA, 0x08CA, 0x08CA, 0x08CA, 0x08CA, 0x08CA, 0x08CA, 0x08CA, 0x08CA, 0x08CA, 
	0x08CA, 0x08CA, 0x08CA, 0x08CA, 0x08CA, 0x08CA, 0x08CA, 0x08CA, 0x08CA, 0x08CA, 0x08CA, 0x08CA, 0x08CA, 0x08CA, 0x08CA, 0x08CA, 
	0x08CA, 0x08CA, 0x08CA, 0x08CA, 0x08CA, 0x08CA, 0x08CA, 0x08CA, 0x08CA, 0x08CA, 0x08CA, 0x08CA, 0x08CA, 0x08CA, 0x08CA, 0x08CA, 
	0x08CA, 0x08CA, 0x08CA, 0x08CA, 0x08CA, 0x08CA, 0x08CA, 0x08CA, 0x08CA, 0x08CA, 0x08CA, 0x08CA, 0x08CA, 0x08CA, 0x08CA, 0x08CA, 
	0x08CA, 0x08CA, 0x08CA, 0x08CA, 0x08CA, 0x08CA, 0x08CA, 0x08CA, 0x08CA, 0x08CA, 0x08CA, 0x08CA, 0x08CA, 0x08CA, 0x08CA, 0x08CA, 
	0x08CA, 0x08CA, 0x08CA, 0x08CA, 0x08CA, 0x08CA, 0x08CA, 0x08CA, 0x08CA, 0x08CA, 0x08CA, 0x08CA, 0x08CA, 0x08CA, 0x08CA, 0x08CA, 
	0x08CA, 0x08CA, 0x08CA, 0x08CA, 0x08CA, 0x08CA, 0x08CA, 0x08CA, 0x08CA, 0x08CA, 0x08CA, 0x08CA, 0x08CA, 0x08CA, 0x08CA, 0x08CA, 
	0x08CA, 0x08CA, 0x08CA, 0x08CA, 0x08CA, 0x08CA, 0x08CA, 0x08CA, 0x08CA, 0x08CA, 0x08CA, 0x08CA, 0x08CA, 0x08CA, 0x08CA, 0x08CA, 
	0x08CA, 0x08CA, 0x08CA, 0x08CA, 0x08CA, 0x08CA, 0x08CA, 0x08CA, 0x08CA, 0x08CA, 0x08CA, 0x08CA, 0x08CA, 0x08CA, 0x08CA, 0x08CA, 
	0x08CA, 0x08CA, 0x08CA, 0x08CA, 0x08CA, 0x08CA, 0x08CA, 0x08CA, 0x08CA, 0x08CA, 0x08CA, 0x08CA, 0x08CA, 0x08CA, 0x08CA, 0x08CA, 
	0x08CA, 0x08CA, 0x08CA, 0x08CA, 0x08CA, 0x08CA, 0x08CA, 0x08CA, 0x08CA, 0x08CA, 0x08CA, 0x08CA, 0x08CA, 0x08CA, 0x08CA, 0x08CA, 
	0x08CA, 0x08CA, 0x08CA, 0x08CA, 0x08CA, 0x08CA, 0x08CA, 0x08CA, 0x08CA, 0x08CA, 0x08CA, 0x08CA, 0x08CA, 0x08CA, 0x08CA, 0x08CA, 
	0x08CA, 0x08CA, 0x08CA, 0x08CA, 0x08CA, 0x08CA, 0x08CA, 0x08CA, 0x08CA, 0x08CA, 0x08CA, 0x08CA, 0x08CA, 0x08CA, 0x08CA, 0x08CA, 
	0x08CA, 0x08CA, 0x08CA, 0x08CA, 0x08CA, 0x08CA, 0x08CA, 0x08CA, 0x08CA, 0x08CA, 0x08CA, 0x08CA, 0x08CA, 0x08CA, 0x08CA, 0x08CA, 
	0x08CA, 0x08CA, 0x08CA, 0x08CA, 0x08CA, 0x08CA, 0x08CA, 0x08CA, 0x08CA, 0x08CA, 0x08CA, 0x08CA, 0x08CA, 0x08CA, 0x08CA, 0x08CA, 
	0x08CA, 0x08CA, 0x08CA, 0x08CA, 0x08CA, 0x08CA, 0x08CA, 0x08CA, 0x08CA, 0x08CA, 0x08CA, 0x08CA, 0x08CA, 0x08CA, 0x08CA, 0x08CA, 
	0x08CA, 0x08CA, 0x08CA, 0x08CA, 0x08CA, 0x08CA, 0x08CA, 0x08CA, 0x08CA, 0x08CA, 0x08CA, 0x08CA, 0x08CA, 0x08CA, 0x08CA, 0x08CA, 
	0x08CA, 0x08CA, 0x08CA, 0x08CA, 0x08CA, 0x08CA, 0x08CA, 0x08CA, 0x08CA, 0x08CA, 0x08CA, 0x08CA, 0x08CA, 0x08CA, 0x08CA, 0x08CA, 
	0x08CA, 0x08CA, 0x08CA, 0x08CA, 0x08CA, 0x08CA, 0x08CA, 0x08CA, 0x08CA, 0x08CA, 0x08CA, 0x08CA, 0x08CA, 0x08CA, 0x08CA, 0x08CA, 
	0x08CA, 0x08CA, 0x08CA, 0x08CA, 0x08CA, 0x08CA, 0x08CA, 0x08CA, 0x08CA, 0x08CA, 0x08CA, 0x08CA, 0x08CA, 0x08CA, 0x08CA, 0x08CA, 
	0x08CA, 0x08CA, 0x08CA, 0x08CA, 0x08CA, 0x08CA, 0x08CA, 0x08CA, 0x08CA, 0x08CA, 0x08CA, 0x08CA, 0x08CA, 0x08CA, 0x08CA, 0x08CA, 
	0x08CA, 0x08CA, 0x08CA, 0x08CA, 0x08CA, 0x08CA, 0x08CA, 0x08CA, 0x08CA, 0x08CA, 0x08CA, 0x08CA, 0x08CA, 0x08CA, 0x08CA, 0x08CA, 
	0x08CA, 0x08CA, 0x08CA, 0x08CA, 0x08CA, 0x08CA, 0x08CA, 0x08CA, 0x08CA, 0x08CA, 0x08CA, 0x08CA, 0x08CA, 0x08CA, 0x08CA, 0x08CA, 
	0x08CA, 0x08CA, 0x08CA, 0x08CA, 0x08CA, 0x08CA, 0x08CA, 0x08CA, 0x08CA, 0x08CA, 0x08CA, 0x08CA, 0x08CA, 0x08CA, 0x08CA, 0x08CA, 
	0x08CA, 0x08CA, 0x08CA, 0x08CA, 0x08CA, 0x08CA, 0x08CA, 0x08CA, 0x08CA, 0x08CA, 0x08CA, 0x08CA, 0x08CA, 0x08CA, 0x08CA, 0x08CA, 
	0x08CA, 0x08CA, 0x08CA, 0x08CA, 0x08CA, 0x08CA, 0x08CA, 0x08CA, 0x08CA, 0x08CA, 0x08CA, 0x08CA, 0x08CA, 0x08CA, 0x08CA, 0x08CA, 
	0x08CA, 0x08CA, 0x08CA, 0x08CA, 0x08CA, 0x08CA, 0x08CA, 0x08CA, 0x08CA, 0x08CA, 0x08CA, 0x08CA, 0x08CA, 0x08CA, 0x08CA, 0x08CA, 
	0x08CA, 0x08CA, 0x08CA, 0x08CA, 0x08CA, 0x08CA, 0x08CA, 0x08CA, 0x08CA, 0x08CA, 0x08CA, 0x08CA, 0x08CA, 0x08CA, 0x08CA, 0x08CA, 
	0x08CA, 0x08CA, 0x08CA, 0x08CA, 0x08CA, 0x08CA, 0x08CA, 0x08CA, 0x08CA, 0x08CA, 0x08CA, 0x08CA, 0x08CA, 0x08CA, 0x08CA, 0x08CA, 
	0x08CA, 0x08CA, 0x08CA, 0x08CA, 0x08CA, 0x08CA, 0x08CA, 0x08CA, 0x08CA, 0x08CA, 0x08CA, 0x08CA, 0x08CA, 0x08CA, 0x08CA, 0x08CA, 
	0x08CA, 0x08CA, 0x08CA, 0x08CA, 0x08CA, 0x08CA, 0x08CA, 0x08CA, 0x08CA, 0x08CA, 0x08CA, 0x08CA, 0x08CA, 0x08CA, 0x08CA, 0x08CA, 
	0x08CA, 0x08CA, 0x08CA, 0x08CA, 0x08CA, 0x08CA, 0x08CA, 0x08CA, 0x08CA, 0x08CA, 0x08CA, 0x08CA, 0x08CA, 0x08CA, 0x08CA, 0x08CA, 
	0x08CA, 0x08CA, 0x08CA, 0x08CA, 0x08CA, 0x08CA, 0x08CA, 0x08CA, 0x08CA, 0x08CA, 0x08CA, 0x08CA, 0x08CA, 0x08CA, 0x08CA, 0x08CA, 
	0x08CA, 0x08CA, 0x08CA, 0x08CA, 0x08CA, 0x08CA, 0x08CA, 0x08CA, 0x08CA, 0x08CA, 0x08CA, 0x08CA, 0x08CA, 0x08CA, 0x08CA, 0x08CA, 
	0x08CA, 0x08CA, 0x08CA, 0x08CA, 0x08CA, 0x08CA, 0x08CA, 0x08CA, 0x08CA, 0x08CA, 0x08CA, 0x08CA, 0x08CA, 0x08CA, 0x08CA, 0x08CA, 
	0x08CA, 0x08CA, 0x08CA, 0x08CA, 0x08CA, 0x08CA, 0x08CA, 0x08CA, 0x08CA, 0x08CA, 0x08CA, 0x08CA, 0x08CA, 0x08CA, 0x08CA, 0x08CA, 
	0x08CA, 0x08CA, 0x08CA, 0x08CA, 0x08CA, 0x08CA, 0x08CA, 0x08CA, 0x08CA, 0x08CA, 0x08CA, 0x08CA, 0x08CA, 0x08CA, 0x08CA, 0x08CA, 
	0x08CA, 0x08CA, 0x08CA, 0x08CA, 0x08CA, 0x08CA, 0x08CA, 0x08CA, 0x08CA, 0x08CA, 0x08CA, 0x08CA, 0x08CA, 0x08CA, 0x08CA, 0x08CA, 
	0x08CA, 0x08CA, 0x08CA, 0x08CA, 0x08CA, 0x08CA, 0x08CA, 0x08CA, 0x08CA, 0x08CA, 0x08CA, 0x08CA, 0x08CA, 0x08CA, 0x08CA, 0x08CA, 
	0x08CA, 0x08CA, 0x08CA, 0x08CA, 0x08CA, 0x08CA, 0x08CA, 0x08CA, 0x08CA, 0x08CA, 0x08CA, 0x08CA, 0x08CA, 0x08CA, 0x08CA, 0x08CA, 
	0x08CA, 0x08CA, 0x08CA, 0x08CA, 0x08CA, 0x08CA, 0x08CA, 0x08CA, 0x08CA, 0x08CA, 0x08CA, 0x08CA, 0x08CA, 0x08CA, 0x08CA, 0x08CA, 
	0x08CA, 0x08CA, 0x08CA, 0x08CA, 0x08CA, 0x08CA, 0x08CA, 0x08CA, 0x08CA, 0x08CA, 0x08CA, 0x08CA, 0x08CA, 0x08CA, 0x08CA, 0x08CA, 
	0x08CA, 0x08CA, 0x08CA, 0x08CA, 0x08CA, 0x08CA, 0x08CA, 0x08CA, 0x08CA, 0x08CA, 0x08CA, 0x08CA, 0x08CA, 0x08CA, 0x08CA, 0x08CA, 
	0x08CA, 0x08CA, 0x08CA, 0x08CA, 0x08CA, 0x08CA, 0x08CA, 0x08CA, 0x08CA, 0x08CA, 0x08CA, 0x08CA, 0x08CA, 0x08CA, 0x08CA, 0x08CA, 
	0x08CA, 0x08CA, 0x08CA, 0x08CA, 0x08CA, 0x08CA, 0x08CA, 0x08CA, 0x08CA, 0x08CA, 0x08CA, 0x08CA, 0x08CA, 0x08CA, 0x08CA, 0x08CA, 
	0x08CA, 0x08CA, 0x08CA, 0x08CA, 0x08CA, 0x08CA, 0x08CA, 0x08CA, 0x08CA, 0x08CA, 0x08CA, 0x08CA, 0x08CA, 0x08CA, 0x08CA, 0x08CA, 
	0x08CA, 0x08CA, 0x08CA, 0x08CA, 0x08CA, 0x08CA, 0x08CA, 0x08CA, 0x08CA, 0x08CA, 0x08CA, 0x08CA, 0x08CA, 0x08CA, 0x08CA, 0x08CA, 
	0x08CA, 0x08CA, 0x08CA, 0x08CA, 0x08CA, 0x08CA, 0x08CA, 0x08CA, 0x08CA, 0x08CA, 0x08CA, 0x08CA, 0x08CA, 0x08CA, 0x08CA, 0x08CA, 
	0x08CA, 0x08CA, 0x08CA, 0x08CA, 0x08CA, 0x08CA, 0x08CA, 0x08CA, 0x08CA, 0x08CA, 0x08CA, 0x08CA, 0x08CA, 0x08CA, 0x08CA, 0x08CA, 
	0x08CA, 0x08CA, 0x08CA, 0x08CA, 0x08CA, 0x08CA, 0x08CA, 0x08CA, 0x08CA, 0x08CA, 0x08CA, 0x08CA, 0x08CA, 0x08CA, 0x08CA, 0x08CA, 
	0x08CA, 0x08CA, 0x08CA, 0x08CA, 0x08CA, 0x08CA, 0x08CA, 0x08CA, 0x08CA, 0x08CA, 0x08CA, 0x08CA, 0x08CA, 0x08CA, 0x08CA, 0x08CA, 
	0x08CA, 0x08CA, 0x08CA, 0x08CA, 0x08CA, 0x08CA, 0x08CA, 0x08CA, 0x08CA, 0x08CA, 0x08CA, 0x08CA, 0x08CA, 0x08CA, 0x08CA, 0x08CA, 
	0x08CA, 0x08CA, 0x08CA, 0x08CA, 0x08CA, 0x08CA, 0x08CA, 0x08CA, 0x08CA, 0x08CA, 0x08CA, 0x08CA, 0x08CA, 0x08CA, 0x08CA, 0x08CA, 
	0x08CA, 0x08CA, 0x08CA, 0x08CA, 0x08CA, 0x08CA, 0x08CA, 0x08CA, 0x08CA, 0x08CA, 0x08CA, 0x08CA, 0x08CA, 0x08CA, 0x08CA, 0x08CA, 
	0x08CA, 0x08CA, 0x08CA, 0x08CA, 0x08CA, 0x08CA, 0x08CA, 0x08CA, 0x08CA, 0x08CA, 0x08CA, 0x08CA, 0x08CA, 0x08CA, 0x08CA, 0x08CA, 
	0x08CA, 0x08CA, 0x08CA, 0x08CA, 0x08CA, 0x08CA, 0x08CA, 0x08CA, 0x08CA, 0x08CA, 0x08CA, 0x08CA, 0x08CA, 0x08CA, 0x08CA, 0x08CA, 
	0x08CA, 0x08CA, 0x08CA, 0x08CA, 0x08CA, 0x08CA, 0x08CA, 0x08CA, 0x08CA, 0x08CA, 0x08CA, 0x08CA, 0x08CA, 0x08CA, 0x08CA, 0x08CA, 
	0x08CA, 0x08CA, 0x08CA, 0x08CA, 0x08CA, 0x08CA, 0x08CA, 0x08CA, 0x08CA, 0x08CA, 0x08CA, 0x08CA, 0x08CA, 0x08CA, 0x08CA, 0x08CA, 
	0x08CA, 0x08CA, 0x08CA, 0x08CA, 0x08CA, 0x08CA, 0x08CA, 0x08CA, 0x08CA, 0x08CA, 0x08CA, 0x08CA, 0x08CA, 0x08CA, 0x08CA, 0x08CA, 
	0x08CA, 0x08CA, 0x08CA, 0x08CA, 0x08CA, 0x08CA, 0x08CA, 0x08CA, 0x08CA, 0x08CA, 0x08CA, 0x08CA, 0x08CA, 0x08CA, 0x08CA, 0x08CA, 
	0x08CA, 0x08CA, 0x08CA, 0x08CA, 0x08CA, 0x08CA, 0x08CA, 0x08CA, 0x08CA, 0x08CA, 0x08CA, 0x08CA, 0x08CA, 0x08CA, 0x08CA, 0x08CA, 
	0x08CA, 0x08CA, 0x08CA, 0x08CA, 0x08CA, 0x08CA, 0x08CA, 0x08CA, 0x08CA, 0x08CA, 0x08CA, 0x08CA, 0x08CA, 0x08CA, 0x08CA, 0x08CA, 
	0x08CA, 0x08CA, 0x08CA, 0x08CA, 0x08CA, 0x08CA, 0x08CA, 0x08CA, 0x08CA, 0x08CA, 0x08CA, 0x08CA, 0x08CA, 0x08CA, 0x08CA, 0x08CA, 
	0x08CA, 0x08CA, 0x08CA, 0x08CA, 0x08CA, 0x08CA, 0x08CA, 0x08CA, 0x08CA, 0x08CA, 0x08CA, 0x08CA, 0x08CA, 0x08CA, 0x08CA, 0x08CA, 
	0x08CA, 0x08CA, 0x08CA, 0x08CA, 0x08CA, 0x08CA, 0x08CA, 0x08CA, 0x08CA, 0x08CA, 0x08CA, 0x08CA, 0x08CA, 0x08CA, 0x08CA, 0x08CA, 
	0x08CA, 0x08CA, 0x08CA, 0x08CA, 0x08CA, 0x08CA, 0x08CA, 0x08CA, 0x08CA, 0x08CA, 0x08CA, 0x08CA, 0x08CA, 0x08CA, 0x08CA, 0x08CA, 
	0x08CA, 0x08CA, 0x08CA, 0x08CA, 0x08CA, 0x08CA, 0x08CA, 0x08CA, 0x08CA, 0x08CA, 0x08CA, 0x08CA, 0x08CA, 0x08CA, 0x08CA, 0x08CA, 
	0x08CA, 0x08CA, 0x08CA, 0x08CA, 0x08CA, 0x08CA, 0x08CA, 0x08CA, 0x08CA, 0x08CA, 0x08CA, 0x08CA, 0x08CA, 0x08CA, 0x08CA, 0x08CA, 
	0x08CA, 0x08CA, 0x08CA, 0x08CA, 0x08CA, 0x08CA, 0x08CA, 0x08CA, 0x08CA, 0x08CA, 0x08CA, 0x08CA, 0x08CA, 0x08CA, 0x08CA, 0x08CA, 
	0x08CA, 0x08CA, 0x08CA, 0x08CA, 0x08CA, 0x08CA, 0x08CA, 0x08CA, 0x08CA, 0x08CA, 0x08CA, 0x08CA, 0x08CA, 0x08CA, 0x08CA, 0x08CA, 
	0x08CA, 0x08CA, 0x08CA, 0x08CA, 0x08CA, 0x08CA, 0x08CA, 0x08CA, 0x08CA, 0x08CA, 0x08CA, 0x08CA, 0x08CA, 0x08CA, 0x08CA, 0x08CA, 
	0x08CA, 0x08CA, 0x08CA, 0x08CA, 0x08CA, 0x08CA, 0x08CA, 0x08CA, 0x08CA, 0x08CA, 0x08CA, 0x08CA, 0x08CA, 0x08CA, 0x08CA, 0x08CA, 
	0x08CA, 0x08CA, 0x08CA, 0x08CA, 0x08CA, 0x08CA, 0x08CA, 0x08CA, 0x08CA, 0x08CA, 0x08CA, 0x08CA, 0x08CA, 0x08CA, 0x08CA, 0x08CA, 
	0x08CA, 0x08CA, 0x08CA, 0x08CA, 0x08CA, 0x08CA, 0x08CA, 0x08CA, 0x08CA, 0x08CA, 0x08CA, 0x08CA, 0x08CA, 0x08CA, 0x08CA, 0x08CA, 
	0x08CA, 0x08CA, 0x08CA, 0x08CA, 0x08CA, 0x08CA, 0x08CA, 0x08CA, 0x08CA, 0x08CA, 0x08CA, 0x08CA, 0x08CA, 0x08CA, 0x08CA, 0x08CA, 
	0x08CA, 0x08CA, 0x08CA, 0x08CA, 0x08CA, 0x08CA, 0x08CA, 0x08CA, 0x08CA, 0x08CA, 0x08CA, 0x08CA, 0x08CA, 0x08CA, 0x08CA, 0x08CA, 
	0x08CA, 0x08CA, 0x08CA, 0x08CA, 0x08CA, 0x08CA, 0x08CA, 0x08CA, 0x08CA, 0x08CA, 0x08CA, 0x08CA, 0x08CA, 0x08CA, 0x08CA, 0x08CA, 
	0x08CA, 0x08CA, 0x08CA, 0x08CA, 0x08CA, 0x08CA, 0x08CA, 0x08CA, 0x08CA, 0x08CA, 0x08CA, 0x08CA, 0x08CA, 0x08CA, 0x08CA, 0x08CA, 
	0x08CA, 0x08CA, 0x08CA, 0x08CA, 0x08CA, 0x08CA, 0x08CA, 0x08CA, 0x08CA, 0x08CA, 0x08CA, 0x08CA, 0x08CA, 0x08CA, 0x08CA, 0x08CA, 
	0x08CA, 0x08CA, 0x08CA, 0x08CA, 0x08CA, 0x08CA, 0x08CA, 0x08CA, 0x08CA, 0x08CA, 0x08CA, 0x08CA, 0x08CA, 0x08CA, 0x08CA, 0x08CA, 
	0x08CA, 0x08CA, 0x08CA, 0x08CA, 0x08CA, 0x08CA, 0x08CA, 0x08CA, 0x08CA, 0x08CA, 0x08CA, 0x08CA, 0x08CA, 0x08CA, 0x08CA, 0x08CA, 
	0x08CA, 0x08CA, 0x08CA, 0x08CA, 0x08CA, 0x08CA, 0x08CA, 0x08CA, 0x08CA, 0x08CA, 0x08CA, 0x08CA, 0x08CA, 0x08CA, 0x08CA, 0x08CA, 
	0x08CA, 0x08CA, 0x08CA, 0x08CA, 0x08CA, 0x08CA, 0x08CA, 0x08CA, 0x08CA, 0x08CA, 0x08CA, 0x08CA, 0x08CA, 0x08CA, 0x08CA, 0x08CA, 
	0x08CA, 0x08CA, 0x08CA, 0x08CA, 0x08CA, 0x08CA, 0x08CA, 0x08CA, 0x08CA, 0x08CA, 0x08CA, 0x08CA, 0x08CA, 0x08CA, 0x08CA, 0x08CA, 
	0x08CA, 0x08CA, 0x08CA, 0x08CA, 0x08CA, 0x08CA, 0x08CA, 0x08CA, 0x08CA, 0x08CA, 0x08CA, 0x08CA, 0x08CA, 0x08CA, 0x08CA, 0x08CA, 
	0x08CA, 0x08CA, 0x08CA, 0x08CA, 0x08CA, 0x08CA, 0x08CA, 0x08CA, 0x08CA, 0x08CA, 0x08CA, 0x08CA, 0x08CA, 0x08CA, 0x08CA, 0x08CA, 
	0x08CA, 0x08CA, 0x08CA, 0x08CA, 0x08CA, 0x08CA, 0x08CA, 0x08CA, 0x08CA, 0x08CA, 0x08CA, 0x08CA, 0x08CA, 0x08CA, 0x08CA, 0x08CA, 
	0x08CA, 0x08CA, 0x08CA, 0x08CA, 0x08CA, 0x08CA, 0x08CA, 0x08CA, 0x08CA, 0x08CA, 0x08CA, 0x08CA, 0x08CA, 0x08CA, 0x08CA, 0x08CA, 
	0x08CA, 0x08CA, 0x08CA, 0x08CA, 0x08CA, 0x08CA, 0x08CA, 0x08CA, 0x08CA, 0x08CA, 0x08CA, 0x08CA, 0x08CA, 0x08CA, 0x08CA, 0x08CA, 
	0x08CA, 0x08CA, 0x08CA, 0x08CA, 0x08CA, 0x08CA, 0x08CA, 0x08CA, 0x08CA, 0x08CA, 0x08CA, 0x08CA, 0x08CA, 0x08CA, 0x08CA, 0x08CA, 
	0x08CA, 0x08CA, 0x08CA, 0x08CA, 0x08CA, 0x08CA, 0x08CA, 0x08CA, 0x08CA, 0x08CA, 0x08CA, 0x08CA, 0x08CA, 0x08CA, 0x08CA, 0x08CA, 
	0x08CA, 0x08CA, 0x08CA, 0x08CA, 0x08CA, 0x08CA, 0x08CA, 0x08CA, 0x08CA, 0x08CA, 0x08CA, 0x08CA, 0x08CA, 0x08CA, 0x08CA, 0x08CA, 
	0x08CA, 0x08CA, 0x08CA, 0x08CA, 0x08CA, 0x08CA, 0x08CA, 0x08CA, 0x08CA, 0x08CA, 0x08CA, 0x08CA, 0x08CA, 0x08CA, 0x08CA, 0x08CA, 
	0x08CA, 0x08CA, 0x08CA, 0x08CA, 0x08CA, 0x08CA, 0x08CA, 0x08CA, 0x08CA, 0x08CA, 0x08CA, 0x08CA, 0x08CA, 0x08CA, 0x08CA, 0x08CA, 
	0x08CA, 0x08CA, 0x08CA, 0x08CA, 0x08CA, 0x08CA, 0x08CA, 0x08CA, 0x08CA, 0x08CA, 0x08CA, 0x08CA, 0x08CA, 0x08CA, 0x08CA, 0x08CA, 
	0x08CA, 0x08CA, 0x08CA, 0x08CA, 0x08CA, 0x08CA, 0x08CA, 0x08CA, 0x08CA, 0x08CA, 0x08CA, 0x08CA, 0x08CA, 0x08CA, 0x08CA, 0x08CA, 
	0x08CA, 0x08CA, 0x08CA, 0x08CA, 0x08CA, 0x08CA, 0x08CA, 0x08CA, 0x08CA, 0x08CA, 0x08CA, 0x08CA, 0x08CA, 0x08CA, 0x08CA, 0x08CA, 
	0x08CA, 0x08CA, 0x08CA, 0x08CA, 0x08CA, 0x08CA, 0x08CA, 0x08CA, 0x08CA, 0x08CA, 0x08CA, 0x08CA, 0x08CA, 0x08CA, 0x08CA, 0x08CA, 
	0x08CA, 0x08CA, 0x08CA, 0x08CA, 0x08CA, 0x08CA, 0x08CA, 0x08CA, 0x08CA, 0x08CA, 0x08CA, 0x08CA, 0x08CA, 0x08CA, 0x08CA, 0x08CA, 
	0x08CA, 0x08CA, 0x08CA, 0x08CA, 0x08CA, 0x08CA, 0x08CA, 0x08CA, 0x08CA, 0x08CA, 0x08CA, 0x08CA, 0x08CA, 0x08CA, 0x08CA, 0x08CA, 
	0x08CA, 0x08CA, 0x08CA, 0x08CA, 0x08CA, 0x08CA, 0x08CA, 0x08CA, 0x08CA, 0x08CA, 0x08CA, 0x08CA, 0x08CA, 0x08CA, 0x08CA, 0x08CA, 
	0x08CA, 0x08CA, 0x08CA, 0x08CA, 0x08CA, 0x08CA, 0x08CA, 0x08CA, 0x08CA, 0x08CA, 0x08CA, 0x08CA, 0x08CA, 0x08CA, 0x08CA, 0x08CA, 
	0x08CA, 0x08CA, 0x08CA, 0x08CA, 0x08CA, 0x08CA, 0x08CA, 0x08CA, 0x08CA, 0x08CA, 0x08CA, 0x08CA, 0x08CA, 0x08CA, 0x08CA, 0x08CA, 
	0x08CA, 0x08CA, 0x08CA, 0x08CA, 0x08CA, 0x08CA, 0x08CA, 0x08CA, 0x08CA, 0x08CA, 0x08CA, 0x08CA, 0x08CA, 0x08CA, 0x08CA, 0x08CA, 
	0x08CA, 0x08CA, 0x08CA, 0x08CA, 0x08CA, 0x08CA, 0x08CA, 0x08CA, 0x08CA, 0x08CA, 0x08CA, 0x08CA, 0x08CA, 0x08CA, 0x08CA, 0x08CA, 
	0x08CA, 0x08CA, 0x08CA, 0x08CA, 0x08CA, 0x08CA, 0x08CA, 0x08CA, 0x08CA, 0x08CA, 0x08CA, 0x08CA, 0x08CA, 0x08CA, 0x08CA, 0x08CA, 
	0x08CA, 0x08CA, 0x08CA, 0x08CA, 0x08CA, 0x08CA, 0x08CA, 0x08CA, 0x08CA, 0x08CA, 0x08CA, 0x08CA, 0x08CA, 0x08CA, 0x08CA, 0x08CA, 
	0x08CA, 0x08CA, 0x08CA, 0x08CA, 0x08CA, 0x08CA, 0x08CA, 0x08CA, 0x08CA, 0x08CA, 0x08CA, 0x08CA, 0x08CA, 0x08CA, 0x08CA, 0x08CA, 
	0x08CA, 0x08CA, 0x08CA, 0x08CA, 0x08CA, 0x08CA, 0x08CA, 0x08CA, 0x08CA, 0x08CA, 0x08CA, 0x08CA, 0x08CA, 0x08CA, 0x08CA, 0x08CA, 
	0x08CA, 0x08CA, 0x08CA, 0x08CA, 0x08CA, 0x08CA, 0x08CA, 0x08CA, 0x08CA, 0x08CA, 0x08CA, 0x08CA, 0x08CA, 0x08CA, 0x08CA, 0x08CA, 
	0x08CA, 0x08CA, 0x08CA, 0x08CA, 0x08CA, 0x08CA, 0x08CA, 0x08CA, 0x08CA, 0x08CA, 0x08CA, 0x08CA, 0x08CA, 0x08CA, 0x08CA, 0x08CA, 
	0x08CA, 0x08CA, 0x08CA, 0x08CA, 0x08CA, 0x08CA, 0x08CA, 0x08CA, 0x08CA, 0x08CA, 0x08CA, 0x08CA, 0x08CA, 0x08CA, 0x08CA, 0x08CA, 
	0x08CA, 0x08CA, 0x08CA, 0x08CA, 0x08CA, 0x08CA, 0x08CA, 0x08CA, 0x08CA, 0x08CA, 0x08CA, 0x08CA, 0x08CA, 0x08CA, 0x08CA, 0x08CA, 
	0x08CA, 0x08CA, 0x08CA, 0x08CA, 0x08CA, 0x08CA, 0x08CA, 0x08CA, 0x08CA, 0x08CA, 0x08CA, 0x08CA, 0x08CA, 0x08CA, 0x08CA, 0x08CA, 
	0x08CA, 0x08CA, 0x08CA, 0x08CA, 0x08CA, 0x08CA, 0x08CA, 0x08CA, 0x08CA, 0x08CA, 0x08CA, 0x08CA, 0x08CA, 0x08CA, 0x08CA, 0x08CA, 
	0x08CA, 0x08CA, 0x08CA, 0x08CA, 0x08CA, 0x08CA, 0x08CA, 0x08CA, 0x08CA, 0x08CA, 0x08CA, 0x08CA, 0x08CA, 0x08CA, 0x08CA, 0x08CA, 
	0x08CA, 0x08CA, 0x08CA, 0x08CA, 0x08CA, 0x08CA, 0x08CA, 0x08CA, 0x08CA, 0x08CA, 0x08CA, 0x08CA, 0x08CA, 0x08CA, 0x08CA, 0x08CA, 
	0x08CA, 0x08CA, 0x08CA, 0x08CA, 0x08CA, 0x08CA, 0x08CA, 0x08CA, 0x08CA, 0x08CA, 0x08CA, 0x08CA, 0x08CA, 0x08CA, 0x08CA, 0x08CA, 
	0x08CA, 0x08CA, 0x08CA, 0x08CA, 0x08CA, 0x08CA, 0x08CA, 0x08CA, 0x08CA, 0x08CA, 0x08CA, 0x08CA, 0x08CA, 0x08CA, 0x08CA, 0x08CA, 
	0x08CA, 0x08CA, 0x08CA, 0x08CA, 0x08CA, 0x08CA, 0x08CA, 0x08CA, 0x08CA, 0x08CA, 0x08CA, 0x08CA, 0x08CA, 0x08CA, 0x08CA, 0x08CA, 
	0x08CA, 0x08CA, 0x08CA, 0x08CA, 0x08CA, 0x08CA, 0x08CA, 0x08CA, 0x08CA, 0x08CA, 0x08CA, 0x08CA, 0x08CA, 0x08CA, 0x08CA, 0x08CA, 
	0x08CA, 0x08CA, 0x08CA, 0x08CA, 0x08CA, 0x08CA, 0x08CA, 0x08CA, 0x08CA, 0x08CA, 0x08CA, 0x08CA, 0x08CA, 0x08CA, 0x08CA, 0x08CA, 
	0x08CA, 0x08CA, 0x08CA, 0x08CA, 0x08CA, 0x08CA, 0x08CA, 0x08CA, 0x08CA, 0x08CA, 0x08CA, 0x08CA, 0x08CA, 0x08CA, 0x08CA, 0x08CA, 
	0x08CA, 0x08CA, 0x08CA, 0x08CA, 0x08CA, 0x08CA, 0x08CA, 0x08CA, 0x08CA, 0x08CA, 0x08CA, 0x08CA, 0x08CA, 0x08CA, 0x08CA, 0x08CA, 
	0x08CA, 0x08CA, 0x08CA, 0x08CA, 0x08CA, 0x08CA, 0x08CA, 0x08CA, 0x08CA, 0x08CA, 0x08CA, 0x08CA, 0x08CA, 0x08CA, 0x08CA, 0x08CA, 
	0x08CA, 0x08CA, 0x08CA, 0x08CA, 0x08CA, 0x08CA, 0x08CA, 0x08CA, 0x08CA, 0x08CA, 0x08CA, 0x08CA, 0x08CA, 0x08CA, 0x08CA, 0x08CA, 
	0x08CA, 0x08CA, 0x08CA, 0x08CA, 0x08CA, 0x08CA, 0x08CA, 0x08CA, 0x08CA, 0x08CA, 0x08CA, 0x08CA, 0x08CA, 0x08CA, 0x08CA, 0x08CA, 
	0x08CA, 0x08CA, 0x08CA, 0x08CA, 0x08CA, 0x08CA, 0x08CA, 0x08CA, 0x08CA, 0x08CA, 0x08CA, 0x08CA, 0x08CA, 0x08CA, 0x08CA, 0x08CA, 
	0x08CA, 0x08CA, 0x08CA, 0x08CA, 0x08CA, 0x08CA, 0x08CA, 0x08CA, 0x08CA, 0x08CA, 0x08CA, 0x08CA, 0x08CA, 0x08CA, 0x08CA, 0x08CA, 
	0x08CA, 0x08CA, 0x08CA, 0x08CA, 0x08CA, 0x08CA, 0x08CA, 0x08CA, 0x08CA, 0x08CA, 0x08CA, 0x08CA, 0x08CA, 0x08CA, 0x08CA, 0x08CA, 
	0x08CA, 0x08CA, 0x08CA, 0x08CA, 0x08CA, 0x08CA, 0x08CA, 0x08CA, 0x08CA, 0x08CA, 0x08CA, 0x08CA, 0x08CA, 0x08CA, 0x08CA, 0x08CA, 
	0x08CA, 0x08CA, 0x08CA, 0x08CA, 0x08CA, 0x08CA, 0x08CA, 0x08CA, 0x08CA, 0x08CA, 0x08CA, 0x08CA, 0x08CA, 0x08CA, 0x08CA, 0x08CA, 
	0x08CA, 0x08CA, 0x08CA, 0x08CA, 0x08CA, 0x08CA, 0x08CA, 0x08CA, 0x08CA, 0x08CA, 0x08CA, 0x08CA, 0x08CA, 0x08CA, 0x08CA, 0x08CA, 
	0x08CA, 0x08CA, 0x08CA, 0x08CA, 0x08CA, 0x08CA, 0x08CA, 0x08CA, 0x08CA, 0x08CA, 0x08CA, 0x08CA, 0x08CA, 0x08CA, 0x08CA, 0x08CA, 
	0x08CA, 0x08CA, 0x08CA, 0x08CA, 0x08CA, 0x08CA, 0x08CA, 0x08CA, 0x08CA, 0x08CA, 0x08CA, 0x08CA, 0x08CA, 0x08CA, 0x08CA, 0x08CA, 
	0x08CA, 0x08CA, 0x08CA, 0x08CA, 0x08CA, 0x08CA, 0x08CA, 0x08CA, 0x08CA, 0x08CA, 0x08CA, 0x08CA, 0x08CA, 0x08CA, 0x08CA, 0x08CA, 
	0x08CA, 0x08CA, 0x08CA, 0x08CA, 0x08CA, 0x08CA, 0x08CA, 0x08CA, 0x08CA, 0x08CA, 0x08CA, 0x08CA, 0x08CA, 0x08CA, 0x08CA, 0x08CA, 
	0x08CA, 0x08CA, 0x08CA, 0x08CA, 0x08CA, 0x08CA, 0x08CA, 0x08CA, 0x08CA, 0x08CA, 0x08CA, 0x08CA, 0x08CA, 0x08CA, 0x08CA, 0x08CA, 
	0x08CA, 0x08CA, 0x08CA, 0x08CA, 0x08CA, 0x08CA, 0x08CA, 0x08CA, 0x08CA, 0x08CA, 0x08CA, 0x08CA, 0x08CA, 0x08CA, 0x08CA, 0x08CA, 
	0x08CA, 0x08CA, 0x08CA, 0x08CA, 0x08CA, 0x08CA, 0x08CA, 0x08CA, 0x08CA, 0x08CA, 0x08CA, 0x08CA, 0x08CA, 0x08CA, 0x08CA, 0x08CA, 
	0x08CA, 0x08CA, 0x08CA, 0x08CA, 0x08CA, 0x08CA, 0x08CA, 0x08CA, 0x08CA, 0x08CA, 0x08CA, 0x08CA, 0x08CA, 0x08CA, 0x08CA, 0x08CA, 
	0x08CA, 0x08CA, 0x08CA, 0x08CA, 0x08CA, 0x08CA, 0x08CA, 0x08CA, 0x08CA, 0x08CA, 0x08CA, 0x08CA, 0x08CA, 0x08CA, 0x08CA, 0x08CA, 
	0x08CA, 0x08CA, 0x08CA, 0x08CA, 0x08CA, 0x08CA, 0x08CA, 0x08CA, 0x08CA, 0x08CA, 0x08CA, 0x08CA, 0x08CA, 0x08CA, 0x08CA, 0x08CA, 
	0x08CA, 0x08CA, 0x08CA, 0x08CA, 0x08CA, 0x08CA, 0x08CA, 0x08CA, 0x08CA, 0x08CA, 0x08CA, 0x08CA, 0x08CA, 0x08CA, 0x08CA, 0x08CA, 
	0x08CA, 0x08CA, 0x08CA, 0x08CA, 0x08CA, 0x08CA, 0x08CA, 0x08CA, 0x08CA, 0x08CA, 0x08CA, 0x08CA, 0x08CA, 0x08CA, 0x08CA, 0x08CA, 
	0x08CA, 0x08CA, 0x08CA, 0x08CA, 0x08CA, 0x08CA, 0x08CA, 0x08CA, 0x08CA, 0x08CA, 0x08CA, 0x08CA, 0x08CA, 0x08CA, 0x08CA, 0x08CA, 
	0x08CA, 0x08CA, 0x08CA, 0x08CA, 0x08CA, 0x08CA, 0x08CA, 0x08CA, 0x08CA, 0x08CA, 0x08CA, 0x08CA, 0x08CA, 0x08CA, 0x08CA, 0x08CA, 
	0x08CA, 0x08CA, 0x08CA, 0x08CA, 0x08CA, 0x08CA, 0x08CA, 0x08CA, 0x08CA, 0x08CA, 0x08CA, 0x08CA, 0x08CA, 0x08CA, 0x08CA, 0x08CA, 
	0x08CA, 0x08CA, 0x08CA, 0x08CA, 0x08CA, 0x08CA, 0x08CA, 0x08CA, 0x08CA, 0x08CA, 0x08CA, 0x08CA, 0x08CA, 0x08CA, 0x08CA, 0x08CA, 
	0x08CA, 0x08CA, 0x08CA, 0x08CA, 0x08CA, 0x08CA, 0x08CA, 0x08CA, 0x08CA, 0x08CA, 0x08CA, 0x08CA, 0x08CA, 0x08CA, 0x08CA, 0x08CA, 
	0x08CA, 0x08CA, 0x08CA, 0x08CA, 0x08CA, 0x08CA, 0x08CA, 0x08CA, 0x08CA, 0x08CA, 0x08CA, 0x08CA, 0x08CA, 0x08CA, 0x08CA, 0x08CA, 
	0x08CA, 0x08CA, 0x08CA, 0x08CA, 0x08CA, 0x08CA, 0x08CA, 0x08CA, 0x08CA, 0x08CA, 0x08CA, 0x08CA, 0x08CA, 0x08CA, 0x08CA, 0x08CA, 
	0x08CA, 0x08CA, 0x08CA, 0x08CA, 0x08CA, 0x08CA, 0x08CA, 0x08CA, 0x08CA, 0x08CA, 0x08CA, 0x08CA, 0x08CA, 0x08CA, 0x08CA, 0x08CA, 
	0x08CA, 0x08CA, 0x08CA, 0x08CA, 0x08CA, 0x08CA, 0x08CA, 0x08CA, 0x08CA, 0x08CA, 0x08CA, 0x08CA, 0x08CA, 0x08CA, 0x08CA, 0x08CA, 
	0x08CA, 0x08CA, 0x08CA, 0x08CA, 0x08CA, 0x08CA, 0x08CA, 0x08CA, 0x08CA, 0x08CA, 0x08CA, 0x08CA, 0x08CA, 0x08CA, 0x08CA, 0x08CA, 
	0x08CA, 0x08CA, 0x08CA, 0x08CA, 0x08CA, 0x08CA, 0x08CA, 0x08CA, 0x08CA, 0x08CA, 0x08CA, 0x08CA, 0x08CA, 0x08CA, 0x08CA, 0x08CA, 
	0x08CA, 0x08CA, 0x08CA, 0x08CA, 0x08CA, 0x08CA, 0x08CA, 0x08CA, 0x08CA, 0x08CA, 0x08CA, 0x08CA, 0x08CA, 0x08CA, 0x08CA, 0x08CA, 
	0x08CA, 0x08CA, 0x08CA, 0x08CA, 0x08CA, 0x08CA, 0x08CA, 0x08CA, 0x08CA, 0x08CA, 0x08CA, 0x08CA, 0x08CA, 0x08CA, 0x08CA, 0x08CA, 
	0x08CA, 0x08CA, 0x08CA, 0x08CA, 0x08CA, 0x08CA, 0x08CA, 0x08CA, 0x08CA, 0x08CA, 0x08CA, 0x08CA, 0x08CA, 0x08CA, 0x08CA, 0x08CA, 
	0x08CA, 0x08CA, 0x08CA, 0x08CA, 0x08CA, 0x08CA, 0x08CA, 0x08CA, 0x08CA, 0x08CA, 0x08CA, 0x08CA, 0x08CA, 0x08CA, 0x08CA, 0x08CA, 
	0x08CA, 0x08CA, 0x08CA, 0x08CA, 0x08CA, 0x08CA, 0x08CA, 0x08CA, 0x08CA, 0x08CA, 0x08CA, 0x08CA, 0x08CA, 0x08CA, 0x08CA, 0x08CA, 
	0x08CA, 0x08CA, 0x08CA, 0x08CA, 0x08CA, 0x08CA, 0x08CA, 0x08CA, 0x08CA, 0x08CA, 0x08CA, 0x08CA, 0x08CA, 0x08CA, 0x08CA, 0x08CA, 
	0x08CA, 0x08CA, 0x08CA, 0x08CA, 0x08CA, 0x08CA, 0x08CA, 0x08CA, 0x08CA, 0x08CA, 0x08CA, 0x08CA, 0x08CA, 0x08CA, 0x08CA, 0x08CA, 
	0x08CA, 0x08CA, 0x08CA, 0x08CA, 0x08CA, 0x08CA, 0x08CA, 0x08CA, 0x08CA, 0x08CA, 0x08CA, 0x08CA, 0x08CA, 0x08CA, 0x08CA, 0x08CA, 
	0x08CA, 0x08CA, 0x08CA, 0x08CA, 0x08CA, 0x08CA, 0x08CA, 0x08CA, 0x08CA, 0x08CA, 0x08CA, 0x08CA, 0x08CA, 0x08CA, 0x08CA, 0x08CA, 
	0x08CA, 0x08CA, 0x08CA, 0x08CA, 0x08CA, 0x08CA, 0x08CA, 0x08CA, 0x08CA, 0x08CA, 0x08CA, 0x08CA, 0x08CA, 0x08CA, 0x08CA, 0x08CA, 
	0x08CA, 0x08CA, 0x08CA, 0x08CA, 0x08CA, 0x08CA, 0x08CA, 0x08CA, 0x08CA, 0x08CA, 0x08CA, 0x08CA, 0x08CA, 0x08CA, 0x08CA, 0x08CA, 
	0x08CA, 0x08CA, 0x08CA, 0x08CA, 0x08CA, 0x08CA, 0x08CA, 0x08CA, 0x08CA, 0x08CA, 0x08CA, 0x08CA, 0x08CA, 0x08CA, 0x08CA, 0x08CA, 
	0x08CA, 0x08CA, 0x08CA, 0x08CA, 0x08CA, 0x08CA, 0x08CA, 0x08CA, 0x08CA, 0x08CA, 0x08CA, 0x08CA, 0x08CA, 0x08CA, 0x08CA, 0x08CA, 
	0x08CA, 0x08CA, 0x08CA, 0x08CA, 0x08CA, 0x08CA, 0x08CA, 0x08CA, 0x08CA, 0x08CA, 0x08CA, 0x08CA, 0x08CA, 0x08CA, 0x08CA, 0x08CA, 
	0x08CA, 0x08CA, 0x08CA, 0x08CA, 0x08CA, 0x08CA, 0x08CA, 0x08CA, 0x08CA, 0x08CA, 0x08CA, 0x08CA, 0x08CA, 0x08CA, 0x08CA, 0x08CA, 
	0x08CA, 0x08CA, 0x08CA, 0x08CA, 0x08CA, 0x08CA, 0x08CA, 0x08CA, 0x08CA, 0x08CA, 0x08CA, 0x08CA, 0x08CA, 0x08CA, 0x08CA, 0x08CA, 
	0x08CA, 0x08CA, 0x08CA, 0x08CA, 0x08CA, 0x08CA, 0x08CA, 0x08CA, 0x08CA, 0x08CA, 0x08CA, 0x08CA, 0x08CA, 0x08CA, 0x08CA, 0x08CA, 
	0x08CA, 0x08CA, 0x08CA, 0x08CA, 0x08CA, 0x08CA, 0x08CA, 0x08CA, 0x08CA, 0x08CA, 0x08CA, 0x08CA, 0x08CA, 0x08CA, 0x08CA, 0x08CA, 
	0x08CA, 0x08CA, 0x08CA, 0x08CA, 0x08CA, 0x08CA, 0x08CA, 0x08CA, 0x08CA, 0x08CA, 0x08CA, 0x08CA, 0x08CA, 0x08CA, 0x08CA, 0x08CA, 
	0x08CA, 0x08CA, 0x08CA, 0x08CA, 0x08CA, 0x08CA, 0x08CA, 0x08CA, 0x08CA, 0x08CA, 0x08CA, 0x08CA, 0x08CA, 0x08CA, 0x08CA, 0x08CA, 
	0x08CA, 0x08CA, 0x08CA, 0x08CA, 0x08CA, 0x08CA, 0x08CA, 0x08CA, 0x08CA, 0x08CA, 0x08CA, 0x08CA, 0x08CA, 0x08CA, 0x08CA, 0x08CA, 
	0x08CA, 0x08CA, 0x08CA, 0x08CA, 0x08CA, 0x08CA, 0x08CA, 0x08CA, 0x08CA, 0x08CA, 0x08CA, 0x08CA, 0x08CA, 0x08CA, 0x08CA, 0x08CA, 
	0x08CA, 0x08CA, 0x08CA, 0x08CA, 0x08CA, 0x08CA, 0x08CA, 0x08CA, 0x08CA, 0x08CA, 0x08CA, 0x08CA, 0x08CA, 0x08CA, 0x08CA, 0x08CA, 
	0x08CA, 0x08CA, 0x08CA, 0x08CA, 0x08CA, 0x08CA, 0x08CA, 0x08CA, 0x08CA, 0x08CA, 0x08CA, 0x08CA, 0x08CA, 0x08CA, 0x08CA, 0x08CA, 
	0x08CA, 0x08CA, 0x08CA, 0x08CA, 0x08CA, 0x08CA, 0x08CA, 0x08CA, 0x08CA, 0x08CA, 0x08CA, 0x08CA, 0x08CA, 0x08CA, 0x08CA, 0x08CA, 
	0x08CA, 0x08CA, 0x08CA, 0x08CA, 0x08CA, 0x08CA, 0x08CA, 0x08CA, 0x08CA, 0x08CA, 0x08CA, 0x08CA, 0x08CA, 0x08CA, 0x08CA, 0x08CA, 
	0x08CA, 0x08CA, 0x08CA, 0x08CA, 0x08CA, 0x08CA, 0x08CA, 0x08CA, 0x08CA, 0x08CA, 0x08CA, 0x08CA, 0x08CA, 0x08CA, 0x08CA, 0x08CA, 
	0x08CA, 0x08CA, 0x08CA, 0x08CA, 0x08CA, 0x08CA, 0x08CA, 0x08CA, 0x08CA, 0x08CA, 0x08CA, 0x08CA, 0x08CA, 0x08CA, 0x08CA, 0x08CA, 
	0x08CA, 0x08CA, 0x08CA, 0x08CA, 0x08CA, 0x08CA, 0x08CA, 0x08CA, 0x08CA, 0x08CA, 0x08CA, 0x08CA, 0x08CA, 0x08CA, 0x08CA, 0x08CA, 
	0x08CA, 0x08CA, 0x08CA, 0x08CA, 0x08CA, 0x08CA, 0x08CA, 0x08CA, 0x08CA, 0x08CA, 0x08CA, 0x08CA, 0x08CA, 0x08CA, 0x08CA, 0x08CA, 
	0x08CA, 0x08CA, 0x08CA, 0x08CA, 0x08CA, 0x08CA, 0x08CA, 0x08CA, 0x08CA, 0x08CA, 0x08CA, 0x08CA, 0x08CA, 0x08CA, 0x08CA, 0x08CA, 
	0x08CA, 0x08CA, 0x08CA, 0x08CA, 0x08CA, 0x08CA, 0x08CA, 0x08CA, 0x08CA, 0x08CA, 0x08CA, 0x08CA, 0x08CA, 0x08CA, 0x08CA, 0x08CA, 
	0x08CA, 0x08CA, 0x08CA, 0x08CA, 0x08CA, 0x08CA, 0x08CA, 0x08CA, 0x08CA, 0x08CA, 0x08CA, 0x08CA, 0x08CA, 0x08CA, 0x08CA, 0x08CA, 
	0x08CA, 0x08CA, 0x08CA, 0x08CA, 0x08CA, 0x08CA, 0x08CA, 0x08CA, 0x08CA, 0x08CA, 0x08CA, 0x08CA, 0x08CA, 0x08CA, 0x08CA, 0x08CA, 
	0x08CA, 0x08CA, 0x08CA, 0x08CA, 0x08CA, 0x08CA, 0x08CA, 0x08CA, 0x08CA, 0x08CA, 0x08CA, 0x08CA, 0x08CA, 0x08CA, 0x08CA, 0x08CA, 
	0x08CA, 0x08CA, 0x08CA, 0x08CA, 0x08CA, 0x08CA, 0x08CA, 0x08CA, 0x08CA, 0x08CA, 0x08CA, 0x08CA, 0x08CA, 0x08CA, 0x08CA, 0x08CA, 
	0x08CA, 0x08CA, 0x08CA, 0x08CA, 0x08CA, 0x08CA, 0x08CA, 0x08CA, 0x08CA, 0x08CA, 0x08CA, 0x08CA, 0x08CA, 0x08CA, 0x08CA, 0x08CA, 
	0x08CA, 0x08CA, 0x08CA, 0x08CA, 0x08CA, 0x08CA, 0x08CA, 0x08CA, 0x08CA, 0x08CA, 0x08CA, 0x08CA, 0x08CA, 0x08CA, 0x08CA, 0x08CA, 
	0x08CA, 0x08CA, 0x08CA, 0x08CA, 0x08CA, 0x08CA, 0x08CA, 0x08CA, 0x08CA, 0x08CA, 0x08CA, 0x08CA, 0x08CA, 0x08CA, 0x08CA, 0x08CA, 
	0x08CA, 0x08CA, 0x08CA, 0x08CA, 0x08CA, 0x08CA, 0x08CA, 0x08CA, 0x08CA, 0x08CA, 0x08CA, 0x08CA, 0x08CA, 0x08CA, 0x08CA, 0x08CA, 
	0x08CA, 0x08CA, 0x08CA, 0x08CA, 0x08CA, 0x08CA, 0x08CA, 0x08CA, 0x08CA, 0x08CA, 0x08CA, 0x08CA, 0x08CA, 0x08CA, 0x08CA, 0x08CA, 
	0x08CA, 0x08CA, 0x08CA, 0x08CA, 0x08CA, 0x08CA, 0x08CA, 0x08CA, 0x08CA, 0x08CA, 0x08CA, 0x08CA, 0x08CA, 0x08CA, 0x08CA, 0x08CA, 
	0x08CA, 0x08CA, 0x08CA, 0x08CA, 0x08CA, 0x08CA, 0x08CA, 0x08CA, 0x08CA, 0x08CA, 0x08CA, 0x08CA, 0x08CA, 0x08CA, 0x08CA, 0x08CA, 
	0x08CA, 0x08CA, 0x08CA, 0x08CA, 0x08CA, 0x08CA, 0x08CA, 0x08CA, 0x08CA, 0x08CA, 0x08CA, 0x08CA, 0x08CA, 0x08CA, 0x08CA, 0x08CA, 
	0x08CA, 0x08CA, 0x08CA, 0x08CA, 0x08CA, 0x08CA, 0x08CA, 0x08CA, 0x08CA, 0x08CA, 0x08CA, 0x08CA, 0x08CA, 0x08CA, 0x08CA, 0x08CA, 
	0x08CA, 0x08CA, 0x08CA, 0x08CA, 0x08CA, 0x08CA, 0x08CA, 0x08CA, 0x08CA, 0x08CA, 0x08CA, 0x08CA, 0x08CA, 0x08CA, 0x08CA, 0x08CA, 
	0x08CA, 0x08CA, 0x08CA, 0x08CA, 0x08CA, 0x08CA, 0x08CA, 0x08CA, 0x08CA, 0x08CA, 0x08CA, 0x08CA, 0x08CA, 0x08CA, 0x08CA, 0x08CA, 
	0x08CA, 0x08CA, 0x08CA, 0x08CA, 0x08CA, 0x08CA, 0x08CA, 0x08CA, 0x08CA, 0x08CA, 0x08CA, 0x08CA, 0x08CA, 0x08CA, 0x08CA, 0x08CA, 
	0x08CA, 0x08CA, 0x08CA, 0x08CA, 0x08CA, 0x08CA, 0x08CA, 0x08CA, 0x08CA, 0x08CA, 0x08CA, 0x08CA, 0x08CA, 0x08CA, 0x08CA, 0x08CA, 
	0x08CA, 0x08CA, 0x08CA, 0x08CA, 0x08CA, 0x08CA, 0x08CA, 0x08CA, 0x08CA, 0x08CA, 0x08CA, 0x08CA, 0x08CA, 0x08CA, 0x08CA, 0x08CA, 
	0x08CA, 0x08CA, 0x08CA, 0x08CA, 0x08CA, 0x08CA, 0x08CA, 0x08CA, 0x08CA, 0x08CA, 0x08CA, 0x08CA, 0x08CA, 0x08CA, 0x08CA, 0x08CA, 
	0x08CA, 0x08CA, 0x08CA, 0x08CA, 0x08CA, 0x08CA, 0x08CA, 0x08CA, 0x08CA, 0x08CA, 0x08CA, 0x08CA, 0x08CA, 0x08CA, 0x08CA, 0x08CA, 
	0x08CA, 0x08CA, 0x08CA, 0x08CA, 0x08CA, 0x08CA, 0x08CA, 0x08CA, 0x08CA, 0x08CA, 0x08CA, 0x08CA, 0x08CA, 0x08CA, 0x08CA, 0x08CA, 
	0x08CA, 0x08CA, 0x08CA, 0x08CA, 0x08CA, 0x08CA, 0x08CA, 0x08CA, 0x08CA, 0x08CA, 0x08CA, 0x08CA, 0x08CA, 0x08CA, 0x08CA, 0x08CA, 
	0x08CA, 0x08CA, 0x08CA, 0x08CA, 0x08CA, 0x08CA, 0x08CA, 0x08CA, 0x08CA, 0x08CA, 0x08CA, 0x08CA, 0x08CA, 0x08CA, 0x08CA, 0x08CA, 
	0x08CA, 0x08CA, 0x08CA, 0x08CA, 0x08CA, 0x08CA, 0x08CA, 0x08CA, 0x08CA, 0x08CA, 0x08CA, 0x08CA, 0x08CA, 0x08CA, 0x08CA, 0x08CA, 
	0x08CA, 0x08CA, 0x08CA, 0x08CA, 0x08CA, 0x08CA, 0x08CA, 0x08CA, 0x08CA, 0x08CA, 0x08CA, 0x08CA, 0x08CA, 0x08CA, 0x08CA, 0x08CA, 
	0x08CA, 0x08CA, 0x08CA, 0x08CA, 0x08CA, 0x08CA, 0x08CA, 0x08CA, 0x08CA, 0x08CA, 0x08CA, 0x08CA, 0x08CA, 0x08CA, 0x08CA, 0x08CA, 
	0x08CA, 0x08CA, 0x08CA, 0x08CA, 0x08CA, 0x08CA, 0x08CA, 0x08CA, 0x08CA, 0x08CA, 0x08CA, 0x08CA, 0x08CA, 0x08CA, 0x08CA, 0x08CA, 
	0x08CA, 0x08CA, 0x08CA, 0x08CA, 0x08CA, 0x08CA, 0x08CA, 0x08CA, 0x08CA, 0x08CA, 0x08CA, 0x08CA, 0x08CA, 0x08CA, 0x08CA, 0x08CA, 
	0x08CA, 0x08CA, 0x08CA, 0x08CA, 0x08CA, 0x08CA, 0x08CA, 0x08CA, 0x08CA, 0x08CA, 0x08CA, 0x08CA, 0x08CA, 0x08CA, 0x08CA, 0x08CA, 
	0x08CA, 0x08CA, 0x08CA, 0x08CA, 0x08CA, 0x08CA, 0x08CA, 0x08CA, 0x08CA, 0x08CA, 0x08CA, 0x08CA, 0x08CA, 0x08CA, 0x08CA, 0x08CA, 
	0x08CA, 0x08CA, 0x08CA, 0x08CA, 0x08CA, 0x08CA, 0x08CA, 0x08CA, 0x08CA, 0x08CA, 0x08CA, 0x08CA, 0x08CA, 0x08CA, 0x08CA, 0x08CA, 
	0x08CA, 0x08CA, 0x08CA, 0x08CA, 0x08CA, 0x08CA, 0x08CA, 0x08CA, 0x08CA, 0x08CA, 0x08CA, 0x08CA, 0x08CA, 0x08CA, 0x08CA, 0x08CA, 
	0x08CA, 0x08CA, 0x08CA, 0x08CA, 0x08CA, 0x08CA, 0x08CA, 0x08CA, 0x08CA, 0x08CA, 0x08CA, 0x08CA, 0x08CA, 0x08CA, 0x08CA, 0x08CA, 
	0x08CA, 0x08CA, 0x08CA, 0x08CA, 0x08CA, 0x08CA, 0x08CA, 0x08CA, 0x08CA, 0x08CA, 0x08CA, 0x08CA, 0x08CA, 0x08CA, 0x08CA, 0x08CA, 
	0x08CA, 0x08CA, 0x08CA, 0x08CA, 0x08CA, 0x08CA, 0x08CA, 0x08CA, 0x08CA, 0x08CA, 0x08CA, 0x08CA, 0x08CA, 0x08CA, 0x08CA, 0x08CA, 
	0x08CA, 0x08CA, 0x08CA, 0x08CA, 0x08CA, 0x08CA, 0x08CA, 0x08CA, 0x08CA, 0x08CA, 0x08CA, 0x08CA, 0x08CA, 0x08CA, 0x08CA, 0x08CA, 
	0x08CA, 0x08CA, 0x08CA, 0x08CA, 0x08CA, 0x08CA, 0x08CA, 0x08CA, 0x08CA, 0x08CA, 0x08CA, 0x08CA, 0x08CA, 0x08CA, 0x08CA, 0x08CA, 
	0x08CA, 0x08CA, 0x08CA, 0x08CA, 0x08CA, 0x08CA, 0x08CA, 0x08CA, 0x08CA, 0x08CA, 0x08CA, 0x08CA, 0x08CA, 0x08CA, 0x08CA, 0x08CA, 
	0x08CA, 0x08CA, 0x08CA, 0x08CA, 0x08CA, 0x08CA, 0x08CA, 0x08CA, 0x08CA, 0x08CA, 0x08CA, 0x08CA, 0x08CA, 0x08CA, 0x08CA, 0x08CA, 
	0x08CA, 0x08CA, 0x08CA, 0x08CA, 0x08CA, 0x08CA, 0x08CA, 0x08CA, 0x08CA, 0x08CA, 0x08CA, 0x08CA, 0x08CA, 0x08CA, 0x08CA, 0x08CA, 
	0x08CA, 0x08CA, 0x08CA, 0x08CA, 0x08CA, 0x08CA, 0x08CA, 0x08CA, 0x08CA, 0x08CA, 0x08CA, 0x08CA, 0x08CA, 0x08CA, 0x08CA, 0x08CA, 
	0x08CA, 0x08CA, 0x08CA, 0x08CA, 0x08CA, 0x08CA, 0x08CA, 0x08CA, 0x08CA, 0x08CA, 0x08CA, 0x08CA, 0x08CA, 0x08CA, 0x08CA, 0x08CA, 
	0x08CA, 0x08CA, 0x08CA, 0x08CA, 0x08CA, 0x08CA, 0x08CA, 0x08CA, 0x08CA, 0x08CA, 0x08CA, 0x08CA, 0x08CA, 0x08CA, 0x08CA, 0x08CA, 
	0x08CA, 0x08CA, 0x08CA, 0x08CA, 0x08CA, 0x08CA, 0x08CA, 0x08CA, 0x08CA, 0x08CA, 0x08CA, 0x08CA, 0x08CA, 0x08CA, 0x08CA, 0x08CA, 
	0x08CA, 0x08CA, 0x08CA, 0x08CA, 0x08CA, 0x08CA, 0x08CA, 0x08CA, 0x08CA, 0x08CA, 0x08CA, 0x08CA, 0x08CA, 0x08CA, 0x08CA, 0x08CA, 
	0x08CA, 0x08CA, 0x08CA, 0x08CA, 0x08CA, 0x08CA, 0x08CA, 0x08CA, 0x08CA, 0x08CA, 0x08CA, 0x08CA, 0x08CA, 0x08CA, 0x08CA, 0x08CA, 
	0x08CA, 0x08CA, 0x08CA, 0x08CA, 0x08CA, 0x08CA, 0x08CA, 0x08CA, 0x08CA, 0x08CA, 0x08CA, 0x08CA, 0x08CA, 0x08CA, 0x08CA, 0x08CA, 
	0x08CA, 0x08CA, 0x08CA, 0x08CA, 0x08CA, 0x08CA, 0x08CA, 0x08CA, 0x08CA, 0x08CA, 0x08CA, 0x08CA, 0x08CA, 0x08CA, 0x08CA, 0x08CA, 
	0x08CA, 0x08CA, 0x08CA, 0x08CA, 0x08CA, 0x08CA, 0x08CA, 0x08CA, 0x08CA, 0x08CA, 0x08CA, 0x08CA, 0x08CA, 0x08CA, 0x08CA, 0x08CA, 
	0x08CA, 0x08CA, 0x08CA, 0x08CA, 0x08CA, 0x08CA, 0x08CA, 0x08CA, 0x08CA, 0x08CA, 0x08CA, 0x08CA, 0x08CA, 0x08CA, 0x08CA, 0x08CA, 
	0x08CA, 0x08CA, 0x08CA, 0x08CA, 0x08CA, 0x08CA, 0x08CA, 0x08CA, 0x08CA, 0x08CA, 0x08CA, 0x08CA, 0x08CA, 0x08CA, 0x08CA, 0x08CA, 
	0x08CA, 0x08CA, 0x08CA, 0x08CA, 0x08CA, 0x08CA, 0x08CA, 0x08CA, 0x08CA, 0x08CA, 0x08CA, 0x08CA, 0x08CA, 0x08CA, 0x08CA, 0x08CA, 
	0x08CA, 0x08CA, 0x08CA, 0x08CA, 0x08CA, 0x08CA, 0x08CA, 0x08CA, 0x08CA, 0x08CA, 0x08CA, 0x08CA, 0x08CA, 0x08CA, 0x08CA, 0x08CA, 
	0x08CA, 0x08CA, 0x08CA, 0x08CA, 0x08CA, 0x08CA, 0x08CA, 0x08CA, 0x08CA, 0x08CA, 0x08CA, 0x08CA, 0x08CA, 0x08CA, 0x08CA, 0x08CA, 
	0x08CA, 0x08CA, 0x08CA, 0x08CA, 0x08CA, 0x08CA, 0x08CA, 0x08CA, 0x08CA, 0x08CA, 0x08CA, 0x08CA, 0x08CA, 0x08CA, 0x08CA, 0x08CA, 
	0x08CA, 0x08CA, 0x08CA, 0x08CA, 0x08CA, 0x08CA, 0x08CA, 0x08CA, 0x08CA, 0x08CA, 0x08CA, 0x08CA, 0x08CA, 0x08CA, 0x08CA, 0x08CA, 
	0x08CA, 0x08CA, 0x08CA, 0x08CA, 0x08CA, 0x08CA, 0x08CA, 0x08CA, 0x08CA, 0x08CA, 0x08CA, 0x08CA, 0x08CA, 0x08CA, 0x08CA, 0x08CA, 
	0x08CA, 0x08CA, 0x08CA, 0x08CA, 0x08CA, 0x08CA, 0x08CA, 0x08CA, 0x08CA, 0x08CA, 0x08CA, 0x08CA, 0x08CA, 0x08CA, 0x08CA, 0x08CA, 
	0x08CA, 0x08CA, 0x08CA, 0x08CA, 0x08CA, 0x08CA, 0x08CA, 0x08CA, 0x08CA, 0x08CA, 0x08CA, 0x08CA, 0x08CA, 0x08CA, 0x08CA, 0x08CA, 
	0x08CA, 0x08CA, 0x08CA, 0x08CA, 0x08CA, 0x08CA, 0x08CA, 0x08CA, 0x08CA, 0x08CA, 0x08CA, 0x08CA, 0x08CA, 0x08CA, 0x08CA, 0x08CA, 
	0x08CA, 0x08CA, 0x08CA, 0x08CA, 0x08CA, 0x08CA, 0x08CA, 0x08CA, 0x08CA, 0x08CA, 0x08CA, 0x08CA, 0x08CA, 0x08CA, 0x08CA, 0x08CA, 
	0x08CA, 0x08CA, 0x08CA, 0x08CA, 0x08CA, 0x08CA, 0x08CA, 0x08CA, 0x08CA, 0x08CA, 0x08CA, 0x08CA, 0x08CA, 0x08CA, 0x08CA, 0x08CA, 
	0x08CA, 0x08CA, 0x08CA, 0x08CA, 0x08CA, 0x08CA, 0x08CA, 0x08CA, 0x08CA, 0x08CA, 0x08CA, 0x08CA, 0x08CA, 0x08CA, 0x08CA, 0x08CA, 
	0x08CA, 0x08CA, 0x08CA, 0x08CA, 0x08CA, 0x08CA, 0x08CA, 0x08CA, 0x08CA, 0x08CA, 0x08CA, 0x08CA, 0x08CA, 0x08CA, 0x08CA, 0x08CA, 
	0x08CA, 0x08CA, 0x08CA, 0x08CA, 0x08CA, 0x08CA, 0x08CA, 0x08CA, 0x08CA, 0x08CA, 0x08CA, 0x08CA, 0x08CA, 0x08CA, 0x08CA, 0x08CA, 
	0x08CA, 0x08CA, 0x08CA, 0x08CA, 0x08CA, 0x08CA, 0x08CA, 0x08CA, 0x08CA, 0x08CA, 0x08CA, 0x08CA, 0x08CA, 0x08CA, 0x08CA, 0x08CA, 
	0x08CA, 0x08CA, 0x08CA, 0x08CA, 0x08CA, 0x08CA, 0x08CA, 0x08CA, 0x08CA, 0x08CA, 0x08CA, 0x08CA, 0x08CA, 0x08CA, 0x08CA, 0x08CA, 
	0x08CA, 0x08CA, 0x08CA, 0x08CA, 0x08CA, 0x08CA, 0x08CA, 0x08CA, 0x08CA, 0x08CA, 0x08CA, 0x08CA, 0x08CA, 0x08CA, 0x08CA, 0x08CA, 
	0x08CA, 0x08CA, 0x08CA, 0x08CA, 0x08CA, 0x08CA, 0x08CA, 0x08CA, 0x08CA, 0x08CA, 0x08CA, 0x08CA, 0x08CA, 0x08CA, 0x08CA, 0x08CA, 
	0x08CA, 0x08CA, 0x08CA, 0x08CA, 0x08CA, 0x08CA, 0x08CA, 0x08CA, 0x08CA, 0x08CA, 0x08CA, 0x08CA, 0x08CA, 0x08CA, 0x08CA, 0x08CA, 
	0x08CA, 0x08CA, 0x08CA, 0x08CA, 0x08CA, 0x08CA, 0x08CA, 0x08CA, 0x08CA, 0x08CA, 0x08CA, 0x08CA, 0x08CA, 0x08CA, 0x08CA, 0x08CA, 
	0x08CA, 0x08CA, 0x08CA, 0x08CA, 0x08CA, 0x08CA, 0x08CA, 0x08CA, 0x08CA, 0x08CA, 0x08CA, 0x08CA, 0x08CA, 0x08CA, 0x08CA, 0x08CA, 
	0x08CA, 0x08CA, 0x08CA, 0x08CA, 0x08CA, 0x08CA, 0x08CA, 0x08CA, 0x08CA, 0x08CA, 0x08CA, 0x08CA, 0x08CA, 0x08CA, 0x08CA, 0x08CA, 
	0x08CA, 0x08CA, 0x08CA, 0x08CA, 0x08CA, 0x08CA, 0x08CA, 0x08CA, 0x08CA, 0x08CA, 0x08CA, 0x08CA, 0x08CA, 0x08CA, 0x08CA, 0x08CA, 
	0x08CA, 0x08CA, 0x08CA, 0x08CA, 0x08CA, 0x08CA, 0x08CA, 0x08CA, 0x08CA, 0x08CA, 0x08CA, 0x08CA, 0x08CA, 0x08CA, 0x08CA, 0x08CA, 
	0x08CA, 0x08CA, 0x08CA, 0x08CA, 0x08CA, 0x08CA, 0x08CA, 0x08CA, 0x08CA, 0x08CA, 0x08CA, 0x08CA, 0x08CA, 0x08CA, 0x08CA, 0x08CA, 
	0x08CA, 0x08CA, 0x08CA, 0x08CA, 0x08CA, 0x08CA, 0x08CA, 0x08CA, 0x08CA, 0x08CA, 0x08CA, 0x08CA, 0x08CA, 0x08CA, 0x08CA, 0x08CA, 
	0x08CA, 0x08CA, 0x08CA, 0x08CA, 0x08CA, 0x08CA, 0x08CA, 0x08CA, 0x08CA, 0x08CA, 0x08CA, 0x08CA, 0x08CA, 0x08CA, 0x08CA, 0x08CA, 
	0x08CA, 0x08CA, 0x08CA, 0x08CA, 0x08CA, 0x08CA, 0x08CA, 0x08CA, 0x08CA, 0x08CA, 0x08CA, 0x08CA, 0x08CA, 0x08CA, 0x08CA, 0x08CA, 
	0x08CA, 0x08CA, 0x08CA, 0x08CA, 0x08CA, 0x08CA, 0x08CA, 0x08CA, 0x08CA, 0x08CA, 0x08CA, 0x08CA, 0x08CA, 0x08CA, 0x08CA, 0x08CA, 
	0x08CA, 0x08CA, 0x08CA, 0x08CA, 0x08CA, 0x08CA, 0x08CA, 0x08CA, 0x08CA, 0x08CA, 0x08CA, 0x08CA, 0x08CA, 0x08CA, 0x08CA, 0x08CA, 
	0x08CA, 0x08CA, 0x08CA, 0x08CA, 0x08CA, 0x08CA, 0x08CA, 0x08CA, 0x08CA, 0x08CA, 0x08CA, 0x08CA, 0x08CA, 0x08CA, 0x08CA, 0x08CA, 
	0x08CA, 0x08CA, 0x08CA, 0x08CA, 0x08CA, 0x08CA, 0x08CA, 0x08CA, 0x08CA, 0x08CA, 0x08CA, 0x08CA, 0x08CA, 0x08CA, 0x08CA, 0x08CA, 
	0x08CA, 0x08CA, 0x08CA, 0x08CA, 0x08CA, 0x08CA, 0x08CA, 0x08CA, 0x08CA, 0x08CA, 0x08CA, 0x08CA, 0x08CA, 0x08CA, 0x08CA, 0x08CA, 
	0x08CA, 0x08CA, 0x08CA, 0x08CA, 0x08CA, 0x08CA, 0x08CA, 0x08CA, 0x08CA, 0x08CA, 0x08CA, 0x08CA, 0x08CA, 0x08CA, 0x08CA, 0x08CA, 
	0x08CA, 0x08CA, 0x08CA, 0x08CA, 0x08CA, 0x08CA, 0x08CA, 0x08CA, 0x08CA, 0x08CA, 0x08CA, 0x08CA, 0x08CA, 0x08CA, 0x08CA, 0x08CA, 
	0x08CA, 0x08CA, 0x08CA, 0x08CA, 0x08CA, 0x08CA, 0x08CA, 0x08CA, 0x08CA, 0x08CA, 0x08CA, 0x08CA, 0x08CA, 0x08CA, 0x08CA, 0x08CA, 
	0x08CA, 0x08CA, 0x08CA, 0x08CA, 0x08CA, 0x08CA, 0x08CA, 0x08CA, 0x08CA, 0x08CA, 0x08CA, 0x08CA, 0x08CA, 0x08CA, 0x08CA, 0x08CA, 
	0x08CA, 0x08CA, 0x08CA, 0x08CA, 0x08CA, 0x08CA, 0x08CA, 0x08CA, 0x08CA, 0x08CA, 0x08CA, 0x08CA, 0x08CA, 0x08CA, 0x08CA, 0x08CA, 
	0x08CA, 0x08CA, 0x08CA, 0x08CA, 0x08CA, 0x08CA, 0x08CA, 0x08CA, 0x08CA, 0x08CA, 0x08CA, 0x08CA, 0x08CA, 0x08CA, 0x08CA, 0x08CA, 
	0x08CA, 0x08CA, 0x08CA, 0x08CA, 0x08CA, 0x08CA, 0x08CA, 0x08CA, 0x08CA, 0x08CA, 0x08CA, 0x08CA, 0x08CA, 0x08CA, 0x08CA, 0x08CA, 
	0x08CA, 0x08CA, 0x08CA, 0x08CA, 0x08CA, 0x08CA, 0x08CA, 0x08CA, 0x08CA, 0x08CA, 0x08CA, 0x08CA, 0x08CA, 0x08CA, 0x08CA, 0x08CA, 
	0x08CA, 0x08CA, 0x08CA, 0x08CA, 0x08CA, 0x08CA, 0x08CA, 0x08CA, 0x08CA, 0x08CA, 0x08CA, 0x08CA, 0x08CA, 0x08CA, 0x08CA, 0x08CA, 
	0x08CA, 0x08CA, 0x08CA, 0x08CA, 0x08CA, 0x08CA, 0x08CA, 0x08CA, 0x08CA, 0x08CA, 0x08CA, 0x08CA, 0x08CA, 0x08CA, 0x08CA, 0x08CA, 
	0x08CA, 0x08CA, 0x08CA, 0x08CA, 0x08CA, 0x08CA, 0x08CA, 0x08CA, 0x08CA, 0x08CA, 0x08CA, 0x08CA, 0x08CA, 0x08CA, 0x08CA, 0x08CA, 
	0x08CA, 0x08CA, 0x08CA, 0x08CA, 0x08CA, 0x08CA, 0x08CA, 0x08CA, 0x08CA, 0x08CA, 0x08CA, 0x08CA, 0x08CA, 0x08CA, 0x08CA, 0x08CA, 
	0x08CA, 0x08CA, 0x08CA, 0x08CA, 0x08CA, 0x08CA, 0x08CA, 0x08CA, 0x08CA, 0x08CA, 0x08CA, 0x08CA, 0x08CA, 0x08CA, 0x08CA, 0x08CA, 
	0x08CA, 0x08CA, 0x08CA, 0x08CA, 0x08CA, 0x08CA, 0x08CA, 0x08CA, 0x08CA, 0x08CA, 0x08CA, 0x08CA, 0x08CA, 0x08CA, 0x08CA, 0x08CA, 
	0x08CA, 0x08CA, 0x08CA, 0x08CA, 0x08CA, 0x08CA, 0x08CA, 0x08CA, 0x08CA, 0x08CA, 0x08CA, 0x08CA, 0x08CA, 0x08CA, 0x08CA, 0x08CA, 
	0x08CA, 0x08CA, 0x08CA, 0x08CA, 0x08CA, 0x08CA, 0x08CA, 0x08CA, 0x08CA, 0x08CA, 0x08CA, 0x08CA, 0x08CA, 0x08CA, 0x08CA, 0x08CA, 
	0x08CA, 0x08CA, 0x08CA, 0x08CA, 0x08CA, 0x08CA, 0x08CA, 0x08CA, 0x08CA, 0x08CA, 0x08CA, 0x08CA, 0x08CA, 0x08CA, 0x08CA, 0x08CA, 
	0x08CA, 0x08CA, 0x08CA, 0x08CA, 0x08CA, 0x08CA, 0x08CA, 0x08CA, 0x08CA, 0x08CA, 0x08CA, 0x08CA, 0x08CA, 0x08CA, 0x08CA, 0x08CA, 
	0x08CA, 0x08CA, 0x08CA, 0x08CA, 0x08CA, 0x08CA, 0x08CA, 0x08CA, 0x08CA, 0x08CA, 0x08CA, 0x08CA, 0x08CA, 0x08CA, 0x08CA, 0x08CA, 
	0x08CA, 0x08CA, 0x08CA, 0x08CA, 0x08CA, 0x08CA, 0x08CA, 0x08CA, 0x08CA, 0x08CA, 0x08CA, 0x08CA, 0x08CA, 0x08CA, 0x08CA, 0x08CA, 
	0x08CA, 0x08CA, 0x08CA, 0x08CA, 0x08CA, 0x08CA, 0x08CA, 0x08CA, 0x08CA, 0x08CA, 0x08CA, 0x08CA, 0x08CA, 0x08CA, 0x08CA, 0x08CA, 
	0x08CA, 0x08CA, 0x08CA, 0x08CA, 0x08CA, 0x08CA, 0x08CA, 0x08CA, 0x08CA, 0x08CA, 0x08CA, 0x08CA, 0x08CA, 0x08CA, 0x08CA, 0x08CA, 
	0x08CA, 0x08CA, 0x08CA, 0x08CA, 0x08CA, 0x08CA, 0x08CA, 0x08CA, 0x08CA, 0x08CA, 0x08CA, 0x08CA, 0x08CA, 0x08CA, 0x08CA, 0x08CA, 
	0x08CA, 0x08CA, 0x08CA, 0x08CA, 0x08CA, 0x08CA, 0x08CA, 0x08CA, 0x08CA, 0x08CA, 0x08CA, 0x08CA, 0x08CA, 0x08CA, 0x08CA, 0x08CA, 
	0x08CA, 0x08CA, 0x08CA, 0x08CA, 0x08CA, 0x08CA, 0x08CA, 0x08CA, 0x08CA, 0x08CA, 0x08CA, 0x08CA, 0x08CA, 0x08CA, 0x08CA, 0x08CA, 
	0x08CA, 0x08CA, 0x08CA, 0x08CA, 0x08CA, 0x08CA, 0x08CA, 0x08CA, 0x08CA, 0x08CA, 0x08CA, 0x08CA, 0x08CA, 0x08CA, 0x08CA, 0x08CA, 
	0x08CA, 0x08CA, 0x08CA, 0x08CA, 0x08CA, 0x08CA, 0x08CA, 0x08CA, 0x08CA, 0x08CA, 0x08CA, 0x08CA, 0x08CA, 0x08CA, 0x08CA, 0x08CA, 
	0x08CA, 0x08CA, 0x08CA, 0x08CA, 0x08CA, 0x08CA, 0x08CA, 0x08CA, 0x08CA, 0x08CA, 0x08CA, 0x08CA, 0x08CA, 0x08CA, 0x08CA, 0x08CA, 
	0x08CA, 0x08CA, 0x08CA, 0x08CA, 0x08CA, 0x08CA, 0x08CA, 0x08CA, 0x08CA, 0x08CA, 0x08CA, 0x08CA, 0x08CA, 0x08CA, 0x08CA, 0x08CA, 
	0x08CA, 0x08CA, 0x08CA, 0x08CA, 0x08CA, 0x08CA, 0x08CA, 0x08CA, 0x08CA, 0x08CA, 0x08CA, 0x08CA, 0x08CA, 0x08CA, 0x08CA, 0x08CA, 
	0x08CA, 0x08CA, 0x08CA, 0x08CA, 0x08CA, 0x08CA, 0x08CA, 0x08CA, 0x08CA, 0x08CA, 0x08CA, 0x08CA, 0x08CA, 0x08CA, 0x08CA, 0x08CA, 
	0x08CA, 0x08CA, 0x08CA, 0x08CA, 0x08CA, 0x08CA, 0x08CA, 0x08CA, 0x08CA, 0x08CA, 0x08CA, 0x08CA, 0x08CA, 0x08CA, 0x08CA, 0x08CA, 
	0x08CA, 0x08CA, 0x08CA, 0x08CA, 0x08CA, 0x08CA, 0x08CA, 0x08CA, 0x08CA, 0x08CA, 0x08CA, 0x08CA, 0x08CA, 0x08CA, 0x08CA, 0x08CA, 
	0x08CA, 0x08CA, 0x08CA, 0x08CA, 0x08CA, 0x08CA, 0x08CA, 0x08CA, 0x08CA, 0x08CA, 0x08CA, 0x08CA, 0x08CA, 0x08CA, 0x08CA, 0x08CA, 
	0x08CA, 0x08CA, 0x08CA, 0x08CA, 0x08CA, 0x08CA, 0x08CA, 0x08CA, 0x08CA, 0x08CA, 0x08CA, 0x08CA, 0x08CA, 0x08CA, 0x08CA, 0x08CA, 
	0x08CA, 0x08CA, 0x08CA, 0x08CA, 0x08CA, 0x08CA, 0x08CA, 0x08CA, 0x08CA, 0x08CA, 0x08CA, 0x08CA, 0x08CA, 0x08CA, 0x08CA, 0x08CA, 
	0x08CA, 0x08CA, 0x08CA, 0x08CA, 0x08CA, 0x08CA, 0x08CA, 0x08CA, 0x08CA, 0x08CA, 0x08CA, 0x08CA, 0x08CA, 0x08CA, 0x08CA, 0x08CA, 
	0x08CA, 0x08CA, 0x08CA, 0x08CA, 0x08CA, 0x08CA, 0x08CA, 0x08CA, 0x08CA, 0x08CA, 0x08CA, 0x08CA, 0x08CA, 0x08CA, 0x08CA, 0x08CA, 
	0x08CA, 0x08CA, 0x08CA, 0x08CA, 0x08CA, 0x08CA, 0x08CA, 0x08CA, 0x08CA, 0x08CA, 0x08CA, 0x08CA, 0x08CA, 0x08CA, 0x08CA, 0x08CA, 
	0x08CA, 0x08CA, 0x08CA, 0x08CA, 0x08CA, 0x08CA, 0x08CA, 0x08CA, 0x08CA, 0x08CA, 0x08CA, 0x08CA, 0x08CA, 0x08CA, 0x08CA, 0x08CA, 
	0x08CA, 0x08CA, 0x08CA, 0x08CA, 0x08CA, 0x08CA, 0x08CA, 0x08CA, 0x08CA, 0x08CA, 0x08CA, 0x08CA, 0x08CA, 0x08CA, 0x08CA, 0x08CA, 
	0x08CA, 0x08CA, 0x08CA, 0x08CA, 0x08CA, 0x08CA, 0x08CA, 0x08CA, 0x08CA, 0x08CA, 0x08CA, 0x08CA, 0x08CA, 0x08CA, 0x08CA, 0x08CA, 
	0x08CA, 0x08CA, 0x08CA, 0x08CA, 0x08CA, 0x08CA, 0x08CA, 0x08CA, 0x08CA, 0x08CA, 0x08CA, 0x08CA, 0x08CA, 0x08CA, 0x08CA, 0x08CA, 
	0x08CA, 0x08CA, 0x08CA, 0x08CA, 0x08CA, 0x08CA, 0x08CA, 0x08CA, 0x08CA, 0x08CA, 0x08CA, 0x08CA, 0x08CA, 0x08CA, 0x08CA, 0x08CA, 
	0x08CA, 0x08CA, 0x08CA, 0x08CA, 0x08CA, 0x08CA, 0x08CA, 0x08CA, 0x08CA, 0x08CA, 0x08CA, 0x08CA, 0x08CA, 0x08CA, 0x08CA, 0x08CA, 
	0x08CA, 0x08CA, 0x08CA, 0x08CA, 0x08CA, 0x08CA, 0x08CA, 0x08CA, 0x08CA, 0x08CA, 0x08CA, 0x08CA, 0x08CA, 0x08CA, 0x08CA, 0x08CA, 
	0x08CA, 0x08CA, 0x08CA, 0x08CA, 0x08CA, 0x08CA, 0x08CA, 0x08CA, 0x08CA, 0x08CA, 0x08CA, 0x08CA, 0x08CA, 0x08CA, 0x08CA, 0x08CA, 
	0x08CA, 0x08CA, 0x08CA, 0x08CA, 0x08CA, 0x08CA, 0x08CA, 0x08CA, 0x08CA, 0x08CA, 0x08CA, 0x08CA, 0x08CA, 0x08CA, 0x08CA, 0x08CA, 
	0x08CA, 0x08CA, 0x08CA, 0x08CA, 0x08CA, 0x08CA, 0x08CA, 0x08CA, 0x08CA, 0x08CA, 0x08CA, 0x08CA, 0x08CA, 0x08CA, 0x08CA, 0x08CA, 
	0x08CA, 0x08CA, 0x08CA, 0x08CA, 0x08CA, 0x08CA, 0x08CA, 0x08CA, 0x08CA, 0x08CA, 0x08CA, 0x08CA, 0x08CA, 0x08CA, 0x08CA, 0x08CA, 
	0x08CA, 0x08CA, 0x08CA, 0x08CA, 0x08CA, 0x08CA, 0x08CA, 0x08CA, 0x08CA, 0x08CA, 0x08CA, 0x08CA, 0x08CA, 0x08CA, 0x08CA, 0x08CA, 
	0x08CA, 0x08CA, 0x08CA, 0x08CA, 0x08CA, 0x08CA, 0x08CA, 0x08CA, 0x08CA, 0x08CA, 0x08CA, 0x08CA, 0x08CA, 0x08CA, 0x08CA, 0x08CA, 
	0x08CA, 0x08CA, 0x08CA, 0x08CA, 0x08CA, 0x08CA, 0x08CA, 0x08CA, 0x08CA, 0x08CA, 0x08CA, 0x08CA, 0x08CA, 0x08CA, 0x08CA, 0x08CA, 
	0x08CA, 0x08CA, 0x08CA, 0x08CA, 0x08CA, 0x08CA, 0x08CA, 0x08CA, 0x08CA, 0x08CA, 0x08CA, 0x08CA, 0x08CA, 0x08CA, 0x08CA, 0x08CA, 
	0x08CA, 0x08CA, 0x08CA, 0x08CA, 0x08CA, 0x08CA, 0x08CA, 0x08CA, 0x08CA, 0x08CA, 0x08CA, 0x08CA, 0x08CA, 0x08CA, 0x08CA, 0x08CA, 
	0x08CA, 0x08CA, 0x08CA, 0x08CA, 0x08CA, 0x08CA, 0x08CA, 0x08CA, 0x08CA, 0x08CA, 0x08CA, 0x08CA, 0x08CA, 0x08CA, 0x08CA, 0x08CA, 
	0x08CA, 0x08CA, 0x08CA, 0x08CA, 0x08CA, 0x08CA, 0x08CA, 0x08CA, 0x08CA, 0x08CA, 0x08CA, 0x08CA, 0x08CA, 0x08CA, 0x08CA, 0x08CA, 
	0x08CA, 0x08CA, 0x08CA, 0x08CA, 0x08CA, 0x08CA, 0x08CA, 0x08CA, 0x08CA, 0x08CA, 0x08CA, 0x08CA, 0x08CA, 0x08CA, 0x08CA, 0x08CA, 
	0x08CA, 0x08CA, 0x08CA, 0x08CA, 0x08CA, 0x08CA, 0x08CA, 0x08CA, 0x08CA, 0x08CA, 0x08CA, 0x08CA, 0x08CA, 0x08CA, 0x08CA, 0x08CA, 
	0x08CA, 0x08CA, 0x08CA, 0x08CA, 0x08CA, 0x08CA, 0x08CA, 0x08CA, 0x08CA, 0x08CA, 0x08CA, 0x08CA, 0x08CA, 0x08CA, 0x08CA, 0x08CA, 
	0x08CA, 0x08CA, 0x08CA, 0x08CA, 0x08CA, 0x08CA, 0x08CA, 0x08CA, 0x08CA, 0x08CA, 0x08CA, 0x08CA, 0x08CA, 0x08CA, 0x08CA, 0x08CA, 
	0x08CA, 0x08CA, 0x08CA, 0x08CA, 0x08CA, 0x08CA, 0x08CA, 0x08CA, 0x08CA, 0x08CA, 0x08CA, 0x08CA, 0x08CA, 0x08CA, 0x08CA, 0x08CA, 
	0x08CA, 0x08CA, 0x08CA, 0x08CA, 0x08CA, 0x08CA, 0x08CA, 0x08CA, 0x08CA, 0x08CA, 0x08CA, 0x08CA, 0x08CA, 0x08CA, 0x08CA, 0x08CA, 
	0x08CA, 0x08CA, 0x08CA, 0x08CA, 0x08CA, 0x08CA, 0x08CA, 0x08CA, 0x08CA, 0x08CA, 0x08CA, 0x08CA, 0x08CA, 0x08CA, 0x08CA, 0x08CA, 
	0x08CA, 0x08CA, 0x08CA, 0x08CA, 0x08CA, 0x08CA, 0x08CA, 0x08CA, 0x08CA, 0x08CA, 0x08CA, 0x08CA, 0x08CA, 0x08CA, 0x08CA, 0x08CA, 
	0x08CA, 0x08CA, 0x08CA, 0x08CA, 0x08CA, 0x08CA, 0x08CA, 0x08CA, 0x08CA, 0x08CA, 0x08CA, 0x08CA, 0x08CA, 0x08CA, 0x08CA, 0x08CA, 
	0x08CA, 0x08CA, 0x08CA, 0x08CA, 0x08CA, 0x08CA, 0x08CA, 0x08CA, 0x08CA, 0x08CA, 0x08CA, 0x08CA, 0x08CA, 0x08CA, 0x08CA, 0x08CA, 
	0x08CA, 0x08CA, 0x08CA, 0x08CA, 0x08CA, 0x08CA, 0x08CA, 0x08CA, 0x08CA, 0x08CA, 0x08CA, 0x08CA, 0x08CA, 0x08CA, 0x08CA, 0x08CA, 
	0x08CA, 0x08CA, 0x08CA, 0x08CA, 0x08CA, 0x08CA, 0x08CA, 0x08CA, 0x08CA, 0x08CA, 0x08CA, 0x08CA, 0x08CA, 0x08CA, 0x08CA, 0x08CA, 
	0x08CA, 0x08CA, 0x08CA, 0x08CA, 0x08CA, 0x08CA, 0x08CA, 0x08CA, 0x08CA, 0x08CA, 0x08CA, 0x08CA, 0x08CA, 0x08CA, 0x08CA, 0x08CA, 
	0x08CA, 0x08CA, 0x08CA, 0x08CA, 0x08CA, 0x08CA, 0x08CA, 0x08CA, 0x08CA, 0x08CA, 0x08CA, 0x08CA, 0x08CA, 0x08CA, 0x08CA, 0x08CA, 
	0x08CA, 0x08CA, 0x08CA, 0x08CA, 0x08CA, 0x08CA, 0x08CA, 0x08CA, 0x08CA, 0x08CA, 0x08CA, 0x08CA, 0x08CA, 0x08CA, 0x08CA, 0x08CA, 
	0x08CA, 0x08CA, 0x08CA, 0x08CA, 0x08CA, 0x08CA, 0x08CA, 0x08CA, 0x08CA, 0x08CA, 0x08CA, 0x08CA, 0x08CA, 0x08CA, 0x08CA, 0x08CA, 
	0x08CA, 0x08CA, 0x08CA, 0x08CA, 0x08CA, 0x08CA, 0x08CA, 0x08CA, 0x08CA, 0x08CA, 0x08CA, 0x08CA, 0x08CA, 0x08CA, 0x08CA, 0x08CA, 
	0x08CA, 0x08CA, 0x08CA, 0x08CA, 0x08CA, 0x08CA, 0x08CA, 0x08CA, 0x08CA, 0x08CA, 0x08CA, 0x08CA, 0x08CA, 0x08CA, 0x08CA, 0x08CA, 
	0x08CA, 0x08CA, 0x08CA, 0x08CA, 0x08CA, 0x08CA, 0x08CA, 0x08CA, 0x08CA, 0x08CA, 0x08CA, 0x08CA, 0x08CA, 0x08CA, 0x08CA, 0x08CA, 
	0x08CA, 0x08CA, 0x08CA, 0x08CA, 0x08CA, 0x08CA, 0x08CA, 0x08CA, 0x08CA, 0x08CA, 0x08CA, 0x08CA, 0x08CA, 0x08CA, 0x08CA, 0x08CA, 
	0x08CA, 0x08CA, 0x08CA, 0x08CA, 0x08CA, 0x08CA, 0x08CA, 0x08CA, 0x08CA, 0x08CA, 0x08CA, 0x08CA, 0x08CA, 0x08CA, 0x08CA, 0x08CA, 
	0x08CA, 0x08CA, 0x08CA, 0x08CA, 0x08CA, 0x08CA, 0x08CA, 0x08CA, 0x08CA, 0x08CA, 0x08CA, 0x08CA, 0x08CA, 0x08CA, 0x08CA, 0x08CA, 
	0x08CA, 0x08CA, 0x08CA, 0x08CA, 0x08CA, 0x08CA, 0x08CA, 0x08CA, 0x08CA, 0x08CA, 0x08CA, 0x08CA, 0x08CA, 0x08CA, 0x08CA, 0x08CA, 
	0x08CA, 0x08CA, 0x08CA, 0x08CA, 0x08CA, 0x08CA, 0x08CA, 0x08CA, 0x08CA, 0x08CA, 0x08CA, 0x08CA, 0x08CA, 0x08CA, 0x08CA, 0x08CA, 
	0x08CA, 0x08CA, 0x08CA, 0x08CA, 0x08CA, 0x08CA, 0x08CA, 0x08CA, 0x08CA, 0x08CA, 0x08CA, 0x08CA, 0x08CA, 0x08CA, 0x08CA, 0x08CA, 
	0x08CA, 0x08CA, 0x08CA, 0x08CA, 0x08CA, 0x08CA, 0x08CA, 0x08CA, 0x08CA, 0x08CA, 0x08CA, 0x08CA, 0x08CA, 0x08CA, 0x08CA, 0x08CA, 
	0x08CA, 0x08CA, 0x08CA, 0x08CA, 0x08CA, 0x08CA, 0x08CA, 0x08CA, 0x08CA, 0x08CA, 0x08CA, 0x08CA, 0x08CA, 0x08CA, 0x08CA, 0x08CA, 
	0x08CA, 0x08CA, 0x08CA, 0x08CA, 0x08CA, 0x08CA, 0x08CA, 0x08CA, 0x08CA, 0x08CA, 0x08CA, 0x08CA, 0x08CA, 0x08CA, 0x08CA, 0x08CA, 
	0x08CA, 0x08CA, 0x08CA, 0x08CA, 0x08CA, 0x08CA, 0x08CA, 0x08CA, 0x08CA, 0x08CA, 0x08CA, 0x08CA, 0x08CA, 0x08CA, 0x08CA, 0x08CA, 
	0x08CA, 0x08CA, 0x08CA, 0x08CA, 0x08CA, 0x08CA, 0x08CA, 0x08CA, 0x08CA, 0x08CA, 0x08CA, 0x08CA, 0x08CA, 0x08CA, 0x08CA, 0x08CA, 
	0x08CA, 0x08CA, 0x08CA, 0x08CA, 0x08CA, 0x08CA, 0x08CA, 0x08CA, 0x08CA, 0x08CA, 0x08CA, 0x08CA, 0x08CA, 0x08CA, 0x08CA, 0x08CA, 
	0x08CA, 0x08CA, 0x08CA, 0x08CA, 0x08CA, 0x08CA, 0x08CA, 0x08CA, 0x08CA, 0x08CA, 0x08CA, 0x08CA, 0x08CA, 0x08CA, 0x08CA, 0x08CA, 
	0x08CA, 0x08CA, 0x08CA, 0x08CA, 0x08CA, 0x08CA, 0x08CA, 0x08CA, 0x08CA, 0x08CA, 0x08CA, 0x08CA, 0x08CA, 0x08CA, 0x08CA, 0x08CA, 
	0x08CA, 0x08CA, 0x08CA, 0x08CA, 0x08CA, 0x08CA, 0x08CA, 0x08CA, 0x08CA, 0x08CA, 0x08CA, 0x08CA, 0x08CA, 0x08CA, 0x08CA, 0x08CA, 
	0x08CA, 0x08CA, 0x08CA, 0x08CA, 0x08CA, 0x08CA, 0x08CA, 0x08CA, 0x08CA, 0x08CA, 0x08CA, 0x08CA, 0x08CA, 0x08CA, 0x08CA, 0x08CA, 
	0x08CA, 0x08CA, 0x08CA, 0x08CA, 0x08CA, 0x08CA, 0x08CA, 0x08CA, 0x08CA, 0x08CA, 0x08CA, 0x08CA, 0x08CA, 0x08CA, 0x08CA, 0x08CA, 
	0x08CA, 0x08CA, 0x08CA, 0x08CA, 0x08CA, 0x08CA, 0x08CA, 0x08CA, 0x08CA, 0x08CA, 0x08CA, 0x08CA, 0x08CA, 0x08CA, 0x08CA, 0x08CA, 
	0x08CA, 0x08CA, 0x08CA, 0x08CA, 0x08CA, 0x08CA, 0x08CA, 0x08CA, 0x08CA, 0x08CA, 0x08CA, 0x08CA, 0x08CA, 0x08CA, 0x08CA, 0x08CA, 
	0x08CA, 0x08CA, 0x08CA, 0x08CA, 0x08CA, 0x08CA, 0x08CA, 0x08CA, 0x08CA, 0x08CA, 0x08CA, 0x08CA, 0x08CA, 0x08CA, 0x08CA, 0x08CA, 
	0x08CA, 0x08CA, 0x08CA, 0x08CA, 0x08CA, 0x08CA, 0x08CA, 0x08CA, 0x08CA, 0x08CA, 0x08CA, 0x08CA, 0x08CA, 0x08CA, 0x08CA, 0x08CA, 
	0x08CA, 0x08CA, 0x08CA, 0x08CA, 0x08CA, 0x08CA, 0x08CA, 0x08CA, 0x08CA, 0x08CA, 0x08CA, 0x08CA, 0x08CA, 0x08CA, 0x08CA, 0x08CA, 
	0x08CA, 0x08CA, 0x08CA, 0x08CA, 0x08CA, 0x08CA, 0x08CA, 0x08CA, 0x08CA, 0x08CA, 0x08CA, 0x08CA, 0x08CA, 0x08CA, 0x08CA, 0x08CA, 
	0x08CA, 0x08CA, 0x08CA, 0x08CA, 0x08CA, 0x08CA, 0x08CA, 0x08CA, 0x08CA, 0x08CA, 0x08CA, 0x08CA, 0x08CA, 0x08CA, 0x08CA, 0x08CA, 
	0x08CA, 0x08CA, 0x08CA, 0x08CA, 0x08CA, 0x08CA, 0x08CA, 0x08CA, 0x08CA, 0x08CA, 0x08CA, 0x08CA, 0x08CA, 0x08CA, 0x08CA, 0x08CA, 
	0x08CA, 0x08CA, 0x08CA, 0x08CA, 0x08CA, 0x08CA, 0x08CA, 0x08CA, 0x08CA, 0x08CA, 0x08CA, 0x08CA, 0x08CA, 0x08CA, 0x08CA, 0x08CA, 
	0x08CA, 0x08CA, 0x08CA, 0x08CA, 0x08CA, 0x08CA, 0x08CA, 0x08CA, 0x08CA, 0x08CA, 0x08CA, 0x08CA, 0x08CA, 0x08CA, 0x08CA, 0x08CA, 
	0x08CA, 0x08CA, 0x08CA, 0x08CA, 0x08CA, 0x08CA, 0x08CA, 0x08CA, 0x08CA, 0x08CA, 0x08CA, 0x08CA, 0x08CA, 0x08CA, 0x08CA, 0x08CA, 
	0x08CA, 0x08CA, 0x08CA, 0x08CA, 0x08CA, 0x08CA, 0x08CA, 0x08CA, 0x08CA, 0x08CA, 0x08CA, 0x08CA, 0x08CA, 0x08CA, 0x08CA, 0x08CA, 
	0x08CA, 0x08CA, 0x08CA, 0x08CA, 0x08CA, 0x08CA, 0x08CA, 0x08CA, 0x08CA, 0x08CA, 0x08CA, 0x08CA, 0x08CA, 0x08CA, 0x08CA, 0x08CA, 
	0x08CA, 0x08CA, 0x08CA, 0x08CA, 0x08CA, 0x08CA, 0x08CA, 0x08CA, 0x08CA, 0x08CA, 0x08CA, 0x08CA, 0x08CA, 0x08CA, 0x08CA, 0x08CA, 
	0x08CA, 0x08CA, 0x08CA, 0x08CA, 0x08CA, 0x08CA, 0x08CA, 0x08CA, 0x08CA, 0x08CA, 0x08CA, 0x08CA, 0x08CA, 0x08CA, 0x08CA, 0x08CA, 
	0x08CA, 0x08CA, 0x08CA, 0x08CA, 0x08CA, 0x08CA, 0x08CA, 0x08CA, 0x08CA, 0x08CA, 0x08CA, 0x08CA, 0x08CA, 0x08CA, 0x08CA, 0x08CA, 
	0x08CA, 0x08CA, 0x08CA, 0x08CA, 0x08CA, 0x08CA, 0x08CA, 0x08CA, 0x08CA, 0x08CA, 0x08CA, 0x08CA, 0x08CA, 0x08CA, 0x08CA, 0x08CA, 
	0x08CA, 0x08CA, 0x08CA, 0x08CA, 0x08CA, 0x08CA, 0x08CA, 0x08CA, 0x08CA, 0x08CA, 0x08CA, 0x08CA, 0x08CA, 0x08CA, 0x08CA, 0x08CA, 
	0x08CA, 0x08CA, 0x08CA, 0x08CA, 0x08CA, 0x08CA, 0x08CA, 0x08CA, 0x08CA, 0x08CA, 0x08CA, 0x08CA, 0x08CA, 0x08CA, 0x08CA, 0x08CA, 
	0x08CA, 0x08CA, 0x08CA, 0x08CA, 0x08CA, 0x08CA, 0x08CA, 0x08CA, 0x08CA, 0x08CA, 0x08CA, 0x08CA, 0x08CA, 0x08CA, 0x08CA, 0x08CA, 
	0x08CA, 0x08CA, 0x08CA, 0x08CA, 0x08CA, 0x08CA, 0x08CA, 0x08CA, 0x08CA, 0x08CA, 0x08CA, 0x08CA, 0x08CA, 0x08CA, 0x08CA, 0x08CA, 
	0x08CA, 0x08CA, 0x08CA, 0x08CA, 0x08CA, 0x08CA, 0x08CA, 0x08CA, 0x08CA, 0x08CA, 0x08CA, 0x08CA, 0x08CA, 0x08CA, 0x08CA, 0x08CA, 
	0x08CA, 0x08CA, 0x08CA, 0x08CA, 0x08CA, 0x08CA, 0x08CA, 0x08CA, 0x08CA, 0x08CA, 0x08CA, 0x08CA, 0x08CA, 0x08CA, 0x08CA, 0x08CA, 
	0x08CA, 0x08CA, 0x08CA, 0x08CA, 0x08CA, 0x08CA, 0x08CA, 0x08CA, 0x08CA, 0x08CA, 0x08CA, 0x08CA, 0x08CA, 0x08CA, 0x08CA, 0x08CA, 
	0x08CA, 0x08CA, 0x08CA, 0x08CA, 0x08CA, 0x08CA, 0x08CA, 0x08CA, 0x08CA, 0x08CA, 0x08CA, 0x08CA, 0x08CA, 0x08CA, 0x08CA, 0x08CA, 
	0x08CA, 0x08CA, 0x08CA, 0x08CA, 0x08CA, 0x08CA, 0x08CA, 0x08CA, 0x08CA, 0x08CA, 0x08CA, 0x08CA, 0x08CA, 0x08CA, 0x08CA, 0x08CA, 
	0x08CA, 0x08CA, 0x08CA, 0x08CA, 0x08CA, 0x08CA, 0x08CA, 0x08CA, 0x08CA, 0x08CA, 0x08CA, 0x08CA, 0x08CA, 0x08CA, 0x08CA, 0x08CA, 
	0x08CA, 0x08CA, 0x08CA, 0x08CA, 0x08CA, 0x08CA, 0x08CA, 0x08CA, 0x08CA, 0x08CA, 0x08CA, 0x08CA, 0x08CA, 0x08CA, 0x08CA, 0x08CA, 
	0x08CA, 0x08CA, 0x08CA, 0x08CA, 0x08CA, 0x08CA, 0x08CA, 0x08CA, 0x08CA, 0x08CA, 0x08CA, 0x08CA, 0x08CA, 0x08CA, 0x08CA, 0x08CA, 
	0x08CA, 0x08CA, 0x08CA, 0x08CA, 0x08CA, 0x08CA, 0x08CA, 0x08CA, 0x08CA, 0x08CA, 0x08CA, 0x08CA, 0x08CA, 0x08CA, 0x08CA, 0x08CA, 
	0x08CA, 0x08CA, 0x08CA, 0x08CA, 0x08CA, 0x08CA, 0x08CA, 0x08CA, 0x08CA, 0x08CA, 0x08CA, 0x08CA, 0x08CA, 0x08CA, 0x08CA, 0x08CA, 
	0x08CA, 0x08CA, 0x08CA, 0x08CA, 0x08CA, 0x08CA, 0x08CA, 0x08CA, 0x08CA, 0x08CA, 0x08CA, 0x08CA, 0x08CA, 0x08CA, 0x08CA, 0x08CA, 
	0x08CA, 0x08CA, 0x08CA, 0x08CA, 0x08CA, 0x08CA, 0x08CA, 0x08CA, 0x08CA, 0x08CA, 0x08CA, 0x08CA, 0x08CA, 0x08CA, 0x08CA, 0x08CA, 
	0x08CA, 0x08CA, 0x08CA, 0x08CA, 0x08CA, 0x08CA, 0x08CA, 0x08CA, 0x08CA, 0x08CA, 0x08CA, 0x08CA, 0x08CA, 0x08CA, 0x08CA, 0x08CA, 
	0x08CA, 0x08CA, 0x08CA, 0x08CA, 0x08CA, 0x08CA, 0x08CA, 0x08CA, 0x08CA, 0x08CA, 0x08CA, 0x08CA, 0x08CA, 0x08CA, 0x08CA, 0x08CA, 
	0x08CA, 0x08CA, 0x08CA, 0x08CA, 0x08CA, 0x08CA, 0x08CA, 0x08CA, 0x08CA, 0x08CA, 0x08CA, 0x08CA, 0x08CA, 0x08CA, 0x08CA, 0x08CA, 
	0x08CA, 0x08CA, 0x08CA, 0x08CA, 0x08CA, 0x08CA, 0x08CA, 0x08CA, 0x08CA, 0x08CA, 0x08CA, 0x08CA, 0x08CA, 0x08CA, 0x08CA, 0x08CA, 
	0x08CA, 0x08CA, 0x08CA, 0x08CA, 0x08CA, 0x08CA, 0x08CA, 0x08CA, 0x08CA, 0x08CA, 0x08CA, 0x08CA, 0x08CA, 0x08CA, 0x08CA, 0x08CA, 
	0x08CA, 0x08CA, 0x08CA, 0x08CA, 0x08CA, 0x08CA, 0x08CA, 0x08CA, 0x08CA, 0x08CA, 0x08CA, 0x08CA, 0x08CA, 0x08CA, 0x08CA, 0x08CA, 
	0x08CA, 0x08CA, 0x08CA, 0x08CA, 0x08CA, 0x08CA, 0x08CA, 0x08CA, 0x08CA, 0x08CA, 0x08CA, 0x08CA, 0x08CA, 0x08CA, 0x08CA, 0x08CA, 
	0x08CA, 0x08CA, 0x08CA, 0x08CA, 0x08CA, 0x08CA, 0x08CA, 0x08CA, 0x08CA, 0x08CA, 0x08CA, 0x08CA, 0x08CA, 0x08CA, 0x08CA, 0x08CA, 
	0x08CA, 0x08CA, 0x08CA, 0x08CA, 0x08CA, 0x08CA, 0x08CA, 0x08CA, 0x08CA, 0x08CA, 0x08CA, 0x08CA, 0x08CA, 0x08CA, 0x08CA, 0x08CA, 
	0x08CA, 0x08CA, 0x08CA, 0x08CA, 0x08CA, 0x08CA, 0x08CA, 0x08CA, 0x08CA, 0x08CA, 0x08CA, 0x08CA, 0x08CA, 0x08CA, 0x08CA, 0x08CA, 
	0x08CA, 0x08CA, 0x08CA, 0x08CA, 0x08CA, 0x08CA, 0x08CA, 0x08CA, 0x08CA, 0x08CA, 0x08CA, 0x08CA, 0x08CA, 0x08CA, 0x08CA, 0x08CA, 
	0x08CA, 0x08CA, 0x08CA, 0x08CA, 0x08CA, 0x08CA, 0x08CA, 0x08CA, 0x08CA, 0x08CA, 0x08CA, 0x08CA, 0x08CA, 0x08CA, 0x08CA, 0x08CA, 
	0x08CA, 0x08CA, 0x08CA, 0x08CA, 0x08CA, 0x08CA, 0x08CA, 0x08CA, 0x08CA, 0x08CA, 0x08CA, 0x08CA, 0x08CA, 0x08CA, 0x08CA, 0x08CA, 
	0x08CA, 0x08CA, 0x08CA, 0x08CA, 0x08CA, 0x08CA, 0x08CA, 0x08CA, 0x08CA, 0x08CA, 0x08CA, 0x08CA, 0x08CA, 0x08CA, 0x08CA, 0x08CA, 
	0x08CA, 0x08CA, 0x08CA, 0x08CA, 0x08CA, 0x08CA, 0x08CA, 0x08CA, 0x08CA, 0x08CA, 0x08CA, 0x08CA, 0x08CA, 0x08CA, 0x08CA, 0x08CA, 
	0x08CA, 0x08CA, 0x08CA, 0x08CA, 0x08CA, 0x08CA, 0x08CA, 0x08CA, 0x08CA, 0x08CA, 0x08CA, 0x08CA, 0x08CA, 0x08CA, 0x08CA, 0x08CA, 
	0x08CA, 0x08CA, 0x08CA, 0x08CA, 0x08CA, 0x08CA, 0x08CA, 0x08CA, 0x08CA, 0x08CA, 0x08CA, 0x08CA, 0x08CA, 0x08CA, 0x08CA, 0x08CA, 
	0x08CA, 0x08CA, 0x08CA, 0x08CA, 0x08CA, 0x08CA, 0x08CA, 0x08CA, 0x08CA, 0x08CA, 0x08CA, 0x08CA, 0x08CA, 0x08CA, 0x08CA, 0x08CA, 
	0x08CA, 0x08CA, 0x08CA, 0x08CA, 0x08CA, 0x08CA, 0x08CA, 0x08CA, 0x08CA, 0x08CA, 0x08CA, 0x08CA, 0x08CA, 0x08CA, 0x08CA, 0x08CA, 
	0x08CA, 0x08CA, 0x08CA, 0x08CA, 0x08CA, 0x08CA, 0x08CA, 0x08CA, 0x08CA, 0x08CA, 0x08CA, 0x08CA, 0x08CA, 0x08CA, 0x08CA, 0x08CA, 
	0x08CA, 0x08CA, 0x08CA, 0x08CA, 0x08CA, 0x08CA, 0x08CA, 0x08CA, 0x08CA, 0x08CA, 0x08CA, 0x08CA, 0x08CA, 0x08CA, 0x08CA, 0x08CA, 
	0x08CA, 0x08CA, 0x08CA, 0x08CA, 0x08CA, 0x08CA, 0x08CA, 0x08CA, 0x08CA, 0x08CA, 0x08CA, 0x08CA, 0x08CA, 0x08CA, 0x08CA, 0x08CA, 
	0x08CA, 0x08CA, 0x08CA, 0x08CA, 0x08CA, 0x08CA, 0x08CA, 0x08CA, 0x08CA, 0x08CA, 0x08CA, 0x08CA, 0x08CA, 0x08CA, 0x08CA, 0x08CA, 
	0x08CA, 0x08CA, 0x08CA, 0x08CA, 0x08CA, 0x08CA, 0x08CA, 0x08CA, 0x08CA, 0x08CA, 0x08CA, 0x08CA, 0x08CA, 0x08CA, 0x08CA, 0x08CA, 
	0x08CA, 0x08CA, 0x08CA, 0x08CA, 0x08CA, 0x08CA, 0x08CA, 0x08CA, 0x08CA, 0x08CA, 0x08CA, 0x08CA, 0x08CA, 0x08CA, 0x08CA, 0x08CA, 
	0x08CA, 0x08CA, 0x08CA, 0x08CA, 0x08CA, 0x08CA, 0x08CA, 0x08CA, 0x08CA, 0x08CA, 0x08CA, 0x08CA, 0x08CA, 0x08CA, 0x08CA, 0x08CA, 
	0x08CA, 0x08CA, 0x08CA, 0x08CA, 0x08CA, 0x08CA, 0x08CA, 0x08CA, 0x08CA, 0x08CA, 0x08CA, 0x08CA, 0x08CA, 0x08CA, 0x08CA, 0x08CA, 
	0x08CA, 0x08CA, 0x08CA, 0x08CA, 0x08CA, 0x08CA, 0x08CA, 0x08CA, 0x08CA, 0x08CA, 0x08CA, 0x08CA, 0x08CA, 0x08CA, 0x08CA, 0x08CA, 
	0x08CA, 0x08CA, 0x08CA, 0x08CA, 0x08CA, 0x08CA, 0x08CA, 0x08CA, 0x08CA, 0x08CA, 0x08CA, 0x08CA, 0x08CA, 0x08CA, 0x08CA, 0x08CA, 
	0x08CA, 0x08CA, 0x08CA, 0x08CA, 0x08CA, 0x08CA, 0x08CA, 0x08CA, 0x08CA, 0x08CA, 0x08CA, 0x08CA, 0x08CA, 0x08CA, 0x08CA, 0x08CA, 
	0x08CA, 0x08CA, 0x08CA, 0x08CA, 0x08CA, 0x08CA, 0x08CA, 0x08CA, 0x08CA, 0x08CA, 0x08CA, 0x08CA, 0x08CA, 0x08CA, 0x08CA, 0x08CA, 
	0x08CA, 0x08CA, 0x08CA, 0x08CA, 0x08CA, 0x08CA, 0x08CA, 0x08CA, 0x08CA, 0x08CA, 0x08CA, 0x08CA, 0x08CA, 0x08CA, 0x08CA, 0x08CA, 
	0x08CA, 0x08CA, 0x08CA, 0x08CA, 0x08CA, 0x08CA, 0x08CA, 0x08CA, 0x08CA, 0x08CA, 0x08CA, 0x08CA, 0x08CA, 0x08CA, 0x08CA, 0x08CA, 
	0x08CA, 0x08CA, 0x08CA, 0x08CA, 0x08CA, 0x08CA, 0x08CA, 0x08CA, 0x08CA, 0x08CA, 0x08CA, 0x08CA, 0x08CA, 0x08CA, 0x08CA, 0x08CA, 
	0x08CA, 0x08CA, 0x08CA, 0x08CA, 0x08CA, 0x08CA, 0x08CA, 0x08CA, 0x08CA, 0x08CA, 0x08CA, 0x08CA, 0x08CA, 0x08CA, 0x08CA, 0x08CA, 
	0x08CA, 0x08CA, 0x08CA, 0x08CA, 0x08CA, 0x08CA, 0x08CA, 0x08CA, 0x08CA, 0x08CA, 0x08CA, 0x08CA, 0x08CA, 0x08CA, 0x08CA, 0x08CA, 
	0x08CA, 0x08CA, 0x08CA, 0x08CA, 0x08CA, 0x08CA, 0x08CA, 0x08CA, 0x08CA, 0x08CA, 0x08CA, 0x08CA, 0x08CA, 0x08CA, 0x08CA, 0x08CA, 
	0x08CA, 0x08CA, 0x08CA, 0x08CA, 0x08CA, 0x08CA, 0x08CA, 0x08CA, 0x08CA, 0x08CA, 0x08CA, 0x08CA, 0x08CA, 0x08CA, 0x08CA, 0x08CA, 
	0x08CA, 0x08CA, 0x08CA, 0x08CA, 0x08CA, 0x08CA, 0x08CA, 0x08CA, 0x08CA, 0x08CA, 0x08CA, 0x08CA, 0x08CA, 0x08CA, 0x08CA, 0x08CA, 
	0x08CA, 0x08CA, 0x08CA, 0x08CA, 0x08CA, 0x08CA, 0x08CA, 0x08CA, 0x08CA, 0x08CA, 0x08CA, 0x08CA, 0x08CA, 0x08CA, 0x08CA, 0x08CA, 
	0x08CA, 0x08CA, 0x08CA, 0x08CA, 0x08CA, 0x08CA, 0x08CA, 0x08CA, 0x08CA, 0x08CA, 0x08CA, 0x08CA, 0x08CA, 0x08CA, 0x08CA, 0x08CA, 
	0x08CA, 0x08CA, 0x08CA, 0x08CA, 0x08CA, 0x08CA, 0x08CA, 0x08CA, 0x08CA, 0x08CA, 0x08CA, 0x08CA, 0x08CA, 0x08CA, 0x08CA, 0x08CA, 
	0x08CA, 0x08CA, 0x08CA, 0x08CA, 0x08CA, 0x08CA, 0x08CA, 0x08CA, 0x08CA, 0x08CA, 0x08CA, 0x08CA, 0x08CA, 0x08CA, 0x08CA, 0x08CA, 
	0x08CA, 0x08CA, 0x08CA, 0x08CA, 0x08CA, 0x08CA, 0x08CA, 0x08CA, 0x08CA, 0x08CA, 0x08CA, 0x08CA, 0x08CA, 0x08CA, 0x08CA, 0x08CA, 
	0x08CA, 0x08CA, 0x08CA, 0x08CA, 0x08CA, 0x08CA, 0x08CA, 0x08CA, 0x08CA, 0x08CA, 0x08CA, 0x08CA, 0x08CA, 0x08CA, 0x08CA, 0x08CA, 
	0x08CA, 0x08CA, 0x08CA, 0x08CA, 0x08CA, 0x08CA, 0x08CA, 0x08CA, 0x08CA, 0x08CA, 0x08CA, 0x08CA, 0x08CA, 0x08CA, 0x08CA, 0x08CA, 
	0x08CA, 0x08CA, 0x08CA, 0x08CA, 0x08CA, 0x08CA, 0x08CA, 0x08CA, 0x08CA, 0x08CA, 0x08CA, 0x08CA, 0x08CA, 0x08CA, 0x08CA, 0x08CA, 
	0x08CA, 0x08CA, 0x08CA, 0x08CA, 0x08CA, 0x08CA, 0x08CA, 0x08CA, 0x08CA, 0x08CA, 0x08CA, 0x08CA, 0x08CA, 0x08CA, 0x08CA, 0x08CA, 
	0x08CA, 0x08CA, 0x08CA, 0x08CA, 0x08CA, 0x08CA, 0x08CA, 0x08CA, 0x08CA, 0x08CA, 0x08CA, 0x08CA, 0x08CA, 0x08CA, 0x08CA, 0x08CA, 
	0x08CA, 0x08CA, 0x08CA, 0x08CA, 0x08CA, 0x08CA, 0x08CA, 0x08CA, 0x08CA, 0x08CA, 0x08CA, 0x08CA, 0x08CA, 0x08CA, 0x08CA, 0x08CA, 
	0x08CA, 0x08CA, 0x08CA, 0x08CA, 0x08CA, 0x08CA, 0x08CA, 0x08CA, 0x08CA, 0x08CA, 0x08CA, 0x08CA, 0x08CA, 0x08CA, 0x08CA, 0x08CA, 
	0x08CA, 0x08CA, 0x08CA, 0x08CA, 0x08CA, 0x08CA, 0x08CA, 0x08CA, 0x08CA, 0x08CA, 0x08CA, 0x08CA, 0x08CA, 0x08CA, 0x08CA, 0x08CA, 
	0x08CA, 0x08CA, 0x08CA, 0x08CA, 0x08CA, 0x08CA, 0x08CA, 0x08CA, 0x08CA, 0x08CA, 0x08CA, 0x08CA, 0x08CA, 0x08CA, 0x08CA, 0x08CA, 
	0x08CA, 0x08CA, 0x08CA, 0x08CA, 0x08CA, 0x08CA, 0x08CA, 0x08CA, 0x08CA, 0x08CA, 0x08CA, 0x08CA, 0x08CA, 0x08CA, 0x08CA, 0x08CA, 
	0x08CA, 0x08CA, 0x08CA, 0x08CA, 0x08CA, 0x08CA, 0x08CA, 0x08CA, 0x08CA, 0x08CA, 0x08CA, 0x08CA, 0x08CA, 0x08CA, 0x08CA, 0x08CA, 
	0x08CA, 0x08CA, 0x08CA, 0x08CA, 0x08CA, 0x08CA, 0x08CA, 0x08CA, 0x08CA, 0x08CA, 0x08CA, 0x08CA, 0x08CA, 0x08CA, 0x08CA, 0x08CA, 
	0x08CA, 0x08CA, 0x08CA, 0x08CA, 0x08CA, 0x08CA, 0x08CA, 0x08CA, 0x08CA, 0x08CA, 0x08CA, 0x08CA, 0x08CA, 0x08CA, 0x08CA, 0x08CA, 
	0x08CA, 0x08CA, 0x08CA, 0x08CA, 0x08CA, 0x08CA, 0x08CA, 0x08CA, 0x08CA, 0x08CA, 0x08CA, 0x08CA, 0x08CA, 0x08CA, 0x08CA, 0x08CA, 
	0x08CA, 0x08CA, 0x08CA, 0x08CA, 0x08CA, 0x08CA, 0x08CA, 0x08CA, 0x08CA, 0x08CA, 0x08CA, 0x08CA, 0x08CA, 0x08CA, 0x08CA, 0x08CA, 
	0x08CA, 0x08CA, 0x08CA, 0x08CA, 0x08CA, 0x08CA, 0x08CA, 0x08CA, 0x08CA, 0x08CA, 0x08CA, 0x08CA, 0x08CA, 0x08CA, 0x08CA, 0x08CA, 
	0x08CA, 0x08CA, 0x08CA, 0x08CA, 0x08CA, 0x08CA, 0x08CA, 0x08CA, 0x08CA, 0x08CA, 0x08CA, 0x08CA, 0x08CA, 0x08CA, 0x08CA, 0x08CA, 
	0x08CA, 0x08CA, 0x08CA, 0x08CA, 0x08CA, 0x08CA, 0x08CA, 0x08CA, 0x08CA, 0x08CA, 0x08CA, 0x08CA, 0x08CA, 0x08CA, 0x08CA, 0x08CA, 
	0x08CA, 0x08CA, 0x08CA, 0x08CA, 0x08CA, 0x08CA, 0x08CA, 0x08CA, 0x08CA, 0x08CA, 0x08CA, 0x08CA, 0x08CA, 0x08CA, 0x08CA, 0x08CA, 
	0x08CA, 0x08CA, 0x08CA, 0x08CA, 0x08CA, 0x08CA, 0x08CA, 0x08CA, 0x08CA, 0x08CA, 0x08CA, 0x08CA, 0x08CA, 0x08CA, 0x08CA, 0x08CA, 
	0x08CA, 0x08CA, 0x08CA, 0x08CA, 0x08CA, 0x08CA, 0x08CA, 0x08CA, 0x08CA, 0x08CA, 0x08CA, 0x08CA, 0x08CA, 0x08CA, 0x08CA, 0x08CA, 
	0x08CA, 0x08CA, 0x08CA, 0x08CA, 0x08CA, 0x08CA, 0x08CA, 0x08CA, 0x08CA, 0x08CA, 0x08CA, 0x08CA, 0x08CA, 0x08CA, 0x08CA, 0x08CA, 
	0x08CA, 0x08CA, 0x08CA, 0x08CA, 0x08CA, 0x08CA, 0x08CA, 0x08CA, 0x08CA, 0x08CA, 0x08CA, 0x08CA, 0x08CA, 0x08CA, 0x08CA, 0x08CA, 
	0x08CA, 0x08CA, 0x08CA, 0x08CA, 0x08CA, 0x08CA, 0x08CA, 0x08CA, 0x08CA, 0x08CA, 0x08CA, 0x08CA, 0x08CA, 0x08CA, 0x08CA, 0x08CA, 
	0x08CA, 0x08CA, 0x08CA, 0x08CA, 0x08CA, 0x08CA, 0x08CA, 0x08CA, 0x08CA, 0x08CA, 0x08CA, 0x08CA, 0x08CA, 0x08CA, 0x08CA, 0x08CA, 
	0x08CA, 0x08CA, 0x08CA, 0x08CA, 0x08CA, 0x08CA, 0x08CA, 0x08CA, 0x08CA, 0x08CA, 0x08CA, 0x08CA, 0x08CA, 0x08CA, 0x08CA, 0x08CA, 
	0x08CA, 0x08CA, 0x08CA, 0x08CA, 0x08CA, 0x08CA, 0x08CA, 0x08CA, 0x08CA, 0x08CA, 0x08CA, 0x08CA, 0x08CA, 0x08CA, 0x08CA, 0x08CA, 
	0x08CA, 0x08CA, 0x08CA, 0x08CA, 0x08CA, 0x08CA, 0x08CA, 0x08CA, 0x08CA, 0x08CA, 0x08CA, 0x08CA, 0x08CA, 0x08CA, 0x08CA, 0x08CA, 
	0x08CA, 0x08CA, 0x08CA, 0x08CA, 0x08CA, 0x08CA, 0x08CA, 0x08CA, 0x08CA, 0x08CA, 0x08CA, 0x08CA, 0x08CA, 0x08CA, 0x08CA, 0x08CA, 
	0x08CA, 0x08CA, 0x08CA, 0x08CA, 0x08CA, 0x08CA, 0x08CA, 0x08CA, 0x08CA, 0x08CA, 0x08CA, 0x08CA, 0x08CA, 0x08CA, 0x08CA, 0x08CA, 
	0x08CA, 0x08CA, 0x08CA, 0x08CA, 0x08CA, 0x08CA, 0x08CA, 0x08CA, 0x08CA, 0x08CA, 0x08CA, 0x08CA, 0x08CA, 0x08CA, 0x08CA, 0x08CA, 
	0x08CA, 0x08CA, 0x08CA, 0x08CA, 0x08CA, 0x08CA, 0x08CA, 0x08CA, 0x08CA, 0x08CA, 0x08CA, 0x08CA, 0x08CA, 0x08CA, 0x08CA, 0x08CA, 
	0x08CA, 0x08CA, 0x08CA, 0x08CA, 0x08CA, 0x08CA, 0x08CA, 0x08CA, 0x08CA, 0x08CA, 0x08CA, 0x08CA, 0x08CA, 0x08CA, 0x08CA, 0x08CA, 
	0x08CA, 0x08CA, 0x08CA, 0x08CA, 0x08CA, 0x08CA, 0x08CA, 0x08CA, 0x08CA, 0x08CA, 0x08CA, 0x08CA, 0x08CA, 0x08CA, 0x08CA, 0x08CA, 
	0x08CA, 0x08CA, 0x08CA, 0x08CA, 0x08CA, 0x08CA, 0x08CA, 0x08CA, 0x08CA, 0x08CA, 0x08CA, 0x08CA, 0x08CA, 0x08CA, 0x08CA, 0x08CA, 
	0x08CA, 0x08CA, 0x08CA, 0x08CA, 0x08CA, 0x08CA, 0x08CA, 0x08CA, 0x08CA, 0x08CA, 0x08CA, 0x08CA, 0x08CA, 0x08CA, 0x08CA, 0x08CA, 
	0x08CA, 0x08CA, 0x08CA, 0x08CA, 0x08CA, 0x08CA, 0x08CA, 0x08CA, 0x08CA, 0x08CA, 0x08CA, 0x08CA, 0x08CA, 0x08CA, 0x08CA, 0x08CA, 
	0x08CA, 0x08CA, 0x08CA, 0x08CA, 0x08CA, 0x08CA, 0x08CA, 0x08CA, 0x08CA, 0x08CA, 0x08CA, 0x08CA, 0x08CA, 0x08CA, 0x08CA, 0x08CA, 
	0x08CA, 0x08CA, 0x08CA, 0x08CA, 0x08CA, 0x08CA, 0x08CA, 0x08CA, 0x08CA, 0x08CA, 0x08CA, 0x08CA, 0x08CA, 0x08CA, 0x08CA, 0x08CA, 
	0x08CA, 0x08CA, 0x08CA, 0x08CA, 0x08CA, 0x08CA, 0x08CA, 0x08CA, 0x08CA, 0x08CA, 0x08CA, 0x08CA, 0x08CA, 0x08CA, 0x08CA, 0x08CA, 
	0x08CA, 0x08CA, 0x08CA, 0x08CA, 0x08CA, 0x08CA, 0x08CA, 0x08CA, 0x08CA, 0x08CA, 0x08CA, 0x08CA, 0x08CA, 0x08CA, 0x08CA, 0x08CA, 
	0x08CA, 0x08CA, 0x08CA, 0x08CA, 0x08CA, 0x08CA, 0x08CA, 0x08CA, 0x08CA, 0x08CA, 0x08CA, 0x08CA, 0x08CA, 0x08CA, 0x08CA, 0x08CA, 
	0x08CA, 0x08CA, 0x08CA, 0x08CA, 0x08CA, 0x08CA, 0x08CA, 0x08CA, 0x08CA, 0x08CA, 0x08CA, 0x08CA, 0x08CA, 0x08CA, 0x08CA, 0x08CA, 
	0x08CA, 0x08CA, 0x08CA, 0x08CA, 0x08CA, 0x08CA, 0x08CA, 0x08CA, 0x08CA, 0x08CA, 0x08CA, 0x08CA, 0x08CA, 0x08CA, 0x08CA, 0x08CA, 
	0x08CA, 0x08CA, 0x08CA, 0x08CA, 0x08CA, 0x08CA, 0x08CA, 0x08CA, 0x08CA, 0x08CA, 0x08CA, 0x08CA, 0x08CA, 0x08CA, 0x08CA, 0x08CA, 
	0x08CA, 0x08CA, 0x08CA, 0x08CA, 0x08CA, 0x08CA, 0x08CA, 0x08CA, 0x08CA, 0x08CA, 0x08CA, 0x08CA, 0x08CA, 0x08CA, 0x08CA, 0x08CA, 
	0x08CA, 0x08CA, 0x08CA, 0x08CA, 0x08CA, 0x08CA, 0x08CA, 0x08CA, 0x08CA, 0x08CA, 0x08CA, 0x08CA, 0x08CA, 0x08CA, 0x08CA, 0x08CA, 
	0x08CA, 0x08CA, 0x08CA, 0x08CA, 0x08CA, 0x08CA, 0x08CA, 0x08CA, 0x08CA, 0x08CA, 0x08CA, 0x08CA, 0x08CA, 0x08CA, 0x08CA, 0x08CA, 
	0x08CA, 0x08CA, 0x08CA, 0x08CA, 0x08CA, 0x08CA, 0x08CA, 0x08CA, 0x08CA, 0x08CA, 0x08CA, 0x08CA, 0x08CA, 0x08CA, 0x08CA, 0x08CA, 
	0x08CA, 0x08CA, 0x08CA, 0x08CA, 0x08CA, 0x08CA, 0x08CA, 0x08CA, 0x08CA, 0x08CA, 0x08CA, 0x08CA, 0x08CA, 0x08CA, 0x08CA, 0x08CA, 
	0x08CA, 0x08CA, 0x08CA, 0x08CA, 0x08CA, 0x08CA, 0x08CA, 0x08CA, 0x08CA, 0x08CA, 0x08CA, 0x08CA, 0x08CA, 0x08CA, 0x08CA, 0x08CA, 
	0x08CA, 0x08CA, 0x08CA, 0x08CA, 0x08CA, 0x08CA, 0x08CA, 0x08CA, 0x08CA, 0x08CA, 0x08CA, 0x08CA, 0x08CA, 0x08CA, 0x08CA, 0x08CA, 
	0x08CA, 0x08CA, 0x08CA, 0x08CA, 0x08CA, 0x08CA, 0x08CA, 0x08CA, 0x08CA, 0x08CA, 0x08CA, 0x08CA, 0x08CA, 0x08CA, 0x08CA, 0x08CA, 
	0x08CA, 0x08CA, 0x08CA, 0x08CA, 0x08CA, 0x08CA, 0x08CA, 0x08CA, 0x08CA, 0x08CA, 0x08CA, 0x08CA, 0x08CA, 0x08CA, 0x08CA, 0x08CA, 
	0x08CA, 0x08CA, 0x08CA, 0x08CA, 0x08CA, 0x08CA, 0x08CA, 0x08CA, 0x08CA, 0x08CA, 0x08CA, 0x08CA, 0x08CA, 0x08CA, 0x08CA, 0x08CA, 
	0x08CA, 0x08CA, 0x08CA, 0x08CA, 0x08CA, 0x08CA, 0x08CA, 0x08CA, 0x08CA, 0x08CA, 0x08CA, 0x08CA, 0x08CA, 0x08CA, 0x08CA, 0x08CA, 
	0x08CA, 0x08CA, 0x08CA, 0x08CA, 0x08CA, 0x08CA, 0x08CA, 0x08CA, 0x08CA, 0x08CA, 0x08CA, 0x08CA, 0x08CA, 0x08CA, 0x08CA, 0x08CA, 
	0x08CA, 0x08CA, 0x08CA, 0x08CA, 0x08CA, 0x08CA, 0x08CA, 0x08CA, 0x08CA, 0x08CA, 0x08CA, 0x08CA, 0x08CA, 0x08CA, 0x08CA, 0x08CA, 
	0x08CA, 0x08CA, 0x08CA, 0x08CA, 0x08CA, 0x08CA, 0x08CA, 0x08CA, 0x08CA, 0x08CA, 0x08CA, 0x08CA, 0x08CA, 0x08CA, 0x08CA, 0x08CA, 
	0x08CA, 0x08CA, 0x08CA, 0x08CA, 0x08CA, 0x08CA, 0x08CA, 0x08CA, 0x08CA, 0x08CA, 0x08CA, 0x08CA, 0x08CA, 0x08CA, 0x08CA, 0x08CA, 
	0x08CA, 0x08CA, 0x08CA, 0x08CA, 0x08CA, 0x08CA, 0x08CA, 0x08CA, 0x08CA, 0x08CA, 0x08CA, 0x08CA, 0x08CA, 0x08CA, 0x08CA, 0x08CA, 
	0x08CA, 0x08CA, 0x08CA, 0x08CA, 0x08CA, 0x08CA, 0x08CA, 0x08CA, 0x08CA, 0x08CA, 0x08CA, 0x08CA, 0x08CA, 0x08CA, 0x08CA, 0x08CA, 
	0x08CA, 0x08CA, 0x08CA, 0x08CA, 0x08CA, 0x08CA, 0x08CA, 0x08CA, 0x08CA, 0x08CA, 0x08CA, 0x08CA, 0x08CA, 0x08CA, 0x08CA, 0x08CA, 
	0x08CA, 0x08CA, 0x08CA, 0x08CA, 0x08CA, 0x08CA, 0x08CA, 0x08CA, 0x08CA, 0x08CA, 0x08CA, 0x08CA, 0x08CA, 0x08CA, 0x08CA, 0x08CA, 
	0x08CA, 0x08CA, 0x08CA, 0x08CA, 0x08CA, 0x08CA, 0x08CA, 0x08CA, 0x08CA, 0x08CA, 0x08CA, 0x08CA, 0x08CA, 0x08CA, 0x08CA, 0x08CA, 
	0x08CA, 0x08CA, 0x08CA, 0x08CA, 0x08CA, 0x08CA, 0x08CA, 0x08CA, 0x08CA, 0x08CA, 0x08CA, 0x08CA, 0x08CA, 0x08CA, 0x08CA, 0x08CA, 
	0x08CA, 0x08CA, 0x08CA, 0x08CA, 0x08CA, 0x08CA, 0x08CA, 0x08CA, 0x08CA, 0x08CA, 0x08CA, 0x08CA, 0x08CA, 0x08CA, 0x08CA, 0x08CA, 
	0x08CA, 0x08CA, 0x08CA, 0x08CA, 0x08CA, 0x08CA, 0x08CA, 0x08CA, 0x08CA, 0x08CA, 0x08CA, 0x08CA, 0x08CA, 0x08CA, 0x08CA, 0x08CA, 
	0x08CA, 0x08CA, 0x08CA, 0x08CA, 0x08CA, 0x08CA, 0x08CA, 0x08CA, 0x08CA, 0x08CA, 0x08CA, 0x08CA, 0x08CA, 0x08CA, 0x08CA, 0x08CA, 
	0x08CA, 0x08CA, 0x08CA, 0x08CA, 0x08CA, 0x08CA, 0x08CA, 0x08CA, 0x08CA, 0x08CA, 0x08CA, 0x08CA, 0x08CA, 0x08CA, 0x08CA, 0x08CA, 
	0x08CA, 0x08CA, 0x08CA, 0x08CA, 0x08CA, 0x08CA, 0x08CA, 0x08CA, 0x08CA, 0x08CA, 0x08CA, 0x08CA, 0x08CA, 0x08CA, 0x08CA, 0x08CA, 
	0x08CA, 0x08CA, 0x08CA, 0x08CA, 0x08CA, 0x08CA, 0x08CA, 0x08CA, 0x08CA, 0x08CA, 0x08CA, 0x08CA, 0x08CA, 0x08CA, 0x08CA, 0x08CA, 
	0x08CA, 0x08CA, 0x08CA, 0x08CA, 0x08CA, 0x08CA, 0x08CA, 0x08CA, 0x08CA, 0x08CA, 0x08CA, 0x08CA, 0x08CA, 0x08CA, 0x08CA, 0x08CA, 
	0x08CA, 0x08CA, 0x08CA, 0x08CA, 0x08CA, 0x08CA, 0x08CA, 0x08CA, 0x08CA, 0x08CA, 0x08CA, 0x08CA, 0x08CA, 0x08CA, 0x08CA, 0x08CA, 
	0x08CA, 0x08CA, 0x08CA, 0x08CA, 0x08CA, 0x08CA, 0x08CA, 0x08CA, 0x08CA, 0x08CA, 0x08CA, 0x08CA, 0x08CA, 0x08CA, 0x08CA, 0x08CA, 
	0x08CA, 0x08CA, 0x08CA, 0x08CA, 0x08CA, 0x08CA, 0x08CA, 0x08CA, 0x08CA, 0x08CA, 0x08CA, 0x08CA, 0x08CA, 0x08CA, 0x08CA, 0x08CA, 
	0x08CA, 0x08CA, 0x08CA, 0x08CA, 0x08CA, 0x08CA, 0x08CA, 0x08CA, 0x08CA, 0x08CA, 0x08CA, 0x08CA, 0x08CA, 0x08CA, 0x08CA, 0x08CA, 
	0x08CA, 0x08CA, 0x08CA, 0x08CA, 0x08CA, 0x08CA, 0x08CA, 0x08CA, 0x08CA, 0x08CA, 0x08CA, 0x08CA, 0x08CA, 0x08CA, 0x08CA, 0x08CA, 
	0x08CA, 0x08CA, 0x08CA, 0x08CA, 0x08CA, 0x08CA, 0x08CA, 0x08CA, 0x08CA, 0x08CA, 0x08CA, 0x08CA, 0x08CA, 0x08CA, 0x08CA, 0x08CA, 
	0x08CA, 0x08CA, 0x08CA, 0x08CA, 0x08CA, 0x08CA, 0x08CA, 0x08CA, 0x08CA, 0x08CA, 0x08CA, 0x08CA, 0x08CA, 0x08CA, 0x08CA, 0x08CA, 
	0x08CA, 0x08CA, 0x08CA, 0x08CA, 0x08CA, 0x08CA, 0x08CA, 0x08CA, 0x08CA, 0x08CA, 0x08CA, 0x08CA, 0x08CA, 0x08CA, 0x08CA, 0x08CA, 
	0x08CA, 0x08CA, 0x08CA, 0x08CA, 0x08CA, 0x08CA, 0x08CA, 0x08CA, 0x08CA, 0x08CA, 0x08CA, 0x08CA, 0x08CA, 0x08CA, 0x08CA, 0x08CA, 
	0x08CA, 0x08CA, 0x08CA, 0x08CA, 0x08CA, 0x08CA, 0x08CA, 0x08CA, 0x08CA, 0x08CA, 0x08CA, 0x08CA, 0x08CA, 0x08CA, 0x08CA, 0x08CA, 
	0x08CA, 0x08CA, 0x08CA, 0x08CA, 0x08CA, 0x08CA, 0x08CA, 0x08CA, 0x08CA, 0x08CA, 0x08CA, 0x08CA, 0x08CA, 0x08CA, 0x08CA, 0x08CA, 
	0x08CA, 0x08CA, 0x08CA, 0x08CA, 0x08CA, 0x08CA, 0x08CA, 0x08CA, 0x08CA, 0x08CA, 0x08CA, 0x08CA, 0x08CA, 0x08CA, 0x08CA, 0x08CA, 
	0x08CA, 0x08CA, 0x08CA, 0x08CA, 0x08CA, 0x08CA, 0x08CA, 0x08CA, 0x08CA, 0x08CA, 0x08CA, 0x08CA, 0x08CA, 0x08CA, 0x08CA, 0x08CA, 
	0x08CA, 0x08CA, 0x08CA, 0x08CA, 0x08CA, 0x08CA, 0x08CA, 0x08CA, 0x08CA, 0x08CA, 0x08CA, 0x08CA, 0x08CA, 0x08CA, 0x08CA, 0x08CA, 
	0x08CA, 0x08CA, 0x08CA, 0x08CA, 0x08CA, 0x08CA, 0x08CA, 0x08CA, 0x08CA, 0x08CA, 0x08CA, 0x08CA, 0x08CA, 0x08CA, 0x08CA, 0x08CA, 
	0x08CA, 0x08CA, 0x08CA, 0x08CA, 0x08CA, 0x08CA, 0x08CA, 0x08CA, 0x08CA, 0x08CA, 0x08CA, 0x08CA, 0x08CA, 0x08CA, 0x08CA, 0x08CA, 
	0x08CA, 0x08CA, 0x08CA, 0x08CA, 0x08CA, 0x08CA, 0x08CA, 0x08CA, 0x08CA, 0x08CA, 0x08CA, 0x08CA, 0x08CA, 0x08CA, 0x08CA, 0x08CA, 
	0x08CA, 0x08CA, 0x08CA, 0x08CA, 0x08CA, 0x08CA, 0x08CA, 0x08CA, 0x08CA, 0x08CA, 0x08CA, 0x08CA, 0x08CA, 0x08CA, 0x08CA, 0x08CA, 
	0x08CA, 0x08CA, 0x08CA, 0x08CA, 0x08CA, 0x08CA, 0x08CA, 0x08CA, 0x08CA, 0x08CA, 0x08CA, 0x08CA, 0x08CA, 0x08CA, 0x08CA, 0x08CA, 
	0x08CA, 0x08CA, 0x08CA, 0x08CA, 0x08CA, 0x08CA, 0x08CA, 0x08CA, 0x08CA, 0x08CA, 0x08CA, 0x08CA, 0x08CA, 0x08CA, 0x08CA, 0x08CA, 
	0x08CA, 0x08CA, 0x08CA, 0x08CA, 0x08CA, 0x08CA, 0x08CA, 0x08CA, 0x08CA, 0x08CA, 0x08CA, 0x08CA, 0x08CA, 0x08CA, 0x08CA, 0x08CA, 
	0x08CA, 0x08CA, 0x08CA, 0x08CA, 0x08CA, 0x08CA, 0x08CA, 0x08CA, 0x08CA, 0x08CA, 0x08CA, 0x08CA, 0x08CA, 0x08CA, 0x08CA, 0x08CA, 
	0x08CA, 0x08CA, 0x08CA, 0x08CA, 0x08CA, 0x08CA, 0x08CA, 0x08CA, 0x08CA, 0x08CA, 0x08CA, 0x08CA, 0x08CA, 0x08CA, 0x08CA, 0x08CA, 
	0x08CA, 0x08CA, 0x08CA, 0x08CA, 0x08CA, 0x08CA, 0x08CA, 0x08CA, 0x08CA, 0x08CA, 0x08CA, 0x08CA, 0x08CA, 0x08CA, 0x08CA, 0x08CA, 
	0x08CA, 0x08CA, 0x08CA, 0x08CA, 0x08CA, 0x08CA, 0x08CA, 0x08CA, 0x08CA, 0x08CA, 0x08CA, 0x08CA, 0x08CA, 0x08CA, 0x08CA, 0x08CA, 
	0x08CA, 0x08CA, 0x08CA, 0x08CA, 0x08CA, 0x08CA, 0x08CA, 0x08CA, 0x08CA, 0x08CA, 0x08CA, 0x08CA, 0x08CA, 0x08CA, 0x08CA, 0x08CA, 
	0x08CA, 0x08CA, 0x08CA, 0x08CA, 0x08CA, 0x08CA, 0x08CA, 0x08CA, 0x08CA, 0x08CA, 0x08CA, 0x08CA, 0x08CA, 0x08CA, 0x08CA, 0x08CA, 
	0x08CA, 0x08CA, 0x08CA, 0x08CA, 0x08CA, 0x08CA, 0x08CA, 0x08CA, 0x08CA, 0x08CA, 0x08CA, 0x08CA, 0x08CA, 0x08CA, 0x08CA, 0x08CA, 
	0x08CA, 0x08CA, 0x08CA, 0x08CA, 0x08CA, 0x08CA, 0x08CA, 0x08CA, 0x08CA, 0x08CA, 0x08CA, 0x08CA, 0x08CA, 0x08CA, 0x08CA, 0x08CA, 
	0x08CA, 0x08CA, 0x08CA, 0x08CA, 0x08CA, 0x08CA, 0x08CA, 0x08CA, 0x08CA, 0x08CA, 0x08CA, 0x08CA, 0x08CA, 0x08CA, 0x08CA, 0x08CA, 
	0x08CA, 0x08CA, 0x08CA, 0x08CA, 0x08CA, 0x08CA, 0x08CA, 0x08CA, 0x08CA, 0x08CA, 0x08CA, 0x08CA, 0x08CA, 0x08CA, 0x08CA, 0x08CA, 
	0x08CA, 0x08CA, 0x08CA, 0x08CA, 0x08CA, 0x08CA, 0x08CA, 0x08CA, 0x08CA, 0x08CA, 0x08CA, 0x08CA, 0x08CA, 0x08CA, 0x08CA, 0x08CA, 
	0x08CA, 0x08CA, 0x08CA, 0x08CA, 0x08CA, 0x08CA, 0x08CA, 0x08CA, 0x08CA, 0x08CA, 0x08CA, 0x08CA, 0x08CA, 0x08CA, 0x08CA, 0x08CA, 
	0x08CA, 0x08CA, 0x08CA, 0x08CA, 0x08CA, 0x08CA, 0x08CA, 0x08CA, 0x08CA, 0x08CA, 0x08CA, 0x08CA, 0x08CA, 0x08CA, 0x08CA, 0x08CA, 
	0x08CA, 0x08CA, 0x08CA, 0x08CA, 0x08CA, 0x08CA, 0x08CA, 0x08CA, 0x08CA, 0x08CA, 0x08CA, 0x08CA, 0x08CA, 0x08CA, 0x08CA, 0x08CA, 
	0x08CA, 0x08CA, 0x08CA, 0x08CA, 0x08CA, 0x08CA, 0x08CA, 0x08CA, 0x08CA, 0x08CA, 0x08CA, 0x08CA, 0x08CA, 0x08CA, 0x08CA, 0x08CA, 
	0x08CA, 0x08CA, 0x08CA, 0x08CA, 0x08CA, 0x08CA, 0x08CA, 0x08CA, 0x08CA, 0x08CA, 0x08CA, 0x08CA, 0x08CA, 0x08CA, 0x08CA, 0x08CA, 
	0x08CA, 0x08CA, 0x08CA, 0x08CA, 0x08CA, 0x08CA, 0x08CA, 0x08CA, 0x08CA, 0x08CA, 0x08CA, 0x08CA, 0x08CA, 0x08CA, 0x08CA, 0x08CA, 
	0x08CA, 0x08CA, 0x08CA, 0x08CA, 0x08CA, 0x08CA, 0x08CA, 0x08CA, 0x08CA, 0x08CA, 0x08CA, 0x08CA, 0x08CA, 0x08CA, 0x08CA, 0x08CA, 
	0x08CA, 0x08CA, 0x08CA, 0x08CA, 0x08CA, 0x08CA, 0x08CA, 0x08CA, 0x08CA, 0x08CA, 0x08CA, 0x08CA, 0x08CA, 0x08CA, 0x08CA, 0x08CA, 
	0x08CA, 0x08CA, 0x08CA, 0x08CA, 0x08CA, 0x08CA, 0x08CA, 0x08CA, 0x08CA, 0x08CA, 0x08CA, 0x08CA, 0x08CA, 0x08CA, 0x08CA, 0x08CA, 
	0x08CA, 0x08CA, 0x08CA, 0x08CA, 0x08CA, 0x08CA, 0x08CA, 0x08CA, 0x08CA, 0x08CA, 0x08CA, 0x08CA, 0x08CA, 0x08CA, 0x08CA, 0x08CA, 
	0x08CA, 0x08CA, 0x08CA, 0x08CA, 0x08CA, 0x08CA, 0x08CA, 0x08CA, 0x08CA, 0x08CA, 0x08CA, 0x08CA, 0x08CA, 0x08CA, 0x08CA, 0x08CA, 
	0x08CA, 0x08CA, 0x08CA, 0x08CA, 0x08CA, 0x08CA, 0x08CA, 0x08CA, 0x08CA, 0x08CA, 0x08CA, 0x08CA, 0x08CA, 0x08CA, 0x08CA, 0x08CA, 
	0x08CA, 0x08CA, 0x08CA, 0x08CA, 0x08CA, 0x08CA, 0x08CA, 0x08CA, 0x08CA, 0x08CA, 0x08CA, 0x08CA, 0x08CA, 0x08CA, 0x08CA, 0x08CA, 
	0x08CA, 0x08CA, 0x08CA, 0x08CA, 0x08CA, 0x08CA, 0x08CA, 0x08CA, 0x08CA, 0x08CA, 0x08CA, 0x08CA, 0x08CA, 0x08CA, 0x08CA, 0x08CA, 
	0x08CA, 0x08CA, 0x08CA, 0x08CA, 0x08CA, 0x08CA, 0x08CA, 0x08CA, 0x08CA, 0x08CA, 0x08CA, 0x08CA, 0x08CA, 0x08CA, 0x08CA, 0x08CA, 
	0x08CA, 0x08CA, 0x08CA, 0x08CA, 0x08CA, 0x08CA, 0x08CA, 0x08CA, 0x08CA, 0x08CA, 0x08CA, 0x08CA, 0x08CA, 0x08CA, 0x08CA, 0x08CA, 
	0x08CA, 0x08CA, 0x08CA, 0x08CA, 0x08CA, 0x08CA, 0x08CA, 0x08CA, 0x08CA, 0x08CA, 0x08CA, 0x08CA, 0x08CA, 0x08CA, 0x08CA, 0x08CA, 
	0x08CA, 0x08CA, 0x08CA, 0x08CA, 0x08CA, 0x08CA, 0x08CA, 0x08CA, 0x08CA, 0x08CA, 0x08CA, 0x08CA, 0x08CA, 0x08CA, 0x08CA, 0x08CA, 
	0x08CA, 0x08CA, 0x08CA, 0x08CA, 0x08CA, 0x08CA, 0x08CA, 0x08CA, 0x08CA, 0x08CA, 0x08CA, 0x08CA, 0x08CA, 0x08CA, 0x08CA, 0x08CA, 
	0x08CA, 0x08CA, 0x08CA, 0x08CA, 0x08CA, 0x08CA, 0x08CA, 0x08CA, 0x08CA, 0x08CA, 0x08CA, 0x08CA, 0x08CA, 0x08CA, 0x08CA, 0x08CA, 
	0x08CA, 0x08CA, 0x08CA, 0x08CA, 0x08CA, 0x08CA, 0x08CA, 0x08CA, 0x08CA, 0x08CA, 0x08CA, 0x08CA, 0x08CA, 0x08CA, 0x08CA, 0x08CA, 
	0x08CA, 0x08CA, 0x08CA, 0x08CA, 0x08CA, 0x08CA, 0x08CA, 0x08CA, 0x08CA, 0x08CA, 0x08CA, 0x08CA, 0x08CA, 0x08CA, 0x08CA, 0x08CA, 
	0x08CA, 0x08CA, 0x08CA, 0x08CA, 0x08CA, 0x08CA, 0x08CA, 0x08CA, 0x08CA, 0x08CA, 0x08CA, 0x08CA, 0x08CA, 0x08CA, 0x08CA, 0x08CA, 
	0x08CA, 0x08CA, 0x08CA, 0x08CA, 0x08CA, 0x08CA, 0x08CA, 0x08CA, 0x08CA, 0x08CA, 0x08CA, 0x08CA, 0x08CA, 0x08CA, 0x08CA, 0x08CA, 
	0x08CA, 0x08CA, 0x08CA, 0x08CA, 0x08CA, 0x08CA, 0x08CA, 0x08CA, 0x08CA, 0x08CA, 0x08CA, 0x08CA, 0x08CA, 0x08CA, 0x08CA, 0x08CA, 
	0x08CA, 0x08CA, 0x08CA, 0x08CA, 0x08CA, 0x08CA, 0x08CA, 0x08CA, 0x08CA, 0x08CA, 0x08CA, 0x08CA, 0x08CA, 0x08CA, 0x08CA, 0x08CA, 
	0x08CA, 0x08CA, 0x08CA, 0x08CA, 0x08CA, 0x08CA, 0x08CA, 0x08CA, 0x08CA, 0x08CA, 0x08CA, 0x08CA, 0x08CA, 0x08CA, 0x08CA, 0x08CA, 
	0x08CA, 0x08CA, 0x08CA, 0x08CA, 0x08CA, 0x08CA, 0x08CA, 0x08CA, 0x08CA, 0x08CA, 0x08CA, 0x08CA, 0x08CA, 0x08CA, 0x08CA, 0x08CA, 
	0x08CA, 0x08CA, 0x08CA, 0x08CA, 0x08CA, 0x08CA, 0x08CA, 0x08CA, 0x08CA, 0x08CA, 0x08CA, 0x08CA, 0x08CA, 0x08CA, 0x08CA, 0x08CA, 
	0x08CA, 0x08CA, 0x08CA, 0x08CA, 0x08CA, 0x08CA, 0x08CA, 0x08CA, 0x08CA, 0x08CA, 0x08CA, 0x08CA, 0x08CA, 0x08CA, 0x08CA, 0x08CA, 
	0x08CA, 0x08CA, 0x08CA, 0x08CA, 0x08CA, 0x08CA, 0x08CA, 0x08CA, 0x08CA, 0x08CA, 0x08CA, 0x08CA, 0x08CA, 0x08CA, 0x08CA, 0x08CA, 
	0x08CA, 0x08CA, 0x08CA, 0x08CA, 0x08CA, 0x08CA, 0x08CA, 0x08CA, 0x08CA, 0x08CA, 0x08CA, 0x08CA, 0x08CA, 0x08CA, 0x08CA, 0x08CA, 
	0x08CA, 0x08CA, 0x08CA, 0x08CA, 0x08CA, 0x08CA, 0x08CA, 0x08CA, 0x08CA, 0x08CA, 0x08CA, 0x08CA, 0x08CA, 0x08CA, 0x08CA, 0x08CA, 
	0x08CA, 0x08CA, 0x08CA, 0x08CA, 0x08CA, 0x08CA, 0x08CA, 0x08CA, 0x08CA, 0x08CA, 0x08CA, 0x08CA, 0x08CA, 0x08CA, 0x08CA, 0x08CA, 
	0x08CA, 0x08CA, 0x08CA, 0x08CA, 0x08CA, 0x08CA, 0x08CA, 0x08CA, 0x08CA, 0x08CA, 0x08CA, 0x08CA, 0x08CA, 0x08CA, 0x08CA, 0x08CA, 
	0x08CA, 0x08CA, 0x08CA, 0x08CA, 0x08CA, 0x08CA, 0x08CA, 0x08CA, 0x08CA, 0x08CA, 0x08CA, 0x08CA, 0x08CA, 0x08CA, 0x08CA, 0x08CA, 
	0x08CA, 0x08CA, 0x08CA, 0x08CA, 0x08CA, 0x08CA, 0x08CA, 0x08CA, 0x08CA, 0x08CA, 0x08CA, 0x08CA, 0x08CA, 0x08CA, 0x08CA, 0x08CA, 
	0x08CA, 0x08CA, 0x08CA, 0x08CA, 0x08CA, 0x08CA, 0x08CA, 0x08CA, 0x08CA, 0x08CA, 0x08CA, 0x08CA, 0x08CA, 0x08CA, 0x08CA, 0x08CA, 
	0x08CA, 0x08CA, 0x08CA, 0x08CA, 0x08CA, 0x08CA, 0x08CA, 0x08CA, 0x08CA, 0x08CA, 0x08CA, 0x08CA, 0x08CA, 0x08CA, 0x08CA, 0x08CA, 
	0x08CA, 0x08CA, 0x08CA, 0x08CA, 0x08CA, 0x08CA, 0x08CA, 0x08CA, 0x08CA, 0x08CA, 0x08CA, 0x08CA, 0x08CA, 0x08CA, 0x08CA, 0x08CA, 
	0x08CA, 0x08CA, 0x08CA, 0x08CA, 0x08CA, 0x08CA, 0x08CA, 0x08CA, 0x08CA, 0x08CA, 0x08CA, 0x08CA, 0x08CA, 0x08CA, 0x08CA, 0x08CA, 
	0x08CA, 0x08CA, 0x08CA, 0x08CA, 0x08CA, 0x08CA, 0x08CA, 0x08CA, 0x08CA, 0x08CA, 0x08CA, 0x08CA, 0x08CA, 0x08CA, 0x08CA, 0x08CA, 
	0x08CA, 0x08CA, 0x08CA, 0x08CA, 0x08CA, 0x08CA, 0x08CA, 0x08CA, 0x08CA, 0x08CA, 0x08CA, 0x08CA, 0x08CA, 0x08CA, 0x08CA, 0x08CA, 
	0x08CA, 0x08CA, 0x08CA, 0x08CA, 0x08CA, 0x08CA, 0x08CA, 0x08CA, 0x08CA, 0x08CA, 0x08CA, 0x08CA, 0x08CA, 0x08CA, 0x08CA, 0x08CA, 
	0x08CA, 0x08CA, 0x08CA, 0x08CA, 0x08CA, 0x08CA, 0x08CA, 0x08CA, 0x08CA, 0x08CA, 0x08CA, 0x08CA, 0x08CA, 0x08CA, 0x08CA, 0x08CA, 
	0x08CA, 0x08CA, 0x08CA, 0x08CA, 0x08CA, 0x08CA, 0x08CA, 0x08CA, 0x08CA, 0x08CA, 0x08CA, 0x08CA, 0x08CA, 0x08CA, 0x08CA, 0x08CA, 
	0x08CA, 0x08CA, 0x08CA, 0x08CA, 0x08CA, 0x08CA, 0x08CA, 0x08CA, 0x08CA, 0x08CA, 0x08CA, 0x08CA, 0x08CA, 0x08CA, 0x08CA, 0x08CA, 
	0x08CA, 0x08CA, 0x08CA, 0x08CA, 0x08CA, 0x08CA, 0x08CA, 0x08CA, 0x08CA, 0x08CA, 0x08CA, 0x08CA, 0x08CA, 0x08CA, 0x08CA, 0x08CA, 
	0x08CA, 0x08CA, 0x08CA, 0x08CA, 0x08CA, 0x08CA, 0x08CA, 0x08CA, 0x08CA, 0x08CA, 0x08CA, 0x08CA, 0x08CA, 0x08CA, 0x08CA, 0x08CA, 
	0x08CA, 0x08CA, 0x08CA, 0x08CA, 0x08CA, 0x08CA, 0x08CA, 0x08CA, 0x08CA, 0x08CA, 0x08CA, 0x08CA, 0x08CA, 0x08CA, 0x08CA, 0x08CA, 
	0x08CA, 0x08CA, 0x08CA, 0x08CA, 0x08CA, 0x08CA, 0x08CA, 0x08CA, 0x08CA, 0x08CA, 0x08CA, 0x08CA, 0x08CA, 0x08CA, 0x08CA, 0x08CA, 
	0x08CA, 0x08CA, 0x08CA, 0x08CA, 0x08CA, 0x08CA, 0x08CA, 0x08CA, 0x08CA, 0x08CA, 0x08CA, 0x08CA, 0x08CA, 0x08CA, 0x08CA, 0x08CA, 
	0x08CA, 0x08CA, 0x08CA, 0x08CA, 0x08CA, 0x08CA, 0x08CA, 0x08CA, 0x08CA, 0x08CA, 0x08CA, 0x08CA, 0x08CA, 0x08CA, 0x08CA, 0x08CA, 
	0x08CA, 0x08CA, 0x08CA, 0x08CA, 0x08CA, 0x08CA, 0x08CA, 0x08CA, 0x08CA, 0x08CA, 0x08CA, 0x08CA, 0x08CA, 0x08CA, 0x08CA, 0x08CA, 
	0x08CA, 0x08CA, 0x08CA, 0x08CA, 0x08CA, 0x08CA, 0x08CA, 0x08CA, 0x08CA, 0x08CA, 0x08CA, 0x08CA, 0x08CA, 0x08CA, 0x08CA, 0x08CA, 
	0x08CA, 0x08CA, 0x08CA, 0x08CA, 0x08CA, 0x08CA, 0x08CA, 0x08CA, 0x08CA, 0x08CA, 0x08CA, 0x08CA, 0x08CA, 0x08CA, 0x08CA, 0x08CA, 
	0x08CA, 0x08CA, 0x08CA, 0x08CA, 0x08CA, 0x08CA, 0x08CA, 0x08CA, 0x08CA, 0x08CA, 0x08CA, 0x08CA, 0x08CA, 0x08CA, 0x08CA, 0x08CA, 
	0x08CA, 0x08CA, 0x08CA, 0x08CA, 0x08CA, 0x08CA, 0x08CA, 0x08CA, 0x08CA, 0x08CA, 0x08CA, 0x08CA, 0x08CA, 0x08CA, 0x08CA, 0x08CA, 
	0x08CA, 0x08CA, 0x08CA, 0x08CA, 0x08CA, 0x08CA, 0x08CA, 0x08CA, 0x08CA, 0x08CA, 0x08CA, 0x08CA, 0x08CA, 0x08CA, 0x08CA, 0x08CA, 
	0x08CA, 0x08CA, 0x08CA, 0x08CA, 0x08CA, 0x08CA, 0x08CA, 0x08CA, 0x08CA, 0x08CA, 0x08CA, 0x08CA, 0x08CA, 0x08CA, 0x08CA, 0x08CA, 
	0x08CA, 0x08CA, 0x08CA, 0x08CA, 0x08CA, 0x08CA, 0x08CA, 0x08CA, 0x08CA, 0x08CA, 0x08CA, 0x08CA, 0x08CA, 0x08CA, 0x08CA, 0x08CA, 
	0x08CA, 0x08CA, 0x08CA, 0x08CA, 0x08CA, 0x08CA, 0x08CA, 0x08CA, 0x08CA, 0x08CA, 0x08CA, 0x08CA, 0x08CA, 0x08CA, 0x08CA, 0x08CA, 
	0x08CA, 0x08CA, 0x08CA, 0x08CA, 0x08CA, 0x08CA, 0x08CA, 0x08CA, 0x08CA, 0x08CA, 0x08CA, 0x08CA, 0x08CA, 0x08CA, 0x08CA, 0x08CA, 
	0x08CA, 0x08CA, 0x08CA, 0x08CA, 0x08CA, 0x08CA, 0x08CA, 0x08CA, 0x08CA, 0x08CA, 0x08CA, 0x08CA, 0x08CA, 0x08CA, 0x08CA, 0x08CA, 
	0x08CA, 0x08CA, 0x08CA, 0x08CA, 0x08CA, 0x08CA, 0x08CA, 0x08CA, 0x08CA, 0x08CA, 0x08CA, 0x08CA, 0x08CA, 0x08CA, 0x08CA, 0x08CA, 
	0x08CA, 0x08CA, 0x08CA, 0x08CA, 0x08CA, 0x08CA, 0x08CA, 0x08CA, 0x08CA, 0x08CA, 0x08CA, 0x08CA, 0x08CA, 0x08CA, 0x08CA, 0x08CA, 
	0x08CA, 0x08CA, 0x08CA, 0x08CA, 0x08CA, 0x08CA, 0x08CA, 0x08CA, 0x08CA, 0x08CA, 0x08CA, 0x08CA, 0x08CA, 0x08CA, 0x08CA, 0x08CA, 
	0x08CA, 0x08CA, 0x08CA, 0x08CA, 0x08CA, 0x08CA, 0x08CA, 0x08CA, 0x08CA, 0x08CA, 0x08CA, 0x08CA, 0x08CA, 0x08CA, 0x08CA, 0x08CA, 
	0x08CA, 0x08CA, 0x08CA, 0x08CA, 0x08CA, 0x08CA, 0x08CA, 0x08CA, 0x08CA, 0x08CA, 0x08CA, 0x08CA, 0x08CA, 0x08CA, 0x08CA, 0x08CA, 
	0x08CA, 0x08CA, 0x08CA, 0x08CA, 0x08CA, 0x08CA, 0x08CA, 0x08CA, 0x08CA, 0x08CA, 0x08CA, 0x08CA, 0x08CA, 0x08CA, 0x08CA, 0x08CA, 
	0x08CA, 0x08CA, 0x08CA, 0x08CA, 0x08CA, 0x08CA, 0x08CA, 0x08CA, 0x08CA, 0x08CA, 0x08CA, 0x08CA, 0x08CA, 0x08CA, 0x08CA, 0x08CA, 
	0x08CA, 0x08CA, 0x08CA, 0x08CA, 0x08CA, 0x08CA, 0x08CA, 0x08CA, 0x08CA, 0x08CA, 0x08CA, 0x08CA, 0x08CA, 0x08CA, 0x08CA, 0x08CA, 
	0x08CA, 0x08CA, 0x08CA, 0x08CA, 0x08CA, 0x08CA, 0x08CA, 0x08CA, 0x08CA, 0x08CA, 0x08CA, 0x08CA, 0x08CA, 0x08CA, 0x08CA, 0x08CA, 
	0x08CA, 0x08CA, 0x08CA, 0x08CA, 0x08CA, 0x08CA, 0x08CA, 0x08CA, 0x08CA, 0x08CA, 0x08CA, 0x08CA, 0x08CA, 0x08CA, 0x08CA, 0x08CA, 
	0x08CA, 0x08CA, 0x08CA, 0x08CA, 0x08CA, 0x08CA, 0x08CA, 0x08CA, 0x08CA, 0x08CA, 0x08CA, 0x08CA, 0x08CA, 0x08CA, 0x08CA, 0x08CA, 
	0x08CA, 0x08CA, 0x08CA, 0x08CA, 0x08CA, 0x08CA, 0x08CA, 0x08CA, 0x08CA, 0x08CA, 0x08CA, 0x08CA, 0x08CA, 0x08CA, 0x08CA, 0x08CA, 
	0x08CA, 0x08CA, 0x08CA, 0x08CA, 0x08CA, 0x08CA, 0x08CA, 0x08CA, 0x08CA, 0x08CA, 0x08CA, 0x08CA, 0x08CA, 0x08CA, 0x08CA, 0x08CA, 
	0x08CA, 0x08CA, 0x08CA, 0x08CA, 0x08CA, 0x08CA, 0x08CA, 0x08CA, 0x08CA, 0x08CA, 0x08CA, 0x08CA, 0x08CA, 0x08CA, 0x08CA, 0x08CA, 
	0x08CA, 0x08CA, 0x08CA, 0x08CA, 0x08CA, 0x08CA, 0x08CA, 0x08CA, 0x08CA, 0x08CA, 0x08CA, 0x08CA, 0x08CA, 0x08CA, 0x08CA, 0x08CA, 
	0x08CA, 0x08CA, 0x08CA, 0x08CA, 0x08CA, 0x08CA, 0x08CA, 0x08CA, 0x08CA, 0x08CA, 0x08CA, 0x08CA, 0x08CA, 0x08CA, 0x08CA, 0x08CA, 
	0x08CA, 0x08CA, 0x08CA, 0x08CA, 0x08CA, 0x08CA, 0x08CA, 0x08CA, 0x08CA, 0x08CA, 0x08CA, 0x08CA, 0x08CA, 0x08CA, 0x08CA, 0x08CA, 
	0x08CA, 0x08CA, 0x08CA, 0x08CA, 0x08CA, 0x08CA, 0x08CA, 0x08CA, 0x08CA, 0x08CA, 0x08CA, 0x08CA, 0x08CA, 0x08CA, 0x08CA, 0x08CA, 
	0x08CA, 0x08CA, 0x08CA, 0x08CA, 0x08CA, 0x08CA, 0x08CA, 0x08CA, 0x08CA, 0x08CA, 0x08CA, 0x08CA, 0x08CA, 0x08CA, 0x08CA, 0x08CA, 
	0x08CA, 0x08CA, 0x08CA, 0x08CA, 0x08CA, 0x08CA, 0x08CA, 0x08CA, 0x08CA, 0x08CA, 0x08CA, 0x08CA, 0x08CA, 0x08CA, 0x08CA, 0x08CA, 
	0x08CA, 0x08CA, 0x08CA, 0x08CA, 0x08CA, 0x08CA, 0x08CA, 0x08CA, 0x08CA, 0x08CA, 0x08CA, 0x08CA, 0x08CA, 0x08CA, 0x08CA, 0x08CA, 
	0x08CA, 0x08CA, 0x08CA, 0x08CA, 0x08CA, 0x08CA, 0x08CA, 0x08CA, 0x08CA, 0x08CA, 0x08CA, 0x08CA, 0x08CA, 0x08CA, 0x08CA, 0x08CA, 
	0x08CA, 0x08CA, 0x08CA, 0x08CA, 0x08CA, 0x08CA, 0x08CA, 0x08CA, 0x08CA, 0x08CA, 0x08CA, 0x08CA, 0x08CA, 0x08CA, 0x08CA, 0x08CA, 
	0x08CA, 0x08CA, 0x08CA, 0x08CA, 0x08CA, 0x08CA, 0x08CA, 0x08CA, 0x08CA, 0x08CA, 0x08CA, 0x08CA, 0x08CA, 0x08CA, 0x08CA, 0x08CA, 
	0x08CA, 0x08CA, 0x08CA, 0x08CA, 0x08CA, 0x08CA, 0x08CA, 0x08CA, 0x08CA, 0x08CA, 0x08CA, 0x08CA, 0x08CA, 0x08CA, 0x08CA, 0x08CA, 
	0x08CA, 0x08CA, 0x08CA, 0x08CA, 0x08CA, 0x08CA, 0x08CA, 0x08CA, 0x08CA, 0x08CA, 0x08CA, 0x08CA, 0x08CA, 0x08CA, 0x08CA, 0x08CA, 
	0x08CA, 0x08CA, 0x08CA, 0x08CA, 0x08CA, 0x08CA, 0x08CA, 0x08CA, 0x08CA, 0x08CA, 0x08CA, 0x08CA, 0x08CA, 0x08CA, 0x08CA, 0x08CA, 
	0x08CA, 0x08CA, 0x08CA, 0x08CA, 0x08CA, 0x08CA, 0x08CA, 0x08CA, 0x08CA, 0x08CA, 0x08CA, 0x08CA, 0x08CA, 0x08CA, 0x08CA, 0x08CA, 
	0x08CA, 0x08CA, 0x08CA, 0x08CA, 0x08CA, 0x08CA, 0x08CA, 0x08CA, 0x08CA, 0x08CA, 0x08CA, 0x08CA, 0x08CA, 0x08CA, 0x08CA, 0x08CA, 
	0x08CA, 0x08CA, 0x08CA, 0x08CA, 0x08CA, 0x08CA, 0x08CA, 0x08CA, 0x08CA, 0x08CA, 0x08CA, 0x08CA, 0x08CA, 0x08CA, 0x08CA, 0x08CA, 
	0x08CA, 0x08CA, 0x08CA, 0x08CA, 0x08CA, 0x08CA, 0x08CA, 0x08CA, 0x08CA, 0x08CA, 0x08CA, 0x08CA, 0x08CA, 0x08CA, 0x08CA, 0x08CA, 
	0x08CA, 0x08CA, 0x08CA, 0x08CA, 0x08CA, 0x08CA, 0x08CA, 0x08CA, 0x08CA, 0x08CA, 0x08CA, 0x08CA, 0x08CA, 0x08CA, 0x08CA, 0x08CA, 
	0x08CA, 0x08CA, 0x08CA, 0x08CA, 0x08CA, 0x08CA, 0x08CA, 0x08CA, 0x08CA, 0x08CA, 0x08CA, 0x08CA, 0x08CA, 0x08CA, 0x08CA, 0x08CA, 
	0x08CA, 0x08CA, 0x08CA, 0x08CA, 0x08CA, 0x08CA, 0x08CA, 0x08CA, 0x08CA, 0x08CA, 0x08CA, 0x08CA, 0x08CA, 0x08CA, 0x08CA, 0x08CA, 
	0x08CA, 0x08CA, 0x08CA, 0x08CA, 0x08CA, 0x08CA, 0x08CA, 0x08CA, 0x08CA, 0x08CA, 0x08CA, 0x08CA, 0x08CA, 0x08CA, 0x08CA, 0x08CA, 
	0x08CA, 0x08CA, 0x08CA, 0x08CA, 0x08CA, 0x08CA, 0x08CA, 0x08CA, 0x08CA, 0x08CA, 0x08CA, 0x08CA, 0x08CA, 0x08CA, 0x08CA, 0x08CA, 
	0x08CA, 0x08CA, 0x08CA, 0x08CA, 0x08CA, 0x08CA, 0x08CA, 0x08CA, 0x08CA, 0x08CA, 0x08CA, 0x08CA, 0x08CA, 0x08CA, 0x08CA, 0x08CA, 
	0x08CA, 0x08CA, 0x08CA, 0x08CA, 0x08CA, 0x08CA, 0x08CA, 0x08CA, 0x08CA, 0x08CA, 0x08CA, 0x08CA, 0x08CA, 0x08CA, 0x08CA, 0x08CA, 
	0x08CA, 0x08CA, 0x08CA, 0x08CA, 0x08CA, 0x08CA, 0x08CA, 0x08CA, 0x08CA, 0x08CA, 0x08CA, 0x08CA, 0x08CA, 0x08CA, 0x08CA, 0x08CA, 
	0x08CA, 0x08CA, 0x08CA, 0x08CA, 0x08CA, 0x08CA, 0x08CA, 0x08CA, 0x08CA, 0x08CA, 0x08CA, 0x08CA, 0x08CA, 0x08CA, 0x08CA, 0x08CA, 
	0x08CA, 0x08CA, 0x08CA, 0x08CA, 0x08CA, 0x08CA, 0x08CA, 0x08CA, 0x08CA, 0x08CA, 0x08CA, 0x08CA, 0x08CA, 0x08CA, 0x08CA, 0x08CA, 
	0x08CA, 0x08CA, 0x08CA, 0x08CA, 0x08CA, 0x08CA, 0x08CA, 0x08CA, 0x08CA, 0x08CA, 0x08CA, 0x08CA, 0x08CA, 0x08CA, 0x08CA, 0x08CA, 
	0x08CA, 0x08CA, 0x08CA, 0x08CA, 0x08CA, 0x08CA, 0x08CA, 0x08CA, 0x08CA, 0x08CA, 0x08CA, 0x08CA, 0x08CA, 0x08CA, 0x08CA, 0x08CA, 
	0x08CA, 0x08CA, 0x08CA, 0x08CA, 0x08CA, 0x08CA, 0x08CA, 0x08CA, 0x08CA, 0x08CA, 0x08CA, 0x08CA, 0x08CA, 0x08CA, 0x08CA, 0x08CA, 
	0x08CA, 0x08CA, 0x08CA, 0x08CA, 0x08CA, 0x08CA, 0x08CA, 0x08CA, 0x08CA, 0x08CA, 0x08CA, 0x08CA, 0x08CA, 0x08CA, 0x08CA, 0x08CA, 
	0x08CA, 0x08CA, 0x08CA, 0x08CA, 0x08CA, 0x08CA, 0x08CA, 0x08CA, 0x08CA, 0x08CA, 0x08CA, 0x08CA, 0x08CA, 0x08CA, 0x08CA, 0x08CA, 
	0x08CA, 0x08CA, 0x08CA, 0x08CA, 0x08CA, 0x08CA, 0x08CA, 0x08CA, 0x08CA, 0x08CA, 0x08CA, 0x08CA, 0x08CA, 0x08CA, 0x08CA, 0x08CA, 
	0x08CA, 0x08CA, 0x08CA, 0x08CA, 0x08CA, 0x08CA, 0x08CA, 0x08CA, 0x08CA, 0x08CA, 0x08CA, 0x08CA, 0x08CA, 0x08CA, 0x08CA, 0x08CA, 
	0x08CA, 0x08CA, 0x08CA, 0x08CA, 0x08CA, 0x08CA, 0x08CA, 0x08CA, 0x08CA, 0x08CA, 0x08CA, 0x08CA, 0x08CA, 0x08CA, 0x08CA, 0x08CA, 
	0x08CA, 0x08CA, 0x08CA, 0x08CA, 0x08CA, 0x08CA, 0x08CA, 0x08CA, 0x08CA, 0x08CA, 0x08CA, 0x08CA, 0x08CA, 0x08CA, 0x08CA, 0x08CA, 
	0x08CA, 0x08CA, 0x08CA, 0x08CA, 0x08CA, 0x08CA, 0x08CA, 0x08CA, 0x08CA, 0x08CA, 0x08CA, 0x08CA, 0x08CA, 0x08CA, 0x08CA, 0x08CA, 
	0x08CA, 0x08CA, 0x08CA, 0x08CA, 0x08CA, 0x08CA, 0x08CA, 0x08CA, 0x08CA, 0x08CA, 0x08CA, 0x08CA, 0x08CA, 0x08CA, 0x08CA, 0x08CA, 
	0x08CA, 0x08CA, 0x08CA, 0x08CA, 0x08CA, 0x08CA, 0x08CA, 0x08CA, 0x08CA, 0x08CA, 0x08CA, 0x08CA, 0x08CA, 0x08CA, 0x08CA, 0x08CA, 
	0x08CA, 0x08CA, 0x08CA, 0x08CA, 0x08CA, 0x08CA, 0x08CA, 0x08CA, 0x08CA, 0x08CA, 0x08CA, 0x08CA, 0x08CA, 0x08CA, 0x08CA, 0x08CA, 
	0x08CA, 0x08CA, 0x08CA, 0x08CA, 0x08CA, 0x08CA, 0x08CA, 0x08CA, 0x08CA, 0x08CA, 0x08CA, 0x08CA, 0x08CA, 0x08CA, 0x08CA, 0x08CA, 
	0x08CA, 0x08CA, 0x08CA, 0x08CA, 0x08CA, 0x08CA, 0x08CA, 0x08CA, 0x08CA, 0x08CA, 0x08CA, 0x08CA, 0x08CA, 0x08CA, 0x08CA, 0x08CA, 
	0x08CA, 0x08CA, 0x08CA, 0x08CA, 0x08CA, 0x08CA, 0x08CA, 0x08CA, 0x08CA, 0x08CA, 0x08CA, 0x08CA, 0x08CA, 0x08CA, 0x08CA, 0x08CA, 
	0x08CA, 0x08CA, 0x08CA, 0x08CA, 0x08CA, 0x08CA, 0x08CA, 0x08CA, 0x08CA, 0x08CA, 0x08CA, 0x08CA, 0x08CA, 0x08CA, 0x08CA, 0x08CA, 
	0x08CA, 0x08CA, 0x08CA, 0x08CA, 0x08CA, 0x08CA, 0x08CA, 0x08CA, 0x08CA, 0x08CA, 0x08CA, 0x08CA, 0x08CA, 0x08CA, 0x08CA, 0x08CA, 
	0x08CA, 0x08CA, 0x08CA, 0x08CA, 0x08CA, 0x08CA, 0x08CA, 0x08CA, 0x08CA, 0x08CA, 0x08CA, 0x08CA, 0x08CA, 0x08CA, 0x08CA, 0x08CA, 
	0x08CA, 0x08CA, 0x08CA, 0x08CA, 0x08CA, 0x08CA, 0x08CA, 0x08CA, 0x08CA, 0x08CA, 0x08CA, 0x08CA, 0x08CA, 0x08CA, 0x08CA, 0x08CA, 
	0x08CA, 0x08CA, 0x08CA, 0x08CA, 0x08CA, 0x08CA, 0x08CA, 0x08CA, 0x08CA, 0x08CA, 0x08CA, 0x08CA, 0x08CA, 0x08CA, 0x08CA, 0x08CA, 
	0x08CA, 0x08CA, 0x08CA, 0x08CA, 0x08CA, 0x08CA, 0x08CA, 0x08CA, 0x08CA, 0x08CA, 0x08CA, 0x08CA, 0x08CA, 0x08CA, 0x08CA, 0x08CA, 
	0x08CA, 0x08CA, 0x08CA, 0x08CA, 0x08CA, 0x08CA, 0x08CA, 0x08CA, 0x08CA, 0x08CA, 0x08CA, 0x08CA, 0x08CA, 0x08CA, 0x08CA, 0x08CA, 
	0x08CA, 0x08CA, 0x08CA, 0x08CA, 0x08CA, 0x08CA, 0x08CA, 0x08CA, 0x08CA, 0x08CA, 0x08CA, 0x08CA, 0x08CA, 0x08CA, 0x08CA, 0x08CA, 
	0x08CA, 0x08CA, 0x08CA, 0x08CA, 0x08CA, 0x08CA, 0x08CA, 0x08CA, 0x08CA, 0x08CA, 0x08CA, 0x08CA, 0x08CA, 0x08CA, 0x08CA, 0x08CA, 
	0x08CA, 0x08CA, 0x08CA, 0x08CA, 0x08CA, 0x08CA, 0x08CA, 0x08CA, 0x08CA, 0x08CA, 0x08CA, 0x08CA, 0x08CA, 0x08CA, 0x08CA, 0x08CA, 
	0x08CA, 0x08CA, 0x08CA, 0x08CA, 0x08CA, 0x08CA, 0x08CA, 0x08CA, 0x08CA, 0x08CA, 0x08CA, 0x08CA, 0x08CA, 0x08CA, 0x08CA, 0x08CA, 
	0x08CA, 0x08CA, 0x08CA, 0x08CA, 0x08CA, 0x08CA, 0x08CA, 0x08CA, 0x08CA, 0x08CA, 0x08CA, 0x08CA, 0x08CA, 0x08CA, 0x08CA, 0x08CA, 
	0x08CA, 0x08CA, 0x08CA, 0x08CA, 0x08CA, 0x08CA, 0x08CA, 0x08CA, 0x08CA, 0x08CA, 0x08CA, 0x08CA, 0x08CA, 0x08CA, 0x08CA, 0x08CA, 
	0x08CA, 0x08CA, 0x08CA, 0x08CA, 0x08CA, 0x08CA, 0x08CA, 0x08CA, 0x08CA, 0x08CA, 0x08CA, 0x08CA, 0x08CA, 0x08CA, 0x08CA, 0x08CA, 
	0x08CA, 0x08CA, 0x08CA, 0x08CA, 0x08CA, 0x08CA, 0x08CA, 0x08CA, 0x08CA, 0x08CA, 0x08CA, 0x08CA, 0x08CA, 0x08CA, 0x08CA, 0x08CA, 
	0x08CA, 0x08CA, 0x08CA, 0x08CA, 0x08CA, 0x08CA, 0x08CA, 0x08CA, 0x08CA, 0x08CA, 0x08CA, 0x08CA, 0x08CA, 0x08CA, 0x08CA, 0x08CA, 
	0x08CA, 0x08CA, 0x08CA, 0x08CA, 0x08CA, 0x08CA, 0x08CA, 0x08CA, 0x08CA, 0x08CA, 0x08CA, 0x08CA, 0x08CA, 0x08CA, 0x08CA, 0x08CA, 
	0x08CA, 0x08CA, 0x08CA, 0x08CA, 0x08CA, 0x08CA, 0x08CA, 0x08CA, 0x08CA, 0x08CA, 0x08CA, 0x08CA, 0x08CA, 0x08CA, 0x08CA, 0x08CA, 
	0x08CA, 0x08CA, 0x08CA, 0x08CA, 0x08CA, 0x08CA, 0x08CA, 0x08CA, 0x08CA, 0x08CA, 0x08CA, 0x08CA, 0x08CA, 0x08CA, 0x08CA, 0x08CA, 
	0x08CA, 0x08CA, 0x08CA, 0x08CA, 0x08CA, 0x08CA, 0x08CA, 0x08CA, 0x08CA, 0x08CA, 0x08CA, 0x08CA, 0x08CA, 0x08CA, 0x08CA, 0x08CA, 
	0x08CA, 0x08CA, 0x08CA, 0x08CA, 0x08CA, 0x08CA, 0x08CA, 0x08CA, 0x08CA, 0x08CA, 0x08CA, 0x08CA, 0x08CA, 0x08CA, 0x08CA, 0x08CA, 
	0x08CA, 0x08CA, 0x08CA, 0x08CA, 0x08CA, 0x08CA, 0x08CA, 0x08CA, 0x08CA, 0x08CA, 0x08CA, 0x08CA, 0x08CA, 0x08CA, 0x08CA, 0x08CA, 
	0x08CA, 0x08CA, 0x08CA, 0x08CA, 0x08CA, 0x08CA, 0x08CA, 0x08CA, 0x08CA, 0x08CA, 0x08CA, 0x08CA, 0x08CA, 0x08CA, 0x08CA, 0x08CA, 
	0x08CA, 0x08CA, 0x08CA, 0x08CA, 0x08CA, 0x08CA, 0x08CA, 0x08CA, 0x08CA, 0x08CA, 0x08CA, 0x08CA, 0x08CA, 0x08CA, 0x08CA, 0x08CA, 
	0x08CA, 0x08CA, 0x08CA, 0x08CA, 0x08CA, 0x08CA, 0x08CA, 0x08CA, 0x08CA, 0x08CA, 0x08CA, 0x08CA, 0x08CA, 0x08CA, 0x08CA, 0x08CA, 
	0x08CA, 0x08CA, 0x08CA, 0x08CA, 0x08CA, 0x08CA, 0x08CA, 0x08CA, 0x08CA, 0x08CA, 0x08CA, 0x08CA, 0x08CA, 0x08CA, 0x08CA, 0x08CA, 
	0x08CA, 0x08CA, 0x08CA, 0x08CA, 0x08CA, 0x08CA, 0x08CA, 0x08CA, 0x08CA, 0x08CA, 0x08CA, 0x08CA, 0x08CA, 0x08CA, 0x08CA, 0x08CA, 
	0x08CA, 0x08CA, 0x08CA, 0x08CA, 0x08CA, 0x08CA, 0x08CA, 0x08CA, 0x08CA, 0x08CA, 0x08CA, 0x08CA, 0x08CA, 0x08CA, 0x08CA, 0x08CA, 
	0x08CA, 0x08CA, 0x08CA, 0x08CA, 0x08CA, 0x08CA, 0x08CA, 0x08CA, 0x08CA, 0x08CA, 0x08CA, 0x08CA, 0x08CA, 0x08CA, 0x08CA, 0x08CA, 
	0x08CA, 0x08CA, 0x08CA, 0x08CA, 0x08CA, 0x08CA, 0x08CA, 0x08CA, 0x08CA, 0x08CA, 0x08CA, 0x08CA, 0x08CA, 0x08CA, 0x08CA, 0x08CA, 
	0x08CA, 0x08CA, 0x08CA, 0x08CA, 0x08CA, 0x08CA, 0x08CA, 0x08CA, 0x08CA, 0x08CA, 0x08CA, 0x08CA, 0x08CA, 0x08CA, 0x08CA, 0x08CA, 
	0x08CA, 0x08CA, 0x08CA, 0x08CA, 0x08CA, 0x08CA, 0x08CA, 0x08CA, 0x08CA, 0x08CA, 0x08CA, 0x08CA, 0x08CA, 0x08CA, 0x08CA, 0x08CA, 
	0x08CA, 0x08CA, 0x08CA, 0x08CA, 0x08CA, 0x08CA, 0x08CA, 0x08CA, 0x08CA, 0x08CA, 0x08CA, 0x08CA, 0x08CA, 0x08CA, 0x08CA, 0x08CA, 
	0x08CA, 0x08CA, 0x08CA, 0x08CA, 0x08CA, 0x08CA, 0x08CA, 0x08CA, 0x08CA, 0x08CA, 0x08CA, 0x08CA, 0x08CA, 0x08CA, 0x08CA, 0x08CA, 
	0x08CA, 0x08CA, 0x08CA, 0x08CA, 0x08CA, 0x08CA, 0x08CA, 0x08CA, 0x08CA, 0x08CA, 0x08CA, 0x08CA, 0x08CA, 0x08CA, 0x08CA, 0x08CA, 
	0x08CA, 0x08CA, 0x08CA, 0x08CA, 0x08CA, 0x08CA, 0x08CA, 0x08CA, 0x08CA, 0x08CA, 0x08CA, 0x08CA, 0x08CA, 0x08CA, 0x08CA, 0x08CA, 
	0x08CA, 0x08CA, 0x08CA, 0x08CA, 0x08CA, 0x08CA, 0x08CA, 0x08CA, 0x08CA, 0x08CA, 0x08CA, 0x08CA, 0x08CA, 0x08CA, 0x08CA, 0x08CA, 
	0x08CA, 0x08CA, 0x08CA, 0x08CA, 0x08CA, 0x08CA, 0x08CA, 0x08CA, 0x08CA, 0x08CA, 0x08CA, 0x08CA, 0x08CA, 0x08CA, 0x08CA, 0x08CA, 
	0x08CA, 0x08CA, 0x08CA, 0x08CA, 0x08CA, 0x08CA, 0x08CA, 0x08CA, 0x08CA, 0x08CA, 0x08CA, 0x08CA, 0x08CA, 0x08CA, 0x08CA, 0x08CA, 
	0x08CA, 0x08CA, 0x08CA, 0x08CA, 0x08CA, 0x08CA, 0x08CA, 0x08CA, 0x08CA, 0x08CA, 0x08CA, 0x08CA, 0x08CA, 0x08CA, 0x08CA, 0x08CA, 
	0x08CA, 0x08CA, 0x08CA, 0x08CA, 0x08CA, 0x08CA, 0x08CA, 0x08CA, 0x08CA, 0x08CA, 0x08CA, 0x08CA, 0x08CA, 0x08CA, 0x08CA, 0x08CA, 
	0x08CA, 0x08CA, 0x08CA, 0x08CA, 0x08CA, 0x08CA, 0x08CA, 0x08CA, 0x08CA, 0x08CA, 0x08CA, 0x08CA, 0x08CA, 0x08CA, 0x08CA, 0x08CA, 
	0x08CA, 0x08CA, 0x08CA, 0x08CA, 0x08CA, 0x08CA, 0x08CA, 0x08CA, 0x08CA, 0x08CA, 0x08CA, 0x08CA, 0x08CA, 0x08CA, 0x08CA, 0x08CA, 
	0x08CA, 0x08CA, 0x08CA, 0x08CA, 0x08CA, 0x08CA, 0x08CA, 0x08CA, 0x08CA, 0x08CA, 0x08CA, 0x08CA, 0x08CA, 0x08CA, 0x08CA, 0x08CA, 
	0x08CA, 0x08CA, 0x08CA, 0x08CA, 0x08CA, 0x08CA, 0x08CA, 0x08CA, 0x08CA, 0x08CA, 0x08CA, 0x08CA, 0x08CA, 0x08CA, 0x08CA, 0x08CA, 
	0x08CA, 0x08CA, 0x08CA, 0x08CA, 0x08CA, 0x08CA, 0x08CA, 0x08CA, 0x08CA, 0x08CA, 0x08CA, 0x08CA, 0x08CA, 0x08CA, 0x08CA, 0x08CA, 
	0x08CA, 0x08CA, 0x08CA, 0x08CA, 0x08CA, 0x08CA, 0x08CA, 0x08CA, 0x08CA, 0x08CA, 0x08CA, 0x08CA, 0x08CA, 0x08CA, 0x08CA, 0x08CA, 
	0x08CA, 0x08CA, 0x08CA, 0x08CA, 0x08CA, 0x08CA, 0x08CA, 0x08CA, 0x08CA, 0x08CA, 0x08CA, 0x08CA, 0x08CA, 0x08CA, 0x08CA, 0x08CA, 
	0x08CA, 0x08CA, 0x08CA, 0x08CA, 0x08CA, 0x08CA, 0x08CA, 0x08CA, 0x08CA, 0x08CA, 0x08CA, 0x08CA, 0x08CA, 0x08CA, 0x08CA, 0x08CA, 
	0x08CA, 0x08CA, 0x08CA, 0x08CA, 0x08CA, 0x08CA, 0x08CA, 0x08CA, 0x08CA, 0x08CA, 0x08CA, 0x08CA, 0x08CA, 0x08CA, 0x08CA, 0x08CA, 
	0x08CA, 0x08CA, 0x08CA, 0x08CA, 0x08CA, 0x08CA, 0x08CA, 0x08CA, 0x08CA, 0x08CA, 0x08CA, 0x08CA, 0x08CA, 0x08CA, 0x08CA, 0x08CA, 
	0x08CA, 0x08CA, 0x08CA, 0x08CA, 0x08CA, 0x08CA, 0x08CA, 0x08CA, 0x08CA, 0x08CA, 0x08CA, 0x08CA, 0x08CA, 0x08CA, 0x08CA, 0x08CA, 
	0x08CA, 0x08CA, 0x08CA, 0x08CA, 0x08CA, 0x08CA, 0x08CA, 0x08CA, 0x08CA, 0x08CA, 0x08CA, 0x08CA, 0x08CA, 0x08CA, 0x08CA, 0x08CA, 
	0x08CA, 0x08CA, 0x08CA, 0x08CA, 0x08CA, 0x08CA, 0x08CA, 0x08CA, 0x08CA, 0x08CA, 0x08CA, 0x08CA, 0x08CA, 0x08CA, 0x08CA, 0x08CA, 
	0x08CA, 0x08CA, 0x08CA, 0x08CA, 0x08CA, 0x08CA, 0x08CA, 0x08CA, 0x08CA, 0x08CA, 0x08CA, 0x08CA, 0x08CA, 0x08CA, 0x08CA, 0x08CA, 
	0x08CA, 0x08CA, 0x08CA, 0x08CA, 0x08CA, 0x08CA, 0x08CA, 0x08CA, 0x08CA, 0x08CA, 0x08CA, 0x08CA, 0x08CA, 0x08CA, 0x08CA, 0x08CA, 
	0x08CA, 0x08CA, 0x08CA, 0x08CA, 0x08CA, 0x08CA, 0x08CA, 0x08CA, 0x08CA, 0x08CA, 0x08CA, 0x08CA, 0x08CA, 0x08CA, 0x08CA, 0x08CA, 
	0x08CA, 0x08CA, 0x08CA, 0x08CA, 0x08CA, 0x08CA, 0x08CA, 0x08CA, 0x08CA, 0x08CA, 0x08CA, 0x08CA, 0x08CA, 0x08CA, 0x08CA, 0x08CA, 
	0x08CA, 0x08CA, 0x08CA, 0x08CA, 0x08CA, 0x08CA, 0x08CA, 0x08CA, 0x08CA, 0x08CA, 0x08CA, 0x08CA, 0x08CA, 0x08CA, 0x08CA, 0x08CA, 
	0x08CA, 0x08CA, 0x08CA, 0x08CA, 0x08CA, 0x08CA, 0x08CA, 0x08CA, 0x08CA, 0x08CA, 0x08CA, 0x08CA, 0x08CA, 0x08CA, 0x08CA, 0x08CA, 
	0x08CA, 0x08CA, 0x08CA, 0x08CA, 0x08CA, 0x08CA, 0x08CA, 0x08CA, 0x08CA, 0x08CA, 0x08CA, 0x08CA, 0x08CA, 0x08CA, 0x08CA, 0x08CA, 
	0x08CA, 0x08CA, 0x08CA, 0x08CA, 0x08CA, 0x08CA, 0x08CA, 0x08CA, 0x08CA, 0x08CA, 0x08CA, 0x08CA, 0x08CA, 0x08CA, 0x08CA, 0x08CA, 
	0x08CA, 0x08CA, 0x08CA, 0x08CA, 0x08CA, 0x08CA, 0x08CA, 0x08CA, 0x08CA, 0x08CA, 0x08CA, 0x08CA, 0x08CA, 0x08CA, 0x08CA, 0x08CA, 
	0x08CA, 0x08CA, 0x08CA, 0x08CA, 0x08CA, 0x08CA, 0x08CA, 0x08CA, 0x08CA, 0x08CA, 0x08CA, 0x08CA, 0x08CA, 0x08CA, 0x08CA, 0x08CA, 
	0x08CA, 0x08CA, 0x08CA, 0x08CA, 0x08CA, 0x08CA, 0x08CA, 0x08CA, 0x08CA, 0x08CA, 0x08CA, 0x08CA, 0x08CA, 0x08CA, 0x08CA, 0x08CA, 
	0x08CA, 0x08CA, 0x08CA, 0x08CA, 0x08CA, 0x08CA, 0x08CA, 0x08CA, 0x08CA, 0x08CA, 0x08CA, 0x08CA, 0x08CA, 0x08CA, 0x08CA, 0x08CA, 
	0x08CA, 0x08CA, 0x08CA, 0x08CA, 0x08CA, 0x08CA, 0x08CA, 0x08CA, 0x08CA, 0x08CA, 0x08CA, 0x08CA, 0x08CA, 0x08CA, 0x08CA, 0x08CA, 
	0x08CA, 0x08CA, 0x08CA, 0x08CA, 0x08CA, 0x08CA, 0x08CA, 0x08CA, 0x08CA, 0x08CA, 0x08CA, 0x08CA, 0x08CA, 0x08CA, 0x08CA, 0x08CA, 
	0x08CA, 0x08CA, 0x08CA, 0x08CA, 0x08CA, 0x08CA, 0x08CA, 0x08CA, 0x08CA, 0x08CA, 0x08CA, 0x08CA, 0x08CA, 0x08CA, 0x08CA, 0x08CA, 
	0x08CA, 0x08CA, 0x08CA, 0x08CA, 0x08CA, 0x08CA, 0x08CA, 0x08CA, 0x08CA, 0x08CA, 0x08CA, 0x08CA, 0x08CA, 0x08CA, 0x08CA, 0x08CA, 
	0x08CA, 0x08CA, 0x08CA, 0x08CA, 0x08CA, 0x08CA, 0x08CA, 0x08CA, 0x08CA, 0x08CA, 0x08CA, 0x08CA, 0x08CA, 0x08CA, 0x08CA, 0x08CA, 
	0x08CA, 0x08CA, 0x08CA, 0x08CA, 0x08CA, 0x08CA, 0x08CA, 0x08CA, 0x08CA, 0x08CA, 0x08CA, 0x08CA, 0x08CA, 0x08CA, 0x08CA, 0x08CA, 
	0x08CA, 0x08CA, 0x08CA, 0x08CA, 0x08CA, 0x08CA, 0x08CA, 0x08CA, 0x08CA, 0x08CA, 0x08CA, 0x08CA, 0x08CA, 0x08CA, 0x08CA, 0x08CA, 
	0x08CA, 0x08CA, 0x08CA, 0x08CA, 0x08CA, 0x08CA, 0x08CA, 0x08CA, 0x08CA, 0x08CA, 0x08CA, 0x08CA, 0x08CA, 0x08CA, 0x08CA, 0x08CA, 
	0x08CA, 0x08CA, 0x08CA, 0x08CA, 0x08CA, 0x08CA, 0x08CA, 0x08CA, 0x08CA, 0x08CA, 0x08CA, 0x08CA, 0x08CA, 0x08CA, 0x08CA, 0x08CA, 
	0x08CA, 0x08CA, 0x08CA, 0x08CA, 0x08CA, 0x08CA, 0x08CA, 0x08CA, 0x08CA, 0x08CA, 0x08CA, 0x08CA, 0x08CA, 0x08CA, 0x08CA, 0x08CA, 
	0x08CA, 0x08CA, 0x08CA, 0x08CA, 0x08CA, 0x08CA, 0x08CA, 0x08CA, 0x08CA, 0x08CA, 0x08CA, 0x08CA, 0x08CA, 0x08CA, 0x08CA, 0x08CA, 
	0x08CA, 0x08CA, 0x08CA, 0x08CA, 0x08CA, 0x08CA, 0x08CA, 0x08CA, 0x08CA, 0x08CA, 0x08CA, 0x08CA, 0x08CA, 0x08CA, 0x08CA, 0x08CA, 
	0x08CA, 0x08CA, 0x08CA, 0x08CA, 0x08CA, 0x08CA, 0x08CA, 0x08CA, 0x08CA, 0x08CA, 0x08CA, 0x08CA, 0x08CA, 0x08CA, 0x08CA, 0x08CA, 
	0x08CA, 0x08CA, 0x08CA, 0x08CA, 0x08CA, 0x08CA, 0x08CA, 0x08CA, 0x08CA, 0x08CA, 0x08CA, 0x08CA, 0x08CA, 0x08CA, 0x08CA, 0x08CA, 
	0x08CA, 0x08CA, 0x08CA, 0x08CA, 0x08CA, 0x08CA, 0x08CA, 0x08CA, 0x08CA, 0x08CA, 0x08CA, 0x08CA, 0x08CA, 0x08CA, 0x08CA, 0x08CA, 
	0x08CA, 0x08CA, 0x08CA, 0x08CA, 0x08CA, 0x08CA, 0x08CA, 0x08CA, 0x08CA, 0x08CA, 0x08CA, 0x08CA, 0x08CA, 0x08CA, 0x08CA, 0x08CA, 
	0x08CA, 0x08CA, 0x08CA, 0x08CA, 0x08CA, 0x08CA, 0x08CA, 0x08CA, 0x08CA, 0x08CA, 0x08CA, 0x08CA, 0x08CA, 0x08CA, 0x08CA, 0x08CA, 
	0x08CA, 0x08CA, 0x08CA, 0x08CA, 0x08CA, 0x08CA, 0x08CA, 0x08CA, 0x08CA, 0x08CA, 0x08CA, 0x08CA, 0x08CA, 0x08CA, 0x08CA, 0x08CA, 
	0x08CA, 0x08CA, 0x08CA, 0x08CA, 0x08CA, 0x08CA, 0x08CA, 0x08CA, 0x08CA, 0x08CA, 0x08CA, 0x08CA, 0x08CA, 0x08CA, 0x08CA, 0x08CA, 
	0x08CA, 0x08CA, 0x08CA, 0x08CA, 0x08CA, 0x08CA, 0x08CA, 0x08CA, 0x08CA, 0x08CA, 0x08CA, 0x08CA, 0x08CA, 0x08CA, 0x08CA, 0x08CA, 
	0x08CA, 0x08CA, 0x08CA, 0x08CA, 0x08CA, 0x08CA, 0x08CA, 0x08CA, 0x08CA, 0x08CA, 0x08CA, 0x08CA, 0x08CA, 0x08CA, 0x08CA, 0x08CA, 
	0x08CA, 0x08CA, 0x08CA, 0x08CA, 0x08CA, 0x08CA, 0x08CA, 0x08CA, 0x08CA, 0x08CA, 0x08CA, 0x08CA, 0x08CA, 0x08CA, 0x08CA, 0x08CA, 
	0x08CA, 0x08CA, 0x08CA, 0x08CA, 0x08CA, 0x08CA, 0x08CA, 0x08CA, 0x08CA, 0x08CA, 0x08CA, 0x08CA, 0x08CA, 0x08CA, 0x08CA, 0x08CA, 
	0x08CA, 0x08CA, 0x08CA, 0x08CA, 0x08CA, 0x08CA, 0x08CA, 0x08CA, 0x08CA, 0x08CA, 0x08CA, 0x08CA, 0x08CA, 0x08CA, 0x08CA, 0x08CA, 
	0x08CA, 0x08CA, 0x08CA, 0x08CA, 0x08CA, 0x08CA, 0x08CA, 0x08CA, 0x08CA, 0x08CA, 0x08CA, 0x08CA, 0x08CA, 0x08CA, 0x08CA, 0x08CA, 
	0x08CA, 0x08CA, 0x08CA, 0x08CA, 0x08CA, 0x08CA, 0x08CA, 0x08CA, 0x08CA, 0x08CA, 0x08CA, 0x08CA, 0x08CA, 0x08CA, 0x08CA, 0x08CA, 
	0x08CA, 0x08CA, 0x08CA, 0x08CA, 0x08CA, 0x08CA, 0x08CA, 0x08CA, 0x08CA, 0x08CA, 0x08CA, 0x08CA, 0x08CA, 0x08CA, 0x08CA, 0x08CA, 
	0x08CA, 0x08CA, 0x08CA, 0x08CA, 0x08CA, 0x08CA, 0x08CA, 0x08CA, 0x08CA, 0x08CA, 0x08CA, 0x08CA, 0x08CA, 0x08CA, 0x08CA, 0x08CA, 
	0x08CA, 0x08CA, 0x08CA, 0x08CA, 0x08CA, 0x08CA, 0x08CA, 0x08CA, 0x08CA, 0x08CA, 0x08CA, 0x08CA, 0x08CA, 0x08CA, 0x08CA, 0x08CA, 
	0x08CA, 0x08CA, 0x08CA, 0x08CA, 0x08CA, 0x08CA, 0x08CA, 0x08CA, 0x08CA, 0x08CA, 0x08CA, 0x08CA, 0x08CA, 0x08CA, 0x08CA, 0x08CA, 
	0x08CA, 0x08CA, 0x08CA, 0x08CA, 0x08CA, 0x08CA, 0x08CA, 0x08CA, 0x08CA, 0x08CA, 0x08CA, 0x08CA, 0x08CA, 0x08CA, 0x08CA, 0x08CA, 
	0x08CA, 0x08CA, 0x08CA, 0x08CA, 0x08CA, 0x08CA, 0x08CA, 0x08CA, 0x08CA, 0x08CA, 0x08CA, 0x08CA, 0x08CA, 0x08CA, 0x08CA, 0x08CA, 
	0x08CA, 0x08CA, 0x08CA, 0x08CA, 0x08CA, 0x08CA, 0x08CA, 0x08CA, 0x08CA, 0x08CA, 0x08CA, 0x08CA, 0x08CA, 0x08CA, 0x08CA, 0x08CA, 
	0x08CA, 0x08CA, 0x08CA, 0x08CA, 0x08CA, 0x08CA, 0x08CA, 0x08CA, 0x08CA, 0x08CA, 0x08CA, 0x08CA, 0x08CA, 0x08CA, 0x08CA, 0x08CA, 
	0x08CA, 0x08CA, 0x08CA, 0x08CA, 0x08CA, 0x08CA, 0x08CA, 0x08CA, 0x08CA, 0x08CA, 0x08CA, 0x08CA, 0x08CA, 0x08CA, 0x08CA, 0x08CA, 
	0x08CA, 0x08CA, 0x08CA, 0x08CA, 0x08CA, 0x08CA, 0x08CA, 0x08CA, 0x08CA, 0x08CA, 0x08CA, 0x08CA, 0x08CA, 0x08CA, 0x08CA, 0x08CA, 
	0x08CA, 0x08CA, 0x08CA, 0x08CA, 0x08CA, 0x08CA, 0x08CA, 0x08CA, 0x08CA, 0x08CA, 0x08CA, 0x08CA, 0x08CA, 0x08CA, 0x08CA, 0x08CA, 
	0x08CA, 0x08CA, 0x08CA, 0x08CA, 0x08CA, 0x08CA, 0x08CA, 0x08CA, 0x08CA, 0x08CA, 0x08CA, 0x08CA, 0x08CA, 0x08CA, 0x08CA, 0x08CA, 
	0x08CA, 0x08CA, 0x08CA, 0x08CA, 0x08CA, 0x08CA, 0x08CA, 0x08CA, 0x08CA, 0x08CA, 0x08CA, 0x08CA, 0x08CA, 0x08CA, 0x08CA, 0x08CA, 
	0x08CA, 0x08CA, 0x08CA, 0x08CA, 0x08CA, 0x08CA, 0x08CA, 0x08CA, 0x08CA, 0x08CA, 0x08CA, 0x08CA, 0x08CA, 0x08CA, 0x08CA, 0x08CA, 
	0x08CA, 0x08CA, 0x08CA, 0x08CA, 0x08CA, 0x08CA, 0x08CA, 0x08CA, 0x08CA, 0x08CA, 0x08CA, 0x08CA, 0x08CA, 0x08CA, 0x08CA, 0x08CA, 
	0x08CA, 0x08CA, 0x08CA, 0x08CA, 0x08CA, 0x08CA, 0x08CA, 0x08CA, 0x08CA, 0x08CA, 0x08CA, 0x08CA, 0x08CA, 0x08CA, 0x08CA, 0x08CA, 
	0x08CA, 0x08CA, 0x08CA, 0x08CA, 0x08CA, 0x08CA, 0x08CA, 0x08CA, 0x08CA, 0x08CA, 0x08CA, 0x08CA, 0x08CA, 0x08CA, 0x08CA, 0x08CA, 
	0x08CA, 0x08CA, 0x08CA, 0x08CA, 0x08CA, 0x08CA, 0x08CA, 0x08CA, 0x08CA, 0x08CA, 0x08CA, 0x08CA, 0x08CA, 0x08CA, 0x08CA, 0x08CA, 
	0x08CA, 0x08CA, 0x08CA, 0x08CA, 0x08CA, 0x08CA, 0x08CA, 0x08CA, 0x08CA, 0x08CA, 0x08CA, 0x08CA, 0x08CA, 0x08CA, 0x08CA, 0x08CA, 
	0x08CA, 0x08CA, 0x08CA, 0x08CA, 0x08CA, 0x08CA, 0x08CA, 0x08CA, 0x08CA, 0x08CA, 0x08CA, 0x08CA, 0x08CA, 0x08CA, 0x08CA, 0x08CA, 
	0x08CA, 0x08CA, 0x08CA, 0x08CA, 0x08CA, 0x08CA, 0x08CA, 0x08CA, 0x08CA, 0x08CA, 0x08CA, 0x08CA, 0x08CA, 0x08CA, 0x08CA, 0x08CA, 
	0x08CA, 0x08CA, 0x08CA, 0x08CA, 0x08CA, 0x08CA, 0x08CA, 0x08CA, 0x08CA, 0x08CA, 0x08CA, 0x08CA, 0x08CA, 0x08CA, 0x08CA, 0x08CA, 
	0x08CA, 0x08CA, 0x08CA, 0x08CA, 0x08CA, 0x08CA, 0x08CA, 0x08CA, 0x08CA, 0x08CA, 0x08CA, 0x08CA, 0x08CA, 0x08CA, 0x08CA, 0x08CA, 
	0x08CA, 0x08CA, 0x08CA, 0x08CA, 0x08CA, 0x08CA, 0x08CA, 0x08CA, 0x08CA, 0x08CA, 0x08CA, 0x08CA, 0x08CA, 0x08CA, 0x08CA, 0x08CA, 
	0x08CA, 0x08CA, 0x08CA, 0x08CA, 0x08CA, 0x08CA, 0x08CA, 0x08CA, 0x08CA, 0x08CA, 0x08CA, 0x08CA, 0x08CA, 0x08CA, 0x08CA, 0x08CA, 
	0x08CA, 0x08CA, 0x08CA, 0x08CA, 0x08CA, 0x08CA, 0x08CA, 0x08CA, 0x08CA, 0x08CA, 0x08CA, 0x08CA, 0x08CA, 0x08CA, 0x08CA, 0x08CA, 
	0x08CA, 0x08CA, 0x08CA, 0x08CA, 0x08CA, 0x08CA, 0x08CA, 0x08CA, 0x08CA, 0x08CA, 0x08CA, 0x08CA, 0x08CA, 0x08CA, 0x08CA, 0x08CA, 
	0x08CA, 0x08CA, 0x08CA, 0x08CA, 0x08CA, 0x08CA, 0x08CA, 0x08CA, 0x08CA, 0x08CA, 0x08CA, 0x08CA, 0x08CA, 0x08CA, 0x08CA, 0x08CA, 
	0x08CA, 0x08CA, 0x08CA, 0x08CA, 0x08CA, 0x08CA, 0x08CA, 0x08CA, 0x08CA, 0x08CA, 0x08CA, 0x08CA, 0x08CA, 0x08CA, 0x08CA, 0x08CA, 
	0x08CA, 0x08CA, 0x08CA, 0x08CA, 0x08CA, 0x08CA, 0x08CA, 0x08CA, 0x08CA, 0x08CA, 0x08CA, 0x08CA, 0x08CA, 0x08CA, 0x08CA, 0x08CA, 
	0x08CA, 0x08CA, 0x08CA, 0x08CA, 0x08CA, 0x08CA, 0x08CA, 0x08CA, 0x08CA, 0x08CA, 0x08CA, 0x08CA, 0x08CA, 0x08CA, 0x08CA, 0x08CA, 
	0x08CA, 0x08CA, 0x08CA, 0x08CA, 0x08CA, 0x08CA, 0x08CA, 0x08CA, 0x08CA, 0x08CA, 0x08CA, 0x08CA, 0x08CA, 0x08CA, 0x08CA, 0x08CA, 
	0x08CA, 0x08CA, 0x08CA, 0x08CA, 0x08CA, 0x08CA, 0x08CA, 0x08CA, 0x08CA, 0x08CA, 0x08CA, 0x08CA, 0x08CA, 0x08CA, 0x08CA, 0x08CA, 
	0x08CA, 0x08CA, 0x08CA, 0x08CA, 0x08CA, 0x08CA, 0x08CA, 0x08CA, 0x08CA, 0x08CA, 0x08CA, 0x08CA, 0x08CA, 0x08CA, 0x08CA, 0x08CA, 
	0x08CA, 0x08CA, 0x08CA, 0x08CA, 0x08CA, 0x08CA, 0x08CA, 0x08CA, 0x08CA, 0x08CA, 0x08CA, 0x08CA, 0x08CA, 0x08CA, 0x08CA, 0x08CA, 
	0x08CA, 0x08CA, 0x08CA, 0x08CA, 0x08CA, 0x08CA, 0x08CA, 0x08CA, 0x08CA, 0x08CA, 0x08CA, 0x08CA, 0x08CA, 0x08CA, 0x08CA, 0x08CA, 
	0x08CA, 0x08CA, 0x08CA, 0x08CA, 0x08CA, 0x08CA, 0x08CA, 0x08CA, 0x08CA, 0x08CA, 0x08CA, 0x08CA, 0x08CA, 0x08CA, 0x08CA, 0x08CA, 
	0x08CA, 0x08CA, 0x08CA, 0x08CA, 0x08CA, 0x08CA, 0x08CA, 0x08CA, 0x08CA, 0x08CA, 0x08CA, 0x08CA, 0x08CA, 0x08CA, 0x08CA, 0x08CA, 
	0x08CA, 0x08CA, 0x08CA, 0x08CA, 0x08CA, 0x08CA, 0x08CA, 0x08CA, 0x08CA, 0x08CA, 0x08CA, 0x08CA, 0x08CA, 0x08CA, 0x08CA, 0x08CA, 
	0x08CA, 0x08CA, 0x08CA, 0x08CA, 0x08CA, 0x08CA, 0x08CA, 0x08CA, 0x08CA, 0x08CA, 0x08CA, 0x08CA, 0x08CA, 0x08CA, 0x08CA, 0x08CA, 
	0x08CA, 0x08CA, 0x08CA, 0x08CA, 0x08CA, 0x08CA, 0x08CA, 0x08CA, 0x08CA, 0x08CA, 0x08CA, 0x08CA, 0x08CA, 0x08CA, 0x08CA, 0x08CA, 
	0x08CA, 0x08CA, 0x08CA, 0x08CA, 0x08CA, 0x08CA, 0x08CA, 0x08CA, 0x08CA, 0x08CA, 0x08CA, 0x08CA, 0x08CA, 0x08CA, 0x08CA, 0x08CA, 
	0x08CA, 0x08CA, 0x08CA, 0x08CA, 0x08CA, 0x08CA, 0x08CA, 0x08CA, 0x08CA, 0x08CA, 0x08CA, 0x08CA, 0x08CA, 0x08CA, 0x08CA, 0x08CA, 
	0x08CA, 0x08CA, 0x08CA, 0x08CA, 0x08CA, 0x08CA, 0x08CA, 0x08CA, 0x08CA, 0x08CA, 0x08CA, 0x08CA, 0x08CA, 0x08CA, 0x08CA, 0x08CA, 
	0x08CA, 0x08CA, 0x08CA, 0x08CA, 0x08CA, 0x08CA, 0x08CA, 0x08CA, 0x08CA, 0x08CA, 0x08CA, 0x08CA, 0x08CA, 0x08CA, 0x08CA, 0x08CA, 
	0x08CA, 0x08CA, 0x08CA, 0x08CA, 0x08CA, 0x08CA, 0x08CA, 0x08CA, 0x08CA, 0x08CA, 0x08CA, 0x08CA, 0x08CA, 0x08CA, 0x08CA, 0x08CA, 
	0x08CA, 0x08CA, 0x08CA, 0x08CA, 0x08CA, 0x08CA, 0x08CA, 0x08CA, 0x08CA, 0x08CA, 0x08CA, 0x08CA, 0x08CA, 0x08CA, 0x08CA, 0x08CA, 
	0x08CA, 0x08CA, 0x08CA, 0x08CA, 0x08CA, 0x08CA, 0x08CA, 0x08CA, 0x08CA, 0x08CA, 0x08CA, 0x08CA, 0x08CA, 0x08CA, 0x08CA, 0x08CA, 
	0x08CA, 0x08CA, 0x08CA, 0x08CA, 0x08CA, 0x08CA, 0x08CA, 0x08CA, 0x08CA, 0x08CA, 0x08CA, 0x08CA, 0x08CA, 0x08CA, 0x08CA, 0x08CA, 
	0x08CA, 0x08CA, 0x08CA, 0x08CA, 0x08CA, 0x08CA, 0x08CA, 0x08CA, 0x08CA, 0x08CA, 0x08CA, 0x08CA, 0x08CA, 0x08CA, 0x08CA, 0x08CA, 
	0x08CA, 0x08CA, 0x08CA, 0x08CA, 0x08CA, 0x08CA, 0x08CA, 0x08CA, 0x08CA, 0x08CA, 0x08CA, 0x08CA, 0x08CA, 0x08CA, 0x08CA, 0x08CA, 
	0x08CA, 0x08CA, 0x08CA, 0x08CA, 0x08CA, 0x08CA, 0x08CA, 0x08CA, 0x08CA, 0x08CA, 0x08CA, 0x08CA, 0x08CA, 0x08CA, 0x08CA, 0x08CA, 
	0x08CA, 0x08CA, 0x08CA, 0x08CA, 0x08CA, 0x08CA, 0x08CA, 0x08CA, 0x08CA, 0x08CA, 0x08CA, 0x08CA, 0x08CA, 0x08CA, 0x08CA, 0x08CA, 
	0x08CA, 0x08CA, 0x08CA, 0x08CA, 0x08CA, 0x08CA, 0x08CA, 0x08CA, 0x08CA, 0x08CA, 0x08CA, 0x08CA, 0x08CA, 0x08CA, 0x08CA, 0x08CA, 
	0x08CA, 0x08CA, 0x08CA, 0x08CA, 0x08CA, 0x08CA, 0x08CA, 0x08CA, 0x08CA, 0x08CA, 0x08CA, 0x08CA, 0x08CA, 0x08CA, 0x08CA, 0x08CA, 
	0x08CA, 0x08CA, 0x08CA, 0x08CA, 0x08CA, 0x08CA, 0x08CA, 0x08CA, 0x08CA, 0x08CA, 0x08CA, 0x08CA, 0x08CA, 0x08CA, 0x08CA, 0x08CA, 
	0x08CA, 0x08CA, 0x08CA, 0x08CA, 0x08CA, 0x08CA, 0x08CA, 0x08CA, 0x08CA, 0x08CA, 0x08CA, 0x08CA, 0x08CA, 0x08CA, 0x08CA, 0x08CA, 
	0x08CA, 0x08CA, 0x08CA, 0x08CA, 0x08CA, 0x08CA, 0x08CA, 0x08CA, 0x08CA, 0x08CA, 0x08CA, 0x08CA, 0x08CA, 0x08CA, 0x08CA, 0x08CA, 
	0x08CA, 0x08CA, 0x08CA, 0x08CA, 0x08CA, 0x08CA, 0x08CA, 0x08CA, 0x08CA, 0x08CA, 0x08CA, 0x08CA, 0x08CA, 0x08CA, 0x08CA, 0x08CA, 
	0x08CA, 0x08CA, 0x08CA, 0x08CA, 0x08CA, 0x08CA, 0x08CA, 0x08CA, 0x08CA, 0x08CA, 0x08CA, 0x08CA, 0x08CA, 0x08CA, 0x08CA, 0x08CA, 
	0x08CA, 0x08CA, 0x08CA, 0x08CA, 0x08CA, 0x08CA, 0x08CA, 0x08CA, 0x08CA, 0x08CA, 0x08CA, 0x08CA, 0x08CA, 0x08CA, 0x08CA, 0x08CA, 
	0x08CA, 0x08CA, 0x08CA, 0x08CA, 0x08CA, 0x08CA, 0x08CA, 0x08CA, 0x08CA, 0x08CA, 0x08CA, 0x08CA, 0x08CA, 0x08CA, 0x08CA, 0x08CA, 
	0x08CA, 0x08CA, 0x08CA, 0x08CA, 0x08CA, 0x08CA, 0x08CA, 0x08CA, 0x08CA, 0x08CA, 0x08CA, 0x08CA, 0x08CA, 0x08CA, 0x08CA, 0x08CA, 
	0x08CA, 0x08CA, 0x08CA, 0x08CA, 0x08CA, 0x08CA, 0x08CA, 0x08CA, 0x08CA, 0x08CA, 0x08CA, 0x08CA, 0x08CA, 0x08CA, 0x08CA, 0x08CA, 
	0x08CA, 0x08CA, 0x08CA, 0x08CA, 0x08CA, 0x08CA, 0x08CA, 0x08CA, 0x08CA, 0x08CA, 0x08CA, 0x08CA, 0x08CA, 0x08CA, 0x08CA, 0x08CA, 
	0x08CA, 0x08CA, 0x08CA, 0x08CA, 0x08CA, 0x08CA, 0x08CA, 0x08CA, 0x08CA, 0x08CA, 0x08CA, 0x08CA, 0x08CA, 0x08CA, 0x08CA, 0x08CA, 
	0x08CA, 0x08CA, 0x08CA, 0x08CA, 0x08CA, 0x08CA, 0x08CA, 0x08CA, 0x08CA, 0x08CA, 0x08CA, 0x08CA, 0x08CA, 0x08CA, 0x08CA, 0x08CA, 
	0x08CA, 0x08CA, 0x08CA, 0x08CA, 0x08CA, 0x08CA, 0x08CA, 0x08CA, 0x08CA, 0x08CA, 0x08CA, 0x08CA, 0x08CA, 0x08CA, 0x08CA, 0x08CA, 
	0x08CA, 0x08CA, 0x08CA, 0x08CA, 0x08CA, 0x08CA, 0x08CA, 0x08CA, 0x08CA, 0x08CA, 0x08CA, 0x08CA, 0x08CA, 0x08CA, 0x08CA, 0x08CA, 
	0x08CA, 0x08CA, 0x08CA, 0x08CA, 0x08CA, 0x08CA, 0x08CA, 0x08CA, 0x08CA, 0x08CA, 0x08CA, 0x08CA, 0x08CA, 0x08CA, 0x08CA, 0x08CA, 
	0x08CA, 0x08CA, 0x08CA, 0x08CA, 0x08CA, 0x08CA, 0x08CA, 0x08CA, 0x08CA, 0x08CA, 0x08CA, 0x08CA, 0x08CA, 0x08CA, 0x08CA, 0x08CA, 
	0x08CA, 0x08CA, 0x08CA, 0x08CA, 0x08CA, 0x08CA, 0x08CA, 0x08CA, 0x08CA, 0x08CA, 0x08CA, 0x08CA, 0x08CA, 0x08CA, 0x08CA, 0x08CA, 
	0x08CA, 0x08CA, 0x08CA, 0x08CA, 0x08CA, 0x08CA, 0x08CA, 0x08CA, 0x08CA, 0x08CA, 0x08CA, 0x08CA, 0x08CA, 0x08CA, 0x08CA, 0x08CA, 
	0x08CA, 0x08CA, 0x08CA, 0x08CA, 0x08CA, 0x08CA, 0x08CA, 0x08CA, 0x08CA, 0x08CA, 0x08CA, 0x08CA, 0x08CA, 0x08CA, 0x08CA, 0x08CA, 
	0x08CA, 0x08CA, 0x08CA, 0x08CA, 0x08CA, 0x08CA, 0x08CA, 0x08CA, 0x08CA, 0x08CA, 0x08CA, 0x08CA, 0x08CA, 0x08CA, 0x08CA, 0x08CA, 
	0x08CA, 0x08CA, 0x08CA, 0x08CA, 0x08CA, 0x08CA, 0x08CA, 0x08CA, 0x08CA, 0x08CA, 0x08CA, 0x08CA, 0x08CA, 0x08CA, 0x08CA, 0x08CA, 
	0x08CA, 0x08CA, 0x08CA, 0x08CA, 0x08CA, 0x08CA, 0x08CA, 0x08CA, 0x08CA, 0x08CA, 0x08CA, 0x08CA, 0x08CA, 0x08CA, 0x08CA, 0x08CA, 
	0x08CA, 0x08CA, 0x08CA, 0x08CA, 0x08CA, 0x08CA, 0x08CA, 0x08CA, 0x08CA, 0x08CA, 0x08CA, 0x08CA, 0x08CA, 0x08CA, 0x08CA, 0x08CA, 
	0x08CA, 0x08CA, 0x08CA, 0x08CA, 0x08CA, 0x08CA, 0x08CA, 0x08CA, 0x08CA, 0x08CA, 0x08CA, 0x08CA, 0x08CA, 0x08CA, 0x08CA, 0x08CA, 
	0x08CA, 0x08CA, 0x08CA, 0x08CA, 0x08CA, 0x08CA, 0x08CA, 0x08CA, 0x08CA, 0x08CA, 0x08CA, 0x08CA, 0x08CA, 0x08CA, 0x08CA, 0x08CA, 
	0x08CA, 0x08CA, 0x08CA, 0x08CA, 0x08CA, 0x08CA, 0x08CA, 0x08CA, 0x08CA, 0x08CA, 0x08CA, 0x08CA, 0x08CA, 0x08CA, 0x08CA, 0x08CA, 
	0x08CA, 0x08CA, 0x08CA, 0x08CA, 0x08CA, 0x08CA, 0x08CA, 0x08CA, 0x08CA, 0x08CA, 0x08CA, 0x08CA, 0x08CA, 0x08CA, 0x08CA, 0x08CA, 
	0x08CA, 0x08CA, 0x08CA, 0x08CA, 0x08CA, 0x08CA, 0x08CA, 0x08CA, 0x08CA, 0x08CA, 0x08CA, 0x08CA, 0x08CA, 0x08CA, 0x08CA, 0x08CA, 
	0x08CA, 0x08CA, 0x08CA, 0x08CA, 0x08CA, 0x08CA, 0x08CA, 0x08CA, 0x08CA, 0x08CA, 0x08CA, 0x08CA, 0x08CA, 0x08CA, 0x08CA, 0x08CA, 
	0x08CA, 0x08CA, 0x08CA, 0x08CA, 0x08CA, 0x08CA, 0x08CA, 0x08CA, 0x08CA, 0x08CA, 0x08CA, 0x08CA, 0x08CA, 0x08CA, 0x08CA, 0x08CA, 
	0x08CA, 0x08CA, 0x08CA, 0x08CA, 0x08CA, 0x08CA, 0x08CA, 0x08CA, 0x08CA, 0x08CA, 0x08CA, 0x08CA, 0x08CA, 0x08CA, 0x08CA, 0x08CA, 
	0x08CA, 0x08CA, 0x08CA, 0x08CA, 0x08CA, 0x08CA, 0x08CA, 0x08CA, 0x08CA, 0x08CA, 0x08CA, 0x08CA, 0x08CA, 0x08CA, 0x08CA, 0x08CA, 
	0x08CA, 0x08CA, 0x08CA, 0x08CA, 0x08CA, 0x08CA, 0x08CA, 0x08CA, 0x08CA, 0x08CA, 0x08CA, 0x08CA, 0x08CA, 0x08CA, 0x08CA, 0x08CA, 
	0x08CA, 0x08CA, 0x08CA, 0x08CA, 0x08CA, 0x08CA, 0x08CA, 0x08CA, 0x08CA, 0x08CA, 0x08CA, 0x08CA, 0x08CA, 0x08CA, 0x08CA, 0x08CA, 
	0x08CA, 0x08CA, 0x08CA, 0x08CA, 0x08CA, 0x08CA, 0x08CA, 0x08CA, 0x08CA, 0x08CA, 0x08CA, 0x08CA, 0x08CA, 0x08CA, 0x08CA, 0x08CA, 
	0x08CA, 0x08CA, 0x08CA, 0x08CA, 0x08CA, 0x08CA, 0x08CA, 0x08CA, 0x08CA, 0x08CA, 0x08CA, 0x08CA, 0x08CA, 0x08CA, 0x08CA, 0x08CA, 
	0x08CA, 0x08CA, 0x08CA, 0x08CA, 0x08CA, 0x08CA, 0x08CA, 0x08CA, 0x08CA, 0x08CA, 0x08CA, 0x08CA, 0x08CA, 0x08CA, 0x08CA, 0x08CA, 
	0x08CA, 0x08CA, 0x08CA, 0x08CA, 0x08CA, 0x08CA, 0x08CA, 0x08CA, 0x08CA, 0x08CA, 0x08CA, 0x08CA, 0x08CA, 0x08CA, 0x08CA, 0x08CA, 
	0x08CA, 0x08CA, 0x08CA, 0x08CA, 0x08CA, 0x08CA, 0x08CA, 0x08CA, 0x08CA, 0x08CA, 0x08CA, 0x08CA, 0x08CA, 0x08CA, 0x08CA, 0x08CA, 
	0x08CA, 0x08CA, 0x08CA, 0x08CA, 0x08CA, 0x08CA, 0x08CA, 0x08CA, 0x08CA, 0x08CA, 0x08CA, 0x08CA, 0x08CA, 0x08CA, 0x08CA, 0x08CA, 
	0x08CA, 0x08CA, 0x08CA, 0x08CA, 0x08CA, 0x08CA, 0x08CA, 0x08CA, 0x08CA, 0x08CA, 0x08CA, 0x08CA, 0x08CA, 0x08CA, 0x08CA, 0x08CA, 
	0x08CA, 0x08CA, 0x08CA, 0x08CA, 0x08CA, 0x08CA, 0x08CA, 0x08CA, 0x08CA, 0x08CA, 0x08CA, 0x08CA, 0x08CA, 0x08CA, 0x08CA, 0x08CA, 
	0x08CA, 0x08CA, 0x08CA, 0x08CA, 0x08CA, 0x08CA, 0x08CA, 0x08CA, 0x08CA, 0x08CA, 0x08CA, 0x08CA, 0x08CA, 0x08CA, 0x08CA, 0x08CA, 
	0x08CA, 0x08CA, 0x08CA, 0x08CA, 0x08CA, 0x08CA, 0x08CA, 0x08CA, 0x08CA, 0x08CA, 0x08CA, 0x08CA, 0x08CA, 0x08CA, 0x08CA, 0x08CA, 
	0x08CA, 0x08CA, 0x08CA, 0x08CA, 0x08CA, 0x08CA, 0x08CA, 0x08CA, 0x08CA, 0x08CA, 0x08CA, 0x08CA, 0x08CA, 0x08CA, 0x08CA, 0x08CA, 
	0x08CA, 0x08CA, 0x08CA, 0x08CA, 0x08CA, 0x08CA, 0x08CA, 0x08CA, 0x08CA, 0x08CA, 0x08CA, 0x08CA, 0x08CA, 0x08CA, 0x08CA, 0x08CA, 
	0x08CA, 0x08CA, 0x08CA, 0x08CA, 0x08CA, 0x08CA, 0x08CA, 0x08CA, 0x08CA, 0x08CA, 0x08CA, 0x08CA, 0x08CA, 0x08CA, 0x08CA, 0x08CA, 
	0x08CA, 0x08CA, 0x08CA, 0x08CA, 0x08CA, 0x08CA, 0x08CA, 0x08CA, 0x08CA, 0x08CA, 0x08CA, 0x08CA, 0x08CA, 0x08CA, 0x08CA, 0x08CA, 
	0x08CA, 0x08CA, 0x08CA, 0x08CA, 0x08CA, 0x08CA, 0x08CA, 0x08CA, 0x08CA, 0x08CA, 0x08CA, 0x08CA, 0x08CA, 0x08CA, 0x08CA, 0x08CA, 
	0x08CA, 0x08CA, 0x08CA, 0x08CA, 0x08CA, 0x08CA, 0x08CA, 0x08CA, 0x08CA, 0x08CA, 0x08CA, 0x08CA, 0x08CA, 0x08CA, 0x08CA, 0x08CA, 
	0x08CA, 0x08CA, 0x08CA, 0x08CA, 0x08CA, 0x08CA, 0x08CA, 0x08CA, 0x08CA, 0x08CA, 0x08CA, 0x08CA, 0x08CA, 0x08CA, 0x08CA, 0x08CA, 
	0x08CA, 0x08CA, 0x08CA, 0x08CA, 0x08CA, 0x08CA, 0x08CA, 0x08CA, 0x08CA, 0x08CA, 0x08CA, 0x08CA, 0x08CA, 0x08CA, 0x08CA, 0x08CA, 
	0x08CA, 0x08CA, 0x08CA, 0x08CA, 0x08CA, 0x08CA, 0x08CA, 0x08CA, 0x08CA, 0x08CA, 0x08CA, 0x08CA, 0x08CA, 0x08CA, 0x08CA, 0x08CA, 
	0x08CA, 0x08CA, 0x08CA, 0x08CA, 0x08CA, 0x08CA, 0x08CA, 0x08CA, 0x08CA, 0x08CA, 0x08CA, 0x08CA, 0x08CA, 0x08CA, 0x08CA, 0x08CA, 
	0x08CA, 0x08CA, 0x08CA, 0x08CA, 0x08CA, 0x08CA, 0x08CA, 0x08CA, 0x08CA, 0x08CA, 0x08CA, 0x08CA, 0x08CA, 0x08CA, 0x08CA, 0x08CA, 
	0x08CA, 0x08CA, 0x08CA, 0x08CA, 0x08CA, 0x08CA, 0x08CA, 0x08CA, 0x08CA, 0x08CA, 0x08CA, 0x08CA, 0x08CA, 0x08CA, 0x08CA, 0x08CA, 
	0x08CA, 0x08CA, 0x08CA, 0x08CA, 0x08CA, 0x08CA, 0x08CA, 0x08CA, 0x08CA, 0x08CA, 0x08CA, 0x08CA, 0x08CA, 0x08CA, 0x08CA, 0x08CA, 
	0x08CA, 0x08CA, 0x08CA, 0x08CA, 0x08CA, 0x08CA, 0x08CA, 0x08CA, 0x08CA, 0x08CA, 0x08CA, 0x08CA, 0x08CA, 0x08CA, 0x08CA, 0x08CA, 
	0x08CA, 0x08CA, 0x08CA, 0x08CA, 0x08CA, 0x08CA, 0x08CA, 0x08CA, 0x08CA, 0x08CA, 0x08CA, 0x08CA, 0x08CA, 0x08CA, 0x08CA, 0x08CA, 
	0x08CA, 0x08CA, 0x08CA, 0x08CA, 0x08CA, 0x08CA, 0x08CA, 0x08CA, 0x08CA, 0x08CA, 0x08CA, 0x08CA, 0x08CA, 0x08CA, 0x08CA, 0x08CA, 
	0x08CA, 0x08CA, 0x08CA, 0x08CA, 0x08CA, 0x08CA, 0x08CA, 0x08CA, 0x08CA, 0x08CA, 0x08CA, 0x08CA, 0x08CA, 0x08CA, 0x08CA, 0x08CA, 
	0x08CA, 0x08CA, 0x08CA, 0x08CA, 0x08CA, 0x08CA, 0x08CA, 0x08CA, 0x08CA, 0x08CA, 0x08CA, 0x08CA, 0x08CA, 0x08CA, 0x08CA, 0x08CA, 
	0x08CA, 0x08CA, 0x08CA, 0x08CA, 0x08CA, 0x08CA, 0x08CA, 0x08CA, 0x08CA, 0x08CA, 0x08CA, 0x08CA, 0x08CA, 0x08CA, 0x08CA, 0x08CA, 
	0x08CA, 0x08CA, 0x08CA, 0x08CA, 0x08CA, 0x08CA, 0x08CA, 0x08CA, 0x08CA, 0x08CA, 0x08CA, 0x08CA, 0x08CA, 0x08CA, 0x08CA, 0x08CA, 
	0x08CA, 0x08CA, 0x08CA, 0x08CA, 0x08CA, 0x08CA, 0x08CA, 0x08CA, 0x08CA, 0x08CA, 0x08CA, 0x08CA, 0x08CA, 0x08CA, 0x08CA, 0x08CA, 
	0x08CA, 0x08CA, 0x08CA, 0x08CA, 0x08CA, 0x08CA, 0x08CA, 0x08CA, 0x08CA, 0x08CA, 0x08CA, 0x08CA, 0x08CA, 0x08CA, 0x08CA, 0x08CA, 
	0x08CA, 0x08CA, 0x08CA, 0x08CA, 0x08CA, 0x08CA, 0x08CA, 0x08CA, 0x08CA, 0x08CA, 0x08CA, 0x08CA, 0x08CA, 0x08CA, 0x08CA, 0x08CA, 
	0x08CA, 0x08CA, 0x08CA, 0x08CA, 0x08CA, 0x08CA, 0x08CA, 0x08CA, 0x08CA, 0x08CA, 0x08CA, 0x08CA, 0x08CA, 0x08CA, 0x08CA, 0x08CA, 
	0x08CA, 0x08CA, 0x08CA, 0x08CA, 0x08CA, 0x08CA, 0x08CA, 0x08CA, 0x08CA, 0x08CA, 0x08CA, 0x08CA, 0x08CA, 0x08CA, 0x08CA, 0x08CA, 
	0x08CA, 0x08CA, 0x08CA, 0x08CA, 0x08CA, 0x08CA, 0x08CA, 0x08CA, 0x08CA, 0x08CA, 0x08CA, 0x08CA, 0x08CA, 0x08CA, 0x08CA, 0x08CA, 
	0x08CA, 0x08CA, 0x08CA, 0x08CA, 0x08CA, 0x08CA, 0x08CA, 0x08CA, 0x08CA, 0x08CA, 0x08CA, 0x08CA, 0x08CA, 0x08CA, 0x08CA, 0x08CA, 
	0x08CA, 0x08CA, 0x08CA, 0x08CA, 0x08CA, 0x08CA, 0x08CA, 0x08CA, 0x08CA, 0x08CA, 0x08CA, 0x08CA, 0x08CA, 0x08CA, 0x08CA, 0x08CA, 
	0x08CA, 0x08CA, 0x08CA, 0x08CA, 0x08CA, 0x08CA, 0x08CA, 0x08CA, 0x08CA, 0x08CA, 0x08CA, 0x08CA, 0x08CA, 0x08CA, 0x08CA, 0x08CA, 
	0x08CA, 0x08CA, 0x08CA, 0x08CA, 0x08CA, 0x08CA, 0x08CA, 0x08CA, 0x08CA, 0x08CA, 0x08CA, 0x08CA, 0x08CA, 0x08CA, 0x08CA, 0x08CA, 
	0x08CA, 0x08CA, 0x08CA, 0x08CA, 0x08CA, 0x08CA, 0x08CA, 0x08CA, 0x08CA, 0x08CA, 0x08CA, 0x08CA, 0x08CA, 0x08CA, 0x08CA, 0x08CA, 
	0x08CA, 0x08CA, 0x08CA, 0x08CA, 0x08CA, 0x08CA, 0x08CA, 0x08CA, 0x08CA, 0x08CA, 0x08CA, 0x08CA, 0x08CA, 0x08CA, 0x08CA, 0x08CA, 
	0x08CA, 0x08CA, 0x08CA, 0x08CA, 0x08CA, 0x08CA, 0x08CA, 0x08CA, 0x08CA, 0x08CA, 0x08CA, 0x08CA, 0x08CA, 0x08CA, 0x08CA, 0x08CA, 
	0x08CA, 0x08CA, 0x08CA, 0x08CA, 0x08CA, 0x08CA, 0x08CA, 0x08CA, 0x08CA, 0x08CA, 0x08CA, 0x08CA, 0x08CA, 0x08CA, 0x08CA, 0x08CA, 
	0x08CA, 0x08CA, 0x08CA, 0x08CA, 0x08CA, 0x08CA, 0x08CA, 0x08CA, 0x08CA, 0x08CA, 0x08CA, 0x08CA, 0x08CA, 0x08CA, 0x08CA, 0x08CA, 
	0x08CA, 0x08CA, 0x08CA, 0x08CA, 0x08CA, 0x08CA, 0x08CA, 0x08CA, 0x08CA, 0x08CA, 0x08CA, 0x08CA, 0x08CA, 0x08CA, 0x08CA, 0x08CA, 
	0x08CA, 0x08CA, 0x08CA, 0x08CA, 0x08CA, 0x08CA, 0x08CA, 0x08CA, 0x08CA, 0x08CA, 0x08CA, 0x08CA, 0x08CA, 0x08CA, 0x08CA, 0x08CA, 
	0x08CA, 0x08CA, 0x08CA, 0x08CA, 0x08CA, 0x08CA, 0x08CA, 0x08CA, 0x08CA, 0x08CA, 0x08CA, 0x08CA, 0x08CA, 0x08CA, 0x08CA, 0x08CA, 
	0x08CA, 0x08CA, 0x08CA, 0x08CA, 0x08CA, 0x08CA, 0x08CA, 0x08CA, 0x08CA, 0x08CA, 0x08CA, 0x08CA, 0x08CA, 0x08CA, 0x08CA, 0x08CA, 
	0x08CA, 0x08CA, 0x08CA, 0x08CA, 0x08CA, 0x08CA, 0x08CA, 0x08CA, 0x08CA, 0x08CA, 0x08CA, 0x08CA, 0x08CA, 0x08CA, 0x08CA, 0x08CA, 
	0x08CA, 0x08CA, 0x08CA, 0x08CA, 0x08CA, 0x08CA, 0x08CA, 0x08CA, 0x08CA, 0x08CA, 0x08CA, 0x08CA, 0x08CA, 0x08CA, 0x08CA, 0x08CA, 
	0x08CA, 0x08CA, 0x08CA, 0x08CA, 0x08CA, 0x08CA, 0x08CA, 0x08CA, 0x08CA, 0x08CA, 0x08CA, 0x08CA, 0x08CA, 0x08CA, 0x08CA, 0x08CA, 
	0x08CA, 0x08CA, 0x08CA, 0x08CA, 0x08CA, 0x08CA, 0x08CA, 0x08CA, 0x08CA, 0x08CA, 0x08CA, 0x08CA, 0x08CA, 0x08CA, 0x08CA, 0x08CA, 
	0x08CA, 0x08CA, 0x08CA, 0x08CA, 0x08CA, 0x08CA, 0x08CA, 0x08CA, 0x08CA, 0x08CA, 0x08CA, 0x08CA, 0x08CA, 0x08CA, 0x08CA, 0x08CA, 
	0x08CA, 0x08CA, 0x08CA, 0x08CA, 0x08CA, 0x08CA, 0x08CA, 0x08CA, 0x08CA, 0x08CA, 0x08CA, 0x08CA, 0x08CA, 0x08CA, 0x08CA, 0x08CA, 
	0x08CA, 0x08CA, 0x08CA, 0x08CA, 0x08CA, 0x08CA, 0x08CA, 0x08CA, 0x08CA, 0x08CA, 0x08CA, 0x08CA, 0x08CA, 0x08CA, 0x08CA, 0x08CA, 
	0x08CA, 0x08CA, 0x08CA, 0x08CA, 0x08CA, 0x08CA, 0x08CA, 0x08CA, 0x08CA, 0x08CA, 0x08CA, 0x08CA, 0x08CA, 0x08CA, 0x08CA, 0x08CA, 
	0x08CA, 0x08CA, 0x08CA, 0x08CA, 0x08CA, 0x08CA, 0x08CA, 0x08CA, 0x08CA, 0x08CA, 0x08CA, 0x08CA, 0x08CA, 0x08CA, 0x08CA, 0x08CA, 
	0x08CA, 0x08CA, 0x08CA, 0x08CA, 0x08CA, 0x08CA, 0x08CA, 0x08CA, 0x08CA, 0x08CA, 0x08CA, 0x08CA, 0x08CA, 0x08CA, 0x08CA, 0x08CA, 
	0x08CA, 0x08CA, 0x08CA, 0x08CA, 0x08CA, 0x08CA, 0x08CA, 0x08CA, 0x08CA, 0x08CA, 0x08CA, 0x08CA, 0x08CA, 0x08CA, 0x08CA, 0x08CA, 
	0x08CA, 0x08CA, 0x08CA, 0x08CA, 0x08CA, 0x08CA, 0x08CA, 0x08CA, 0x08CA, 0x08CA, 0x08CA, 0x08CA, 0x08CA, 0x08CA, 0x08CA, 0x08CA, 
	0x08CA, 0x08CA, 0x08CA, 0x08CA, 0x08CA, 0x08CA, 0x08CA, 0x08CA, 0x08CA, 0x08CA, 0x08CA, 0x08CA, 0x08CA, 0x08CA, 0x08CA, 0x08CA, 
	0x08CA, 0x08CA, 0x08CA, 0x08CA, 0x08CA, 0x08CA, 0x08CA, 0x08CA, 0x08CA, 0x08CA, 0x08CA, 0x08CA, 0x08CA, 0x08CA, 0x08CA, 0x08CA, 
	0x08CA, 0x08CA, 0x08CA, 0x08CA, 0x08CA, 0x08CA, 0x08CA, 0x08CA, 0x08CA, 0x08CA, 0x08CA, 0x08CA, 0x08CA, 0x08CA, 0x08CA, 0x08CA, 
	0x08CA, 0x08CA, 0x08CA, 0x08CA, 0x08CA, 0x08CA, 0x08CA, 0x08CA, 0x08CA, 0x08CA, 0x08CA, 0x08CA, 0x08CA, 0x08CA, 0x08CA, 0x08CA, 
	0x08CA, 0x08CA, 0x08CA, 0x08CA, 0x08CA, 0x08CA, 0x08CA, 0x08CA, 0x08CA, 0x08CA, 0x08CA, 0x08CA, 0x08CA, 0x08CA, 0x08CA, 0x08CA, 
	0x08CA, 0x08CA, 0x08CA, 0x08CA, 0x08CA, 0x08CA, 0x08CA, 0x08CA, 0x08CA, 0x08CA, 0x08CA, 0x08CA, 0x08CA, 0x08CA, 0x08CA, 0x08CA, 
	0x08CA, 0x08CA, 0x08CA, 0x08CA, 0x08CA, 0x08CA, 0x08CA, 0x08CA, 0x08CA, 0x08CA, 0x08CA, 0x08CA, 0x08CA, 0x08CA, 0x08CA, 0x08CA, 
	0x08CA, 0x08CA, 0x08CA, 0x08CA, 0x08CA, 0x08CA, 0x08CA, 0x08CA, 0x08CA, 0x08CA, 0x08CA, 0x08CA, 0x08CA, 0x08CA, 0x08CA, 0x08CA, 
	0x08CA, 0x08CA, 0x08CA, 0x08CA, 0x08CA, 0x08CA, 0x08CA, 0x08CA, 0x08CA, 0x08CA, 0x08CA, 0x08CA, 0x08CA, 0x08CA, 0x08CA, 0x08CA, 
	0x08CA, 0x08CA, 0x08CA, 0x08CA, 0x08CA, 0x08CA, 0x08CA, 0x08CA, 0x08CA, 0x08CA, 0x08CA, 0x08CA, 0x08CA, 0x08CA, 0x08CA, 0x08CA, 
	0x08CA, 0x08CA, 0x08CA, 0x08CA, 0x08CA, 0x08CA, 0x08CA, 0x08CA, 0x08CA, 0x08CA, 0x08CA, 0x08CA, 0x08CA, 0x08CA, 0x08CA, 0x08CA, 
	0x08CA, 0x08CA, 0x08CA, 0x08CA, 0x08CA, 0x08CA, 0x08CA, 0x08CA, 0x08CA, 0x08CA, 0x08CA, 0x08CA, 0x08CA, 0x08CA, 0x08CA, 0x08CA, 
	0x08CA, 0x08CA, 0x08CA, 0x08CA, 0x08CA, 0x08CA, 0x08CA, 0x08CA, 0x08CA, 0x08CA, 0x08CA, 0x08CA, 0x08CA, 0x08CA, 0x08CA, 0x08CA, 
	0x08CA, 0x08CA, 0x08CA, 0x08CA, 0x08CA, 0x08CA, 0x08CA, 0x08CA, 0x08CA, 0x08CA, 0x08CA, 0x08CA, 0x08CA, 0x08CA, 0x08CA, 0x08CA, 
	0x08CA, 0x08CA, 0x08CA, 0x08CA, 0x08CA, 0x08CA, 0x08CA, 0x08CA, 0x08CA, 0x08CA, 0x08CA, 0x08CA, 0x08CA, 0x08CA, 0x08CA, 0x08CA, 
	0x08CA, 0x08CA, 0x08CA, 0x08CA, 0x08CA, 0x08CA, 0x08CA, 0x08CA, 0x08CA, 0x08CA, 0x08CA, 0x08CA, 0x08CA, 0x08CA, 0x08CA, 0x08CA, 
	0x08CA, 0x08CA, 0x08CA, 0x08CA, 0x08CA, 0x08CA, 0x08CA, 0x08CA, 0x08CA, 0x08CA, 0x08CA, 0x08CA, 0x08CA, 0x08CA, 0x08CA, 0x08CA, 
	0x08CA, 0x08CA, 0x08CA, 0x08CA, 0x08CA, 0x08CA, 0x08CA, 0x08CA, 0x08CA, 0x08CA, 0x08CA, 0x08CA, 0x08CA, 0x08CA, 0x08CA, 0x08CA, 
	0x08CA, 0x08CA, 0x08CA, 0x08CA, 0x08CA, 0x08CA, 0x08CA, 0x08CA, 0x08CA, 0x08CA, 0x08CA, 0x08CA, 0x08CA, 0x08CA, 0x08CA, 0x08CA, 
	0x08CA, 0x08CA, 0x08CA, 0x08CA, 0x08CA, 0x08CA, 0x08CA, 0x08CA, 0x08CA, 0x08CA, 0x08CA, 0x08CA, 0x08CA, 0x08CA, 0x08CA, 0x08CA, 
	0x08CA, 0x08CA, 0x08CA, 0x08CA, 0x08CA, 0x08CA, 0x08CA, 0x08CA, 0x08CA, 0x08CA, 0x08CA, 0x08CA, 0x08CA, 0x08CA, 0x08CA, 0x08CA, 
	0x08CA, 0x08CA, 0x08CA, 0x08CA, 0x08CA, 0x08CA, 0x08CA, 0x08CA, 0x08CA, 0x08CA, 0x08CA, 0x08CA, 0x08CA, 0x08CA, 0x08CA, 0x08CA, 
	0x08CA, 0x08CA, 0x08CA, 0x08CA, 0x08CA, 0x08CA, 0x08CA, 0x08CA, 0x08CA, 0x08CA, 0x08CA, 0x08CA, 0x08CA, 0x08CA, 0x08CA, 0x08CA, 
	0x08CA, 0x08CA, 0x08CA, 0x08CA, 0x08CA, 0x08CA, 0x08CA, 0x08CA, 0x08CA, 0x08CA, 0x08CA, 0x08CA, 0x08CA, 0x08CA, 0x08CA, 0x08CA, 
	0x08CA, 0x08CA, 0x08CA, 0x08CA, 0x08CA, 0x08CA, 0x08CA, 0x08CA, 0x08CA, 0x08CA, 0x08CA, 0x08CA, 0x08CA, 0x08CA, 0x08CA, 0x08CA, 
	0x08CA, 0x08CA, 0x08CA, 0x08CA, 0x08CA, 0x08CA, 0x08CA, 0x08CA, 0x08CA, 0x08CA, 0x08CA, 0x08CA, 0x08CA, 0x08CA, 0x08CA, 0x08CA, 
	0x08CA, 0x08CA, 0x08CA, 0x08CA, 0x08CA, 0x08CA, 0x08CA, 0x08CA, 0x08CA, 0x08CA, 0x08CA, 0x08CA, 0x08CA, 0x08CA, 0x08CA, 0x08CA, 
	0x08CA, 0x08CA, 0x08CA, 0x08CA, 0x08CA, 0x08CA, 0x08CA, 0x08CA, 0x08CA, 0x08CA, 0x08CA, 0x08CA, 0x08CA, 0x08CA, 0x08CA, 0x08CA, 
	0x08CA, 0x08CA, 0x08CA, 0x08CA, 0x08CA, 0x08CA, 0x08CA, 0x08CA, 0x08CA, 0x08CA, 0x08CA, 0x08CA, 0x08CA, 0x08CA, 0x08CA, 0x08CA, 
	0x08CA, 0x08CA, 0x08CA, 0x08CA, 0x08CA, 0x08CA, 0x08CA, 0x08CA, 0x08CA, 0x08CA, 0x08CA, 0x08CA, 0x08CA, 0x08CA, 0x08CA, 0x08CA, 
	0x08CA, 0x08CA, 0x08CA, 0x08CA, 0x08CA, 0x08CA, 0x08CA, 0x08CA, 0x08CA, 0x08CA, 0x08CA, 0x08CA, 0x08CA, 0x08CA, 0x08CA, 0x08CA, 
	0x08CA, 0x08CA, 0x08CA, 0x08CA, 0x08CA, 0x08CA, 0x08CA, 0x08CA, 0x08CA, 0x08CA, 0x08CA, 0x08CA, 0x08CA, 0x08CA, 0x08CA, 0x08CA, 
	0x08CA, 0x08CA, 0x08CA, 0x08CA, 0x08CA, 0x08CA, 0x08CA, 0x08CA, 0x08CA, 0x08CA, 0x08CA, 0x08CA, 0x08CA, 0x08CA, 0x08CA, 0x08CA, 
	0x08CA, 0x08CA, 0x08CA, 0x08CA, 0x08CA, 0x08CA, 0x08CA, 0x08CA, 0x08CA, 0x08CA, 0x08CA, 0x08CA, 0x08CA, 0x08CA, 0x08CA, 0x08CA, 
	0x08CA, 0x08CA, 0x08CA, 0x08CA, 0x08CA, 0x08CA, 0x08CA, 0x08CA, 0x08CA, 0x08CA, 0x08CA, 0x08CA, 0x08CA, 0x08CA, 0x08CA, 0x08CA, 
	0x08CA, 0x08CA, 0x08CA, 0x08CA, 0x08CA, 0x08CA, 0x08CA, 0x08CA, 0x08CA, 0x08CA, 0x08CA, 0x08CA, 0x08CA, 0x08CA, 0x08CA, 0x08CA, 
	0x08CA, 0x08CA, 0x08CA, 0x08CA, 0x08CA, 0x08CA, 0x08CA, 0x08CA, 0x08CA, 0x08CA, 0x08CA, 0x08CA, 0x08CA, 0x08CA, 0x08CA, 0x08CA, 
	0x08CA, 0x08CA, 0x08CA, 0x08CA, 0x08CA, 0x08CA, 0x08CA, 0x08CA, 0x08CA, 0x08CA, 0x08CA, 0x08CA, 0x08CA, 0x08CA, 0x08CA, 0x08CA, 
	0x08CA, 0x08CA, 0x08CA, 0x08CA, 0x08CA, 0x08CA, 0x08CA, 0x08CA, 0x08CA, 0x08CA, 0x08CA, 0x08CA, 0x08CA, 0x08CA, 0x08CA, 0x08CA, 
	0x08CA, 0x08CA, 0x08CA, 0x08CA, 0x08CA, 0x08CA, 0x08CA, 0x08CA, 0x08CA, 0x08CA, 0x08CA, 0x08CA, 0x08CA, 0x08CA, 0x08CA, 0x08CA, 
	0x08CA, 0x08CA, 0x08CA, 0x08CA, 0x08CA, 0x08CA, 0x08CA, 0x08CA, 0x08CA, 0x08CA, 0x08CA, 0x08CA, 0x08CA, 0x08CA, 0x08CA, 0x08CA, 
	0x08CA, 0x08CA, 0x08CA, 0x08CA, 0x08CA, 0x08CA, 0x08CA, 0x08CA, 0x08CA, 0x08CA, 0x08CA, 0x08CA, 0x08CA, 0x08CA, 0x08CA, 0x08CA, 
	0x08CA, 0x08CA, 0x08CA, 0x08CA, 0x08CA, 0x08CA, 0x08CA, 0x08CA, 0x08CA, 0x08CA, 0x08CA, 0x08CA, 0x08CA, 0x08CA, 0x08CA, 0x08CA, 
	0x08CA, 0x08CA, 0x08CA, 0x08CA, 0x08CA, 0x08CA, 0x08CA, 0x08CA, 0x08CA, 0x08CA, 0x08CA, 0x08CA, 0x08CA, 0x08CA, 0x08CA, 0x08CA, 
	0x08CA, 0x08CA, 0x08CA, 0x08CA, 0x08CA, 0x08CA, 0x08CA, 0x08CA, 0x08CA, 0x08CA, 0x08CA, 0x08CA, 0x08CA, 0x08CA, 0x08CA, 0x08CA, 
	0x08CA, 0x08CA, 0x08CA, 0x08CA, 0x08CA, 0x08CA, 0x08CA, 0x08CA, 0x08CA, 0x08CA, 0x08CA, 0x08CA, 0x08CA, 0x08CA, 0x08CA, 0x08CA, 
	0x08CA, 0x08CA, 0x08CA, 0x08CA, 0x08CA, 0x08CA, 0x08CA, 0x08CA, 0x08CA, 0x08CA, 0x08CA, 0x08CA, 0x08CA, 0x08CA, 0x08CA, 0x08CA, 
	0x08CA, 0x08CA, 0x08CA, 0x08CA, 0x08CA, 0x08CA, 0x08CA, 0x08CA, 0x08CA, 0x08CA, 0x08CA, 0x08CA, 0x08CA, 0x08CA, 0x08CA, 0x08CA, 
	0x08CA, 0x08CA, 0x08CA, 0x08CA, 0x08CA, 0x08CA, 0x08CA, 0x08CA, 0x08CA, 0x08CA, 0x08CA, 0x08CA, 0x08CA, 0x08CA, 0x08CA, 0x08CA, 
	0x08CA, 0x08CA, 0x08CA, 0x08CA, 0x08CA, 0x08CA, 0x08CA, 0x08CA, 0x08CA, 0x08CA, 0x08CA, 0x08CA, 0x08CA, 0x08CA, 0x08CA, 0x08CA, 
	0x08CA, 0x08CA, 0x08CA, 0x08CA, 0x08CA, 0x08CA, 0x08CA, 0x08CA, 0x08CA, 0x08CA, 0x08CA, 0x08CA, 0x08CA, 0x08CA, 0x08CA, 0x08CA, 
	0x08CA, 0x08CA, 0x08CA, 0x08CA, 0x08CA, 0x08CA, 0x08CA, 0x08CA, 0x08CA, 0x08CA, 0x08CA, 0x08CA, 0x08CA, 0x08CA, 0x08CA, 0x08CA, 
	0x08CA, 0x08CA, 0x08CA, 0x08CA, 0x08CA, 0x08CA, 0x08CA, 0x08CA, 0x08CA, 0x08CA, 0x08CA, 0x08CA, 0x08CA, 0x08CA, 0x08CA, 0x08CA, 
	0x08CA, 0x08CA, 0x08CA, 0x08CA, 0x08CA, 0x08CA, 0x08CA, 0x08CA, 0x08CA, 0x08CA, 0x08CA, 0x08CA, 0x08CA, 0x08CA, 0x08CA, 0x08CA, 
	0x08CA, 0x08CA, 0x08CA, 0x08CA, 0x08CA, 0x08CA, 0x08CA, 0x08CA, 0x08CA, 0x08CA, 0x08CA, 0x08CA, 0x08CA, 0x08CA, 0x08CA, 0x08CA, 
	0x08CA, 0x08CA, 0x08CA, 0x08CA, 0x08CA, 0x08CA, 0x08CA, 0x08CA, 0x08CA, 0x08CA, 0x08CA, 0x08CA, 0x08CA, 0x08CA, 0x08CA, 0x08CA, 
	0x08CA, 0x08CA, 0x08CA, 0x08CA, 0x08CA, 0x08CA, 0x08CA, 0x08CA, 0x08CA, 0x08CA, 0x08CA, 0x08CA, 0x08CA, 0x08CA, 0x08CA, 0x08CA, 
	0x08CA, 0x08CA, 0x08CA, 0x08CA, 0x08CA, 0x08CA, 0x08CA, 0x08CA, 0x08CA, 0x08CA, 0x08CA, 0x08CA, 0x08CA, 0x08CA, 0x08CA, 0x08CA, 
	0x08CA, 0x08CA, 0x08CA, 0x08CA, 0x08CA, 0x08CA, 0x08CA, 0x08CA, 0x08CA, 0x08CA, 0x08CA, 0x08CA, 0x08CA, 0x08CA, 0x08CA, 0x08CA, 
	0x08CA, 0x08CA, 0x08CA, 0x08CA, 0x08CA, 0x08CA, 0x08CA, 0x08CA, 0x08CA, 0x08CA, 0x08CA, 0x08CA, 0x08CA, 0x08CA, 0x08CA, 0x08CA, 
	0x08CA, 0x08CA, 0x08CA, 0x08CA, 0x08CA, 0x08CA, 0x08CA, 0x08CA, 0x08CA, 0x08CA, 0x08CA, 0x08CA, 0x08CA, 0x08CA, 0x08CA, 0x08CA, 
	0x08CA, 0x08CA, 0x08CA, 0x08CA, 0x08CA, 0x08CA, 0x08CA, 0x08CA, 0x08CA, 0x08CA, 0x08CA, 0x08CA, 0x08CA, 0x08CA, 0x08CA, 0x08CA, 
	0x08CA, 0x08CA, 0x08CA, 0x08CA, 0x08CA, 0x08CA, 0x08CA, 0x08CA, 0x08CA, 0x08CA, 0x08CA, 0x08CA, 0x08CA, 0x08CA, 0x08CA, 0x08CA, 
	0x08CA, 0x08CA, 0x08CA, 0x08CA, 0x08CA, 0x08CA, 0x08CA, 0x08CA, 0x08CA, 0x08CA, 0x08CA, 0x08CA, 0x08CA, 0x08CA, 0x08CA, 0x08CA, 
	0x08CA, 0x08CA, 0x08CA, 0x08CA, 0x08CA, 0x08CA, 0x08CA, 0x08CA, 0x08CA, 0x08CA, 0x08CA, 0x08CA, 0x08CA, 0x08CA, 0x08CA, 0x08CA, 
	0x08CA, 0x08CA, 0x08CA, 0x08CA, 0x08CA, 0x08CA, 0x08CA, 0x08CA, 0x08CA, 0x08CA, 0x08CA, 0x08CA, 0x08CA, 0x08CA, 0x08CA, 0x08CA, 
	0x08CA, 0x08CA, 0x08CA, 0x08CA, 0x08CA, 0x08CA, 0x08CA, 0x08CA, 0x08CA, 0x08CA, 0x08CA, 0x08CA, 0x08CA, 0x08CA, 0x08CA, 0x08CA, 
	0x08CA, 0x08CA, 0x08CA, 0x08CA, 0x08CA, 0x08CA, 0x08CA, 0x08CA, 0x08CA, 0x08CA, 0x08CA, 0x08CA, 0x08CA, 0x08CA, 0x08CA, 0x08CA, 
	0x08CA, 0x08CA, 0x08CA, 0x08CA, 0x08CA, 0x08CA, 0x08CA, 0x08CA, 0x08CA, 0x08CA, 0x08CA, 0x08CA, 0x08CA, 0x08CA, 0x08CA, 0x08CA, 
	0x08CA, 0x08CA, 0x08CA, 0x08CA, 0x08CA, 0x08CA, 0x08CA, 0x08CA, 0x08CA, 0x08CA, 0x08CA, 0x08CA, 0x08CA, 0x08CA, 0x08CA, 0x08CA, 
	0x08CA, 0x08CA, 0x08CA, 0x08CA, 0x08CA, 0x08CA, 0x08CA, 0x08CA, 0x08CA, 0x08CA, 0x08CA, 0x08CA, 0x08CA, 0x08CA, 0x08CA, 0x08CA, 
	0x08CA, 0x08CA, 0x08CA, 0x08CA, 0x08CA, 0x08CA, 0x08CA, 0x08CA, 0x08CA, 0x08CA, 0x08CA, 0x08CA, 0x08CA, 0x08CA, 0x08CA, 0x08CA, 
	0x08CA, 0x08CA, 0x08CA, 0x08CA, 0x08CA, 0x08CA, 0x08CA, 0x08CA, 0x08CA, 0x08CA, 0x08CA, 0x08CA, 0x08CA, 0x08CA, 0x08CA, 0x08CA, 
	0x08CA, 0x08CA, 0x08CA, 0x08CA, 0x08CA, 0x08CA, 0x08CA, 0x08CA, 0x08CA, 0x08CA, 0x08CA, 0x08CA, 0x08CA, 0x08CA, 0x08CA, 0x08CA, 
	0x08CA, 0x08CA, 0x08CA, 0x08CA, 0x08CA, 0x08CA, 0x08CA, 0x08CA, 0x08CA, 0x08CA, 0x08CA, 0x08CA, 0x08CA, 0x08CA, 0x08CA, 0x08CA, 
	0x08CA, 0x08CA, 0x08CA, 0x08CA, 0x08CA, 0x08CA, 0x08CA, 0x08CA, 0x08CA, 0x08CA, 0x08CA, 0x08CA, 0x08CA, 0x08CA, 0x08CA, 0x08CA, 
	0x08CA, 0x08CA, 0x08CA, 0x08CA, 0x08CA, 0x08CA, 0x08CA, 0x08CA, 0x08CA, 0x08CA, 0x08CA, 0x08CA, 0x08CA, 0x08CA, 0x08CA, 0x08CA, 
	0x08CA, 0x08CA, 0x08CA, 0x08CA, 0x08CA, 0x08CA, 0x08CA, 0x08CA, 0x08CA, 0x08CA, 0x08CA, 0x08CA, 0x08CA, 0x08CA, 0x08CA, 0x08CA, 
	0x08CA, 0x08CA, 0x08CA, 0x08CA, 0x08CA, 0x08CA, 0x08CA, 0x08CA, 0x08CA, 0x08CA, 0x08CA, 0x08CA, 0x08CA, 0x08CA, 0x08CA, 0x08CA, 
	0x08CA, 0x08CA, 0x08CA, 0x08CA, 0x08CA, 0x08CA, 0x08CA, 0x08CA, 0x08CA, 0x08CA, 0x08CA, 0x08CA, 0x08CA, 0x08CA, 0x08CA, 0x08CA, 
	0x08CA, 0x08CA, 0x08CA, 0x08CA, 0x08CA, 0x08CA, 0x08CA, 0x08CA, 0x08CA, 0x08CA, 0x08CA, 0x08CA, 0x08CA, 0x08CA, 0x08CA, 0x08CA, 
	0x08CA, 0x08CA, 0x08CA, 0x08CA, 0x08CA, 0x08CA, 0x08CA, 0x08CA, 0x08CA, 0x08CA, 0x08CA, 0x08CA, 0x08CA, 0x08CA, 0x08CA, 0x08CA, 
	0x08CA, 0x08CA, 0x08CA, 0x08CA, 0x08CA, 0x08CA, 0x08CA, 0x08CA, 0x08CA, 0x08CA, 0x08CA, 0x08CA, 0x08CA, 0x08CA, 0x08CA, 0x08CA, 
	0x08CA, 0x08CA, 0x08CA, 0x08CA, 0x08CA, 0x08CA, 0x08CA, 0x08CA, 0x08CA, 0x08CA, 0x08CA, 0x08CA, 0x08CA, 0x08CA, 0x08CA, 0x08CA, 
	0x08CA, 0x08CA, 0x08CA, 0x08CA, 0x08CA, 0x08CA, 0x08CA, 0x08CA, 0x08CA, 0x08CA, 0x08CA, 0x08CA, 0x08CA, 0x08CA, 0x08CA, 0x08CA, 
	0x08CA, 0x08CA, 0x08CA, 0x08CA, 0x08CA, 0x08CA, 0x08CA, 0x08CA, 0x08CA, 0x08CA, 0x08CA, 0x08CA, 0x08CA, 0x08CA, 0x08CA, 0x08CA, 
	0x08CA, 0x08CA, 0x08CA, 0x08CA, 0x08CA, 0x08CA, 0x08CA, 0x08CA, 0x08CA, 0x08CA, 0x08CA, 0x08CA, 0x08CA, 0x08CA, 0x08CA, 0x08CA, 
	0x08CA, 0x08CA, 0x08CA, 0x08CA, 0x08CA, 0x08CA, 0x08CA, 0x08CA, 0x08CA, 0x08CA, 0x08CA, 0x08CA, 0x08CA, 0x08CA, 0x08CA, 0x08CA, 
	0x08CA, 0x08CA, 0x08CA, 0x08CA, 0x08CA, 0x08CA, 0x08CA, 0x08CA, 0x08CA, 0x08CA, 0x08CA, 0x08CA, 0x08CA, 0x08CA, 0x08CA, 0x08CA, 
	0x08CA, 0x08CA, 0x08CA, 0x08CA, 0x08CA, 0x08CA, 0x08CA, 0x08CA, 0x08CA, 0x08CA, 0x08CA, 0x08CA, 0x08CA, 0x08CA, 0x08CA, 0x08CA, 
	0x08CA, 0x08CA, 0x08CA, 0x08CA, 0x08CA, 0x08CA, 0x08CA, 0x08CA, 0x08CA, 0x08CA, 0x08CA, 0x08CA, 0x08CA, 0x08CA, 0x08CA, 0x08CA, 
	0x08CA, 0x08CA, 0x08CA, 0x08CA, 0x08CA, 0x08CA, 0x08CA, 0x08CA, 0x08CA, 0x08CA, 0x08CA, 0x08CA, 0x08CA, 0x08CA, 0x08CA, 0x08CA, 
	0x08CA, 0x08CA, 0x08CA, 0x08CA, 0x08CA, 0x08CA, 0x08CA, 0x08CA, 0x08CA, 0x08CA, 0x08CA, 0x08CA, 0x08CA, 0x08CA, 0x08CA, 0x08CA, 
	0x08CA, 0x08CA, 0x08CA, 0x08CA, 0x08CA, 0x08CA, 0x08CA, 0x08CA, 0x08CA, 0x08CA, 0x08CA, 0x08CA, 0x08CA, 0x08CA, 0x08CA, 0x08CA, 
	0x08CA, 0x08CA, 0x08CA, 0x08CA, 0x08CA, 0x08CA, 0x08CA, 0x08CA, 0x08CA, 0x08CA, 0x08CA, 0x08CA, 0x08CA, 0x08CA, 0x08CA, 0x08CA, 
	0x08CA, 0x08CA, 0x08CA, 0x08CA, 0x08CA, 0x08CA, 0x08CA, 0x08CA, 0x08CA, 0x08CA, 0x08CA, 0x08CA, 0x08CA, 0x08CA, 0x08CA, 0x08CA, 
	0x08CA, 0x08CA, 0x08CA, 0x08CA, 0x08CA, 0x08CA, 0x08CA, 0x08CA, 0x08CA, 0x08CA, 0x08CA, 0x08CA, 0x08CA, 0x08CA, 0x08CA, 0x08CA, 
	0x08CA, 0x08CA, 0x08CA, 0x08CA, 0x08CA, 0x08CA, 0x08CA, 0x08CA, 0x08CA, 0x08CA, 0x08CA, 0x08CA, 0x08CA, 0x08CA, 0x08CA, 0x08CA, 
	0x08CA, 0x08CA, 0x08CA, 0x08CA, 0x08CA, 0x08CA, 0x08CA, 0x08CA, 0x08CA, 0x08CA, 0x08CA, 0x08CA, 0x08CA, 0x08CA, 0x08CA, 0x08CA, 
	0x08CA, 0x08CA, 0x08CA, 0x08CA, 0x08CA, 0x08CA, 0x08CA, 0x08CA, 0x08CA, 0x08CA, 0x08CA, 0x08CA, 0x08CA, 0x08CA, 0x08CA, 0x08CA, 
	0x08CA, 0x08CA, 0x08CA, 0x08CA, 0x08CA, 0x08CA, 0x08CA, 0x08CA, 0x08CA, 0x08CA, 0x08CA, 0x08CA, 0x08CA, 0x08CA, 0x08CA, 0x08CA, 
	0x08CA, 0x08CA, 0x08CA, 0x08CA, 0x08CA, 0x08CA, 0x08CA, 0x08CA, 0x08CA, 0x08CA, 0x08CA, 0x08CA, 0x08CA, 0x08CA, 0x08CA, 0x08CA, 
	0x08CA, 0x08CA, 0x08CA, 0x08CA, 0x08CA, 0x08CA, 0x08CA, 0x08CA, 0x08CA, 0x08CA, 0x08CA, 0x08CA, 0x08CA, 0x08CA, 0x08CA, 0x08CA, 
	0x08CA, 0x08CA, 0x08CA, 0x08CA, 0x08CA, 0x08CA, 0x08CA, 0x08CA, 0x08CA, 0x08CA, 0x08CA, 0x08CA, 0x08CA, 0x08CA, 0x08CA, 0x08CA, 
	0x08CA, 0x08CA, 0x08CA, 0x08CA, 0x08CA, 0x08CA, 0x08CA, 0x08CA, 0x08CA, 0x08CA, 0x08CA, 0x08CA, 0x08CA, 0x08CA, 0x08CA, 0x08CA, 
	0x08CA, 0x08CA, 0x08CA, 0x08CA, 0x08CA, 0x08CA, 0x08CA, 0x08CA, 0x08CA, 0x08CA, 0x08CA, 0x08CA, 0x08CA, 0x08CA, 0x08CA, 0x08CA, 
	0x08CA, 0x08CA, 0x08CA, 0x08CA, 0x08CA, 0x08CA, 0x08CA, 0x08CA, 0x08CA, 0x08CA, 0x08CA, 0x08CA, 0x08CA, 0x08CA, 0x08CA, 0x08CA, 
	0x08CA, 0x08CA, 0x08CA, 0x08CA, 0x08CA, 0x08CA, 0x08CA, 0x08CA, 0x08CA, 0x08CA, 0x08CA, 0x08CA, 0x08CA, 0x08CA, 0x08CA, 0x08CA, 
	0x08CA, 0x08CA, 0x08CA, 0x08CA, 0x08CA, 0x08CA, 0x08CA, 0x08CA, 0x08CA, 0x08CA, 0x08CA, 0x08CA, 0x08CA, 0x08CA, 0x08CA, 0x08CA, 
	0x08CA, 0x08CA, 0x08CA, 0x08CA, 0x08CA, 0x08CA, 0x08CA, 0x08CA, 0x08CA, 0x08CA, 0x08CA, 0x08CA, 0x08CA, 0x08CA, 0x08CA, 0x08CA, 
	0x08CA, 0x08CA, 0x08CA, 0x08CA, 0x08CA, 0x08CA, 0x08CA, 0x08CA, 0x08CA, 0x08CA, 0x08CA, 0x08CA, 0x08CA, 0x08CA, 0x08CA, 0x08CA, 
	0x08CA, 0x08CA, 0x08CA, 0x08CA, 0x08CA, 0x08CA, 0x08CA, 0x08CA, 0x08CA, 0x08CA, 0x08CA, 0x08CA, 0x08CA, 0x08CA, 0x08CA, 0x08CA, 
	0x08CA, 0x08CA, 0x08CA, 0x08CA, 0x08CA, 0x08CA, 0x08CA, 0x08CA, 0x08CA, 0x08CA, 0x08CA, 0x08CA, 0x08CA, 0x08CA, 0x08CA, 0x08CA, 
	0x08CA, 0x08CA, 0x08CA, 0x08CA, 0x08CA, 0x08CA, 0x08CA, 0x08CA, 0x08CA, 0x08CA, 0x08CA, 0x08CA, 0x08CA, 0x08CA, 0x08CA, 0x08CA, 
	0x08CA, 0x08CA, 0x08CA, 0x08CA, 0x08CA, 0x08CA, 0x08CA, 0x08CA, 0x08CA, 0x08CA, 0x08CA, 0x08CA, 0x08CA, 0x08CA, 0x08CA, 0x08CA, 
	0x08CA, 0x08CA, 0x08CA, 0x08CA, 0x08CA, 0x08CA, 0x08CA, 0x08CA, 0x08CA, 0x08CA, 0x08CA, 0x08CA, 0x08CA, 0x08CA, 0x08CA, 0x08CA, 
	0x08CA, 0x08CA, 0x08CA, 0x08CA, 0x08CA, 0x08CA, 0x08CA, 0x08CA, 0x08CA, 0x08CA, 0x08CA, 0x08CA, 0x08CA, 0x08CA, 0x08CA, 0x08CA, 
	0x08CA, 0x08CA, 0x08CA, 0x08CA, 0x08CA, 0x08CA, 0x08CA, 0x08CA, 0x08CA, 0x08CA, 0x08CA, 0x08CA, 0x08CA, 0x08CA, 0x08CA, 0x08CA, 
	0x08CA, 0x08CA, 0x08CA, 0x08CA, 0x08CA, 0x08CA, 0x08CA, 0x08CA, 0x08CA, 0x08CA, 0x08CA, 0x08CA, 0x08CA, 0x08CA, 0x08CA, 0x08CA, 
	0x08CA, 0x08CA, 0x08CA, 0x08CA, 0x08CA, 0x08CA, 0x08CA, 0x08CA, 0x08CA, 0x08CA, 0x08CA, 0x08CA, 0x08CA, 0x08CA, 0x08CA, 0x08CA, 
	0x08CA, 0x08CA, 0x08CA, 0x08CA, 0x08CA, 0x08CA, 0x08CA, 0x08CA, 0x08CA, 0x08CA, 0x08CA, 0x08CA, 0x08CA, 0x08CA, 0x08CA, 0x08CA, 
	0x08CA, 0x08CA, 0x08CA, 0x08CA, 0x08CA, 0x08CA, 0x08CA, 0x08CA, 0x08CA, 0x08CA, 0x08CA, 0x08CA, 0x08CA, 0x08CA, 0x08CA, 0x08CA, 
	0x08CA, 0x08CA, 0x08CA, 0x08CA, 0x08CA, 0x08CA, 0x08CA, 0x08CA, 0x08CA, 0x08CA, 0x08CA, 0x08CA, 0x08CA, 0x08CA, 0x08CA, 0x08CA, 
	0x08CA, 0x08CA, 0x08CA, 0x08CA, 0x08CA, 0x08CA, 0x08CA, 0x08CA, 0x08CA, 0x08CA, 0x08CA, 0x08CA, 0x08CA, 0x08CA, 0x08CA, 0x08CA, 
	0x08CA, 0x08CA, 0x08CA, 0x08CA, 0x08CA, 0x08CA, 0x08CA, 0x08CA, 0x08CA, 0x08CA, 0x08CA, 0x08CA, 0x08CA, 0x08CA, 0x08CA, 0x08CA, 
	0x08CA, 0x08CA, 0x08CA, 0x08CA, 0x08CA, 0x08CA, 0x08CA, 0x08CA, 0x08CA, 0x08CA, 0x08CA, 0x08CA, 0x08CA, 0x08CA, 0x08CA, 0x08CA, 
	0x08CA, 0x08CA, 0x08CA, 0x08CA, 0x08CA, 0x08CA, 0x08CA, 0x08CA, 0x08CA, 0x08CA, 0x08CA, 0x08CA, 0x08CA, 0x08CA, 0x08CA, 0x08CA, 
	0x08CA, 0x08CA, 0x08CA, 0x08CA, 0x08CA, 0x08CA, 0x08CA, 0x08CA, 0x08CA, 0x08CA, 0x08CA, 0x08CA, 0x08CA, 0x08CA, 0x08CA, 0x08CA, 
	0x08CA, 0x08CA, 0x08CA, 0x08CA, 0x08CA, 0x08CA, 0x08CA, 0x08CA, 0x08CA, 0x08CA, 0x08CA, 0x08CA, 0x08CA, 0x08CA, 0x08CA, 0x08CA, 
	0x08CA, 0x08CA, 0x08CA, 0x08CA, 0x08CA, 0x08CA, 0x08CA, 0x08CA, 0x08CA, 0x08CA, 0x08CA, 0x08CA, 0x08CA, 0x08CA, 0x08CA, 0x08CA, 
	0x08CA, 0x08CA, 0x08CA, 0x08CA, 0x08CA, 0x08CA, 0x08CA, 0x08CA, 0x08CA, 0x08CA, 0x08CA, 0x08CA, 0x08CA, 0x08CA, 0x08CA, 0x08CA, 
	0x08CA, 0x08CA, 0x08CA, 0x08CA, 0x08CA, 0x08CA, 0x08CA, 0x08CA, 0x08CA, 0x08CA, 0x08CA, 0x08CA, 0x08CA, 0x08CA, 0x08CA, 0x08CA, 
	0x08CA, 0x08CA, 0x08CA, 0x08CA, 0x08CA, 0x08CA, 0x08CA, 0x08CA, 0x08CA, 0x08CA, 0x08CA, 0x08CA, 0x08CA, 0x08CA, 0x08CA, 0x08CA, 
	0x08CA, 0x08CA, 0x08CA, 0x08CA, 0x08CA, 0x08CA, 0x08CA, 0x08CA, 0x08CA, 0x08CA, 0x08CA, 0x08CA, 0x08CA, 0x08CA, 0x08CA, 0x08CA, 
	0x08CA, 0x08CA, 0x08CA, 0x08CA, 0x08CA, 0x08CA, 0x08CA, 0x08CA, 0x08CA, 0x08CA, 0x08CA, 0x08CA, 0x08CA, 0x08CA, 0x08CA, 0x08CA, 
	0x08CA, 0x08CA, 0x08CA, 0x08CA, 0x08CA, 0x08CA, 0x08CA, 0x08CA, 0x08CA, 0x08CA, 0x08CA, 0x08CA, 0x08CA, 0x08CA, 0x08CA, 0x08CA, 
	0x08CA, 0x08CA, 0x08CA, 0x08CA, 0x08CA, 0x08CA, 0x08CA, 0x08CA, 0x08CA, 0x08CA, 0x08CA, 0x08CA, 0x08CA, 0x08CA, 0x08CA, 0x08CA, 
	0x08CA, 0x08CA, 0x08CA, 0x08CA, 0x08CA, 0x08CA, 0x08CA, 0x08CA, 0x08CA, 0x08CA, 0x08CA, 0x08CA, 0x08CA, 0x08CA, 0x08CA, 0x08CA, 
	0x08CA, 0x08CA, 0x08CA, 0x08CA, 0x08CA, 0x08CA, 0x08CA, 0x08CA, 0x08CA, 0x08CA, 0x08CA, 0x08CA, 0x08CA, 0x08CA, 0x08CA, 0x08CA, 
	0x08CA, 0x08CA, 0x08CA, 0x08CA, 0x08CA, 0x08CA, 0x08CA, 0x08CA, 0x08CA, 0x08CA, 0x08CA, 0x08CA, 0x08CA, 0x08CA, 0x08CA, 0x08CA, 
	0x08CA, 0x08CA, 0x08CA, 0x08CA, 0x08CA, 0x08CA, 0x08CA, 0x08CA, 0x08CA, 0x08CA, 0x08CA, 0x08CA, 0x08CA, 0x08CA, 0x08CA, 0x08CA, 
	0x08CA, 0x08CA, 0x08CA, 0x08CA, 0x08CA, 0x08CA, 0x08CA, 0x08CA, 0x08CA, 0x08CA, 0x08CA, 0x08CA, 0x08CA, 0x08CA, 0x08CA, 0x08CA, 
	0x08CA, 0x08CA, 0x08CA, 0x08CA, 0x08CA, 0x08CA, 0x08CA, 0x08CA, 0x08CA, 0x08CA, 0x08CA, 0x08CA, 0x08CA, 0x08CA, 0x08CA, 0x08CA, 
	0x08CA, 0x08CA, 0x08CA, 0x08CA, 0x08CA, 0x08CA, 0x08CA, 0x08CA, 0x08CA, 0x08CA, 0x08CA, 0x08CA, 0x08CA, 0x08CA, 0x08CA, 0x08CA, 
	0x08CA, 0x08CA, 0x08CA, 0x08CA, 0x08CA, 0x08CA, 0x08CA, 0x08CA, 0x08CA, 0x08CA, 0x08CA, 0x08CA, 0x08CA, 0x08CA, 0x08CA, 0x08CA, 
	0x08CA, 0x08CA, 0x08CA, 0x08CA, 0x08CA, 0x08CA, 0x08CA, 0x08CA, 0x08CA, 0x08CA, 0x08CA, 0x08CA, 0x08CA, 0x08CA, 0x08CA, 0x08CA, 
	0x08CA, 0x08CA, 0x08CA, 0x08CA, 0x08CA, 0x08CA, 0x08CA, 0x08CA, 0x08CA, 0x08CA, 0x08CA, 0x08CA, 0x08CA, 0x08CA, 0x08CA, 0x08CA, 
	0x08CA, 0x08CA, 0x08CA, 0x08CA, 0x08CA, 0x08CA, 0x08CA, 0x08CA, 0x08CA, 0x08CA, 0x08CA, 0x08CA, 0x08CA, 0x08CA, 0x08CA, 0x08CA, 
	0x08CA, 0x08CA, 0x08CA, 0x08CA, 0x08CA, 0x08CA, 0x08CA, 0x08CA, 0x08CA, 0x08CA, 0x08CA, 0x08CA, 0x08CA, 0x08CA, 0x08CA, 0x08CA, 
	0x08CA, 0x08CA, 0x08CA, 0x08CA, 0x08CA, 0x08CA, 0x08CA, 0x08CA, 0x08CA, 0x08CA, 0x08CA, 0x08CA, 0x08CA, 0x08CA, 0x08CA, 0x08CA, 
	0x08CA, 0x08CA, 0x08CA, 0x08CA, 0x08CA, 0x08CA, 0x08CA, 0x08CA, 0x08CA, 0x08CA, 0x08CA, 0x08CA, 0x08CA, 0x08CA, 0x08CA, 0x08CA, 
	0x08CA, 0x08CA, 0x08CA, 0x08CA, 0x08CA, 0x08CA, 0x08CA, 0x08CA, 0x08CA, 0x08CA, 0x08CA, 0x08CA, 0x08CA, 0x08CA, 0x08CA, 0x08CA, 
	0x08CA, 0x08CA, 0x08CA, 0x08CA, 0x08CA, 0x08CA, 0x08CA, 0x08CA, 0x08CA, 0x08CA, 0x08CA, 0x08CA, 0x08CA, 0x08CA, 0x08CA, 0x08CA, 
	0x08CA, 0x08CA, 0x08CA, 0x08CA, 0x08CA, 0x08CA, 0x08CA, 0x08CA, 0x08CA, 0x08CA, 0x08CA, 0x08CA, 0x08CA, 0x08CA, 0x08CA, 0x08CA, 
	0x08CA, 0x08CA, 0x08CA, 0x08CA, 0x08CA, 0x08CA, 0x08CA, 0x08CA, 0x08CA, 0x08CA, 0x08CA, 0x08CA, 0x08CA, 0x08CA, 0x08CA, 0x08CA, 
	0x08CA, 0x08CA, 0x08CA, 0x08CA, 0x08CA, 0x08CA, 0x08CA, 0x08CA, 0x08CA, 0x08CA, 0x08CA, 0x08CA, 0x08CA, 0x08CA, 0x08CA, 0x08CA, 
	0x08CA, 0x08CA, 0x08CA, 0x08CA, 0x08CA, 0x08CA, 0x08CA, 0x08CA, 0x08CA, 0x08CA, 0x08CA, 0x08CA, 0x08CA, 0x08CA, 0x08CA, 0x08CA, 
	0x08CA, 0x08CA, 0x08CA, 0x08CA, 0x08CA, 0x08CA, 0x08CA, 0x08CA, 0x08CA, 0x08CA, 0x08CA, 0x08CA, 0x08CA, 0x08CA, 0x08CA, 0x08CA, 
	0x08CA, 0x08CA, 0x08CA, 0x08CA, 0x08CA, 0x08CA, 0x08CA, 0x08CA, 0x08CA, 0x08CA, 0x08CA, 0x08CA, 0x08CA, 0x08CA, 0x08CA, 0x08CA, 
	0x08CA, 0x08CA, 0x08CA, 0x08CA, 0x08CA, 0x08CA, 0x08CA, 0x08CA, 0x08CA, 0x08CA, 0x08CA, 0x08CA, 0x08CA, 0x08CA, 0x08CA, 0x08CA, 
	0x08CA, 0x08CA, 0x08CA, 0x08CA, 0x08CA, 0x08CA, 0x08CA, 0x08CA, 0x08CA, 0x08CA, 0x08CA, 0x08CA, 0x08CA, 0x08CA, 0x08CA, 0x08CA, 
	0x08CA, 0x08CA, 0x08CA, 0x08CA, 0x08CA, 0x08CA, 0x08CA, 0x08CA, 0x08CA, 0x08CA, 0x08CA, 0x08CA, 0x08CA, 0x08CA, 0x08CA, 0x08CA, 
	0x08CA, 0x08CA, 0x08CA, 0x08CA, 0x08CA, 0x08CA, 0x08CA, 0x08CA, 0x08CA, 0x08CA, 0x08CA, 0x08CA, 0x08CA, 0x08CA, 0x08CA, 0x08CA, 
	0x08CA, 0x08CA, 0x08CA, 0x08CA, 0x08CA, 0x08CA, 0x08CA, 0x08CA, 0x08CA, 0x08CA, 0x08CA, 0x08CA, 0x08CA, 0x08CA, 0x08CA, 0x08CA, 
	0x08CA, 0x08CA, 0x08CA, 0x08CA, 0x08CA, 0x08CA, 0x08CA, 0x08CA, 0x08CA, 0x08CA, 0x08CA, 0x08CA, 0x08CA, 0x08CA, 0x08CA, 0x08CA, 
	0x08CA, 0x08CA, 0x08CA, 0x08CA, 0x08CA, 0x08CA, 0x08CA, 0x08CA, 0x08CA, 0x08CA, 0x08CA, 0x08CA, 0x08CA, 0x08CA, 0x08CA, 0x08CA, 
	0x08CA, 0x08CA, 0x08CA, 0x08CA, 0x08CA, 0x08CA, 0x08CA, 0x08CA, 0x08CA, 0x08CA, 0x08CA, 0x08CA, 0x08CA, 0x08CA, 0x08CA, 0x08CA, 
	0x08CA, 0x08CA, 0x08CA, 0x08CA, 0x08CA, 0x08CA, 0x08CA, 0x08CA, 0x08CA, 0x08CA, 0x08CA, 0x08CA, 0x08CA, 0x08CA, 0x08CA, 0x08CA, 
	0x08CA, 0x08CA, 0x08CA, 0x08CA, 0x08CA, 0x08CA, 0x08CA, 0x08CA, 0x08CA, 0x08CA, 0x08CA, 0x08CA, 0x08CA, 0x08CA, 0x08CA, 0x08CA, 
	0x08CA, 0x08CA, 0x08CA, 0x08CA, 0x08CA, 0x08CA, 0x08CA, 0x08CA, 0x08CA, 0x08CA, 0x08CA, 0x08CA, 0x08CA, 0x08CA, 0x08CA, 0x08CA, 
	0x08CA, 0x08CA, 0x08CA, 0x08CA, 0x08CA, 0x08CA, 0x08CA, 0x08CA, 0x08CA, 0x08CA, 0x08CA, 0x08CA, 0x08CA, 0x08CA, 0x08CA, 0x08CA, 
	0x08CA, 0x08CA, 0x08CA, 0x08CA, 0x08CA, 0x08CA, 0x08CA, 0x08CA, 0x08CA, 0x08CA, 0x08CA, 0x08CA, 0x08CA, 0x08CA, 0x08CA, 0x08CA, 
	0x08CA, 0x08CA, 0x08CA, 0x08CA, 0x08CA, 0x08CA, 0x08CA, 0x08CA, 0x08CA, 0x08CA, 0x08CA, 0x08CA, 0x08CA, 0x08CA, 0x08CA, 0x08CA, 
	0x08CA, 0x08CA, 0x08CA, 0x08CA, 0x08CA, 0x08CA, 0x08CA, 0x08CA, 0x08CA, 0x08CA, 0x08CA, 0x08CA, 0x08CA, 0x08CA, 0x08CA, 0x08CA, 
	0x08CA, 0x08CA, 0x08CA, 0x08CA, 0x08CA, 0x08CA, 0x08CA, 0x08CA, 0x08CA, 0x08CA, 0x08CA, 0x08CA, 0x08CA, 0x08CA, 0x08CA, 0x08CA, 
	0x08CA, 0x08CA, 0x08CA, 0x08CA, 0x08CA, 0x08CA, 0x08CA, 0x08CA, 0x08CA, 0x08CA, 0x08CA, 0x08CA, 0x08CA, 0x08CA, 0x08CA, 0x08CA, 
	0x08CA, 0x08CA, 0x08CA, 0x08CA, 0x08CA, 0x08CA, 0x08CA, 0x08CA, 0x08CA, 0x08CA, 0x08CA, 0x08CA, 0x08CA, 0x08CA, 0x08CA, 0x08CA, 
	0x08CA, 0x08CA, 0x08CA, 0x08CA, 0x08CA, 0x08CA, 0x08CA, 0x08CA, 0x08CA, 0x08CA, 0x08CA, 0x08CA, 0x08CA, 0x08CA, 0x08CA, 0x08CA, 
	0x08CA, 0x08CA, 0x08CA, 0x08CA, 0x08CA, 0x08CA, 0x08CA, 0x08CA, 0x08CA, 0x08CA, 0x08CA, 0x08CA, 0x08CA, 0x08CA, 0x08CA, 0x08CA, 
	0x08CA, 0x08CA, 0x08CA, 0x08CA, 0x08CA, 0x08CA, 0x08CA, 0x08CA, 0x08CA, 0x08CA, 0x08CA, 0x08CA, 0x08CA, 0x08CA, 0x08CA, 0x08CA, 
	0x08CA, 0x08CA, 0x08CA, 0x08CA, 0x08CA, 0x08CA, 0x08CA, 0x08CA, 0x08CA, 0x08CA, 0x08CA, 0x08CA, 0x08CA, 0x08CA, 0x08CA, 0x08CA, 
	0x08CA, 0x08CA, 0x08CA, 0x08CA, 0x08CA, 0x08CA, 0x08CA, 0x08CA, 0x08CA, 0x08CA, 0x08CA, 0x08CA, 0x08CA, 0x08CA, 0x08CA, 0x08CA, 
	0x08CA, 0x08CA, 0x08CA, 0x08CA, 0x08CA, 0x08CA, 0x08CA, 0x08CA, 0x08CA, 0x08CA, 0x08CA, 0x08CA, 0x08CA, 0x08CA, 0x08CA, 0x08CA, 
	0x08CA, 0x08CA, 0x08CA, 0x08CA, 0x08CA, 0x08CA, 0x08CA, 0x08CA, 0x08CA, 0x08CA, 0x08CA, 0x08CA, 0x08CA, 0x08CA, 0x08CA, 0x08CA, 
	0x08CA, 0x08CA, 0x08CA, 0x08CA, 0x08CA, 0x08CA, 0x08CA, 0x08CA, 0x08CA, 0x08CA, 0x08CA, 0x08CA, 0x08CA, 0x08CA, 0x08CA, 0x08CA, 
	0x08CA, 0x08CA, 0x08CA, 0x08CA, 0x08CA, 0x08CA, 0x08CA, 0x08CA, 0x08CA, 0x08CA, 0x08CA, 0x08CA, 0x08CA, 0x08CA, 0x08CA, 0x08CA, 
	0x08CA, 0x08CA, 0x08CA, 0x08CA, 0x08CA, 0x08CA, 0x08CA, 0x08CA, 0x08CA, 0x08CA, 0x08CA, 0x08CA, 0x08CA, 0x08CA, 0x08CA, 0x08CA, 
	0x08CA, 0x08CA, 0x08CA, 0x08CA, 0x08CA, 0x08CA, 0x08CA, 0x08CA, 0x08CA, 0x08CA, 0x08CA, 0x08CA, 0x08CA, 0x08CA, 0x08CA, 0x08CA, 
	0x08CA, 0x08CA, 0x08CA, 0x08CA, 0x08CA, 0x08CA, 0x08CA, 0x08CA, 0x08CA, 0x08CA, 0x08CA, 0x08CA, 0x08CA, 0x08CA, 0x08CA, 0x08CA, 
	0x08CA, 0x08CA, 0x08CA, 0x08CA, 0x08CA, 0x08CA, 0x08CA, 0x08CA, 0x08CA, 0x08CA, 0x08CA, 0x08CA, 0x08CA, 0x08CA, 0x08CA, 0x08CA, 
	0x08CA, 0x08CA, 0x08CA, 0x08CA, 0x08CA, 0x08CA, 0x08CA, 0x08CA, 0x08CA, 0x08CA, 0x08CA, 0x08CA, 0x08CA, 0x08CA, 0x08CA, 0x08CA, 
	0x08CA, 0x08CA, 0x08CA, 0x08CA, 0x08CA, 0x08CA, 0x08CA, 0x08CA, 0x08CA, 0x08CA, 0x08CA, 0x08CA, 0x08CA, 0x08CA, 0x08CA, 0x08CA, 
	0x08CA, 0x08CA, 0x08CA, 0x08CA, 0x08CA, 0x08CA, 0x08CA, 0x08CA, 0x08CA, 0x08CA, 0x08CA, 0x08CA, 0x08CA, 0x08CA, 0x08CA, 0x08CA, 
	0x08CA, 0x08CA, 0x08CA, 0x08CA, 0x08CA, 0x08CA, 0x08CA, 0x08CA, 0x08CA, 0x08CA, 0x08CA, 0x08CA, 0x08CA, 0x08CA, 0x08CA, 0x08CA, 
	0x08CA, 0x08CA, 0x08CA, 0x08CA, 0x08CA, 0x08CA, 0x08CA, 0x08CA, 0x08CA, 0x08CA, 0x08CA, 0x08CA, 0x08CA, 0x08CA, 0x08CA, 0x08CA, 
	0x08CA, 0x08CA, 0x08CA, 0x08CA, 0x08CA, 0x08CA, 0x08CA, 0x08CA, 0x08CA, 0x08CA, 0x08CA, 0x08CA, 0x08CA, 0x08CA, 0x08CA, 0x08CA, 
	0x08CA, 0x08CA, 0x08CA, 0x08CA, 0x08CA, 0x08CA, 0x08CA, 0x08CA, 0x08CA, 0x08CA, 0x08CA, 0x08CA, 0x08CA, 0x08CA, 0x08CA, 0x08CA, 
	0x08CA, 0x08CA, 0x08CA, 0x08CA, 0x08CA, 0x08CA, 0x08CA, 0x08CA, 0x08CA, 0x08CA, 0x08CA, 0x08CA, 0x08CA, 0x08CA, 0x08CA, 0x08CA, 
	0x08CA, 0x08CA, 0x08CA, 0x08CA, 0x08CA, 0x08CA, 0x08CA, 0x08CA, 0x08CA, 0x08CA, 0x08CA, 0x08CA, 0x08CA, 0x08CA, 0x08CA, 0x08CA, 
	0x08CA, 0x08CA, 0x08CA, 0x08CA, 0x08CA, 0x08CA, 0x08CA, 0x08CA, 0x08CA, 0x08CA, 0x08CA, 0x08CA, 0x08CA, 0x08CA, 0x08CA, 0x08CA, 
	0x08CA, 0x08CA, 0x08CA, 0x08CA, 0x08CA, 0x08CA, 0x08CA, 0x08CA, 0x08CA, 0x08CA, 0x08CA, 0x08CA, 0x08CA, 0x08CA, 0x08CA, 0x08CA, 
	0x08CA, 0x08CA, 0x08CA, 0x08CA, 0x08CA, 0x08CA, 0x08CA, 0x08CA, 0x08CA, 0x08CA, 0x08CA, 0x08CA, 0x08CA, 0x08CA, 0x08CA, 0x08CA, 
	0x08CA, 0x08CA, 0x08CA, 0x08CA, 0x08CA, 0x08CA, 0x08CA, 0x08CA, 0x08CA, 0x08CA, 0x08CA, 0x08CA, 0x08CA, 0x08CA, 0x08CA, 0x08CA, 
	0x08CA, 0x08CA, 0x08CA, 0x08CA, 0x08CA, 0x08CA, 0x08CA, 0x08CA, 0x08CA, 0x08CA, 0x08CA, 0x08CA, 0x08CA, 0x08CA, 0x08CA, 0x08CA, 
	0x08CA, 0x08CA, 0x08CA, 0x08CA, 0x08CA, 0x08CA, 0x08CA, 0x08CA, 0x08CA, 0x08CA, 0x08CA, 0x08CA, 0x08CA, 0x08CA, 0x08CA, 0x08CA, 
	0x08CA, 0x08CA, 0x08CA, 0x08CA, 0x08CA, 0x08CA, 0x08CA, 0x08CA, 0x08CA, 0x08CA, 0x08CA, 0x08CA, 0x08CA, 0x08CA, 0x08CA, 0x08CA, 
	0x08CA, 0x08CA, 0x08CA, 0x08CA, 0x08CA, 0x08CA, 0x08CA, 0x08CA, 0x08CA, 0x08CA, 0x08CA, 0x08CA, 0x08CA, 0x08CA, 0x08CA, 0x08CA, 
	0x08CA, 0x08CA, 0x08CA, 0x08CA, 0x08CA, 0x08CA, 0x08CA, 0x08CA, 0x08CA, 0x08CA, 0x08CA, 0x08CA, 0x08CA, 0x08CA, 0x08CA, 0x08CA, 
	0x08CA, 0x08CA, 0x08CA, 0x08CA, 0x08CA, 0x08CA, 0x08CA, 0x08CA, 0x08CA, 0x08CA, 0x08CA, 0x08CA, 0x08CA, 0x08CA, 0x08CA, 0x08CA, 
	0x08CA, 0x08CA, 0x08CA, 0x08CA, 0x08CA, 0x08CA, 0x08CA, 0x08CA, 0x08CA, 0x08CA, 0x08CA, 0x08CA, 0x08CA, 0x08CA, 0x08CA, 0x08CA, 
	0x08CA, 0x08CA, 0x08CA, 0x08CA, 0x08CA, 0x08CA, 0x08CA, 0x08CA, 0x08CA, 0x08CA, 0x08CA, 0x08CA, 0x08CA, 0x08CA, 0x08CA, 0x08CA, 
	0x08CA, 0x08CA, 0x08CA, 0x08CA, 0x08CA, 0x08CA, 0x08CA, 0x08CA, 0x08CA, 0x08CA, 0x08CA, 0x08CA, 0x08CA, 0x08CA, 0x08CA, 0x08CA, 
	0x08CA, 0x08CA, 0x08CA, 0x08CA, 0x08CA, 0x08CA, 0x08CA, 0x08CA, 0x08CA, 0x08CA, 0x08CA, 0x08CA, 0x08CA, 0x08CA, 0x08CA, 0x08CA, 
	0x08CA, 0x08CA, 0x08CA, 0x08CA, 0x08CA, 0x08CA, 0x08CA, 0x08CA, 0x08CA, 0x08CA, 0x08CA, 0x08CA, 0x08CA, 0x08CA, 0x08CA, 0x08CA, 
	0x08CA, 0x08CA, 0x08CA, 0x08CA, 0x08CA, 0x08CA, 0x08CA, 0x08CA, 0x08CA, 0x08CA, 0x08CA, 0x08CA, 0x08CA, 0x08CA, 0x08CA, 0x08CA, 
	0x08CA, 0x08CA, 0x08CA, 0x08CA, 0x08CA, 0x08CA, 0x08CA, 0x08CA, 0x08CA, 0x08CA, 0x08CA, 0x08CA, 0x08CA, 0x08CA, 0x08CA, 0x08CA, 
	0x08CA, 0x08CA, 0x08CA, 0x08CA, 0x08CA, 0x08CA, 0x08CA, 0x08CA, 0x08CA, 0x08CA, 0x08CA, 0x08CA, 0x08CA, 0x08CA, 0x08CA, 0x08CA, 
	0x08CA, 0x08CA, 0x08CA, 0x08CA, 0x08CA, 0x08CA, 0x08CA, 0x08CA, 0x08CA, 0x08CA, 0x08CA, 0x08CA, 0x08CA, 0x08CA, 0x08CA, 0x08CA, 
	0x08CA, 0x08CA, 0x08CA, 0x08CA, 0x08CA, 0x08CA, 0x08CA, 0x08CA, 0x08CA, 0x08CA, 0x08CA, 0x08CA, 0x08CA, 0x08CA, 0x08CA, 0x08CA, 
	0x08CA, 0x08CA, 0x08CA, 0x08CA, 0x08CA, 0x08CA, 0x08CA, 0x08CA, 0x08CA, 0x08CA, 0x08CA, 0x08CA, 0x08CA, 0x08CA, 0x08CA, 0x08CA, 
	0x08CA, 0x08CA, 0x08CA, 0x08CA, 0x08CA, 0x08CA, 0x08CA, 0x08CA, 0x08CA, 0x08CA, 0x08CA, 0x08CA, 0x08CA, 0x08CA, 0x08CA, 0x08CA, 
	0x08CA, 0x08CA, 0x08CA, 0x08CA, 0x08CA, 0x08CA, 0x08CA, 0x08CA, 0x08CA, 0x08CA, 0x08CA, 0x08CA, 0x08CA, 0x08CA, 0x08CA, 0x08CA, 
	0x08CA, 0x08CA, 0x08CA, 0x08CA, 0x08CA, 0x08CA, 0x08CA, 0x08CA, 0x08CA, 0x08CA, 0x08CA, 0x08CA, 0x08CA, 0x08CA, 0x08CA, 0x08CA, 
	0x08CA, 0x08CA, 0x08CA, 0x08CA, 0x08CA, 0x08CA, 0x08CA, 0x08CA, 0x08CA, 0x08CA, 0x08CA, 0x08CA, 0x08CA, 0x08CA, 0x08CA, 0x08CA, 
	0x08CA, 0x08CA, 0x08CA, 0x08CA, 0x08CA, 0x08CA, 0x08CA, 0x08CA, 0x08CA, 0x08CA, 0x08CA, 0x08CA, 0x08CA, 0x08CA, 0x08CA, 0x08CA, 
	0x08CA, 0x08CA, 0x08CA, 0x08CA, 0x08CA, 0x08CA, 0x08CA, 0x08CA, 0x08CA, 0x08CA, 0x08CA, 0x08CA, 0x08CA, 0x08CA, 0x08CA, 0x08CA, 
	0x08CA, 0x08CA, 0x08CA, 0x08CA, 0x08CA, 0x08CA, 0x08CA, 0x08CA, 0x08CA, 0x08CA, 0x08CA, 0x08CA, 0x08CA, 0x08CA, 0x08CA, 0x08CA, 
	0x08CA, 0x08CA, 0x08CA, 0x08CA, 0x08CA, 0x08CA, 0x08CA, 0x08CA, 0x08CA, 0x08CA, 0x08CA, 0x08CA, 0x08CA, 0x08CA, 0x08CA, 0x08CA, 
	0x08CA, 0x08CA, 0x08CA, 0x08CA, 0x08CA, 0x08CA, 0x08CA, 0x08CA, 0x08CA, 0x08CA, 0x08CA, 0x08CA, 0x08CA, 0x08CA, 0x08CA, 0x08CA, 
	0x08CA, 0x08CA, 0x08CA, 0x08CA, 0x08CA, 0x08CA, 0x08CA, 0x08CA, 0x08CA, 0x08CA, 0x08CA, 0x08CA, 0x08CA, 0x08CA, 0x08CA, 0x08CA, 
	0x08CA, 0x08CA, 0x08CA, 0x08CA, 0x08CA, 0x08CA, 0x08CA, 0x08CA, 0x08CA, 0x08CA, 0x08CA, 0x08CA, 0x08CA, 0x08CA, 0x08CA, 0x08CA, 
	0x08CA, 0x08CA, 0x08CA, 0x08CA, 0x08CA, 0x08CA, 0x08CA, 0x08CA, 0x08CA, 0x08CA, 0x08CA, 0x08CA, 0x08CA, 0x08CA, 0x08CA, 0x08CA, 
	0x08CA, 0x08CA, 0x08CA, 0x08CA, 0x08CA, 0x08CA, 0x08CA, 0x08CA, 0x08CA, 0x08CA, 0x08CA, 0x08CA, 0x08CA, 0x08CA, 0x08CA, 0x08CA, 
	0x08CA, 0x08CA, 0x08CA, 0x08CA, 0x08CA, 0x08CA, 0x08CA, 0x08CA, 0x08CA, 0x08CA, 0x08CA, 0x08CA, 0x08CA, 0x08CA, 0x08CA, 0x08CA, 
	0x08CA, 0x08CA, 0x08CA, 0x08CA, 0x08CA, 0x08CA, 0x08CA, 0x08CA, 0x08CA, 0x08CA, 0x08CA, 0x08CA, 0x08CA, 0x08CA, 0x08CA, 0x08CA, 
	0x08CA, 0x08CA, 0x08CA, 0x08CA, 0x08CA, 0x08CA, 0x08CA, 0x08CA, 0x08CA, 0x08CA, 0x08CA, 0x08CA, 0x08CA, 0x08CA, 0x08CA, 0x08CA, 
	0x08CA, 0x08CA, 0x08CA, 0x08CA, 0x08CA, 0x08CA, 0x08CA, 0x08CA, 0x08CA, 0x08CA, 0x08CA, 0x08CA, 0x08CA, 0x08CA, 0x08CA, 0x08CA, 
	0x08CA, 0x08CA, 0x08CA, 0x08CA, 0x08CA, 0x08CA, 0x08CA, 0x08CA, 0x08CA, 0x08CA, 0x08CA, 0x08CA, 0x08CA, 0x08CA, 0x08CA, 0x08CA, 
	0x08CA, 0x08CA, 0x08CA, 0x08CA, 0x08CA, 0x08CA, 0x08CA, 0x08CA, 0x08CA, 0x08CA, 0x08CA, 0x08CA, 0x08CA, 0x08CA, 0x08CA, 0x08CA, 
	0x08CA, 0x08CA, 0x08CA, 0x08CA, 0x08CA, 0x08CA, 0x08CA, 0x08CA, 0x08CA, 0x08CA, 0x08CA, 0x08CA, 0x08CA, 0x08CA, 0x08CA, 0x08CA, 
	0x08CA, 0x08CA, 0x08CA, 0x08CA, 0x08CA, 0x08CA, 0x08CA, 0x08CA, 0x08CA, 0x08CA, 0x08CA, 0x08CA, 0x08CA, 0x08CA, 0x08CA, 0x08CA, 
	0x08CA, 0x08CA, 0x08CA, 0x08CA, 0x08CA, 0x08CA, 0x08CA, 0x08CA, 0x08CA, 0x08CA, 0x08CA, 0x08CA, 0x08CA, 0x08CA, 0x08CA, 0x08CA, 
	0x08CA, 0x08CA, 0x08CA, 0x08CA, 0x08CA, 0x08CA, 0x08CA, 0x08CA, 0x08CA, 0x08CA, 0x08CA, 0x08CA, 0x08CA, 0x08CA, 0x08CA, 0x08CA, 
	0x08CA, 0x08CA, 0x08CA, 0x08CA, 0x08CA, 0x08CA, 0x08CA, 0x08CA, 0x08CA, 0x08CA, 0x08CA, 0x08CA, 0x08CA, 0x08CA, 0x08CA, 0x08CA, 
	0x08CA, 0x08CA, 0x08CA, 0x08CA, 0x08CA, 0x08CA, 0x08CA, 0x08CA, 0x08CA, 0x08CA, 0x08CA, 0x08CA, 0x08CA, 0x08CA, 0x08CA, 0x08CA, 
	0x08CA, 0x08CA, 0x08CA, 0x08CA, 0x08CA, 0x08CA, 0x08CA, 0x08CA, 0x08CA, 0x08CA, 0x08CA, 0x08CA, 0x08CA, 0x08CA, 0x08CA, 0x08CA, 
	0x08CA, 0x08CA, 0x08CA, 0x08CA, 0x08CA, 0x08CA, 0x08CA, 0x08CA, 0x08CA, 0x08CA, 0x08CA, 0x08CA, 0x08CA, 0x08CA, 0x08CA, 0x08CA, 
	0x08CA, 0x08CA, 0x08CA, 0x08CA, 0x08CA, 0x08CA, 0x08CA, 0x08CA, 0x08CA, 0x08CA, 0x08CA, 0x08CA, 0x08CA, 0x08CA, 0x08CA, 0x08CA, 
	0x08CA, 0x08CA, 0x08CA, 0x08CA, 0x08CA, 0x08CA, 0x08CA, 0x08CA, 0x08CA, 0x08CA, 0x08CA, 0x08CA, 0x08CA, 0x08CA, 0x08CA, 0x08CA, 
	0x08CA, 0x08CA, 0x08CA, 0x08CA, 0x08CA, 0x08CA, 0x08CA, 0x08CA, 0x08CA, 0x08CA, 0x08CA, 0x08CA, 0x08CA, 0x08CA, 0x08CA, 0x08CA, 
	0x08CA, 0x08CA, 0x08CA, 0x08CA, 0x08CA, 0x08CA, 0x08CA, 0x08CA, 0x08CA, 0x08CA, 0x08CA, 0x08CA, 0x08CA, 0x08CA, 0x08CA, 0x08CA, 
	0x08CA, 0x08CA, 0x08CA, 0x08CA, 0x08CA, 0x08CA, 0x08CA, 0x08CA, 0x08CA, 0x08CA, 0x08CA, 0x08CA, 0x08CA, 0x08CA, 0x08CA, 0x08CA, 
	0x08CA, 0x08CA, 0x08CA, 0x08CA, 0x08CA, 0x08CA, 0x08CA, 0x08CA, 0x08CA, 0x08CA, 0x08CA, 0x08CA, 0x08CA, 0x08CA, 0x08CA, 0x08CA, 
	0x08CA, 0x08CA, 0x08CA, 0x08CA, 0x08CA, 0x08CA, 0x08CA, 0x08CA, 0x08CA, 0x08CA, 0x08CA, 0x08CA, 0x08CA, 0x08CA, 0x08CA, 0x08CA, 
	0x08CA, 0x08CA, 0x08CA, 0x08CA, 0x08CA, 0x08CA, 0x08CA, 0x08CA, 0x08CA, 0x08CA, 0x08CA, 0x08CA, 0x08CA, 0x08CA, 0x08CA, 0x08CA, 
	0x08CA, 0x08CA, 0x08CA, 0x08CA, 0x08CA, 0x08CA, 0x08CA, 0x08CA, 0x08CA, 0x08CA, 0x08CA, 0x08CA, 0x08CA, 0x08CA, 0x08CA, 0x08CA, 
	0x08CA, 0x08CA, 0x08CA, 0x08CA, 0x08CA, 0x08CA, 0x08CA, 0x08CA, 0x08CA, 0x08CA, 0x08CA, 0x08CA, 0x08CA, 0x08CA, 0x08CA, 0x08CA, 
	0x08CA, 0x08CA, 0x08CA, 0x08CA, 0x08CA, 0x08CA, 0x08CA, 0x08CA, 0x08CA, 0x08CA, 0x08CA, 0x08CA, 0x08CA, 0x08CA, 0x08CA, 0x08CA, 
	0x08CA, 0x08CA, 0x08CA, 0x08CA, 0x08CA, 0x08CA, 0x08CA, 0x08CA, 0x08CA, 0x08CA, 0x08CA, 0x08CA, 0x08CA, 0x08CA, 0x08CA, 0x08CA, 
	0x08CA, 0x08CA, 0x08CA, 0x08CA, 0x08CA, 0x08CA, 0x08CA, 0x08CA, 0x08CA, 0x08CA, 0x08CA, 0x08CA, 0x08CA, 0x08CA, 0x08CA, 0x08CA, 
	0x08CA, 0x08CA, 0x08CA, 0x08CA, 0x08CA, 0x08CA, 0x08CA, 0x08CA, 0x08CA, 0x08CA, 0x08CA, 0x08CA, 0x08CA, 0x08CA, 0x08CA, 0x08CA, 
	0x08CA, 0x08CA, 0x08CA, 0x08CA, 0x08CA, 0x08CA, 0x08CA, 0x08CA, 0x08CA, 0x08CA, 0x08CA, 0x08CA, 0x08CA, 0x08CA, 0x08CA, 0x08CA, 
	0x08CA, 0x08CA, 0x08CA, 0x08CA, 0x08CA, 0x08CA, 0x08CA, 0x08CA, 0x08CA, 0x08CA, 0x08CA, 0x08CA, 0x08CA, 0x08CA, 0x08CA, 0x08CA, 
	0x08CA, 0x08CA, 0x08CA, 0x08CA, 0x08CA, 0x08CA, 0x08CA, 0x08CA, 0x08CA, 0x08CA, 0x08CA, 0x08CA, 0x08CA, 0x08CA, 0x08CA, 0x08CA, 
	0x08CA, 0x08CA, 0x08CA, 0x08CA, 0x08CA, 0x08CA, 0x08CA, 0x08CA, 0x08CA, 0x08CA, 0x08CA, 0x08CA, 0x08CA, 0x08CA, 0x08CA, 0x08CA, 
	0x08CA, 0x08CA, 0x08CA, 0x08CA, 0x08CA, 0x08CA, 0x08CA, 0x08CA, 0x08CA, 0x08CA, 0x08CA, 0x08CA, 0x08CA, 0x08CA, 0x08CA, 0x08CA, 
	0x08CA, 0x08CA, 0x08CA, 0x08CA, 0x08CA, 0x08CA, 0x08CA, 0x08CA, 0x08CA, 0x08CA, 0x08CA, 0x08CA, 0x08CA, 0x08CA, 0x08CA, 0x08CA, 
	0x08CA, 0x08CA, 0x08CA, 0x08CA, 0x08CA, 0x08CA, 0x08CA, 0x08CA, 0x08CA, 0x08CA, 0x08CA, 0x08CA, 0x08CA, 0x08CA, 0x08CA, 0x08CA, 
	0x08CA, 0x08CA, 0x08CA, 0x08CA, 0x08CA, 0x08CA, 0x08CA, 0x08CA, 0x08CA, 0x08CA, 0x08CA, 0x08CA, 0x08CA, 0x08CA, 0x08CA, 0x08CA, 
	0x08CA, 0x08CA, 0x08CA, 0x08CA, 0x08CA, 0x08CA, 0x08CA, 0x08CA, 0x08CA, 0x08CA, 0x08CA, 0x08CA, 0x08CA, 0x08CA, 0x08CA, 0x08CA, 
	0x08CA, 0x08CA, 0x08CA, 0x08CA, 0x08CA, 0x08CA, 0x08CA, 0x08CA, 0x08CA, 0x08CA, 0x08CA, 0x08CA, 0x08CA, 0x08CA, 0x08CA, 0x08CA, 
	0x08CA, 0x08CA, 0x08CA, 0x08CA, 0x08CA, 0x08CA, 0x08CA, 0x08CA, 0x08CA, 0x08CA, 0x08CA, 0x08CA, 0x08CA, 0x08CA, 0x08CA, 0x08CA, 
	0x08CA, 0x08CA, 0x08CA, 0x08CA, 0x08CA, 0x08CA, 0x08CA, 0x08CA, 0x08CA, 0x08CA, 0x08CA, 0x08CA, 0x08CA, 0x08CA, 0x08CA, 0x08CA, 
	0x08CA, 0x08CA, 0x08CA, 0x08CA, 0x08CA, 0x08CA, 0x08CA, 0x08CA, 0x08CA, 0x08CA, 0x08CA, 0x08CA, 0x08CA, 0x08CA, 0x08CA, 0x08CA, 
	0x08CA, 0x08CA, 0x08CA, 0x08CA, 0x08CA, 0x08CA, 0x08CA, 0x08CA, 0x08CA, 0x08CA, 0x08CA, 0x08CA, 0x08CA, 0x08CA, 0x08CA, 0x08CA, 
	0x08CA, 0x08CA, 0x08CA, 0x08CA, 0x08CA, 0x08CA, 0x08CA, 0x08CA, 0x08CA, 0x08CA, 0x08CA, 0x08CA, 0x08CA, 0x08CA, 0x08CA, 0x08CA, 
	0x08CA, 0x08CA, 0x08CA, 0x08CA, 0x08CA, 0x08CA, 0x08CA, 0x08CA, 0x08CA, 0x08CA, 0x08CA, 0x08CA, 0x08CA, 0x08CA, 0x08CA, 0x08CA, 
	0x08CA, 0x08CA, 0x08CA, 0x08CA, 0x08CA, 0x08CA, 0x08CA, 0x08CA, 0x08CA, 0x08CA, 0x08CA, 0x08CA, 0x08CA, 0x08CA, 0x08CA, 0x08CA, 
	0x08CA, 0x08CA, 0x08CA, 0x08CA, 0x08CA, 0x08CA, 0x08CA, 0x08CA, 0x08CA, 0x08CA, 0x08CA, 0x08CA, 0x08CA, 0x08CA, 0x08CA, 0x08CA, 
	0x08CA, 0x08CA, 0x08CA, 0x08CA, 0x08CA, 0x08CA, 0x08CA, 0x08CA, 0x08CA, 0x08CA, 0x08CA, 0x08CA, 0x08CA, 0x08CA, 0x08CA, 0x08CA, 
	0x08CA, 0x08CA, 0x08CA, 0x08CA, 0x08CA, 0x08CA, 0x08CA, 0x08CA, 0x08CA, 0x08CA, 0x08CA, 0x08CA, 0x08CA, 0x08CA, 0x08CA, 0x08CA, 
	0x08CA, 0x08CA, 0x08CA, 0x08CA, 0x08CA, 0x08CA, 0x08CA, 0x08CA, 0x08CA, 0x08CA, 0x08CA, 0x08CA, 0x08CA, 0x08CA, 0x08CA, 0x08CA, 
	0x08CA, 0x08CA, 0x08CA, 0x08CA, 0x08CA, 0x08CA, 0x08CA, 0x08CA, 0x08CA, 0x08CA, 0x08CA, 0x08CA, 0x08CA, 0x08CA, 0x08CA, 0x08CA, 
	0x08CA, 0x08CA, 0x08CA, 0x08CA, 0x08CA, 0x08CA, 0x08CA, 0x08CA, 0x08CA, 0x08CA, 0x08CA, 0x08CA, 0x08CA, 0x08CA, 0x08CA, 0x08CA, 
	0x08CA, 0x08CA, 0x08CA, 0x08CA, 0x08CA, 0x08CA, 0x08CA, 0x08CA, 0x08CA, 0x08CA, 0x08CA, 0x08CA, 0x08CA, 0x08CA, 0x08CA, 0x08CA, 
	0x08CA, 0x08CA, 0x08CA, 0x08CA, 0x08CA, 0x08CA, 0x08CA, 0x08CA, 0x08CA, 0x08CA, 0x08CA, 0x08CA, 0x08CA, 0x08CA, 0x08CA, 0x08CA, 
	0x08CA, 0x08CA, 0x08CA, 0x08CA, 0x08CA, 0x08CA, 0x08CA, 0x08CA, 0x08CA, 0x08CA, 0x08CA, 0x08CA, 0x08CA, 0x08CA, 0x08CA, 0x08CA, 
	0x08CA, 0x08CA, 0x08CA, 0x08CA, 0x08CA, 0x08CA, 0x08CA, 0x08CA, 0x08CA, 0x08CA, 0x08CA, 0x08CA, 0x08CA, 0x08CA, 0x08CA, 0x08CA, 
	0x08CA, 0x08CA, 0x08CA, 0x08CA, 0x08CA, 0x08CA, 0x08CA, 0x08CA, 0x08CA, 0x08CA, 0x08CA, 0x08CA, 0x08CA, 0x08CA, 0x08CA, 0x08CA, 
	0x08CA, 0x08CA, 0x08CA, 0x08CA, 0x08CA, 0x08CA, 0x08CA, 0x08CA, 0x08CA, 0x08CA, 0x08CA, 0x08CA, 0x08CA, 0x08CA, 0x08CA, 0x08CA, 
	0x08CA, 0x08CA, 0x08CA, 0x08CA, 0x08CA, 0x08CA, 0x08CA, 0x08CA, 0x08CA, 0x08CA, 0x08CA, 0x08CA, 0x08CA, 0x08CA, 0x08CA, 0x08CA, 
	0x08CA, 0x08CA, 0x08CA, 0x08CA, 0x08CA, 0x08CA, 0x08CA, 0x08CA, 0x08CA, 0x08CA, 0x08CA, 0x08CA, 0x08CA, 0x08CA, 0x08CA, 0x08CA, 
	0x08CA, 0x08CA, 0x08CA, 0x08CA, 0x08CA, 0x08CA, 0x08CA, 0x08CA, 0x08CA, 0x08CA, 0x08CA, 0x08CA, 0x08CA, 0x08CA, 0x08CA, 0x08CA, 
	0x08CA, 0x08CA, 0x08CA, 0x08CA, 0x08CA, 0x08CA, 0x08CA, 0x08CA, 0x08CA, 0x08CA, 0x08CA, 0x08CA, 0x08CA, 0x08CA, 0x08CA, 0x08CA, 
	0x08CA, 0x08CA, 0x08CA, 0x08CA, 0x08CA, 0x08CA, 0x08CA, 0x08CA, 0x08CA, 0x08CA, 0x08CA, 0x08CA, 0x08CA, 0x08CA, 0x08CA, 0x08CA, 
	0x08CA, 0x08CA, 0x08CA, 0x08CA, 0x08CA, 0x08CA, 0x08CA, 0x08CA, 0x08CA, 0x08CA, 0x08CA, 0x08CA, 0x08CA, 0x08CA, 0x08CA, 0x08CA, 
	0x08CA, 0x08CA, 0x08CA, 0x08CA, 0x08CA, 0x08CA, 0x08CA, 0x08CA, 0x08CA, 0x08CA, 0x08CA, 0x08CA, 0x08CA, 0x08CA, 0x08CA, 0x08CA, 
	0x08CA, 0x08CA, 0x08CA, 0x08CA, 0x08CA, 0x08CA, 0x08CA, 0x08CA, 0x08CA, 0x08CA, 0x08CA, 0x08CA, 0x08CA, 0x08CA, 0x08CA, 0x08CA, 
	0x08CA, 0x08CA, 0x08CA, 0x08CA, 0x08CA, 0x08CA, 0x08CA, 0x08CA, 0x08CA, 0x08CA, 0x08CA, 0x08CA, 0x08CA, 0x08CA, 0x08CA, 0x08CA, 
	0x08CA, 0x08CA, 0x08CA, 0x08CA, 0x08CA, 0x08CA, 0x08CA, 0x08CA, 0x08CA, 0x08CA, 0x08CA, 0x08CA, 0x08CA, 0x08CA, 0x08CA, 0x08CA, 
	0x08CA, 0x08CA, 0x08CA, 0x08CA, 0x08CA, 0x08CA, 0x08CA, 0x08CA, 0x08CA, 0x08CA, 0x08CA, 0x08CA, 0x08CA, 0x08CA, 0x08CA, 0x08CA, 
	0x08CA, 0x08CA, 0x08CA, 0x08CA, 0x08CA, 0x08CA, 0x08CA, 0x08CA, 0x08CA, 0x08CA, 0x08CA, 0x08CA, 0x08CA, 0x08CA, 0x08CA, 0x08CA, 
	0x08CA, 0x08CA, 0x08CA, 0x08CA, 0x08CA, 0x08CA, 0x08CA, 0x08CA, 0x08CA, 0x08CA, 0x08CA, 0x08CA, 0x08CA, 0x08CA, 0x08CA, 0x08CA, 
	0x08CA, 0x08CA, 0x08CA, 0x08CA, 0x08CA, 0x08CA, 0x08CA, 0x08CA, 0x08CA, 0x08CA, 0x08CA, 0x08CA, 0x08CA, 0x08CA, 0x08CA, 0x08CA, 
	0x08CA, 0x08CA, 0x08CA, 0x08CA, 0x08CA, 0x08CA, 0x08CA, 0x08CA, 0x08CA, 0x08CA, 0x08CA, 0x08CA, 0x08CA, 0x08CA, 0x08CA, 0x08CA, 
	0x08CA, 0x08CA, 0x08CA, 0x08CA, 0x08CA, 0x08CA, 0x08CA, 0x08CA, 0x08CA, 0x08CA, 0x08CA, 0x08CA, 0x08CA, 0x08CA, 0x08CA, 0x08CA, 
	0x08CA, 0x08CA, 0x08CA, 0x08CA, 0x08CA, 0x08CA, 0x08CA, 0x08CA, 0x08CA, 0x08CA, 0x08CA, 0x08CA, 0x08CA, 0x08CA, 0x08CA, 0x08CA, 
	0x08CA, 0x08CA, 0x08CA, 0x08CA, 0x08CA, 0x08CA, 0x08CA, 0x08CA, 0x08CA, 0x08CA, 0x08CA, 0x08CA, 0x08CA, 0x08CA, 0x08CA, 0x08CA, 
	0x08CA, 0x08CA, 0x08CA, 0x08CA, 0x08CA, 0x08CA, 0x08CA, 0x08CA, 0x08CA, 0x08CA, 0x08CA, 0x08CA, 0x08CA, 0x08CA, 0x08CA, 0x08CA, 
	0x08CA, 0x08CA, 0x08CA, 0x08CA, 0x08CA, 0x08CA, 0x08CA, 0x08CA, 0x08CA, 0x08CA, 0x08CA, 0x08CA, 0x08CA, 0x08CA, 0x08CA, 0x08CA, 
	0x08CA, 0x08CA, 0x08CA, 0x08CA, 0x08CA, 0x08CA, 0x08CA, 0x08CA, 0x08CA, 0x08CA, 0x08CA, 0x08CA, 0x08CA, 0x08CA, 0x08CA, 0x08CA, 
	0x08CA, 0x08CA, 0x08CA, 0x08CA, 0x08CA, 0x08CA, 0x08CA, 0x08CA, 0x08CA, 0x08CA, 0x08CA, 0x08CA, 0x08CA, 0x08CA, 0x08CA, 0x08CA, 
	0x08CA, 0x08CA, 0x08CA, 0x08CA, 0x08CA, 0x08CA, 0x08CA, 0x08CA, 0x08CA, 0x08CA, 0x08CA, 0x08CA, 0x08CA, 0x08CA, 0x08CA, 0x08CA, 
	0x08CA, 0x08CA, 0x08CA, 0x08CA, 0x08CA, 0x08CA, 0x08CA, 0x08CA, 0x08CA, 0x08CA, 0x08CA, 0x08CA, 0x08CA, 0x08CA, 0x08CA, 0x08CA, 
	0x08CA, 0x08CA, 0x08CA, 0x08CA, 0x08CA, 0x08CA, 0x08CA, 0x08CA, 0x08CA, 0x08CA, 0x08CA, 0x08CA, 0x08CA, 0x08CA, 0x08CA, 0x08CA, 
	0x08CA, 0x08CA, 0x08CA, 0x08CA, 0x08CA, 0x08CA, 0x08CA, 0x08CA, 0x08CA, 0x08CA, 0x08CA, 0x08CA, 0x08CA, 0x08CA, 0x08CA, 0x08CA, 
	0x08CA, 0x08CA, 0x08CA, 0x08CA, 0x08CA, 0x08CA, 0x08CA, 0x08CA, 0x08CA, 0x08CA, 0x08CA, 0x08CA, 0x08CA, 0x08CA, 0x08CA, 0x08CA, 
	0x08CA, 0x08CA, 0x08CA, 0x08CA, 0x08CA, 0x08CA, 0x08CA, 0x08CA, 0x08CA, 0x08CA, 0x08CA, 0x08CA, 0x08CA, 0x08CA, 0x08CA, 0x08CA, 
	0x08CA, 0x08CA, 0x08CA, 0x08CA, 0x08CA, 0x08CA, 0x08CA, 0x08CA, 0x08CA, 0x08CA, 0x08CA, 0x08CA, 0x08CA, 0x08CA, 0x08CA, 0x08CA, 
	0x08CA, 0x08CA, 0x08CA, 0x08CA, 0x08CA, 0x08CA, 0x08CA, 0x08CA, 0x08CA, 0x08CA, 0x08CA, 0x08CA, 0x08CA, 0x08CA, 0x08CA, 0x08CA, 
	0x08CA, 0x08CA, 0x08CA, 0x08CA, 0x08CA, 0x08CA, 0x08CA, 0x08CA, 0x08CA, 0x08CA, 0x08CA, 0x08CA, 0x08CA, 0x08CA, 0x08CA, 0x08CA, 
	0x08CA, 0x08CA, 0x08CA, 0x08CA, 0x08CA, 0x08CA, 0x08CA, 0x08CA, 0x08CA, 0x08CA, 0x08CA, 0x08CA, 0x08CA, 0x08CA, 0x08CA, 0x08CA, 
	0x08CA, 0x08CA, 0x08CA, 0x08CA, 0x08CA, 0x08CA, 0x08CA, 0x08CA, 0x08CA, 0x08CA, 0x08CA, 0x08CA, 0x08CA, 0x08CA, 0x08CA, 0x08CA, 
	0x08CA, 0x08CA, 0x08CA, 0x08CA, 0x08CA, 0x08CA, 0x08CA, 0x08CA, 0x08CA, 0x08CA, 0x08CA, 0x08CA, 0x08CA, 0x08CA, 0x08CA, 0x08CA, 
	0x08CA, 0x08CA, 0x08CA, 0x08CA, 0x08CA, 0x08CA, 0x08CA, 0x08CA, 0x08CA, 0x08CA, 0x08CA, 0x08CA, 0x08CA, 0x08CA, 0x08CA, 0x08CA, 
	0x08CA, 0x08CA, 0x08CA, 0x08CA, 0x08CA, 0x08CA, 0x08CA, 0x08CA, 0x08CA, 0x08CA, 0x08CA, 0x08CA, 0x08CA, 0x08CA, 0x08CA, 0x08CA, 
	0x08CA, 0x08CA, 0x08CA, 0x08CA, 0x08CA, 0x08CA, 0x08CA, 0x08CA, 0x08CA, 0x08CA, 0x08CA, 0x08CA, 0x08CA, 0x08CA, 0x08CA, 0x08CA, 
	0x08CA, 0x08CA, 0x08CA, 0x08CA, 0x08CA, 0x08CA, 0x08CA, 0x08CA, 0x08CA, 0x08CA, 0x08CA, 0x08CA, 0x08CA, 0x08CA, 0x08CA, 0x08CA, 
	0x08CA, 0x08CA, 0x08CA, 0x08CA, 0x08CA, 0x08CA, 0x08CA, 0x08CA, 0x08CA, 0x08CA, 0x08CA, 0x08CA, 0x08CA, 0x08CA, 0x08CA, 0x08CA, 
	0x08CA, 0x08CA, 0x08CA, 0x08CA, 0x08CA, 0x08CA, 0x08CA, 0x08CA, 0x08CA, 0x08CA, 0x08CA, 0x08CA, 0x08CA, 0x08CA, 0x08CA, 0x08CA, 
	0x08CA, 0x08CA, 0x08CA, 0x08CA, 0x08CA, 0x08CA, 0x08CA, 0x08CA, 0x08CA, 0x08CA, 0x08CA, 0x08CA, 0x08CA, 0x08CA, 0x08CA, 0x08CA, 
	0x08CA, 0x08CA, 0x08CA, 0x08CA, 0x08CA, 0x08CA, 0x08CA, 0x08CA, 0x08CA, 0x08CA, 0x08CA, 0x08CA, 0x08CA, 0x08CA, 0x08CA, 0x08CA, 
	0x08CA, 0x08CA, 0x08CA, 0x08CA, 0x08CA, 0x08CA, 0x08CA, 0x08CA, 0x08CA, 0x08CA, 0x08CA, 0x08CA, 0x08CA, 0x08CA, 0x08CA, 0x08CA, 
	0x08CA, 0x08CA, 0x08CA, 0x08CA, 0x08CA, 0x08CA, 0x08CA, 0x08CA, 0x08CA, 0x08CA, 0x08CA, 0x08CA, 0x08CA, 0x08CA, 0x08CA, 0x08CA, 
	0x08CA, 0x08CA, 0x08CA, 0x08CA, 0x08CA, 0x08CA, 0x08CA, 0x08CA, 0x08CA, 0x08CA, 0x08CA, 0x08CA, 0x08CA, 0x08CA, 0x08CA, 0x08CA, 
	0x08CA, 0x08CA, 0x08CA, 0x08CA, 0x08CA, 0x08CA, 0x08CA, 0x08CA, 0x08CA, 0x08CA, 0x08CA, 0x08CA, 0x08CA, 0x08CA, 0x08CA, 0x08CA, 
	0x08CA, 0x08CA, 0x08CA, 0x08CA, 0x08CA, 0x08CA, 0x08CA, 0x08CA, 0x08CA, 0x08CA, 0x08CA, 0x08CA, 0x08CA, 0x08CA, 0x08CA, 0x08CA, 
	0x08CA, 0x08CA, 0x08CA, 0x08CA, 0x08CA, 0x08CA, 0x08CA, 0x08CA, 0x08CA, 0x08CA, 0x08CA, 0x08CA, 0x08CA, 0x08CA, 0x08CA, 0x08CA, 
	0x08CA, 0x08CA, 0x08CA, 0x08CA, 0x08CA, 0x08CA, 0x08CA, 0x08CA, 0x08CA, 0x08CA, 0x08CA, 0x08CA, 0x08CA, 0x08CA, 0x08CA, 0x08CA, 
	0x08CA, 0x08CA, 0x08CA, 0x08CA, 0x08CA, 0x08CA, 0x08CA, 0x08CA, 0x08CA, 0x08CA, 0x08CA, 0x08CA, 0x08CA, 0x08CA, 0x08CA, 0x08CA, 
	0x08CA, 0x08CA, 0x08CA, 0x08CA, 0x08CA, 0x08CA, 0x08CA, 0x08CA, 0x08CA, 0x08CA, 0x08CA, 0x08CA, 0x08CA, 0x08CA, 0x08CA, 0x08CA, 
	0x08CA, 0x08CA, 0x08CA, 0x08CA, 0x08CA, 0x08CA, 0x08CA, 0x08CA, 0x08CA, 0x08CA, 0x08CA, 0x08CA, 0x08CA, 0x08CA, 0x08CA, 0x08CA, 
	0x08CA, 0x08CA, 0x08CA, 0x08CA, 0x08CA, 0x08CA, 0x08CA, 0x08CA, 0x08CA, 0x08CA, 0x08CA, 0x08CA, 0x08CA, 0x08CA, 0x08CA, 0x08CA, 
	0x08CA, 0x08CA, 0x08CA, 0x08CA, 0x08CA, 0x08CA, 0x08CA, 0x08CA, 0x08CA, 0x08CA, 0x08CA, 0x08CA, 0x08CA, 0x08CA, 0x08CA, 0x08CA, 
	0x08CA, 0x08CA, 0x08CA, 0x08CA, 0x08CA, 0x08CA, 0x08CA, 0x08CA, 0x08CA, 0x08CA, 0x08CA, 0x08CA, 0x08CA, 0x08CA, 0x08CA, 0x08CA, 
	0x08CA, 0x08CA, 0x08CA, 0x08CA, 0x08CA, 0x08CA, 0x08CA, 0x08CA, 0x08CA, 0x08CA, 0x08CA, 0x08CA, 0x08CA, 0x08CA, 0x08CA, 0x08CA, 
	0x08CA, 0x08CA, 0x08CA, 0x08CA, 0x08CA, 0x08CA, 0x08CA, 0x08CA, 0x08CA, 0x08CA, 0x08CA, 0x08CA, 0x08CA, 0x08CA, 0x08CA, 0x08CA, 
	0x08CA, 0x08CA, 0x08CA, 0x08CA, 0x08CA, 0x08CA, 0x08CA, 0x08CA, 0x08CA, 0x08CA, 0x08CA, 0x08CA, 0x08CA, 0x08CA, 0x08CA, 0x08CA, 
	0x08CA, 0x08CA, 0x08CA, 0x08CA, 0x08CA, 0x08CA, 0x08CA, 0x08CA, 0x08CA, 0x08CA, 0x08CA, 0x08CA, 0x08CA, 0x08CA, 0x08CA, 0x08CA, 
	0x08CA, 0x08CA, 0x08CA, 0x08CA, 0x08CA, 0x08CA, 0x08CA, 0x08CA, 0x08CA, 0x08CA, 0x08CA, 0x08CA, 0x08CA, 0x08CA, 0x08CA, 0x08CA, 
	0x08CA, 0x08CA, 0x08CA, 0x08CA, 0x08CA, 0x08CA, 0x08CA, 0x08CA, 0x08CA, 0x08CA, 0x08CA, 0x08CA, 0x08CA, 0x08CA, 0x08CA, 0x08CA, 
	0x08CA, 0x08CA, 0x08CA, 0x08CA, 0x08CA, 0x08CA, 0x08CA, 0x08CA, 0x08CA, 0x08CA, 0x08CA, 0x08CA, 0x08CA, 0x08CA, 0x08CA, 0x08CA, 
	0x08CA, 0x08CA, 0x08CA, 0x08CA, 0x08CA, 0x08CA, 0x08CA, 0x08CA, 0x08CA, 0x08CA, 0x08CA, 0x08CA, 0x08CA, 0x08CA, 0x08CA, 0x08CA, 
	0x08CA, 0x08CA, 0x08CA, 0x08CA, 0x08CA, 0x08CA, 0x08CA, 0x08CA, 0x08CA, 0x08CA, 0x08CA, 0x08CA, 0x08CA, 0x08CA, 0x08CA, 0x08CA, 
	0x08CA, 0x08CA, 0x08CA, 0x08CA, 0x08CA, 0x08CA, 0x08CA, 0x08CA, 0x08CA, 0x08CA, 0x08CA, 0x08CA, 0x08CA, 0x08CA, 0x08CA, 0x08CA, 
	0x08CA, 0x08CA, 0x08CA, 0x08CA, 0x08CA, 0x08CA, 0x08CA, 0x08CA, 0x08CA, 0x08CA, 0x08CA, 0x08CA, 0x08CA, 0x08CA, 0x08CA, 0x08CA, 
	0x08CA, 0x08CA, 0x08CA, 0x08CA, 0x08CA, 0x08CA, 0x08CA, 0x08CA, 0x08CA, 0x08CA, 0x08CA, 0x08CA, 0x08CA, 0x08CA, 0x08CA, 0x08CA, 
	0x08CA, 0x08CA, 0x08CA, 0x08CA, 0x08CA, 0x08CA, 0x08CA, 0x08CA, 0x08CA, 0x08CA, 0x08CA, 0x08CA, 0x08CA, 0x08CA, 0x08CA, 0x08CA, 
	0x08CA, 0x08CA, 0x08CA, 0x08CA, 0x08CA, 0x08CA, 0x08CA, 0x08CA, 0x08CA, 0x08CA, 0x08CA, 0x08CA, 0x08CA, 0x08CA, 0x08CA, 0x08CA, 
	0x08CA, 0x08CA, 0x08CA, 0x08CA, 0x08CA, 0x08CA, 0x08CA, 0x08CA, 0x08CA, 0x08CA, 0x08CA, 0x08CA, 0x08CA, 0x08CA, 0x08CA, 0x08CA, 
	0x08CA, 0x08CA, 0x08CA, 0x08CA, 0x08CA, 0x08CA, 0x08CA, 0x08CA, 0x08CA, 0x08CA, 0x08CA, 0x08CA, 0x08CA, 0x08CA, 0x08CA, 0x08CA, 
	0x08CA, 0x08CA, 0x08CA, 0x08CA, 0x08CA, 0x08CA, 0x08CA, 0x08CA, 0x08CA, 0x08CA, 0x08CA, 0x08CA, 0x08CA, 0x08CA, 0x08CA, 0x08CA, 
	0x08CA, 0x08CA, 0x08CA, 0x08CA, 0x08CA, 0x08CA, 0x08CA, 0x08CA, 0x08CA, 0x08CA, 0x08CA, 0x08CA, 0x08CA, 0x08CA, 0x08CA, 0x08CA, 
	0x08CA, 0x08CA, 0x08CA, 0x08CA, 0x08CA, 0x08CA, 0x08CA, 0x08CA, 0x08CA, 0x08CA, 0x08CA, 0x08CA, 0x08CA, 0x08CA, 0x08CA, 0x08CA, 
	0x08CA, 0x08CA, 0x08CA, 0x08CA, 0x08CA, 0x08CA, 0x08CA, 0x08CA, 0x08CA, 0x08CA, 0x08CA, 0x08CA, 0x08CA, 0x08CA, 0x08CA, 0x08CA, 
	0x08CA, 0x08CA, 0x08CA, 0x08CA, 0x08CA, 0x08CA, 0x08CA, 0x08CA, 0x08CA, 0x08CA, 0x08CA, 0x08CA, 0x08CA, 0x08CA, 0x08CA, 0x08CA, 
	0x08CA, 0x08CA, 0x08CA, 0x08CA, 0x08CA, 0x08CA, 0x08CA, 0x08CA, 0x08CA, 0x08CA, 0x08CA, 0x08CA, 0x08CA, 0x08CA, 0x08CA, 0x08CA, 
	0x08CA, 0x08CA, 0x08CA, 0x08CA, 0x08CA, 0x08CA, 0x08CA, 0x08CA, 0x08CA, 0x08CA, 0x08CA, 0x08CA, 0x08CA, 0x08CA, 0x08CA, 0x08CA, 
	0x08CA, 0x08CA, 0x08CA, 0x08CA, 0x08CA, 0x08CA, 0x08CA, 0x08CA, 0x08CA, 0x08CA, 0x08CA, 0x08CA, 0x08CA, 0x08CA, 0x08CA, 0x08CA, 
	0x08CA, 0x08CA, 0x08CA, 0x08CA, 0x08CA, 0x08CA, 0x08CA, 0x08CA, 0x08CA, 0x08CA, 0x08CA, 0x08CA, 0x08CA, 0x08CA, 0x08CA, 0x08CA, 
	0x08CA, 0x08CA, 0x08CA, 0x08CA, 0x08CA, 0x08CA, 0x08CA, 0x08CA, 0x08CA, 0x08CA, 0x08CA, 0x08CA, 0x08CA, 0x08CA, 0x08CA, 0x08CA, 
	0x08CA, 0x08CA, 0x08CA, 0x08CA, 0x08CA, 0x08CA, 0x08CA, 0x08CA, 0x08CA, 0x08CA, 0x08CA, 0x08CA, 0x08CA, 0x08CA, 0x08CA, 0x08CA, 
	0x08CA, 0x08CA, 0x08CA, 0x08CA, 0x08CA, 0x08CA, 0x08CA, 0x08CA, 0x08CA, 0x08CA, 0x08CA, 0x08CA, 0x08CA, 0x08CA, 0x08CA, 0x08CA, 
	0x08CA, 0x08CA, 0x08CA, 0x08CA, 0x08CA, 0x08CA, 0x08CA, 0x08CA, 0x08CA, 0x08CA, 0x08CA, 0x08CA, 0x08CA, 0x08CA, 0x08CA, 0x08CA, 
	0x08CA, 0x08CA, 0x08CA, 0x08CA, 0x08CA, 0x08CA, 0x08CA, 0x08CA, 0x08CA, 0x08CA, 0x08CA, 0x08CA, 0x08CA, 0x08CA, 0x08CA, 0x08CA, 
	0x08CA, 0x08CA, 0x08CA, 0x08CA, 0x08CA, 0x08CA, 0x08CA, 0x08CA, 0x08CA, 0x08CA, 0x08CA, 0x08CA, 0x08CA, 0x08CA, 0x08CA, 0x08CA, 
	0x08CA, 0x08CA, 0x08CA, 0x08CA, 0x08CA, 0x08CA, 0x08CA, 0x08CA, 0x08CA, 0x08CA, 0x08CA, 0x08CA, 0x08CA, 0x08CA, 0x08CA, 0x08CA, 
	0x08CA, 0x08CA, 0x08CA, 0x08CA, 0x08CA, 0x08CA, 0x08CA, 0x08CA, 0x08CA, 0x08CA, 0x08CA, 0x08CA, 0x08CA, 0x08CA, 0x08CA, 0x08CA, 
	0x08CA, 0x08CA, 0x08CA, 0x08CA, 0x08CA, 0x08CA, 0x08CA, 0x08CA, 0x08CA, 0x08CA, 0x08CA, 0x08CA, 0x08CA, 0x08CA, 0x08CA, 0x08CA, 
	0x08CA, 0x08CA, 0x08CA, 0x08CA, 0x08CA, 0x08CA, 0x08CA, 0x08CA, 0x08CA, 0x08CA, 0x08CA, 0x08CA, 0x08CA, 0x08CA, 0x08CA, 0x08CA, 
	0x08CA, 0x08CA, 0x08CA, 0x08CA, 0x08CA, 0x08CA, 0x08CA, 0x08CA, 0x08CA, 0x08CA, 0x08CA, 0x08CA, 0x08CA, 0x08CA, 0x08CA, 0x08CA, 
	0x08CA, 0x08CA, 0x08CA, 0x08CA, 0x08CA, 0x08CA, 0x08CA, 0x08CA, 0x08CA, 0x08CA, 0x08CA, 0x08CA, 0x08CA, 0x08CA, 0x08CA, 0x08CA, 
	0x08CA, 0x08CA, 0x08CA, 0x08CA, 0x08CA, 0x08CA, 0x08CA, 0x08CA, 0x08CA, 0x08CA, 0x08CA, 0x08CA, 0x08CA, 0x08CA, 0x08CA, 0x08CA, 
	0x08CA, 0x08CA, 0x08CA, 0x08CA, 0x08CA, 0x08CA, 0x08CA, 0x08CA, 0x08CA, 0x08CA, 0x08CA, 0x08CA, 0x08CA, 0x08CA, 0x08CA, 0x08CA, 
	0x08CA, 0x08CA, 0x08CA, 0x08CA, 0x08CA, 0x08CA, 0x08CA, 0x08CA, 0x08CA, 0x08CA, 0x08CA, 0x08CA, 0x08CA, 0x08CA, 0x08CA, 0x08CA, 
	0x08CA, 0x08CA, 0x08CA, 0x08CA, 0x08CA, 0x08CA, 0x08CA, 0x08CA, 0x08CA, 0x08CA, 0x08CA, 0x08CA, 0x08CA, 0x08CA, 0x08CA, 0x08CA, 
	0x08CA, 0x08CA, 0x08CA, 0x08CA, 0x08CA, 0x08CA, 0x08CA, 0x08CA, 0x08CA, 0x08CA, 0x08CA, 0x08CA, 0x08CA, 0x08CA, 0x08CA, 0x08CA, 
	0x08CA, 0x08CA, 0x08CA, 0x08CA, 0x08CA, 0x08CA, 0x08CA, 0x08CA, 0x08CA, 0x08CA, 0x08CA, 0x08CA, 0x08CA, 0x08CA, 0x08CA, 0x08CA, 
	0x08CA, 0x08CA, 0x08CA, 0x08CA, 0x08CA, 0x08CA, 0x08CA, 0x08CA, 0x08CA, 0x08CA, 0x08CA, 0x08CA, 0x08CA, 0x08CA, 0x08CA, 0x08CA, 
	0x08CA, 0x08CA, 0x08CA, 0x08CA, 0x08CA, 0x08CA, 0x08CA, 0x08CA, 0x08CA, 0x08CA, 0x08CA, 0x08CA, 0x08CA, 0x08CA, 0x08CA, 0x08CA, 
	0x08CA, 0x08CA, 0x08CA, 0x08CA, 0x08CA, 0x08CA, 0x08CA, 0x08CA, 0x08CA, 0x08CA, 0x08CA, 0x08CA, 0x08CA, 0x08CA, 0x08CA, 0x08CA, 
	0x08CA, 0x08CA, 0x08CA, 0x08CA, 0x08CA, 0x08CA, 0x08CA, 0x08CA, 0x08CA, 0x08CA, 0x08CA, 0x08CA, 0x08CA, 0x08CA, 0x08CA, 0x08CA, 
	0x08CA, 0x08CA, 0x08CA, 0x08CA, 0x08CA, 0x08CA, 0x08CA, 0x08CA, 0x08CA, 0x08CA, 0x08CA, 0x08CA, 0x08CA, 0x08CA, 0x08CA, 0x08CA, 
	0x08CA, 0x08CA, 0x08CA, 0x08CA, 0x08CA, 0x08CA, 0x08CA, 0x08CA, 0x08CA, 0x08CA, 0x08CA, 0x08CA, 0x08CA, 0x08CA, 0x08CA, 0x08CA, 
	0x08CA, 0x08CA, 0x08CA, 0x08CA, 0x08CA, 0x08CA, 0x08CA, 0x08CA, 0x08CA, 0x08CA, 0x08CA, 0x08CA, 0x08CA, 0x08CA, 0x08CA, 0x08CA, 
	0x08CA, 0x08CA, 0x08CA, 0x08CA, 0x08CA, 0x08CA, 0x08CA, 0x08CA, 0x08CA, 0x08CA, 0x08CA, 0x08CA, 0x08CA, 0x08CA, 0x08CA, 0x08CA, 
	0x08CA, 0x08CA, 0x08CA, 0x08CA, 0x08CA, 0x08CA, 0x08CA, 0x08CA, 0x08CA, 0x08CA, 0x08CA, 0x08CA, 0x08CA, 0x08CA, 0x08CA, 0x08CA, 
	0x08CA, 0x08CA, 0x08CA, 0x08CA, 0x08CA, 0x08CA, 0x08CA, 0x08CA, 0x08CA, 0x08CA, 0x08CA, 0x08CA, 0x08CA, 0x08CA, 0x08CA, 0x08CA, 
	0x08CA, 0x08CA, 0x08CA, 0x08CA, 0x08CA, 0x08CA, 0x08CA, 0x08CA, 0x08CA, 0x08CA, 0x08CA, 0x08CA, 0x08CA, 0x08CA, 0x08CA, 0x08CA, 
	0x08CA, 0x08CA, 0x08CA, 0x08CA, 0x08CA, 0x08CA, 0x08CA, 0x08CA, 0x08CA, 0x08CA, 0x08CA, 0x08CA, 0x08CA, 0x08CA, 0x08CA, 0x08CA, 
	0x08CA, 0x08CA, 0x08CA, 0x08CA, 0x08CA, 0x08CA, 0x08CA, 0x08CA, 0x08CA, 0x08CA, 0x08CA, 0x08CA, 0x08CA, 0x08CA, 0x08CA, 0x08CA, 
	0x08CA, 0x08CA, 0x08CA, 0x08CA, 0x08CA, 0x08CA, 0x08CA, 0x08CA, 0x08CA, 0x08CA, 0x08CA, 0x08CA, 0x08CA, 0x08CA, 0x08CA, 0x08CA, 
	0x08CA, 0x08CA, 0x08CA, 0x08CA, 0x08CA, 0x08CA, 0x08CA, 0x08CA, 0x08CA, 0x08CA, 0x08CA, 0x08CA, 0x08CA, 0x08CA, 0x08CA, 0x08CA, 
	0x08CA, 0x08CA, 0x08CA, 0x08CA, 0x08CA, 0x08CA, 0x08CA, 0x08CA, 0x08CA, 0x08CA, 0x08CA, 0x08CA, 0x08CA, 0x08CA, 0x08CA, 0x08CA, 
	0x08CA, 0x08CA, 0x08CA, 0x08CA, 0x08CA, 0x08CA, 0x08CA, 0x08CA, 0x08CA, 0x08CA, 0x08CA, 0x08CA, 0x08CA, 0x08CA, 0x08CA, 0x08CA, 
	0x08CA, 0x08CA, 0x08CA, 0x08CA, 0x08CA, 0x08CA, 0x08CA, 0x08CA, 0x08CA, 0x08CA, 0x08CA, 0x08CA, 0x08CA, 0x08CA, 0x08CA, 0x08CA, 
	0x08CA, 0x08CA, 0x08CA, 0x08CA, 0x08CA, 0x08CA, 0x08CA, 0x08CA, 0x08CA, 0x08CA, 0x08CA, 0x08CA, 0x08CA, 0x08CA, 0x08CA, 0x08CA, 
	0x08CA, 0x08CA, 0x08CA, 0x08CA, 0x08CA, 0x08CA, 0x08CA, 0x08CA, 0x08CA, 0x08CA, 0x08CA, 0x08CA, 0x08CA, 0x08CA, 0x08CA, 0x08CA, 
	0x08CA, 0x08CA, 0x08CA, 0x08CA, 0x08CA, 0x08CA, 0x08CA, 0x08CA, 0x08CA, 0x08CA, 0x08CA, 0x08CA, 0x08CA, 0x08CA, 0x08CA, 0x08CA, 
	0x08CA, 0x08CA, 0x08CA, 0x08CA, 0x08CA, 0x08CA, 0x08CA, 0x08CA, 0x08CA, 0x08CA, 0x08CA, 0x08CA, 0x08CA, 0x08CA, 0x08CA, 0x08CA, 
	0x08CA, 0x08CA, 0x08CA, 0x08CA, 0x08CA, 0x08CA, 0x08CA, 0x08CA, 0x08CA, 0x08CA, 0x08CA, 0x08CA, 0x08CA, 0x08CA, 0x08CA, 0x08CA, 
	0x08CA, 0x08CA, 0x08CA, 0x08CA, 0x08CA, 0x08CA, 0x08CA, 0x08CA, 0x08CA, 0x08CA, 0x08CA, 0x08CA, 0x08CA, 0x08CA, 0x08CA, 0x08CA, 
	0x08CA, 0x08CA, 0x08CA, 0x08CA, 0x08CA, 0x08CA, 0x08CA, 0x08CA, 0x08CA, 0x08CA, 0x08CA, 0x08CA, 0x08CA, 0x08CA, 0x08CA, 0x08CA, 
	0x08CA, 0x08CA, 0x08CA, 0x08CA, 0x08CA, 0x08CA, 0x08CA, 0x08CA, 0x08CA, 0x08CA, 0x08CA, 0x08CA, 0x08CA, 0x08CA, 0x08CA, 0x08CA, 
	0x08CA, 0x08CA, 0x08CA, 0x08CA, 0x08CA, 0x08CA, 0x08CA, 0x08CA, 0x08CA, 0x08CA, 0x08CA, 0x08CA, 0x08CA, 0x08CA, 0x08CA, 0x08CA, 
	0x08CA, 0x08CA, 0x08CA, 0x08CA, 0x08CA, 0x08CA, 0x08CA, 0x08CA, 0x08CA, 0x08CA, 0x08CA, 0x08CA, 0x08CA, 0x08CA, 0x08CA, 0x08CA, 
	0x08CA, 0x08CA, 0x08CA, 0x08CA, 0x08CA, 0x08CA, 0x08CA, 0x08CA, 0x08CA, 0x08CA, 0x08CA, 0x08CA, 0x08CA, 0x08CA, 0x08CA, 0x08CA, 
	0x08CA, 0x08CA, 0x08CA, 0x08CA, 0x08CA, 0x08CA, 0x08CA, 0x08CA, 0x08CA, 0x08CA, 0x08CA, 0x08CA, 0x08CA, 0x08CA, 0x08CA, 0x08CA, 
	0x08CA, 0x08CA, 0x08CA, 0x08CA, 0x08CA, 0x08CA, 0x08CA, 0x08CA, 0x08CA, 0x08CA, 0x08CA, 0x08CA, 0x08CA, 0x08CA, 0x08CA, 0x08CA, 
	0x08CA, 0x08CA, 0x08CA, 0x08CA, 0x08CA, 0x08CA, 0x08CA, 0x08CA, 0x08CA, 0x08CA, 0x08CA, 0x08CA, 0x08CA, 0x08CA, 0x08CA, 0x08CA, 
	0x08CA, 0x08CA, 0x08CA, 0x08CA, 0x08CA, 0x08CA, 0x08CA, 0x08CA, 0x08CA, 0x08CA, 0x08CA, 0x08CA, 0x08CA, 0x08CA, 0x08CA, 0x08CA, 
	0x08CA, 0x08CA, 0x08CA, 0x08CA, 0x08CA, 0x08CA, 0x08CA, 0x08CA, 0x08CA, 0x08CA, 0x08CA, 0x08CA, 0x08CA, 0x08CA, 0x08CA, 0x08CA, 
	0x08CA, 0x08CA, 0x08CA, 0x08CA, 0x08CA, 0x08CA, 0x08CA, 0x08CA, 0x08CA, 0x08CA, 0x08CA, 0x08CA, 0x08CA, 0x08CA, 0x08CA, 0x08CA, 
	0x08CA, 0x08CA, 0x08CA, 0x08CA, 0x08CA, 0x08CA, 0x08CA, 0x08CA, 0x08CA, 0x08CA, 0x08CA, 0x08CA, 0x08CA, 0x08CA, 0x08CA, 0x08CA, 
	0x08CA, 0x08CA, 0x08CA, 0x08CA, 0x08CA, 0x08CA, 0x08CA, 0x08CA, 0x08CA, 0x08CA, 0x08CA, 0x08CA, 0x08CA, 0x08CA, 0x08CA, 0x08CA, 
	0x08CA, 0x08CA, 0x08CA, 0x08CA, 0x08CA, 0x08CA, 0x08CA, 0x08CA, 0x08CA, 0x08CA, 0x08CA, 0x08CA, 0x08CA, 0x08CA, 0x08CA, 0x08CA, 
	0x08CA, 0x08CA, 0x08CA, 0x08CA, 0x08CA, 0x08CA, 0x08CA, 0x08CA, 0x08CA, 0x08CA, 0x08CA, 0x08CA, 0x08CA, 0x08CA, 0x08CA, 0x08CA, 
	0x08CA, 0x08CA, 0x08CA, 0x08CA, 0x08CA, 0x08CA, 0x08CA, 0x08CA, 0x08CA, 0x08CA, 0x08CA, 0x08CA, 0x08CA, 0x08CA, 0x08CA, 0x08CA, 
	0x08CA, 0x08CA, 0x08CA, 0x08CA, 0x08CA, 0x08CA, 0x08CA, 0x08CA, 0x08CA, 0x08CA, 0x08CA, 0x08CA, 0x08CA, 0x08CA, 0x08CA, 0x08CA, 
	0x08CA, 0x08CA, 0x08CA, 0x08CA, 0x08CA, 0x08CA, 0x08CA, 0x08CA, 0x08CA, 0x08CA, 0x08CA, 0x08CA, 0x08CA, 0x08CA, 0x08CA, 0x08CA, 
	0x08CA, 0x08CA, 0x08CA, 0x08CA, 0x08CA, 0x08CA, 0x08CA, 0x08CA, 0x08CA, 0x08CA, 0x08CA, 0x08CA, 0x08CA, 0x08CA, 0x08CA, 0x08CA, 
	0x08CA, 0x08CA, 0x08CA, 0x08CA, 0x08CA, 0x08CA, 0x08CA, 0x08CA, 0x08CA, 0x08CA, 0x08CA, 0x08CA, 0x08CA, 0x08CA, 0x08CA, 0x08CA, 
	0x08CA, 0x08CA, 0x08CA, 0x08CA, 0x08CA, 0x08CA, 0x08CA, 0x08CA, 0x08CA, 0x08CA, 0x08CA, 0x08CA, 0x08CA, 0x08CA, 0x08CA, 0x08CA, 
	0x08CA, 0x08CA, 0x08CA, 0x08CA, 0x08CA, 0x08CA, 0x08CA, 0x08CA, 0x08CA, 0x08CA, 0x08CA, 0x08CA, 0x08CA, 0x08CA, 0x08CA, 0x08CA, 
	0x08CA, 0x08CA, 0x08CA, 0x08CA, 0x08CA, 0x08CA, 0x08CA, 0x08CA, 0x08CA, 0x08CA, 0x08CA, 0x08CA, 0x08CA, 0x08CA, 0x08CA, 0x08CA, 
	0x08CA, 0x08CA, 0x08CA, 0x08CA, 0x08CA, 0x08CA, 0x08CA, 0x08CA, 0x08CA, 0x08CA, 0x08CA, 0x08CA, 0x08CA, 0x08CA, 0x08CA, 0x08CA, 
	0x08CA, 0x08CA, 0x08CA, 0x08CA, 0x08CA, 0x08CA, 0x08CA, 0x08CA, 0x08CA, 0x08CA, 0x08CA, 0x08CA, 0x08CA, 0x08CA, 0x08CA, 0x08CA, 
	0x08CA, 0x08CA, 0x08CA, 0x08CA, 0x08CA, 0x08CA, 0x08CA, 0x08CA, 0x08CA, 0x08CA, 0x08CA, 0x08CA, 0x08CA, 0x08CA, 0x08CA, 0x08CA, 
	0x08CA, 0x08CA, 0x08CA, 0x08CA, 0x08CA, 0x08CA, 0x08CA, 0x08CA, 0x08CA, 0x08CA, 0x08CA, 0x08CA, 0x08CA, 0x08CA, 0x08CA, 0x08CA, 
	0x08CA, 0x08CA, 0x08CA, 0x08CA, 0x08CA, 0x08CA, 0x08CA, 0x08CA, 0x08CA, 0x08CA, 0x08CA, 0x08CA, 0x08CA, 0x08CA, 0x08CA, 0x08CA, 
	0x08CA, 0x08CA, 0x08CA, 0x08CA, 0x08CA, 0x08CA, 0x08CA, 0x08CA, 0x08CA, 0x08CA, 0x08CA, 0x08CA, 0x08CA, 0x08CA, 0x08CA, 0x08CA, 
	0x08CA, 0x08CA, 0x08CA, 0x08CA, 0x08CA, 0x08CA, 0x08CA, 0x08CA, 0x08CA, 0x08CA, 0x08CA, 0x08CA, 0x08CA, 0x08CA, 0x08CA, 0x08CA, 
	0x08CA, 0x08CA, 0x08CA, 0x08CA, 0x08CA, 0x08CA, 0x08CA, 0x08CA, 0x08CA, 0x08CA, 0x08CA, 0x08CA, 0x08CA, 0x08CA, 0x08CA, 0x08CA, 
	0x08CA, 0x08CA, 0x08CA, 0x08CA, 0x08CA, 0x08CA, 0x08CA, 0x08CA, 0x08CA, 0x08CA, 0x08CA, 0x08CA, 0x08CA, 0x08CA, 0x08CA, 0x08CA, 
	0x08CA, 0x08CA, 0x08CA, 0x08CA, 0x08CA, 0x08CA, 0x08CA, 0x08CA, 0x08CA, 0x08CA, 0x08CA, 0x08CA, 0x08CA, 0x08CA, 0x08CA, 0x08CA, 
	0x08CA, 0x08CA, 0x08CA, 0x08CA, 0x08CA, 0x08CA, 0x08CA, 0x08CA, 0x08CA, 0x08CA, 0x08CA, 0x08CA, 0x08CA, 0x08CA, 0x08CA, 0x08CA, 
	0x08CA, 0x08CA, 0x08CA, 0x08CA, 0x08CA, 0x08CA, 0x08CA, 0x08CA, 0x08CA, 0x08CA, 0x08CA, 0x08CA, 0x08CA, 0x08CA, 0x08CA, 0x08CA, 
	0x08CA, 0x08CA, 0x08CA, 0x08CA, 0x08CA, 0x08CA, 0x08CA, 0x08CA, 0x08CA, 0x08CA, 0x08CA, 0x08CA, 0x08CA, 0x08CA, 0x08CA, 0x08CA, 
	0x08CA, 0x08CA, 0x08CA, 0x08CA, 0x08CA, 0x08CA, 0x08CA, 0x08CA, 0x08CA, 0x08CA, 0x08CA, 0x08CA, 0x08CA, 0x08CA, 0x08CA, 0x08CA, 
	0x08CA, 0x08CA, 0x08CA, 0x08CA, 0x08CA, 0x08CA, 0x08CA, 0x08CA, 0x08CA, 0x08CA, 0x08CA, 0x08CA, 0x08CA, 0x08CA, 0x08CA, 0x08CA, 
	0x08CA, 0x08CA, 0x08CA, 0x08CA, 0x08CA, 0x08CA, 0x08CA, 0x08CA, 0x08CA, 0x08CA, 0x08CA, 0x08CA, 0x08CA, 0x08CA, 0x08CA, 0x08CA, 
	0x08CA, 0x08CA, 0x08CA, 0x08CA, 0x08CA, 0x08CA, 0x08CA, 0x08CA, 0x08CA, 0x08CA, 0x08CA, 0x08CA, 0x08CA, 0x08CA, 0x08CA, 0x08CA, 
	0x08CA, 0x08CA, 0x08CA, 0x08CA, 0x08CA, 0x08CA, 0x08CA, 0x08CA, 0x08CA, 0x08CA, 0x08CA, 0x08CA, 0x08CA, 0x08CA, 0x08CA, 0x08CA, 
	0x08CA, 0x08CA, 0x08CA, 0x08CA, 0x08CA, 0x08CA, 0x08CA, 0x08CA, 0x08CA, 0x08CA, 0x08CA, 0x08CA, 0x08CA, 0x08CA, 0x08CA, 0x08CA, 
	0x08CA, 0x08CA, 0x08CA, 0x08CA, 0x08CA, 0x08CA, 0x08CA, 0x08CA, 0x08CA, 0x08CA, 0x08CA, 0x08CA, 0x08CA, 0x08CA, 0x08CA, 0x08CA, 
	0x08CA, 0x08CA, 0x08CA, 0x08CA, 0x08CA, 0x08CA, 0x08CA, 0x08CA, 0x08CA, 0x08CA, 0x08CA, 0x08CA, 0x08CA, 0x08CA, 0x08CA, 0x08CA, 
	0x08CA, 0x08CA, 0x08CA, 0x08CA, 0x08CA, 0x08CA, 0x08CA, 0x08CA, 0x08CA, 0x08CA, 0x08CA, 0x08CA, 0x08CA, 0x08CA, 0x08CA, 0x08CA, 
	0x08CA, 0x08CA, 0x08CA, 0x08CA, 0x08CA, 0x08CA, 0x08CA, 0x08CA, 0x08CA, 0x08CA, 0x08CA, 0x08CA, 0x08CA, 0x08CA, 0x08CA, 0x08CA, 
	0x08CA, 0x08CA, 0x08CA, 0x08CA, 0x08CA, 0x08CA, 0x08CA, 0x08CA, 0x08CA, 0x08CA, 0x08CA, 0x08CA, 0x08CA, 0x08CA, 0x08CA, 0x08CA, 
	0x08CA, 0x08CA, 0x08CA, 0x08CA, 0x08CA, 0x08CA, 0x08CA, 0x08CA, 0x08CA, 0x08CA, 0x08CA, 0x08CA, 0x08CA, 0x08CA, 0x08CA, 0x08CA, 
	0x08CA, 0x08CA, 0x08CA, 0x08CA, 0x08CA, 0x08CA, 0x08CA, 0x08CA, 0x08CA, 0x08CA, 0x08CA, 0x08CA, 0x08CA, 0x08CA, 0x08CA, 0x08CA, 
	0x08CA, 0x08CA, 0x08CA, 0x08CA, 0x08CA, 0x08CA, 0x08CA, 0x08CA, 0x08CA, 0x08CA, 0x08CA, 0x08CA, 0x08CA, 0x08CA, 0x08CA, 0x08CA, 
	0x08CA, 0x08CA, 0x08CA, 0x08CA, 0x08CA, 0x08CA, 0x08CA, 0x08CA, 0x08CA, 0x08CA, 0x08CA, 0x08CA, 0x08CA, 0x08CA, 0x08CA, 0x08CA, 
	0x08CA, 0x08CA, 0x08CA, 0x08CA, 0x08CA, 0x08CA, 0x08CA, 0x08CA, 0x08CA, 0x08CA, 0x08CA, 0x08CA, 0x08CA, 0x08CA, 0x08CA, 0x08CA, 
	0x08CA, 0x08CA, 0x08CA, 0x08CA, 0x08CA, 0x08CA, 0x08CA, 0x08CA, 0x08CA, 0x08CA, 0x08CA, 0x08CA, 0x08CA, 0x08CA, 0x08CA, 0x08CA, 
	0x08CA, 0x08CA, 0x08CA, 0x08CA, 0x08CA, 0x08CA, 0x08CA, 0x08CA, 0x08CA, 0x08CA, 0x08CA, 0x08CA, 0x08CA, 0x08CA, 0x08CA, 0x08CA, 
	0x08CA, 0x08CA, 0x08CA, 0x08CA, 0x08CA, 0x08CA, 0x08CA, 0x08CA, 0x08CA, 0x08CA, 0x08CA, 0x08CA, 0x08CA, 0x08CA, 0x08CA, 0x08CA, 
	0x08CA, 0x08CA, 0x08CA, 0x08CA, 0x08CA, 0x08CA, 0x08CA, 0x08CA, 0x08CA, 0x08CA, 0x08CA, 0x08CA, 0x08CA, 0x08CA, 0x08CA, 0x08CA, 
	0x08CA, 0x08CA, 0x08CA, 0x08CA, 0x08CA, 0x08CA, 0x08CA, 0x08CA, 0x08CA, 0x08CA, 0x08CA, 0x08CA, 0x08CA, 0x08CA, 0x08CA, 0x08CA, 
	0x08CA, 0x08CA, 0x08CA, 0x08CA, 0x08CA, 0x08CA, 0x08CA, 0x08CA, 0x08CA, 0x08CA, 0x08CA, 0x08CA, 0x08CA, 0x08CA, 0x08CA, 0x08CA, 
	0x08CA, 0x08CA, 0x08CA, 0x08CA, 0x08CA, 0x08CA, 0x08CA, 0x08CA, 0x08CA, 0x08CA, 0x08CA, 0x08CA, 0x08CA, 0x08CA, 0x08CA, 0x08CA, 
	0x08CA, 0x08CA, 0x08CA, 0x08CA, 0x08CA, 0x08CA, 0x08CA, 0x08CA, 0x08CA, 0x08CA, 0x08CA, 0x08CA, 0x08CA, 0x08CA, 0x08CA, 0x08CA, 
	0x08CA, 0x08CA, 0x08CA, 0x08CA, 0x08CA, 0x08CA, 0x08CA, 0x08CA, 0x08CA, 0x08CA, 0x08CA, 0x08CA, 0x08CA, 0x08CA, 0x08CA, 0x08CA, 
	0x08CA, 0x08CA, 0x08CA, 0x08CA, 0x08CA, 0x08CA, 0x08CA, 0x08CA, 0x08CA, 0x08CA, 0x08CA, 0x08CA, 0x08CA, 0x08CA, 0x08CA, 0x08CA, 
	0x08CA, 0x08CA, 0x08CA, 0x08CA, 0x08CA, 0x08CA, 0x08CA, 0x08CA, 0x08CA, 0x08CA, 0x08CA, 0x08CA, 0x08CA, 0x08CA, 0x08CA, 0x08CA, 
	0x08CA, 0x08CA, 0x08CA, 0x08CA, 0x08CA, 0x08CA, 0x08CA, 0x08CA, 0x08CA, 0x08CA, 0x08CA, 0x08CA, 0x08CA, 0x08CA, 0x08CA, 0x08CA, 
	0x08CA, 0x08CA, 0x08CA, 0x08CA, 0x08CA, 0x08CA, 0x08CA, 0x08CA, 0x08CA, 0x08CA, 0x08CA, 0x08CA, 0x08CA, 0x08CA, 0x08CA, 0x08CA, 
	0x08CA, 0x08CA, 0x08CA, 0x08CA, 0x08CA, 0x08CA, 0x08CA, 0x08CA, 0x08CA, 0x08CA, 0x08CA, 0x08CA, 0x08CA, 0x08CA, 0x08CA, 0x08CA, 
	0x08CA, 0x08CA, 0x08CA, 0x08CA, 0x08CA, 0x08CA, 0x08CA, 0x08CA, 0x08CA, 0x08CA, 0x08CA, 0x08CA, 0x08CA, 0x08CA, 0x08CA, 0x08CA, 
	0x08CA, 0x08CA, 0x08CA, 0x08CA, 0x08CA, 0x08CA, 0x08CA, 0x08CA, 0x08CA, 0x08CA, 0x08CA, 0x08CA, 0x08CA, 0x08CA, 0x08CA, 0x08CA, 
	0x08CA, 0x08CA, 0x08CA, 0x08CA, 0x08CA, 0x08CA, 0x08CA, 0x08CA, 0x08CA, 0x08CA, 0x08CA, 0x08CA, 0x08CA, 0x08CA, 0x08CA, 0x08CA, 
	0x08CA, 0x08CA, 0x08CA, 0x08CA, 0x08CA, 0x08CA, 0x08CA, 0x08CA, 0x08CA, 0x08CA, 0x08CA, 0x08CA, 0x08CA, 0x08CA, 0x08CA, 0x08CA, 
	0x08CA, 0x08CA, 0x08CA, 0x08CA, 0x08CA, 0x08CA, 0x08CA, 0x08CA, 0x08CA, 0x08CA, 0x08CA, 0x08CA, 0x08CA, 0x08CA, 0x08CA, 0x08CA, 
	0x08CA, 0x08CA, 0x08CA, 0x08CA, 0x08CA, 0x08CA, 0x08CA, 0x08CA, 0x08CA, 0x08CA, 0x08CA, 0x08CA, 0x08CA, 0x08CA, 0x08CA, 0x08CA, 
	0x08CA, 0x08CA, 0x08CA, 0x08CA, 0x08CA, 0x08CA, 0x08CA, 0x08CA, 0x08CA, 0x08CA, 0x08CA, 0x08CA, 0x08CA, 0x08CA, 0x08CA, 0x08CA, 
	0x08CA, 0x08CA, 0x08CA, 0x08CA, 0x08CA, 0x08CA, 0x08CA, 0x08CA, 0x08CA, 0x08CA, 0x08CA, 0x08CA, 0x08CA, 0x08CA, 0x08CA, 0x08CA, 
	0x08CA, 0x08CA, 0x08CA, 0x08CA, 0x08CA, 0x08CA, 0x08CA, 0x08CA, 0x08CA, 0x08CA, 0x08CA, 0x08CA, 0x08CA, 0x08CA, 0x08CA, 0x08CA, 
	0x08CA, 0x08CA, 0x08CA, 0x08CA, 0x08CA, 0x08CA, 0x08CA, 0x08CA, 0x08CA, 0x08CA, 0x08CA, 0x08CA, 0x08CA, 0x08CA, 0x08CA, 0x08CA, 
	0x08CA, 0x08CA, 0x08CA, 0x08CA, 0x08CA, 0x08CA, 0x08CA, 0x08CA, 0x08CA, 0x08CA, 0x08CA, 0x08CA, 0x08CA, 0x08CA, 0x08CA, 0x08CA, 
	0x08CA, 0x08CA, 0x08CA, 0x08CA, 0x08CA, 0x08CA, 0x08CA, 0x08CA, 0x08CA, 0x08CA, 0x08CA, 0x08CA, 0x08CA, 0x08CA, 0x08CA, 0x08CA, 
	0x08CA, 0x08CA, 0x08CA, 0x08CA, 0x08CA, 0x08CA, 0x08CA, 0x08CA, 0x08CA, 0x08CA, 0x08CA, 0x08CA, 0x08CA, 0x08CA, 0x08CA, 0x08CA, 
	0x08CA, 0x08CA, 0x08CA, 0x08CA, 0x08CA, 0x08CA, 0x08CA, 0x08CA, 0x08CA, 0x08CA, 0x08CA, 0x08CA, 0x08CA, 0x08CA, 0x08CA, 0x08CA, 
	0x08CA, 0x08CA, 0x08CA, 0x08CA, 0x08CA, 0x08CA, 0x08CA, 0x08CA, 0x08CA, 0x08CA, 0x08CA, 0x08CA, 0x08CA, 0x08CA, 0x08CA, 0x08CA, 
	0x08CA, 0x08CA, 0x08CA, 0x08CA, 0x08CA, 0x08CA, 0x08CA, 0x08CA, 0x08CA, 0x08CA, 0x08CA, 0x08CA, 0x08CA, 0x08CA, 0x08CA, 0x08CA, 
	0x08CA, 0x08CA, 0x08CA, 0x08CA, 0x08CA, 0x08CA, 0x08CA, 0x08CA, 0x08CA, 0x08CA, 0x08CA, 0x08CA, 0x08CA, 0x08CA, 0x08CA, 0x08CA, 
	0x08CA, 0x08CA, 0x08CA, 0x08CA, 0x08CA, 0x08CA, 0x08CA, 0x08CA, 0x08CA, 0x08CA, 0x08CA, 0x08CA, 0x08CA, 0x08CA, 0x08CA, 0x08CA, 
	0x08CA, 0x08CA, 0x08CA, 0x08CA, 0x08CA, 0x08CA, 0x08CA, 0x08CA, 0x08CA, 0x08CA, 0x08CA, 0x08CA, 0x08CA, 0x08CA, 0x08CA, 0x08CA, 
	0x08CA, 0x08CA, 0x08CA, 0x08CA, 0x08CA, 0x08CA, 0x08CA, 0x08CA, 0x08CA, 0x08CA, 0x08CA, 0x08CA, 0x08CA, 0x08CA, 0x08CA, 0x08CA, 
	0x08CA, 0x08CA, 0x08CA, 0x08CA, 0x08CA, 0x08CA, 0x08CA, 0x08CA, 0x08CA, 0x08CA, 0x08CA, 0x08CA, 0x08CA, 0x08CA, 0x08CA, 0x08CA, 
	0x08CA, 0x08CA, 0x08CA, 0x08CA, 0x08CA, 0x08CA, 0x08CA, 0x08CA, 0x08CA, 0x08CA, 0x08CA, 0x08CA, 0x08CA, 0x08CA, 0x08CA, 0x08CA, 
	0x08CA, 0x08CA, 0x08CA, 0x08CA, 0x08CA, 0x08CA, 0x08CA, 0x08CA, 0x08CA, 0x08CA, 0x08CA, 0x08CA, 0x08CA, 0x08CA, 0x08CA, 0x08CA, 
	0x08CA, 0x08CA, 0x08CA, 0x08CA, 0x08CA, 0x08CA, 0x08CA, 0x08CA, 0x08CA, 0x08CA, 0x08CA, 0x08CA, 0x08CA, 0x08CA, 0x08CA, 0x08CA, 
	0x08CA, 0x08CA, 0x08CA, 0x08CA, 0x08CA, 0x08CA, 0x08CA, 0x08CA, 0x08CA, 0x08CA, 0x08CA, 0x08CA, 0x08CA, 0x08CA, 0x08CA, 0x08CA, 
	0x08CA, 0x08CA, 0x08CA, 0x08CA, 0x08CA, 0x08CA, 0x08CA, 0x08CA, 0x08CA, 0x08CA, 0x08CA, 0x08CA, 0x08CA, 0x08CA, 0x08CA, 0x08CA, 
	0x08CA, 0x08CA, 0x08CA, 0x08CA, 0x08CA, 0x08CA, 0x08CA, 0x08CA, 0x08CA, 0x08CA, 0x08CA, 0x08CA, 0x08CA, 0x08CA, 0x08CA, 0x08CA, 
	0x08CA, 0x08CA, 0x08CA, 0x08CA, 0x08CA, 0x08CA, 0x08CA, 0x08CA, 0x08CA, 0x08CA, 0x08CA, 0x08CA, 0x08CA, 0x08CA, 0x08CA, 0x08CA, 
	0x08CA, 0x08CA, 0x08CA, 0x08CA, 0x08CA, 0x08CA, 0x08CA, 0x08CA, 0x08CA, 0x08CA, 0x08CA, 0x08CA, 0x08CA, 0x08CA, 0x08CA, 0x08CA, 
	0x08CA, 0x08CA, 0x08CA, 0x08CA, 0x08CA, 0x08CA, 0x08CA, 0x08CA, 0x08CA, 0x08CA, 0x08CA, 0x08CA, 0x08CA, 0x08CA, 0x08CA, 0x08CA, 
	0x08CA, 0x08CA, 0x08CA, 0x08CA, 0x08CA, 0x08CA, 0x08CA, 0x08CA, 0x08CA, 0x08CA, 0x08CA, 0x08CA, 0x08CA, 0x08CA, 0x08CA, 0x08CA, 
	0x08CA, 0x08CA, 0x08CA, 0x08CA, 0x08CA, 0x08CA, 0x08CA, 0x08CA, 0x08CA, 0x08CA, 0x08CA, 0x08CA, 0x08CA, 0x08CA, 0x08CA, 0x08CA, 
	0x08CA, 0x08CA, 0x08CA, 0x08CA, 0x08CA, 0x08CA, 0x08CA, 0x08CA, 0x08CA, 0x08CA, 0x08CA, 0x08CA, 0x08CA, 0x08CA, 0x08CA, 0x08CA, 
	0x08CA, 0x08CA, 0x08CA, 0x08CA, 0x08CA, 0x08CA, 0x08CA, 0x08CA, 0x08CA, 0x08CA, 0x08CA, 0x08CA, 0x08CA, 0x08CA, 0x08CA, 0x08CA, 
	0x08CA, 0x08CA, 0x08CA, 0x08CA, 0x08CA, 0x08CA, 0x08CA, 0x08CA, 0x08CA, 0x08CA, 0x08CA, 0x08CA, 0x08CA, 0x08CA, 0x08CA, 0x08CA, 
	0x08CA, 0x08CA, 0x08CA, 0x08CA, 0x08CA, 0x08CA, 0x08CA, 0x08CA, 0x08CA, 0x08CA, 0x08CA, 0x08CA, 0x08CA, 0x08CA, 0x08CA, 0x08CA, 
	0x08CA, 0x08CA, 0x08CA, 0x08CA, 0x08CA, 0x08CA, 0x08CA, 0x08CA, 0x08CA, 0x08CA, 0x08CA, 0x08CA, 0x08CA, 0x08CA, 0x08CA, 0x08CA, 
	0x08CA, 0x08CA, 0x08CA, 0x08CA, 0x08CA, 0x08CA, 0x08CA, 0x08CA, 0x08CA, 0x08CA, 0x08CA, 0x08CA, 0x08CA, 0x08CA, 0x08CA, 0x08CA, 
	0x08CA, 0x08CA, 0x08CA, 0x08CA, 0x08CA, 0x08CA, 0x08CA, 0x08CA, 0x08CA, 0x08CA, 0x08CA, 0x08CA, 0x08CA, 0x08CA, 0x08CA, 0x08CA, 
	0x08CA, 0x08CA, 0x08CA, 0x08CA, 0x08CA, 0x08CA, 0x08CA, 0x08CA, 0x08CA, 0x08CA, 0x08CA, 0x08CA, 0x08CA, 0x08CA, 0x08CA, 0x08CA, 
	0x08CA, 0x08CA, 0x08CA, 0x08CA, 0x08CA, 0x08CA, 0x08CA, 0x08CA, 0x08CA, 0x08CA, 0x08CA, 0x08CA, 0x08CA, 0x08CA, 0x08CA, 0x08CA, 
	0x08CA, 0x08CA, 0x08CA, 0x08CA, 0x08CA, 0x08CA, 0x08CA, 0x08CA, 0x08CA, 0x08CA, 0x08CA, 0x08CA, 0x08CA, 0x08CA, 0x08CA, 0x08CA, 
	0x08CA, 0x08CA, 0x08CA, 0x08CA, 0x08CA, 0x08CA, 0x08CA, 0x08CA, 0x08CA, 0x08CA, 0x08CA, 0x08CA, 0x08CA, 0x08CA, 0x08CA, 0x08CA, 
	0x08CA, 0x08CA, 0x08CA, 0x08CA, 0x08CA, 0x08CA, 0x08CA, 0x08CA, 0x08CA, 0x08CA, 0x08CA, 0x08CA, 0x08CA, 0x08CA, 0x08CA, 0x08CA, 
	0x08CA, 0x08CA, 0x08CA, 0x08CA, 0x08CA, 0x08CA, 0x08CA, 0x08CA, 0x08CA, 0x08CA, 0x08CA, 0x08CA, 0x08CA, 0x08CA, 0x08CA, 0x08CA, 
	0x08CA, 0x08CA, 0x08CA, 0x08CA, 0x08CA, 0x08CA, 0x08CA, 0x08CA, 0x08CA, 0x08CA, 0x08CA, 0x08CA, 0x08CA, 0x08CA, 0x08CA, 0x08CA, 
	0x08CA, 0x08CA, 0x08CA, 0x08CA, 0x08CA, 0x08CA, 0x08CA, 0x08CA, 0x08CA, 0x08CA, 0x08CA, 0x08CA, 0x08CA, 0x08CA, 0x08CA, 0x08CA, 
	0x08CA, 0x08CA, 0x08CA, 0x08CA, 0x08CA, 0x08CA, 0x08CA, 0x08CA, 0x08CA, 0x08CA, 0x08CA, 0x08CA, 0x08CA, 0x08CA, 0x08CA, 0x08CA, 
	0x08CA, 0x08CA, 0x08CA, 0x08CA, 0x08CA, 0x08CA, 0x08CA, 0x08CA, 0x08CA, 0x08CA, 0x08CA, 0x08CA, 0x08CA, 0x08CA, 0x08CA, 0x08CA, 
	0x08CA, 0x08CA, 0x08CA, 0x08CA, 0x08CA, 0x08CA, 0x08CA, 0x08CA, 0x08CA, 0x08CA, 0x08CA, 0x08CA, 0x08CA, 0x08CA, 0x08CA, 0x08CA, 
	0x08CA, 0x08CA, 0x08CA, 0x08CA, 0x08CA, 0x08CA, 0x08CA, 0x08CA, 0x08CA, 0x08CA, 0x08CA, 0x08CA, 0x08CA, 0x08CA, 0x08CA, 0x08CA, 
	0x08CA, 0x08CA, 0x08CA, 0x08CA, 0x08CA, 0x08CA, 0x08CA, 0x08CA, 0x08CA, 0x08CA, 0x08CA, 0x08CA, 0x08CA, 0x08CA, 0x08CA, 0x08CA, 
	0x08CA, 0x08CA, 0x08CA, 0x08CA, 0x08CA, 0x08CA, 0x08CA, 0x08CA, 0x08CA, 0x08CA, 0x08CA, 0x08CA, 0x08CA, 0x08CA, 0x08CA, 0x08CA, 
	0x08CA, 0x08CA, 0x08CA, 0x08CA, 0x08CA, 0x08CA, 0x08CA, 0x08CA, 0x08CA, 0x08CA, 0x08CA, 0x08CA, 0x08CA, 0x08CA, 0x08CA, 0x08CA, 
	0x08CA, 0x08CA, 0x08CA, 0x08CA, 0x08CA, 0x08CA, 0x08CA, 0x08CA, 0x08CA, 0x08CA, 0x08CA, 0x08CA, 0x08CA, 0x08CA, 0x08CA, 0x08CA, 
	0x08CA, 0x08CA, 0x08CA, 0x08CA, 0x08CA, 0x08CA, 0x08CA, 0x08CA, 0x08CA, 0x08CA, 0x08CA, 0x08CA, 0x08CA, 0x08CA, 0x08CA, 0x08CA, 
	0x08CA, 0x08CA, 0x08CA, 0x08CA, 0x08CA, 0x08CA, 0x08CA, 0x08CA, 0x08CA, 0x08CA, 0x08CA, 0x08CA, 0x08CA, 0x08CA, 0x08CA, 0x08CA, 
	0x08CA, 0x08CA, 0x08CA, 0x08CA, 0x08CA, 0x08CA, 0x08CA, 0x08CA, 0x08CA, 0x08CA, 0x08CA, 0x08CA, 0x08CA, 0x08CA, 0x08CA, 0x08CA, 
	0x08CA, 0x08CA, 0x08CA, 0x08CA, 0x08CA, 0x08CA, 0x08CA, 0x08CA, 0x08CA, 0x08CA, 0x08CA, 0x08CA, 0x08CA, 0x08CA, 0x08CA, 0x08CA, 
	0x08CA, 0x08CA, 0x08CA, 0x08CA, 0x08CA, 0x08CA, 0x08CA, 0x08CA, 0x08CA, 0x08CA, 0x08CA, 0x08CA, 0x08CA, 0x08CA, 0x08CA, 0x08CA, 
	0x08CA, 0x08CA, 0x08CA, 0x08CA, 0x08CA, 0x08CA, 0x08CA, 0x08CA, 0x08CA, 0x08CA, 0x08CA, 0x08CA, 0x08CA, 0x08CA, 0x08CA, 0x08CA, 
	0x08CA, 0x08CA, 0x08CA, 0x08CA, 0x08CA, 0x08CA, 0x08CA, 0x08CA, 0x08CA, 0x08CA, 0x08CA, 0x08CA, 0x08CA, 0x08CA, 0x08CA, 0x08CA, 
	0x08CA, 0x08CA, 0x08CA, 0x08CA, 0x08CA, 0x08CA, 0x08CA, 0x08CA, 0x08CA, 0x08CA, 0x08CA, 0x08CA, 0x08CA, 0x08CA, 0x08CA, 0x08CA, 
	0x08CA, 0x08CA, 0x08CA, 0x08CA, 0x08CA, 0x08CA, 0x08CA, 0x08CA, 0x08CA, 0x08CA, 0x08CA, 0x08CA, 0x08CA, 0x08CA, 0x08CA, 0x08CA, 
	0x08CA, 0x08CA, 0x08CA, 0x08CA, 0x08CA, 0x08CA, 0x08CA, 0x08CA, 0x08CA, 0x08CA, 0x08CA, 0x08CA, 0x08CA, 0x08CA, 0x08CA, 0x08CA, 
	0x08CA, 0x08CA, 0x08CA, 0x08CA, 0x08CA, 0x08CA, 0x08CA, 0x08CA, 0x08CA, 0x08CA, 0x08CA, 0x08CA, 0x08CA, 0x08CA, 0x08CA, 0x08CA, 
	0x08CA, 0x08CA, 0x08CA, 0x08CA, 0x08CA, 0x08CA, 0x08CA, 0x08CA, 0x08CA, 0x08CA, 0x08CA, 0x08CA, 0x08CA, 0x08CA, 0x08CA, 0x08CA, 
	0x08CA, 0x08CA, 0x08CA, 0x08CA, 0x08CA, 0x08CA, 0x08CA, 0x08CA, 0x08CA, 0x08CA, 0x08CA, 0x08CA, 0x08CA, 0x08CA, 0x08CA, 0x08CA, 
	0x08CA, 0x08CA, 0x08CA, 0x08CA, 0x08CA, 0x08CA, 0x08CA, 0x08CA, 0x08CA, 0x08CA, 0x08CA, 0x08CA, 0x08CA, 0x08CA, 0x08CA, 0x08CA, 
	0x08CA, 0x08CA, 0x08CA, 0x08CA, 0x08CA, 0x08CA, 0x08CA, 0x08CA, 0x08CA, 0x08CA, 0x08CA, 0x08CA, 0x08CA, 0x08CA, 0x08CA, 0x08CA, 
	0x08CA, 0x08CA, 0x08CA, 0x08CA, 0x08CA, 0x08CA, 0x08CA, 0x08CA, 0x08CA, 0x08CA, 0x08CA, 0x08CA, 0x08CA, 0x08CA, 0x08CA, 0x08CA, 
	0x08CA, 0x08CA, 0x08CA, 0x08CA, 0x08CA, 0x08CA, 0x08CA, 0x08CA, 0x08CA, 0x08CA, 0x08CA, 0x08CA, 0x08CA, 0x08CA, 0x08CA, 0x08CA, 
	0x08CA, 0x08CA, 0x08CA, 0x08CA, 0x08CA, 0x08CA, 0x08CA, 0x08CA, 0x08CA, 0x08CA, 0x08CA, 0x08CA, 0x08CA, 0x08CA, 0x08CA, 0x08CA, 
	0x08CA, 0x08CA, 0x08CA, 0x08CA, 0x08CA, 0x08CA, 0x08CA, 0x08CA, 0x08CA, 0x08CA, 0x08CA, 0x08CA, 0x08CA, 0x08CA, 0x08CA, 0x08CA, 
	0x08CA, 0x08CA, 0x08CA, 0x08CA, 0x08CA, 0x08CA, 0x08CA, 0x08CA, 0x08CA, 0x08CA, 0x08CA, 0x08CA, 0x08CA, 0x08CA, 0x08CA, 0x08CA, 
	0x08CA, 0x08CA, 0x08CA, 0x08CA, 0x08CA, 0x08CA, 0x08CA, 0x08CA, 0x08CA, 0x08CA, 0x08CA, 0x08CA, 0x08CA, 0x08CA, 0x08CA, 0x08CA, 
	0x08CA, 0x08CA, 0x08CA, 0x08CA, 0x08CA, 0x08CA, 0x08CA, 0x08CA, 0x08CA, 0x08CA, 0x08CA, 0x08CA, 0x08CA, 0x08CA, 0x08CA, 0x08CA, 
	0x08CA, 0x08CA, 0x08CA, 0x08CA, 0x08CA, 0x08CA, 0x08CA, 0x08CA, 0x08CA, 0x08CA, 0x08CA, 0x08CA, 0x08CA, 0x08CA, 0x08CA, 0x08CA, 
	0x08CA, 0x08CA, 0x08CA, 0x08CA, 0x08CA, 0x08CA, 0x08CA, 0x08CA, 0x08CA, 0x08CA, 0x08CA, 0x08CA, 0x08CA, 0x08CA, 0x08CA, 0x08CA, 
	0x08CA, 0x08CA, 0x08CA, 0x08CA, 0x08CA, 0x08CA, 0x08CA, 0x08CA, 0x08CA, 0x08CA, 0x08CA, 0x08CA, 0x08CA, 0x08CA, 0x08CA, 0x08CA, 
	0x08CA, 0x08CA, 0x08CA, 0x08CA, 0x08CA, 0x08CA, 0x08CA, 0x08CA, 0x08CA, 0x08CA, 0x08CA, 0x08CA, 0x08CA, 0x08CA, 0x08CA, 0x08CA, 
	0x08CA, 0x08CA, 0x08CA, 0x08CA, 0x08CA, 0x08CA, 0x08CA, 0x08CA, 0x08CA, 0x08CA, 0x08CA, 0x08CA, 0x08CA, 0x08CA, 0x08CA, 0x08CA, 
	0x08CA, 0x08CA, 0x08CA, 0x08CA, 0x08CA, 0x08CA, 0x08CA, 0x08CA, 0x08CA, 0x08CA, 0x08CA, 0x08CA, 0x08CA, 0x08CA, 0x08CA, 0x08CA, 
	0x08CA, 0x08CA, 0x08CA, 0x08CA, 0x08CA, 0x08CA, 0x08CA, 0x08CA, 0x08CA, 0x08CA, 0x08CA, 0x08CA, 0x08CA, 0x08CA, 0x08CA, 0x08CA, 
	0x08CA, 0x08CA, 0x08CA, 0x08CA, 0x08CA, 0x08CA, 0x08CA, 0x08CA, 0x08CA, 0x08CA, 0x08CA, 0x08CA, 0x08CA, 0x08CA, 0x08CA, 0x08CA, 
	0x08CA, 0x08CA, 0x08CA, 0x08CA, 0x08CA, 0x08CA, 0x08CA, 0x08CA, 0x08CA, 0x08CA, 0x08CA, 0x08CA, 0x08CA, 0x08CA, 0x08CA, 0x08CA, 
	0x08CA, 0x08CA, 0x08CA, 0x08CA, 0x08CA, 0x08CA, 0x08CA, 0x08CA, 0x08CA, 0x08CA, 0x08CA, 0x08CA, 0x08CA, 0x08CA, 0x08CA, 0x08CA, 
	0x08CA, 0x08CA, 0x08CA, 0x08CA, 0x08CA, 0x08CA, 0x08CA, 0x08CA, 0x08CA, 0x08CA, 0x08CA, 0x08CA, 0x08CA, 0x08CA, 0x08CA, 0x08CA, 
	0x08CA, 0x08CA, 0x08CA, 0x08CA, 0x08CA, 0x08CA, 0x08CA, 0x08CA, 0x08CA, 0x08CA, 0x08CA, 0x08CA, 0x08CA, 0x08CA, 0x08CA, 0x08CA, 
	0x08CA, 0x08CA, 0x08CA, 0x08CA, 0x08CA, 0x08CA, 0x08CA, 0x08CA, 0x08CA, 0x08CA, 0x08CA, 0x08CA, 0x08CA, 0x08CA, 0x08CA, 0x08CA, 
	0x08CA, 0x08CA, 0x08CA, 0x08CA, 0x08CA, 0x08CA, 0x08CA, 0x08CA, 0x08CA, 0x08CA, 0x08CA, 0x08CA, 0x08CA, 0x08CA, 0x08CA, 0x08CA, 
	0x08CA, 0x08CA, 0x08CA, 0x08CA, 0x08CA, 0x08CA, 0x08CA, 0x08CA, 0x08CA, 0x08CA, 0x08CA, 0x08CA, 0x08CA, 0x08CA, 0x08CA, 0x08CA, 
	0x08CA, 0x08CA, 0x08CA, 0x08CA, 0x08CA, 0x08CA, 0x08CA, 0x08CA, 0x08CA, 0x08CA, 0x08CA, 0x08CA, 0x08CA, 0x08CA, 0x08CA, 0x08CA, 
	0x08CA, 0x08CA, 0x08CA, 0x08CA, 0x08CA, 0x08CA, 0x08CA, 0x08CA, 0x08CA, 0x08CA, 0x08CA, 0x08CA, 0x08CA, 0x08CA, 0x08CA, 0x08CA, 
	0x08CA, 0x08CA, 0x08CA, 0x08CA, 0x08CA, 0x08CA, 0x08CA, 0x08CA, 0x08CA, 0x08CA, 0x08CA, 0x08CA, 0x08CA, 0x08CA, 0x08CA, 0x08CA, 
	0x08CA, 0x08CA, 0x08CA, 0x08CA, 0x08CA, 0x08CA, 0x08CA, 0x08CA, 0x08CA, 0x08CA, 0x08CA, 0x08CA, 0x08CA, 0x08CA, 0x08CA, 0x08CA, 
	0x08CA, 0x08CA, 0x08CA, 0x08CA, 0x08CA, 0x08CA, 0x08CA, 0x08CA, 0x08CA, 0x08CA, 0x08CA, 0x08CA, 0x08CA, 0x08CA, 0x08CA, 0x08CA, 
	0x08CA, 0x08CA, 0x08CA, 0x08CA, 0x08CA, 0x08CA, 0x08CA, 0x08CA, 0x08CA, 0x08CA, 0x08CA, 0x08CA, 0x08CA, 0x08CA, 0x08CA, 0x08CA, 
	0x08CA, 0x08CA, 0x08CA, 0x08CA, 0x08CA, 0x08CA, 0x08CA, 0x08CA, 0x08CA, 0x08CA, 0x08CA, 0x08CA, 0x08CA, 0x08CA, 0x08CA, 0x08CA, 
	0x08CA, 0x08CA, 0x08CA, 0x08CA, 0x08CA, 0x08CA, 0x08CA, 0x08CA, 0x08CA, 0x08CA, 0x08CA, 0x08CA, 0x08CA, 0x08CA, 0x08CA, 0x08CA, 
	0x08CA, 0x08CA, 0x08CA, 0x08CA, 0x08CA, 0x08CA, 0x08CA, 0x08CA, 0x08CA, 0x08CA, 0x08CA, 0x08CA, 0x08CA, 0x08CA, 0x08CA, 0x08CA, 
	0x08CA, 0x08CA, 0x08CA, 0x08CA, 0x08CA, 0x08CA, 0x08CA, 0x08CA, 0x08CA, 0x08CA, 0x08CA, 0x08CA, 0x08CA, 0x08CA, 0x08CA, 0x08CA, 
	0x08CA, 0x08CA, 0x08CA, 0x08CA, 0x08CA, 0x08CA, 0x08CA, 0x08CA, 0x08CA, 0x08CA, 0x08CA, 0x08CA, 0x08CA, 0x08CA, 0x08CA, 0x08CA, 
	0x08CA, 0x08CA, 0x08CA, 0x08CA, 0x08CA, 0x08CA, 0x08CA, 0x08CA, 0x08CA, 0x08CA, 0x08CA, 0x08CA, 0x08CA, 0x08CA, 0x08CA, 0x08CA, 
	0x08CA, 0x08CA, 0x08CA, 0x08CA, 0x08CA, 0x08CA, 0x08CA, 0x08CA, 0x08CA, 0x08CA, 0x08CA, 0x08CA, 0x08CA, 0x08CA, 0x08CA, 0x08CA, 
	0x08CA, 0x08CA, 0x08CA, 0x08CA, 0x08CA, 0x08CA, 0x08CA, 0x08CA, 0x08CA, 0x08CA, 0x08CA, 0x08CA, 0x08CA, 0x08CA, 0x08CA, 0x08CA, 
	0x08CA, 0x08CA, 0x08CA, 0x08CA, 0x08CA, 0x08CA, 0x08CA, 0x08CA, 0x08CA, 0x08CA, 0x08CA, 0x08CA, 0x08CA, 0x08CA, 0x08CA, 0x08CA, 
	0x08CA, 0x08CA, 0x08CA, 0x08CA, 0x08CA, 0x08CA, 0x08CA, 0x08CA, 0x08CA, 0x08CA, 0x08CA, 0x08CA, 0x08CA, 0x08CA, 0x08CA, 0x08CA, 
	0x08CA, 0x08CA, 0x08CA, 0x08CA, 0x08CA, 0x08CA, 0x08CA, 0x08CA, 0x08CA, 0x08CA, 0x08CA, 0x08CA, 0x08CA, 0x08CA, 0x08CA, 0x08CA, 
	0x08CA, 0x08CA, 0x08CA, 0x08CA, 0x08CA, 0x08CA, 0x08CA, 0x08CA, 0x08CA, 0x08CA, 0x08CA, 0x08CA, 0x08CA, 0x08CA, 0x08CA, 0x08CA, 
	0x08CA, 0x08CA, 0x08CA, 0x08CA, 0x08CA, 0x08CA, 0x08CA, 0x08CA, 0x08CA, 0x08CA, 0x08CA, 0x08CA, 0x08CA, 0x08CA, 0x08CA, 0x08CA, 
	0x08CA, 0x08CA, 0x08CA, 0x08CA, 0x08CA, 0x08CA, 0x08CA, 0x08CA, 0x08CA, 0x08CA, 0x08CA, 0x08CA, 0x08CA, 0x08CA, 0x08CA, 0x08CA, 
	0x08CA, 0x08CA, 0x08CA, 0x08CA, 0x08CA, 0x08CA, 0x08CA, 0x08CA, 0x08CA, 0x08CA, 0x08CA, 0x08CA, 0x08CA, 0x08CA, 0x08CA, 0x08CA, 
	0x08CA, 0x08CA, 0x08CA, 0x08CA, 0x08CA, 0x08CA, 0x08CA, 0x08CA, 0x08CA, 0x08CA, 0x08CA, 0x08CA, 0x08CA, 0x08CA, 0x08CA, 0x08CA, 
	0x08CA, 0x08CA, 0x08CA, 0x08CA, 0x08CA, 0x08CA, 0x08CA, 0x08CA, 0x08CA, 0x08CA, 0x08CA, 0x08CA, 0x08CA, 0x08CA, 0x08CA, 0x08CA, 
	0x08CA, 0x08CA, 0x08CA, 0x08CA, 0x08CA, 0x08CA, 0x08CA, 0x08CA, 0x08CA, 0x08CA, 0x08CA, 0x08CA, 0x08CA, 0x08CA, 0x08CA, 0x08CA, 
	0x08CA, 0x08CA, 0x08CA, 0x08CA, 0x08CA, 0x08CA, 0x08CA, 0x08CA, 0x08CA, 0x08CA, 0x08CA, 0x08CA, 0x08CA, 0x08CA, 0x08CA, 0x08CA, 
	0x08CA, 0x08CA, 0x08CA, 0x08CA, 0x08CA, 0x08CA, 0x08CA, 0x08CA, 0x08CA, 0x08CA, 0x08CA, 0x08CA, 0x08CA, 0x08CA, 0x08CA, 0x08CA, 
	0x08CA, 0x08CA, 0x08CA, 0x08CA, 0x08CA, 0x08CA, 0x08CA, 0x08CA, 0x08CA, 0x08CA, 0x08CA, 0x08CA, 0x08CA, 0x08CA, 0x08CA, 0x08CA, 
	0x08CA, 0x08CA, 0x08CA, 0x08CA, 0x08CA, 0x08CA, 0x08CA, 0x08CA, 0x08CA, 0x08CA, 0x08CA, 0x08CA, 0x08CA, 0x08CA, 0x08CA, 0x08CA, 
	0x08CA, 0x08CA, 0x08CA, 0x08CA, 0x08CA, 0x08CA, 0x08CA, 0x08CA, 0x08CA, 0x08CA, 0x08CA, 0x08CA, 0x08CA, 0x08CA, 0x08CA, 0x08CA, 
	0x08CA, 0x08CA, 0x08CA, 0x08CA, 0x08CA, 0x08CA, 0x08CA, 0x08CA, 0x08CA, 0x08CA, 0x08CA, 0x08CA, 0x08CA, 0x08CA, 0x08CA, 0x08CA, 
	0x08CA, 0x08CA, 0x08CA, 0x08CA, 0x08CA, 0x08CA, 0x08CA, 0x08CA, 0x08CA, 0x08CA, 0x08CA, 0x08CA, 0x08CA, 0x08CA, 0x08CA, 0x08CA, 
	0x08CA, 0x08CA, 0x08CA, 0x08CA, 0x08CA, 0x08CA, 0x08CA, 0x08CA, 0x08CA, 0x08CA, 0x08CA, 0x08CA, 0x08CA, 0x08CA, 0x08CA, 0x08CA, 
	0x08CA, 0x08CA, 0x08CA, 0x08CA, 0x08CA, 0x08CA, 0x08CA, 0x08CA, 0x08CA, 0x08CA, 0x08CA, 0x08CA, 0x08CA, 0x08CA, 0x08CA, 0x08CA, 
	0x08CA, 0x08CA, 0x08CA, 0x08CA, 0x08CA, 0x08CA, 0x08CA, 0x08CA, 0x08CA, 0x08CA, 0x08CA, 0x08CA, 0x08CA, 0x08CA, 0x08CA, 0x08CA, 
	0x08CA, 0x08CA, 0x08CA, 0x08CA, 0x08CA, 0x08CA, 0x08CA, 0x08CA, 0x08CA, 0x08CA, 0x08CA, 0x08CA, 0x08CA, 0x08CA, 0x08CA, 0x08CA, 
	0x08CA, 0x08CA, 0x08CA, 0x08CA, 0x08CA, 0x08CA, 0x08CA, 0x08CA, 0x08CA, 0x08CA, 0x08CA, 0x08CA, 0x08CA, 0x08CA, 0x08CA, 0x08CA, 
	0x08CA, 0x08CA, 0x08CA, 0x08CA, 0x08CA, 0x08CA, 0x08CA, 0x08CA, 0x08CA, 0x08CA, 0x08CA, 0x08CA, 0x08CA, 0x08CA, 0x08CA, 0x08CA, 
	0x08CA, 0x08CA, 0x08CA, 0x08CA, 0x08CA, 0x08CA, 0x08CA, 0x08CA, 0x08CA, 0x08CA, 0x08CA, 0x08CA, 0x08CA, 0x08CA, 0x08CA, 0x08CA, 
	0x08CA, 0x08CA, 0x08CA, 0x08CA, 0x08CA, 0x08CA, 0x08CA, 0x08CA, 0x08CA, 0x08CA, 0x08CA, 0x08CA, 0x08CA, 0x08CA, 0x08CA, 0x08CA, 
	0x08CA, 0x08CA, 0x08CA, 0x08CA, 0x08CA, 0x08CA, 0x08CA, 0x08CA, 0x08CA, 0x08CA, 0x08CA, 0x08CA, 0x08CA, 0x08CA, 0x08CA, 0x08CA, 
	0x08CA, 0x08CA, 0x08CA, 0x08CA, 0x08CA, 0x08CA, 0x08CA, 0x08CA, 0x08CA, 0x08CA, 0x08CA, 0x08CA, 0x08CA, 0x08CA, 0x08CA, 0x08CA, 
	0x08CA, 0x08CA, 0x08CA, 0x08CA, 0x08CA, 0x08CA, 0x08CA, 0x08CA, 0x08CA, 0x08CA, 0x08CA, 0x08CA, 0x08CA, 0x08CA, 0x08CA, 0x08CA, 
	0x08CA, 0x08CA, 0x08CA, 0x08CA, 0x08CA, 0x08CA, 0x08CA, 0x08CA, 0x08CA, 0x08CA, 0x08CA, 0x08CA, 0x08CA, 0x08CA, 0x08CA, 0x08CA, 
	0x08CA, 0x08CA, 0x08CA, 0x08CA, 0x08CA, 0x08CA, 0x08CA, 0x08CA, 0x08CA, 0x08CA, 0x08CA, 0x08CA, 0x08CA, 0x08CA, 0x08CA, 0x08CA, 
	0x08CA, 0x08CA, 0x08CA, 0x08CA, 0x08CA, 0x08CA, 0x08CA, 0x08CA, 0x08CA, 0x08CA, 0x08CA, 0x08CA, 0x08CA, 0x08CA, 0x08CA, 0x08CA, 
	0x08CA, 0x08CA, 0x08CA, 0x08CA, 0x08CA, 0x08CA, 0x08CA, 0x08CA, 0x08CA, 0x08CA, 0x08CA, 0x08CA, 0x08CA, 0x08CA, 0x08CA, 0x08CA, 
	0x08CA, 0x08CA, 0x08CA, 0x08CA, 0x08CA, 0x08CA, 0x08CA, 0x08CA, 0x08CA, 0x08CA, 0x08CA, 0x08CA, 0x08CA, 0x08CA, 0x08CA, 0x08CA, 
	0x08CA, 0x08CA, 0x08CA, 0x08CA, 0x08CA, 0x08CA, 0x08CA, 0x08CA, 0x08CA, 0x08CA, 0x08CA, 0x08CA, 0x08CA, 0x08CA, 0x08CA, 0x08CA, 
	0x08CA, 0x08CA, 0x08CA, 0x08CA, 0x08CA, 0x08CA, 0x08CA, 0x08CA, 0x08CA, 0x08CA, 0x08CA, 0x08CA, 0x08CA, 0x08CA, 0x08CA, 0x08CA, 
	0x08CA, 0x08CA, 0x08CA, 0x08CA, 0x08CA, 0x08CA, 0x08CA, 0x08CA, 0x08CA, 0x08CA, 0x08CA, 0x08CA, 0x08CA, 0x08CA, 0x08CA, 0x08CA, 
	0x08CA, 0x08CA, 0x08CA, 0x08CA, 0x08CA, 0x08CA, 0x08CA, 0x08CA, 0x08CA, 0x08CA, 0x08CA, 0x08CA, 0x08CA, 0x08CA, 0x08CA, 0x08CA, 
	0x08CA, 0x08CA, 0x08CA, 0x08CA, 0x08CA, 0x08CA, 0x08CA, 0x08CA, 0x08CA, 0x08CA, 0x08CA, 0x08CA, 0x08CA, 0x08CA, 0x08CA, 0x08CA, 
	0x08CA, 0x08CA, 0x08CA, 0x08CA, 0x08CA, 0x08CA, 0x08CA, 0x08CA, 0x08CA, 0x08CA, 0x08CA, 0x08CA, 0x08CA, 0x08CA, 0x08CA, 0x08CA, 
	0x08CA, 0x08CA, 0x08CA, 0x08CA, 0x08CA, 0x08CA, 0x08CA, 0x08CA, 0x08CA, 0x08CA, 0x08CA, 0x08CA, 0x08CA, 0x08CA, 0x08CA, 0x08CA, 
	0x08CA, 0x08CA, 0x08CA, 0x08CA, 0x08CA, 0x08CA, 0x08CA, 0x08CA, 0x08CA, 0x08CA, 0x08CA, 0x08CA, 0x08CA, 0x08CA, 0x08CA, 0x08CA, 
	0x08CA, 0x08CA, 0x08CA, 0x08CA, 0x08CA, 0x08CA, 0x08CA, 0x08CA, 0x08CA, 0x08CA, 0x08CA, 0x08CA, 0x08CA, 0x08CA, 0x08CA, 0x08CA, 
	0x08CA, 0x08CA, 0x08CA, 0x08CA, 0x08CA, 0x08CA, 0x08CA, 0x08CA, 0x08CA, 0x08CA, 0x08CA, 0x08CA, 0x08CA, 0x08CA, 0x08CA, 0x08CA, 
	0x08CA, 0x08CA, 0x08CA, 0x08CA, 0x08CA, 0x08CA, 0x08CA, 0x08CA, 0x08CA, 0x08CA, 0x08CA, 0x08CA, 0x08CA, 0x08CA, 0x08CA, 0x08CA, 
	0x08CA, 0x08CA, 0x08CA, 0x08CA, 0x08CA, 0x08CA, 0x08CA, 0x08CA, 0x08CA, 0x08CA, 0x08CA, 0x08CA, 0x08CA, 0x08CA, 0x08CA, 0x08CA, 
	0x08CA, 0x08CA, 0x08CA, 0x08CA, 0x08CA, 0x08CA, 0x08CA, 0x08CA, 0x08CA, 0x08CA, 0x08CA, 0x08CA, 0x08CA, 0x08CA, 0x08CA, 0x08CA, 
	0x08CA, 0x08CA, 0x08CA, 0x08CA, 0x08CA, 0x08CA, 0x08CA, 0x08CA, 0x08CA, 0x08CA, 0x08CA, 0x08CA, 0x08CA, 0x08CA, 0x08CA, 0x08CA, 
	0x08CA, 0x08CA, 0x08CA, 0x08CA, 0x08CA, 0x08CA, 0x08CA, 0x08CA, 0x08CA, 0x08CA, 0x08CA, 0x08CA, 0x08CA, 0x08CA, 0x08CA, 0x08CA, 
	0x08CA, 0x08CA, 0x08CA, 0x08CA, 0x08CA, 0x08CA, 0x08CA, 0x08CA, 0x08CA, 0x08CA, 0x08CA, 0x08CA, 0x08CA, 0x08CA, 0x08CA, 0x08CA, 
	0x08CA, 0x08CA, 0x08CA, 0x08CA, 0x08CA, 0x08CA, 0x08CA, 0x08CA, 0x08CA, 0x08CA, 0x08CA, 0x08CA, 0x08CA, 0x08CA, 0x08CA, 0x08CA, 
	0x08CA, 0x08CA, 0x08CA, 0x08CA, 0x08CA, 0x08CA, 0x08CA, 0x08CA, 0x08CA, 0x08CA, 0x08CA, 0x08CA, 0x08CA, 0x08CA, 0x08CA, 0x08CA, 
	0x08CA, 0x08CA, 0x08CA, 0x08CA, 0x08CA, 0x08CA, 0x08CA, 0x08CA, 0x08CA, 0x08CA, 0x08CA, 0x08CA, 0x08CA, 0x08CA, 0x08CA, 0x08CA, 
	0x08CA, 0x08CA, 0x08CA, 0x08CA, 0x08CA, 0x08CA, 0x08CA, 0x08CA, 0x08CA, 0x08CA, 0x08CA, 0x08CA, 0x08CA, 0x08CA, 0x08CA, 0x08CA, 
	0x08CA, 0x08CA, 0x08CA, 0x08CA, 0x08CA, 0x08CA, 0x08CA, 0x08CA, 0x08CA, 0x08CA, 0x08CA, 0x08CA, 0x08CA, 0x08CA, 0x08CA, 0x08CA, 
	0x08CA, 0x08CA, 0x08CA, 0x08CA, 0x08CA, 0x08CA, 0x08CA, 0x08CA, 0x08CA, 0x08CA, 0x08CA, 0x08CA, 0x08CA, 0x08CA, 0x08CA, 0x08CA, 
	0x08CA, 0x08CA, 0x08CA, 0x08CA, 0x08CA, 0x08CA, 0x08CA, 0x08CA, 0x08CA, 0x08CA, 0x08CA, 0x08CA, 0x08CA, 0x08CA, 0x08CA, 0x08CA, 
	0x08CA, 0x08CA, 0x08CA, 0x08CA, 0x08CA, 0x08CA, 0x08CA, 0x08CA, 0x08CA, 0x08CA, 0x08CA, 0x08CA, 0x08CA, 0x08CA, 0x08CA, 0x08CA, 
	0x08CA, 0x08CA, 0x08CA, 0x08CA, 0x08CA, 0x08CA, 0x08CA, 0x08CA, 0x08CA, 0x08CA, 0x08CA, 0x08CA, 0x08CA, 0x08CA, 0x08CA, 0x08CA, 
	0x08CA, 0x08CA, 0x08CA, 0x08CA, 0x08CA, 0x08CA, 0x08CA, 0x08CA, 0x08CA, 0x08CA, 0x08CA, 0x08CA, 0x08CA, 0x08CA, 0x08CA, 0x08CA, 
	0x08CA, 0x08CA, 0x08CA, 0x08CA, 0x08CA, 0x08CA, 0x08CA, 0x08CA, 0x08CA, 0x08CA, 0x08CA, 0x08CA, 0x08CA, 0x08CA, 0x08CA, 0x08CA, 
	0x08CA, 0x08CA, 0x08CA, 0x08CA, 0x08CA, 0x08CA, 0x08CA, 0x08CA, 0x08CA, 0x08CA, 0x08CA, 0x08CA, 0x08CA, 0x08CA, 0x08CA, 0x08CA, 
	0x08CA, 0x08CA, 0x08CA, 0x08CA, 0x08CA, 0x08CA, 0x08CA, 0x08CA, 0x08CA, 0x08CA, 0x08CA, 0x08CA, 0x08CA, 0x08CA, 0x08CA, 0x08CA, 
	0x08CA, 0x08CA, 0x08CA, 0x08CA, 0x08CA, 0x08CA, 0x08CA, 0x08CA, 0x08CA, 0x08CA, 0x08CA, 0x08CA, 0x08CA, 0x08CA, 0x08CA, 0x08CA, 
	0x08CA, 0x08CA, 0x08CA, 0x08CA, 0x08CA, 0x08CA, 0x08CA, 0x08CA, 0x08CA, 0x08CA, 0x08CA, 0x08CA, 0x08CA, 0x08CA, 0x08CA, 0x08CA, 
	0x08CA, 0x08CA, 0x08CA, 0x08CA, 0x08CA, 0x08CA, 0x08CA, 0x08CA, 0x08CA, 0x08CA, 0x08CA, 0x08CA, 0x08CA, 0x08CA, 0x08CA, 0x08CA, 
	0x08CA, 0x08CA, 0x08CA, 0x08CA, 0x08CA, 0x08CA, 0x08CA, 0x08CA, 0x08CA, 0x08CA, 0x08CA, 0x08CA, 0x08CA, 0x08CA, 0x08CA, 0x08CA, 
	0x08CA, 0x08CA, 0x08CA, 0x08CA, 0x08CA, 0x08CA, 0x08CA, 0x08CA, 0x08CA, 0x08CA, 0x08CA, 0x08CA, 0x08CA, 0x08CA, 0x08CA, 0x08CA, 
	0x08CA, 0x08CA, 0x08CA, 0x08CA, 0x08CA, 0x08CA, 0x08CA, 0x08CA, 0x08CA, 0x08CA, 0x08CA, 0x08CA, 0x08CA, 0x08CA, 0x08CA, 0x08CA, 
	0x08CA, 0x08CA, 0x08CA, 0x08CA, 0x08CA, 0x08CA, 0x08CA, 0x08CA, 0x08CA, 0x08CA, 0x08CA, 0x08CA, 0x08CA, 0x08CA, 0x08CA, 0x08CA, 
	0x08CA, 0x08CA, 0x08CA, 0x08CA, 0x08CA, 0x08CA, 0x08CA, 0x08CA, 0x08CA, 0x08CA, 0x08CA, 0x08CA, 0x08CA, 0x08CA, 0x08CA, 0x08CA, 
	0x08CA, 0x08CA, 0x08CA, 0x08CA, 0x08CA, 0x08CA, 0x08CA, 0x08CA, 0x08CA, 0x08CA, 0x08CA, 0x08CA, 0x08CA, 0x08CA, 0x08CA, 0x08CA, 
	0x08CA, 0x08CA, 0x08CA, 0x08CA, 0x08CA, 0x08CA, 0x08CA, 0x08CA, 0x08CA, 0x08CA, 0x08CA, 0x08CA, 0x08CA, 0x08CA, 0x08CA, 0x08CA, 
	0x08CA, 0x08CA, 0x08CA, 0x08CA, 0x08CA, 0x08CA, 0x08CA, 0x08CA, 0x08CA, 0x08CA, 0x08CA, 0x08CA, 0x08CA, 0x08CA, 0x08CA, 0x08CA, 
	0x08CA, 0x08CA, 0x08CA, 0x08CA, 0x08CA, 0x08CA, 0x08CA, 0x08CA, 0x08CA, 0x08CA, 0x08CA, 0x08CA, 0x08CA, 0x08CA, 0x08CA, 0x08CA, 
	0x08CA, 0x08CA, 0x08CA, 0x08CA, 0x08CA, 0x08CA, 0x08CA, 0x08CA, 0x08CA, 0x08CA, 0x08CA, 0x08CA, 0x08CA, 0x08CA, 0x08CA, 0x08CA, 
	0x08CA, 0x08CA, 0x08CA, 0x08CA, 0x08CA, 0x08CA, 0x08CA, 0x08CA, 0x08CA, 0x08CA, 0x08CA, 0x08CA, 0x08CA, 0x08CA, 0x08CA, 0x08CA, 
	0x08CA, 0x08CA, 0x08CA, 0x08CA, 0x08CA, 0x08CA, 0x08CA, 0x08CA, 0x08CA, 0x08CA, 0x08CA, 0x08CA, 0x08CA, 0x08CA, 0x08CA, 0x08CA, 
	0x08CA, 0x08CA, 0x08CA, 0x08CA, 0x08CA, 0x08CA, 0x08CA, 0x08CA, 0x08CA, 0x08CA, 0x08CA, 0x08CA, 0x08CA, 0x08CA, 0x08CA, 0x08CA, 
	0x08CA, 0x08CA, 0x08CA, 0x08CA, 0x08CA, 0x08CA, 0x08CA, 0x08CA, 0x08CA, 0x08CA, 0x08CA, 0x08CA, 0x08CA, 0x08CA, 0x08CA, 0x08CA, 
	0x08CA, 0x08CA, 0x08CA, 0x08CA, 0x08CA, 0x08CA, 0x08CA, 0x08CA, 0x08CA, 0x08CA, 0x08CA, 0x08CA, 0x08CA, 0x08CA, 0x08CA, 0x08CA, 
	0x08CA, 0x08CA, 0x08CA, 0x08CA, 0x08CA, 0x08CA, 0x08CA, 0x08CA, 0x08CA, 0x08CA, 0x08CA, 0x08CA, 0x08CA, 0x08CA, 0x08CA, 0x08CA, 
	0x08CA, 0x08CA, 0x08CA, 0x08CA, 0x08CA, 0x08CA, 0x08CA, 0x08CA, 0x08CA, 0x08CA, 0x08CA, 0x08CA, 0x08CA, 0x08CA, 0x08CA, 0x08CA, 
	0x08CA, 0x08CA, 0x08CA, 0x08CA, 0x08CA, 0x08CA, 0x08CA, 0x08CA, 0x08CA, 0x08CA, 0x08CA, 0x08CA, 0x08CA, 0x08CA, 0x08CA, 0x08CA, 
	0x08CA, 0x08CA, 0x08CA, 0x08CA, 0x08CA, 0x08CA, 0x08CA, 0x08CA, 0x08CA, 0x08CA, 0x08CA, 0x08CA, 0x08CA, 0x08CA, 0x08CA, 0x08CA, 
	0x08CA, 0x08CA, 0x08CA, 0x08CA, 0x08CA, 0x08CA, 0x08CA, 0x08CA, 0x08CA, 0x08CA, 0x08CA, 0x08CA, 0x08CA, 0x08CA, 0x08CA, 0x08CA, 
	0x08CA, 0x08CA, 0x08CA, 0x08CA, 0x08CA, 0x08CA, 0x08CA, 0x08CA, 0x08CA, 0x08CA, 0x08CA, 0x08CA, 0x08CA, 0x08CA, 0x08CA, 0x08CA, 
	0x08CA, 0x08CA, 0x08CA, 0x08CA, 0x08CA, 0x08CA, 0x08CA, 0x08CA, 0x08CA, 0x08CA, 0x08CA, 0x08CA, 0x08CA, 0x08CA, 0x08CA, 0x08CA, 
	0x08CA, 0x08CA, 0x08CA, 0x08CA, 0x08CA, 0x08CA, 0x08CA, 0x08CA, 0x08CA, 0x08CA, 0x08CA, 0x08CA, 0x08CA, 0x08CA, 0x08CA, 0x08CA, 
	0x08CA, 0x08CA, 0x08CA, 0x08CA, 0x08CA, 0x08CA, 0x08CA, 0x08CA, 0x08CA, 0x08CA, 0x08CA, 0x08CA, 0x08CA, 0x08CA, 0x08CA, 0x08CA, 
	0x08CA, 0x08CA, 0x08CA, 0x08CA, 0x08CA, 0x08CA, 0x08CA, 0x08CA, 0x08CA, 0x08CA, 0x08CA, 0x08CA, 0x08CA, 0x08CA, 0x08CA, 0x08CA, 
	0x08CA, 0x08CA, 0x08CA, 0x08CA, 0x08CA, 0x08CA, 0x08CA, 0x08CA, 0x08CA, 0x08CA, 0x08CA, 0x08CA, 0x08CA, 0x08CA, 0x08CA, 0x08CA, 
	0x08CA, 0x08CA, 0x08CA, 0x08CA, 0x08CA, 0x08CA, 0x08CA, 0x08CA, 0x08CA, 0x08CA, 0x08CA, 0x08CA, 0x08CA, 0x08CA, 0x08CA, 0x08CA, 
	0x08CA, 0x08CA, 0x08CA, 0x08CA, 0x08CA, 0x08CA, 0x08CA, 0x08CA, 0x08CA, 0x08CA, 0x08CA, 0x08CA, 0x08CA, 0x08CA, 0x08CA, 0x08CA, 
	0x08CA, 0x08CA, 0x08CA, 0x08CA, 0x08CA, 0x08CA, 0x08CA, 0x08CA, 0x08CA, 0x08CA, 0x08CA, 0x08CA, 0x08CA, 0x08CA, 0x08CA, 0x08CA, 
	0x08CA, 0x08CA, 0x08CA, 0x08CA, 0x08CA, 0x08CA, 0x08CA, 0x08CA, 0x08CA, 0x08CA, 0x08CA, 0x08CA, 0x08CA, 0x08CA, 0x08CA, 0x08CA, 
	0x08CA, 0x08CA, 0x08CA, 0x08CA, 0x08CA, 0x08CA, 0x08CA, 0x08CA, 0x08CA, 0x08CA, 0x08CA, 0x08CA, 0x08CA, 0x08CA, 0x08CA, 0x08CA, 
	0x08CA, 0x08CA, 0x08CA, 0x08CA, 0x08CA, 0x08CA, 0x08CA, 0x08CA, 0x08CA, 0x08CA, 0x08CA, 0x08CA, 0x08CA, 0x08CA, 0x08CA, 0x08CA, 
	0x08CA, 0x08CA, 0x08CA, 0x08CA, 0x08CA, 0x08CA, 0x08CA, 0x08CA, 0x08CA, 0x08CA, 0x08CA, 0x08CA, 0x08CA, 0x08CA, 0x08CA, 0x08CA, 
	0x08CA, 0x08CA, 0x08CA, 0x08CA, 0x08CA, 0x08CA, 0x08CA, 0x08CA, 0x08CA, 0x08CA, 0x08CA, 0x08CA, 0x08CA, 0x08CA, 0x08CA, 0x08CA, 
	0x08CA, 0x08CA, 0x08CA, 0x08CA, 0x08CA, 0x08CA, 0x08CA, 0x08CA, 0x08CA, 0x08CA, 0x08CA, 0x08CA, 0x08CA, 0x08CA, 0x08CA, 0x08CA, 
	0x08CA, 0x08CA, 0x08CA, 0x08CA, 0x08CA, 0x08CA, 0x08CA, 0x08CA, 0x08CA, 0x08CA, 0x08CA, 0x08CA, 0x08CA, 0x08CA, 0x08CA, 0x08CA, 
	0x08CA, 0x08CA, 0x08CA, 0x08CA, 0x08CA, 0x08CA, 0x08CA, 0x08CA, 0x08CA, 0x08CA, 0x08CA, 0x08CA, 0x08CA, 0x08CA, 0x08CA, 0x08CA, 
	0x08CA, 0x08CA, 0x08CA, 0x08CA, 0x08CA, 0x08CA, 0x08CA, 0x08CA, 0x08CA, 0x08CA, 0x08CA, 0x08CA, 0x08CA, 0x08CA, 0x08CA, 0x08CA, 
	0x08CA, 0x08CA, 0x08CA, 0x08CA, 0x08CA, 0x08CA, 0x08CA, 0x08CA, 0x08CA, 0x08CA, 0x08CA, 0x08CA, 0x08CA, 0x08CA, 0x08CA, 0x08CA, 
	0x08CA, 0x08CA, 0x08CA, 0x08CA, 0x08CA, 0x08CA, 0x08CA, 0x08CA, 0x08CA, 0x08CA, 0x08CA, 0x08CA, 0x08CA, 0x08CA, 0x08CA, 0x08CA, 
	0x08CA, 0x08CA, 0x08CA, 0x08CA, 0x08CA, 0x08CA, 0x08CA, 0x08CA, 0x08CA, 0x08CA, 0x08CA, 0x08CA, 0x08CA, 0x08CA, 0x08CA, 0x08CA, 
	0x08CA, 0x08CA, 0x08CA, 0x08CA, 0x08CA, 0x08CA, 0x08CA, 0x08CA, 0x08CA, 0x08CA, 0x08CA, 0x08CA, 0x08CA, 0x08CA, 0x08CA, 0x08CA, 
	0x08CA, 0x08CA, 0x08CA, 0x08CA, 0x08CA, 0x08CA, 0x08CA, 0x08CA, 0x08CA, 0x08CA, 0x08CA, 0x08CA, 0x08CA, 0x08CA, 0x08CA, 0x08CA, 
	0x08CA, 0x08CA, 0x08CA, 0x08CA, 0x08CA, 0x08CA, 0x08CA, 0x08CA, 0x08CA, 0x08CA, 0x08CA, 0x08CA, 0x08CA, 0x08CA, 0x08CA, 0x08CA, 
	0x08CA, 0x08CA, 0x08CA, 0x08CA, 0x08CA, 0x08CA, 0x08CA, 0x08CA, 0x08CA, 0x08CA, 0x08CA, 0x08CA, 0x08CA, 0x08CA, 0x08CA, 0x08CA, 
	0x08CA, 0x08CA, 0x08CA, 0x08CA, 0x08CA, 0x08CA, 0x08CA, 0x08CA, 0x08CA, 0x08CA, 0x08CA, 0x08CA, 0x08CA, 0x08CA, 0x08CA, 0x08CA, 
	0x08CA, 0x08CA, 0x08CA, 0x08CA, 0x08CA, 0x08CA, 0x08CA, 0x08CA, 0x08CA, 0x08CA, 0x08CA, 0x08CA, 0x08CA, 0x08CA, 0x08CA, 0x08CA, 
	0x08CA, 0x08CA, 0x08CA, 0x08CA, 0x08CA, 0x08CA, 0x08CA, 0x08CA, 0x08CA, 0x08CA, 0x08CA, 0x08CA, 0x08CA, 0x08CA, 0x08CA, 0x08CA, 
	0x08CA, 0x08CA, 0x08CA, 0x08CA, 0x08CA, 0x08CA, 0x08CA, 0x08CA, 0x08CA, 0x08CA, 0x08CA, 0x08CA, 0x08CA, 0x08CA, 0x08CA, 0x08CA, 
	0x08CA, 0x08CA, 0x08CA, 0x08CA, 0x08CA, 0x08CA, 0x08CA, 0x08CA, 0x08CA, 0x08CA, 0x08CA, 0x08CA, 0x08CA, 0x08CA, 0x08CA, 0x08CA, 
	0x08CA, 0x08CA, 0x08CA, 0x08CA, 0x08CA, 0x08CA, 0x08CA, 0x08CA, 0x08CA, 0x08CA, 0x08CA, 0x08CA, 0x08CA, 0x08CA, 0x08CA, 0x08CA, 
	0x08CA, 0x08CA, 0x08CA, 0x08CA, 0x08CA, 0x08CA, 0x08CA, 0x08CA, 0x08CA, 0x08CA, 0x08CA, 0x08CA, 0x08CA, 0x08CA, 0x08CA, 0x08CA, 
	0x08CA, 0x08CA, 0x08CA, 0x08CA, 0x08CA, 0x08CA, 0x08CA, 0x08CA, 0x08CA, 0x08CA, 0x08CA, 0x08CA, 0x08CA, 0x08CA, 0x08CA, 0x08CA, 
	0x08CA, 0x08CA, 0x08CA, 0x08CA, 0x08CA, 0x08CA, 0x08CA, 0x08CA, 0x08CA, 0x08CA, 0x08CA, 0x08CA, 0x08CA, 0x08CA, 0x08CA, 0x08CA, 
	0x08CA, 0x08CA, 0x08CA, 0x08CA, 0x08CA, 0x08CA, 0x08CA, 0x08CA, 0x08CA, 0x08CA, 0x08CA, 0x08CA, 0x08CA, 0x08CA, 0x08CA, 0x08CA, 
	0x08CA, 0x08CA, 0x08CA, 0x08CA, 0x08CA, 0x08CA, 0x08CA, 0x08CA, 0x08CA, 0x08CA, 0x08CA, 0x08CA, 0x08CA, 0x08CA, 0x08CA, 0x08CA, 
	0x08CA, 0x08CA, 0x08CA, 0x08CA, 0x08CA, 0x08CA, 0x08CA, 0x08CA, 0x08CA, 0x08CA, 0x08CA, 0x08CA, 0x08CA, 0x08CA, 0x08CA, 0x08CA, 
	0x08CA, 0x08CA, 0x08CA, 0x08CA, 0x08CA, 0x08CA, 0x08CA, 0x08CA, 0x08CA, 0x08CA, 0x08CA, 0x08CA, 0x08CA, 0x08CA, 0x08CA, 0x08CA, 
	0x08CA, 0x08CA, 0x08CA, 0x08CA, 0x08CA, 0x08CA, 0x08CA, 0x08CA, 0x08CA, 0x08CA, 0x08CA, 0x08CA, 0x08CA, 0x08CA, 0x08CA, 0x08CA, 
	0x08CA, 0x08CA, 0x08CA, 0x08CA, 0x08CA, 0x08CA, 0x08CA, 0x08CA, 0x08CA, 0x08CA, 0x08CA, 0x08CA, 0x08CA, 0x08CA, 0x08CA, 0x08CA, 
	0x08CA, 0x08CA, 0x08CA, 0x08CA, 0x08CA, 0x08CA, 0x08CA, 0x08CA, 0x08CA, 0x08CA, 0x08CA, 0x08CA, 0x08CA, 0x08CA, 0x08CA, 0x08CA, 
	0x08CA, 0x08CA, 0x08CA, 0x08CA, 0x08CA, 0x08CA, 0x08CA, 0x08CA, 0x08CA, 0x08CA, 0x08CA, 0x08CA, 0x08CA, 0x08CA, 0x08CA, 0x08CA, 
	0x08CA, 0x08CA, 0x08CA, 0x08CA, 0x08CA, 0x08CA, 0x08CA, 0x08CA, 0x08CA, 0x08CA, 0x08CA, 0x08CA, 0x08CA, 0x08CA, 0x08CA, 0x08CA, 
	0x08CA, 0x08CA, 0x08CA, 0x08CA, 0x08CA, 0x08CA, 0x08CA, 0x08CA, 0x08CA, 0x08CA, 0x08CA, 0x08CA, 0x08CA, 0x08CA, 0x08CA, 0x08CA, 
	0x08CA, 0x08CA, 0x08CA, 0x08CA, 0x08CA, 0x08CA, 0x08CA, 0x08CA, 0x08CA, 0x08CA, 0x08CA, 0x08CA, 0x08CA, 0x08CA, 0x08CA, 0x08CA, 
	0x08CA, 0x08CA, 0x08CA, 0x08CA, 0x08CA, 0x08CA, 0x08CA, 0x08CA, 0x08CA, 0x08CA, 0x08CA, 0x08CA, 0x08CA, 0x08CA, 0x08CA, 0x08CA, 
	0x08CA, 0x08CA, 0x08CA, 0x08CA, 0x08CA, 0x08CA, 0x08CA, 0x08CA, 0x08CA, 0x08CA, 0x08CA, 0x08CA, 0x08CA, 0x08CA, 0x08CA, 0x08CA, 
	0x08CA, 0x08CA, 0x08CA, 0x08CA, 0x08CA, 0x08CA, 0x08CA, 0x08CA, 0x08CA, 0x08CA, 0x08CA, 0x08CA, 0x08CA, 0x08CA, 0x08CA, 0x08CA, 
	0x08CA, 0x08CA, 0x08CA, 0x08CA, 0x08CA, 0x08CA, 0x08CA, 0x08CA, 0x08CA, 0x08CA, 0x08CA, 0x08CA, 0x08CA, 0x08CA, 0x08CA, 0x08CA, 
	0x08CA, 0x08CA, 0x08CA, 0x08CA, 0x08CA, 0x08CA, 0x08CA, 0x08CA, 0x08CA, 0x08CA, 0x08CA, 0x08CA, 0x08CA, 0x08CA, 0x08CA, 0x08CA, 
	0x08CA, 0x08CA, 0x08CA, 0x08CA, 0x08CA, 0x08CA, 0x08CA, 0x08CA, 0x08CA, 0x08CA, 0x08CA, 0x08CA, 0x08CA, 0x08CA, 0x08CA, 0x08CA, 
	0x08CA, 0x08CA, 0x08CA, 0x08CA, 0x08CA, 0x08CA, 0x08CA, 0x08CA, 0x08CA, 0x08CA, 0x08CA, 0x08CA, 0x08CA, 0x08CA, 0x08CA, 0x08CA, 
	0x08CA, 0x08CA, 0x08CA, 0x08CA, 0x08CA, 0x08CA, 0x08CA, 0x08CA, 0x08CA, 0x08CA, 0x08CA, 0x08CA, 0x08CA, 0x08CA, 0x08CA, 0x08CA, 
	0x08CA, 0x08CA, 0x08CA, 0x08CA, 0x08CA, 0x08CA, 0x08CA, 0x08CA, 0x08CA, 0x08CA, 0x08CA, 0x08CA, 0x08CA, 0x08CA, 0x08CA, 0x08CA, 
	0x08CA, 0x08CA, 0x08CA, 0x08CA, 0x08CA, 0x08CA, 0x08CA, 0x08CA, 0x08CA, 0x08CA, 0x08CA, 0x08CA, 0x08CA, 0x08CA, 0x08CA, 0x08CA, 
	0x08CA, 0x08CA, 0x08CA, 0x08CA, 0x08CA, 0x08CA, 0x08CA, 0x08CA, 0x08CA, 0x08CA, 0x08CA, 0x08CA, 0x08CA, 0x08CA, 0x08CA, 0x08CA, 
	0x08CA, 0x08CA, 0x08CA, 0x08CA, 0x08CA, 0x08CA, 0x08CA, 0x08CA, 0x08CA, 0x08CA, 0x08CA, 0x08CA, 0x08CA, 0x08CA, 0x08CA, 0x08CA, 
	0x08CA, 0x08CA, 0x08CA, 0x08CA, 0x08CA, 0x08CA, 0x08CA, 0x08CA, 0x08CA, 0x08CA, 0x08CA, 0x08CA, 0x08CA, 0x08CA, 0x08CA, 0x08CA, 
	0x08CA, 0x08CA, 0x08CA, 0x08CA, 0x08CA, 0x08CA, 0x08CA, 0x08CA, 0x08CA, 0x08CA, 0x08CA, 0x08CA, 0x08CA, 0x08CA, 0x08CA, 0x08CA, 
	0x08CA, 0x08CA, 0x08CA, 0x08CA, 0x08CA, 0x08CA, 0x08CA, 0x08CA, 0x08CA, 0x08CA, 0x08CA, 0x08CA, 0x08CA, 0x08CA, 0x08CA, 0x08CA, 
	0x08CA, 0x08CA, 0x08CA, 0x08CA, 0x08CA, 0x08CA, 0x08CA, 0x08CA, 0x08CA, 0x08CA, 0x08CA, 0x08CA, 0x08CA, 0x08CA, 0x08CA, 0x08CA, 
	0x08CA, 0x08CA, 0x08CA, 0x08CA, 0x08CA, 0x08CA, 0x08CA, 0x08CA, 0x08CA, 0x08CA, 0x08CA, 0x08CA, 0x08CA, 0x08CA, 0x08CA, 0x08CA, 
	0x08CA, 0x08CA, 0x08CA, 0x08CA, 0x08CA, 0x08CA, 0x08CA, 0x08CA, 0x08CA, 0x08CA, 0x08CA, 0x08CA, 0x08CA, 0x08CA, 0x08CA, 0x08CA, 
	0x08CA, 0x08CA, 0x08CA, 0x08CA, 0x08CA, 0x08CA, 0x08CA, 0x08CA, 0x08CA, 0x08CA, 0x08CA, 0x08CA, 0x08CA, 0x08CA, 0x08CA, 0x08CA, 
	0x08CA, 0x08CA, 0x08CA, 0x08CA, 0x08CA, 0x08CA, 0x08CA, 0x08CA, 0x08CA, 0x08CA, 0x08CA, 0x08CA, 0x08CA, 0x08CA, 0x08CA, 0x08CA, 
	0x08CA, 0x08CA, 0x08CA, 0x08CA, 0x08CA, 0x08CA, 0x08CA, 0x08CA, 0x08CA, 0x08CA, 0x08CA, 0x08CA, 0x08CA, 0x08CA, 0x08CA, 0x08CA, 
	0x08CA, 0x08CA, 0x08CA, 0x08CA, 0x08CA, 0x08CA, 0x08CA, 0x08CA, 0x08CA, 0x08CA, 0x08CA, 0x08CA, 0x08CA, 0x08CA, 0x08CA, 0x08CA, 
	0x08CA, 0x08CA, 0x08CA, 0x08CA, 0x08CA, 0x08CA, 0x08CA, 0x08CA, 0x08CA, 0x08CA, 0x08CA, 0x08CA, 0x08CA, 0x08CA, 0x08CA, 0x08CA, 
	0x08CA, 0x08CA, 0x08CA, 0x08CA, 0x08CA, 0x08CA, 0x08CA, 0x08CA, 0x08CA, 0x08CA, 0x08CA, 0x08CA, 0x08CA, 0x08CA, 0x08CA, 0x08CA, 
	0x08CA, 0x08CA, 0x08CA, 0x08CA, 0x08CA, 0x08CA, 0x08CA, 0x08CA, 0x08CA, 0x08CA, 0x08CA, 0x08CA, 0x08CA, 0x08CA, 0x08CA, 0x08CA, 
	0x08CA, 0x08CA, 0x08CA, 0x08CA, 0x08CA, 0x08CA, 0x08CA, 0x08CA, 0x08CA, 0x08CA, 0x08CA, 0x08CA, 0x08CA, 0x08CA, 0x08CA, 0x08CA, 
	0x08CA, 0x08CA, 0x08CA, 0x08CA, 0x08CA, 0x08CA, 0x08CA, 0x08CA, 0x08CA, 0x08CA, 0x08CA, 0x08CA, 0x08CA, 0x08CA, 0x08CA, 0x08CA, 
	0x08CA, 0x08CA, 0x08CA, 0x08CA, 0x08CA, 0x08CA, 0x08CA, 0x08CA, 0x08CA, 0x08CA, 0x08CA, 0x08CA, 0x08CA, 0x08CA, 0x08CA, 0x08CA, 
	0x08CA, 0x08CA, 0x08CA, 0x08CA, 0x08CA, 0x08CA, 0x08CA, 0x08CA, 0x08CA, 0x08CA, 0x08CA, 0x08CA, 0x08CA, 0x08CA, 0x08CA, 0x08CA, 
	0x08CA, 0x08CA, 0x08CA, 0x08CA, 0x08CA, 0x08CA, 0x08CA, 0x08CA, 0x08CA, 0x08CA, 0x08CA, 0x08CA, 0x08CA, 0x08CA, 0x08CA, 0x08CA, 
	0x08CA, 0x08CA, 0x08CA, 0x08CA, 0x08CA, 0x08CA, 0x08CA, 0x08CA, 0x08CA, 0x08CA, 0x08CA, 0x08CA, 0x08CA, 0x08CA, 0x08CA, 0x08CA, 
	0x08CA, 0x08CA, 0x08CA, 0x08CA, 0x08CA, 0x08CA, 0x08CA, 0x08CA, 0x08CA, 0x08CA, 0x08CA, 0x08CA, 0x08CA, 0x08CA, 0x08CA, 0x08CA, 
	0x08CA, 0x08CA, 0x08CA, 0x08CA, 0x08CA, 0x08CA, 0x08CA, 0x08CA, 0x08CA, 0x08CA, 0x08CA, 0x08CA, 0x08CA, 0x08CA, 0x08CA, 0x08CA, 
	0x08CA, 0x08CA, 0x08CA, 0x08CA, 0x08CA, 0x08CA, 0x08CA, 0x08CA, 0x08CA, 0x08CA, 0x08CA, 0x08CA, 0x08CA, 0x08CA, 0x08CA, 0x08CA, 
	0x08CA, 0x08CA, 0x08CA, 0x08CA, 0x08CA, 0x08CA, 0x08CA, 0x08CA, 0x08CA, 0x08CA, 0x08CA, 0x08CA, 0x08CA, 0x08CA, 0x08CA, 0x08CA, 
	0x08CA, 0x08CA, 0x08CA, 0x08CA, 0x08CA, 0x08CA, 0x08CA, 0x08CA, 0x08CA, 0x08CA, 0x08CA, 0x08CA, 0x08CA, 0x08CA, 0x08CA, 0x08CA, 
	0x08CA, 0x08CA, 0x08CA, 0x08CA, 0x08CA, 0x08CA, 0x08CA, 0x08CA, 0x08CA, 0x08CA, 0x08CA, 0x08CA, 0x08CA, 0x08CA, 0x08CA, 0x08CA, 
	0x08CA, 0x08CA, 0x08CA, 0x08CA, 0x08CA, 0x08CA, 0x08CA, 0x08CA, 0x08CA, 0x08CA, 0x08CA, 0x08CA, 0x08CA, 0x08CA, 0x08CA, 0x08CA, 
	0x08CA, 0x08CA, 0x08CA, 0x08CA, 0x08CA, 0x08CA, 0x08CA, 0x08CA, 0x08CA, 0x08CA, 0x08CA, 0x08CA, 0x08CA, 0x08CA, 0x08CA, 0x08CA, 
	0x08CA, 0x08CA, 0x08CA, 0x08CA, 0x08CA, 0x08CA, 0x08CA, 0x08CA, 0x08CA, 0x08CA, 0x08CA, 0x08CA, 0x08CA, 0x08CA, 0x08CA, 0x08CA, 
	0x08CA, 0x08CA, 0x08CA, 0x08CA, 0x08CA, 0x08CA, 0x08CA, 0x08CA, 0x08CA, 0x08CA, 0x08CA, 0x08CA, 0x08CA, 0x08CA, 0x08CA, 0x08CA, 
	0x08CA, 0x08CA, 0x08CA, 0x08CA, 0x08CA, 0x08CA, 0x08CA, 0x08CA, 0x08CA, 0x08CA, 0x08CA, 0x08CA, 0x08CA, 0x08CA, 0x08CA, 0x08CA, 
	0x08CA, 0x08CA, 0x08CA, 0x08CA, 0x08CA, 0x08CA, 0x08CA, 0x08CA, 0x08CA, 0x08CA, 0x08CA, 0x08CA, 0x08CA, 0x08CA, 0x08CA, 0x08CA, 
	0x08CA, 0x08CA, 0x08CA, 0x08CA, 0x08CA, 0x08CA, 0x08CA, 0x08CA, 0x08CA, 0x08CA, 0x08CA, 0x08CA, 0x08CA, 0x08CA, 0x08CA, 0x08CA, 
	0x08CA, 0x08CA, 0x08CA, 0x08CA, 0x08CA, 0x08CA, 0x08CA, 0x08CA, 0x08CA, 0x08CA, 0x08CA, 0x08CA, 0x08CA, 0x08CA, 0x08CA, 0x08CA, 
	0x08CA, 0x08CA, 0x08CA, 0x08CA, 0x08CA, 0x08CA, 0x08CA, 0x08CA, 0x08CA, 0x08CA, 0x08CA, 0x08CA, 0x08CA, 0x08CA, 0x08CA, 0x08CA, 
	0x08CA, 0x08CA, 0x08CA, 0x08CA, 0x08CA, 0x08CA, 0x08CA, 0x08CA, 0x08CA, 0x08CA, 0x08CA, 0x08CA, 0x08CA, 0x08CA, 0x08CA, 0x08CA, 
	0x08CA, 0x08CA, 0x08CA, 0x08CA, 0x08CA, 0x08CA, 0x08CA, 0x08CA, 0x08CA, 0x08CA, 0x08CA, 0x08CA, 0x08CA, 0x08CA, 0x08CA, 0x08CA, 
	0x08CA, 0x08CA, 0x08CA, 0x08CA, 0x08CA, 0x08CA, 0x08CA, 0x08CA, 0x08CA, 0x08CA, 0x08CA, 0x08CA, 0x08CA, 0x08CA, 0x08CA, 0x08CA, 
	0x08CA, 0x08CA, 0x08CA, 0x08CA, 0x08CA, 0x08CA, 0x08CA, 0x08CA, 0x08CA, 0x08CA, 0x08CA, 0x08CA, 0x08CA, 0x08CA, 0x08CA, 0x08CA, 
	0x08CA, 0x08CA, 0x08CA, 0x08CA, 0x08CA, 0x08CA, 0x08CA, 0x08CA, 0x08CA, 0x08CA, 0x08CA, 0x08CA, 0x08CA, 0x08CA, 0x08CA, 0x08CA, 
	0x08CA, 0x08CA, 0x08CA, 0x08CA, 0x08CA, 0x08CA, 0x08CA, 0x08CA, 0x08CA, 0x08CA, 0x08CA, 0x08CA, 0x08CA, 0x08CA, 0x08CA, 0x08CA, 
	0x08CA, 0x08CA, 0x08CA, 0x08CA, 0x08CA, 0x08CA, 0x08CA, 0x08CA, 0x08CA, 0x08CA, 0x08CA, 0x08CA, 0x08CA, 0x08CA, 0x08CA, 0x08CA, 
	0x08CA, 0x08CA, 0x08CA, 0x08CA, 0x08CA, 0x08CA, 0x08CA, 0x08CA, 0x08CA, 0x08CA, 0x08CA, 0x08CA, 0x08CA, 0x08CA, 0x08CA, 0x08CA, 
	0x08CA, 0x08CA, 0x08CA, 0x08CA, 0x08CA, 0x08CA, 0x08CA, 0x08CA, 0x08CA, 0x08CA, 0x08CA, 0x08CA, 0x08CA, 0x08CA, 0x08CA, 0x08CA, 
	0x08CA, 0x08CA, 0x08CA, 0x08CA, 0x08CA, 0x08CA, 0x08CA, 0x08CA, 0x08CA, 0x08CA, 0x08CA, 0x08CA, 0x08CA, 0x08CA, 0x08CA, 0x08CA, 
	0x08CA, 0x08CA, 0x08CA, 0x08CA, 0x08CA, 0x08CA, 0x08CA, 0x08CA, 0x08CA, 0x08CA, 0x08CA, 0x08CA, 0x08CA, 0x08CA, 0x08CA, 0x08CA, 
	0x08CA, 0x08CA, 0x08CA, 0x08CA, 0x08CA, 0x08CA, 0x08CA, 0x08CA, 0x08CA, 0x08CA, 0x08CA, 0x08CA, 0x08CA, 0x08CA, 0x08CA, 0x08CA, 
	0x08CA, 0x08CA, 0x08CA, 0x08CA, 0x08CA, 0x08CA, 0x08CA, 0x08CA, 0x08CA, 0x08CA, 0x08CA, 0x08CA, 0x08CA, 0x08CA, 0x08CA, 0x08CA, 
	0x08CA, 0x08CA, 0x08CA, 0x08CA, 0x08CA, 0x08CA, 0x08CA, 0x08CA, 0x08CA, 0x08CA, 0x08CA, 0x08CA, 0x08CA, 0x08CA, 0x08CA, 0x08CA, 
	0x08CA, 0x08CA, 0x08CA, 0x08CA, 0x08CA, 0x08CA, 0x08CA, 0x08CA, 0x08CA, 0x08CA, 0x08CA, 0x08CA, 0x08CA, 0x08CA, 0x08CA, 0x08CA, 
	0x08CA, 0x08CA, 0x08CA, 0x08CA, 0x08CA, 0x08CA, 0x08CA, 0x08CA, 0x08CA, 0x08CA, 0x08CA, 0x08CA, 0x08CA, 0x08CA, 0x08CA, 0x08CA, 
	0x08CA, 0x08CA, 0x08CA, 0x08CA, 0x08CA, 0x08CA, 0x08CA, 0x08CA, 0x08CA, 0x08CA, 0x08CA, 0x08CA, 0x08CA, 0x08CA, 0x08CA, 0x08CA, 
	0x08CA, 0x08CA, 0x08CA, 0x08CA, 0x08CA, 0x08CA, 0x08CA, 0x08CA, 0x08CA, 0x08CA, 0x08CA, 0x08CA, 0x08CA, 0x08CA, 0x08CA, 0x08CA, 
	0x08CA, 0x08CA, 0x08CA, 0x08CA, 0x08CA, 0x08CA, 0x08CA, 0x08CA, 0x08CA, 0x08CA, 0x08CA, 0x08CA, 0x08CA, 0x08CA, 0x08CA, 0x08CA, 
	0x08CA, 0x08CA, 0x08CA, 0x08CA, 0x08CA, 0x08CA, 0x08CA, 0x08CA, 0x08CA, 0x08CA, 0x08CA, 0x08CA, 0x08CA, 0x08CA, 0x08CA, 0x08CA, 
	0x08CA, 0x08CA, 0x08CA, 0x08CA, 0x08CA, 0x08CA, 0x08CA, 0x08CA, 0x08CA, 0x08CA, 0x08CA, 0x08CA, 0x08CA, 0x08CA, 0x08CA, 0x08CA, 
	0x08CA, 0x08CA, 0x08CA, 0x08CA, 0x08CA, 0x08CA, 0x08CA, 0x08CA, 0x08CA, 0x08CA, 0x08CA, 0x08CA, 0x08CA, 0x08CA, 0x08CA, 0x08CA, 
	0x08CA, 0x08CA, 0x08CA, 0x08CA, 0x08CA, 0x08CA, 0x08CA, 0x08CA, 0x08CA, 0x08CA, 0x08CA, 0x08CA, 0x08CA, 0x08CA, 0x08CA, 0x08CA, 
	0x08CA, 0x08CA, 0x08CA, 0x08CA, 0x08CA, 0x08CA, 0x08CA, 0x08CA, 0x08CA, 0x08CA, 0x08CA, 0x08CA, 0x08CA, 0x08CA, 0x08CA, 0x08CA, 
	0x08CA, 0x08CA, 0x08CA, 0x08CA, 0x08CA, 0x08CA, 0x08CA, 0x08CA, 0x08CA, 0x08CA, 0x08CA, 0x08CA, 0x08CA, 0x08CA, 0x08CA, 0x08CA, 
	0x08CA, 0x08CA, 0x08CA, 0x08CA, 0x08CA, 0x08CA, 0x08CA, 0x08CA, 0x08CA, 0x08CA, 0x08CA, 0x08CA, 0x08CA, 0x08CA, 0x08CA, 0x08CA, 
	0x08CA, 0x08CA, 0x08CA, 0x08CA, 0x08CA, 0x08CA, 0x08CA, 0x08CA, 0x08CA, 0x08CA, 0x08CA, 0x08CA, 0x08CA, 0x08CA, 0x08CA, 0x08CA, 
	0x08CA, 0x08CA, 0x08CA, 0x08CA, 0x08CA, 0x08CA, 0x08CA, 0x08CA, 0x08CA, 0x08CA, 0x08CA, 0x08CA, 0x08CA, 0x08CA, 0x08CA, 0x08CA, 
	0x08CA, 0x08CA, 0x08CA, 0x08CA, 0x08CA, 0x08CA, 0x08CA, 0x08CA, 0x08CA, 0x08CA, 0x08CA, 0x08CA, 0x08CA, 0x08CA, 0x08CA, 0x08CA, 
	0x08CA, 0x08CA, 0x08CA, 0x08CA, 0x08CA, 0x08CA, 0x08CA, 0x08CA, 0x08CA, 0x08CA, 0x08CA, 0x08CA, 0x08CA, 0x08CA, 0x08CA, 0x08CA, 
	0x08CA, 0x08CA, 0x08CA, 0x08CA, 0x08CA, 0x08CA, 0x08CA, 0x08CA, 0x08CA, 0x08CA, 0x08CA, 0x08CA, 0x08CA, 0x08CA, 0x08CA, 0x08CA, 
	0x08CA, 0x08CA, 0x08CA, 0x08CA, 0x08CA, 0x08CA, 0x08CA, 0x08CA, 0x08CA, 0x08CA, 0x08CA, 0x08CA, 0x08CA, 0x08CA, 0x08CA, 0x08CA, 
	0x08CA, 0x08CA, 0x08CA, 0x08CA, 0x08CA, 0x08CA, 0x08CA, 0x08CA, 0x08CA, 0x08CA, 0x08CA, 0x08CA, 0x08CA, 0x08CA, 0x08CA, 0x08CA, 
	0x08CA, 0x08CA, 0x08CA, 0x08CA, 0x08CA, 0x08CA, 0x08CA, 0x08CA, 0x08CA, 0x08CA, 0x08CA, 0x08CA, 0x08CA, 0x08CA, 0x08CA, 0x08CA, 
	0x08CA, 0x08CA, 0x08CA, 0x08CA, 0x08CA, 0x08CA, 0x08CA, 0x08CA, 0x08CA, 0x08CA, 0x08CA, 0x08CA, 0x08CA, 0x08CA, 0x08CA, 0x08CA, 
	0x08CA, 0x08CA, 0x08CA, 0x08CA, 0x08CA, 0x08CA, 0x08CA, 0x08CA, 0x08CA, 0x08CA, 0x08CA, 0x08CA, 0x08CA, 0x08CA, 0x08CA, 0x08CA, 
	0x08CA, 0x08CA, 0x08CA, 0x08CA, 0x08CA, 0x08CA, 0x08CA, 0x08CA, 0x08CA, 0x08CA, 0x08CA, 0x08CA, 0x08CA, 0x08CA, 0x08CA, 0x08CA, 
	0x08CA, 0x08CA, 0x08CA, 0x08CA, 0x08CA, 0x08CA, 0x08CA, 0x08CA, 0x08CA, 0x08CA, 0x08CA, 0x08CA, 0x08CA, 0x08CA, 0x08CA, 0x08CA, 
	0x08CA, 0x08CA, 0x08CA, 0x08CA, 0x08CA, 0x08CA, 0x08CA, 0x08CA, 0x08CA, 0x08CA, 0x08CA, 0x08CA, 0x08CA, 0x08CA, 0x08CA, 0x08CA, 
	0x08CA, 0x08CA, 0x08CA, 0x08CA, 0x08CA, 0x08CA, 0x08CA, 0x08CA, 0x08CA, 0x08CA, 0x08CA, 0x08CA, 0x08CA, 0x08CA, 0x08CA, 0x08CA, 
	0x08CA, 0x08CA, 0x08CA, 0x08CA, 0x08CA, 0x08CA, 0x08CA, 0x08CA, 0x08CA, 0x08CA, 0x08CA, 0x08CA, 0x08CA, 0x08CA, 0x08CA, 0x08CA, 
	0x08CA, 0x08CA, 0x08CA, 0x08CA, 0x08CA, 0x08CA, 0x08CA, 0x08CA, 0x08CA, 0x08CA, 0x08CA, 0x08CA, 0x08CA, 0x08CA, 0x08CA, 0x08CA, 
	0x08CA, 0x08CA, 0x08CA, 0x08CA, 0x08CA, 0x08CA, 0x08CA, 0x08CA, 0x08CA, 0x08CA, 0x08CA, 0x08CA, 0x08CA, 0x08CA, 0x08CA, 0x08CA, 
	0x08CA, 0x08CA, 0x08CA, 0x08CA, 0x08CA, 0x08CA, 0x08CA, 0x08CA, 0x08CA, 0x08CA, 0x08CA, 0x08CA, 0x08CA, 0x08CA, 0x08CA, 0x08CA, 
	0x08CA, 0x08CA, 0x08CA, 0x08CA, 0x08CA, 0x08CA, 0x08CA, 0x08CA, 0x08CA, 0x08CA, 0x08CA, 0x08CA, 0x08CA, 0x08CA, 0x08CA, 0x08CA, 
	0x08CA, 0x08CA, 0x08CA, 0x08CA, 0x08CA, 0x08CA, 0x08CA, 0x08CA, 0x08CA, 0x08CA, 0x08CA, 0x08CA, 0x08CA, 0x08CA, 0x08CA, 0x08CA, 
	0x08CA, 0x08CA, 0x08CA, 0x08CA, 0x08CA, 0x08CA, 0x08CA, 0x08CA, 0x08CA, 0x08CA, 0x08CA, 0x08CA, 0x08CA, 0x08CA, 0x08CA, 0x08CA, 
	0x08CA, 0x08CA, 0x08CA, 0x08CA, 0x08CA, 0x08CA, 0x08CA, 0x08CA, 0x08CA, 0x08CA, 0x08CA, 0x08CA, 0x08CA, 0x08CA, 0x08CA, 0x08CA, 
	0x08CA, 0x08CA, 0x08CA, 0x08CA, 0x08CA, 0x08CA, 0x08CA, 0x08CA, 0x08CA, 0x08CA, 0x08CA, 0x08CA, 0x08CA, 0x08CA, 0x08CA, 0x08CA, 
	0x08CA, 0x08CA, 0x08CA, 0x08CA, 0x08CA, 0x08CA, 0x08CA, 0x08CA, 0x08CA, 0x08CA, 0x08CA, 0x08CA, 0x08CA, 0x08CA, 0x08CA, 0x08CA, 
	0x08CA, 0x08CA, 0x08CA, 0x08CA, 0x08CA, 0x08CA, 0x08CA, 0x08CA, 0x08CA, 0x08CA, 0x08CA, 0x08CA, 0x08CA, 0x08CA, 0x08CA, 0x08CA, 
	0x08CA, 0x08CA, 0x08CA, 0x08CA, 0x08CA, 0x08CA, 0x08CA, 0x08CA, 0x08CA, 0x08CA, 0x08CA, 0x08CA, 0x08CA, 0x08CA, 0x08CA, 0x08CA, 
	0x08CA, 0x08CA, 0x08CA, 0x08CA, 0x08CA, 0x08CA, 0x08CA, 0x08CA, 0x08CA, 0x08CA, 0x08CA, 0x08CA, 0x08CA, 0x08CA, 0x08CA, 0x08CA, 
	0x08CA, 0x08CA, 0x08CA, 0x08CA, 0x08CA, 0x08CA, 0x08CA, 0x08CA, 0x08CA, 0x08CA, 0x08CA, 0x08CA, 0x08CA, 0x08CA, 0x08CA, 0x08CA, 
	0x08CA, 0x08CA, 0x08CA, 0x08CA, 0x08CA, 0x08CA, 0x08CA, 0x08CA, 0x08CA, 0x08CA, 0x08CA, 0x08CA, 0x08CA, 0x08CA, 0x08CA, 0x08CA, 
	0x08CA, 0x08CA, 0x08CA, 0x08CA, 0x08CA, 0x08CA, 0x08CA, 0x08CA, 0x08CA, 0x08CA, 0x08CA, 0x08CA, 0x08CA, 0x08CA, 0x08CA, 0x08CA, 
	0x08CA, 0x08CA, 0x08CA, 0x08CA, 0x08CA, 0x08CA, 0x08CA, 0x08CA, 0x08CA, 0x08CA, 0x08CA, 0x08CA, 0x08CA, 0x08CA, 0x08CA, 0x08CA, 
	0x08CA, 0x08CA, 0x08CA, 0x08CA, 0x08CA, 0x08CA, 0x08CA, 0x08CA, 0x08CA, 0x08CA, 0x08CA, 0x08CA, 0x08CA, 0x08CA, 0x08CA, 0x08CA, 
	0x08CA, 0x08CA, 0x08CA, 0x08CA, 0x08CA, 0x08CA, 0x08CA, 0x08CA, 0x08CA, 0x08CA, 0x08CA, 0x08CA, 0x08CA, 0x08CA, 0x08CA, 0x08CA, 
	0x08CA, 0x08CA, 0x08CA, 0x08CA, 0x08CA, 0x08CA, 0x08CA, 0x08CA, 0x08CA, 0x08CA, 0x08CA, 0x08CA, 0x08CA, 0x08CA, 0x08CA, 0x08CA, 
	0x08CA, 0x08CA, 0x08CA, 0x08CA, 0x08CA, 0x08CA, 0x08CA, 0x08CA, 0x08CA, 0x08CA, 0x08CA, 0x08CA, 0x08CA, 0x08CA, 0x08CA, 0x08CA, 
	0x08CA, 0x08CA, 0x08CA, 0x08CA, 0x08CA, 0x08CA, 0x08CA, 0x08CA, 0x08CA, 0x08CA, 0x08CA, 0x08CA, 0x08CA, 0x08CA, 0x08CA, 0x08CA, 
	0x08CA, 0x08CA, 0x08CA, 0x08CA, 0x08CA, 0x08CA, 0x08CA, 0x08CA, 0x08CA, 0x08CA, 0x08CA, 0x08CA, 0x08CA, 0x08CA, 0x08CA, 0x08CA, 
	0x08CA, 0x08CA, 0x08CA, 0x08CA, 0x08CA, 0x08CA, 0x08CA, 0x08CA, 0x08CA, 0x08CA, 0x08CA, 0x08CA, 0x08CA, 0x08CA, 0x08CA, 0x08CA, 
	0x08CA, 0x08CA, 0x08CA, 0x08CA, 0x08CA, 0x08CA, 0x08CA, 0x08CA, 0x08CA, 0x08CA, 0x08CA, 0x08CA, 0x08CA, 0x08CA, 0x08CA, 0x08CA, 
	0x08CA, 0x08CA, 0x08CA, 0x08CA, 0x08CA, 0x08CA, 0x08CA, 0x08CA, 0x08CA, 0x08CA, 0x08CA, 0x08CA, 0x08CA, 0x08CA, 0x08CA, 0x08CA, 
	0x08CA, 0x08CA, 0x08CA, 0x08CA, 0x08CA, 0x08CA, 0x08CA, 0x08CA, 0x08CA, 0x08CA, 0x08CA, 0x08CA, 0x08CA, 0x08CA, 0x08CA, 0x08CA, 
	0x08CA, 0x08CA, 0x08CA, 0x08CA, 0x08CA, 0x08CA, 0x08CA, 0x08CA, 0x08CA, 0x08CA, 0x08CA, 0x08CA, 0x08CA, 0x08CA, 0x08CA, 0x08CA, 
	0x08CA, 0x08CA, 0x08CA, 0x08CA, 0x08CA, 0x08CA, 0x08CA, 0x08CA, 0x08CA, 0x08CA, 0x08CA, 0x08CA, 0x08CA, 0x08CA, 0x08CA, 0x08CA, 
	0x08CA, 0x08CA, 0x08CA, 0x08CA, 0x08CA, 0x08CA, 0x08CA, 0x08CA, 0x08CA, 0x08CA, 0x08CA, 0x08CA, 0x08CA, 0x08CA, 0x08CA, 0x08CA, 
	0x08CA, 0x08CA, 0x08CA, 0x08CA, 0x08CA, 0x08CA, 0x08CA, 0x08CA, 0x08CA, 0x08CA, 0x08CA, 0x08CA, 0x08CA, 0x08CA, 0x08CA, 0x08CA, 
	0x08CA, 0x08CA, 0x08CA, 0x08CA, 0x08CA, 0x08CA, 0x08CA, 0x08CA, 0x08CA, 0x08CA, 0x08CA, 0x08CA, 0x08CA, 0x08CA, 0x08CA, 0x08CA, 
	0x08CA, 0x08CA, 0x08CA, 0x08CA, 0x08CA, 0x08CA, 0x08CA, 0x08CA, 0x08CA, 0x08CA, 0x08CA, 0x08CA, 0x08CA, 0x08CA, 0x08CA, 0x08CA, 
	0x08CA, 0x08CA, 0x08CA, 0x08CA, 0x08CA, 0x08CA, 0x08CA, 0x08CA, 0x08CA, 0x08CA, 0x08CA, 0x08CA, 0x08CA, 0x08CA, 0x08CA, 0x08CA, 
	0x08CA, 0x08CA, 0x08CA, 0x08CA, 0x08CA, 0x08CA, 0x08CA, 0x08CA, 0x08CA, 0x08CA, 0x08CA, 0x08CA, 0x08CA, 0x08CA, 0x08CA, 0x08CA, 
	0x08CA, 0x08CA, 0x08CA, 0x08CA, 0x08CA, 0x08CA, 0x08CA, 0x08CA, 0x08CA, 0x08CA, 0x08CA, 0x08CA, 0x08CA, 0x08CA, 0x08CA, 0x08CA, 
	0x08CA, 0x08CA, 0x08CA, 0x08CA, 0x08CA, 0x08CA, 0x08CA, 0x08CA, 0x08CA, 0x08CA, 0x08CA, 0x08CA, 0x08CA, 0x08CA, 0x08CA, 0x08CA, 
	0x08CA, 0x08CA, 0x08CA, 0x08CA, 0x08CA, 0x08CA, 0x08CA, 0x08CA, 0x08CA, 0x08CA, 0x08CA, 0x08CA, 0x08CA, 0x08CA, 0x08CA, 0x08CA, 
	0x08CA, 0x08CA, 0x08CA, 0x08CA, 0x08CA, 0x08CA, 0x08CA, 0x08CA, 0x08CA, 0x08CA, 0x08CA, 0x08CA, 0x08CA, 0x08CA, 0x08CA, 0x08CA, 
	0x08CA, 0x08CA, 0x08CA, 0x08CA, 0x08CA, 0x08CA, 0x08CA, 0x08CA, 0x08CA, 0x08CA, 0x08CA, 0x08CA, 0x08CA, 0x08CA, 0x08CA, 0x08CA, 
	0x08CA, 0x08CA, 0x08CA, 0x08CA, 0x08CA, 0x08CA, 0x08CA, 0x08CA, 0x08CA, 0x08CA, 0x08CA, 0x08CA, 0x08CA, 0x08CA, 0x08CA, 0x08CA, 
	0x08CA, 0x08CA, 0x08CA, 0x08CA, 0x08CA, 0x08CA, 0x08CA, 0x08CA, 0x08CA, 0x08CA, 0x08CA, 0x08CA, 0x08CA, 0x08CA, 0x08CA, 0x08CA, 
	0x08CA, 0x08CA, 0x08CA, 0x08CA, 0x08CA, 0x08CA, 0x08CA, 0x08CA, 0x08CA, 0x08CA, 0x08CA, 0x08CA, 0x08CA, 0x08CA, 0x08CA, 0x08CA, 
	0x08CA, 0x08CA, 0x08CA, 0x08CA, 0x08CA, 0x08CA, 0x08CA, 0x08CA, 0x08CA, 0x08CA, 0x08CA, 0x08CA, 0x08CA, 0x08CA, 0x08CA, 0x08CA, 
	0x08CA, 0x08CA, 0x08CA, 0x08CA, 0x08CA, 0x08CA, 0x08CA, 0x08CA, 0x08CA, 0x08CA, 0x08CA, 0x08CA, 0x08CA, 0x08CA, 0x08CA, 0x08CA, 
	0x08CA, 0x08CA, 0x08CA, 0x08CA, 0x08CA, 0x08CA, 0x08CA, 0x08CA, 0x08CA, 0x08CA, 0x08CA, 0x08CA, 0x08CA, 0x08CA, 0x08CA, 0x08CA, 
	0x08CA, 0x08CA, 0x08CA, 0x08CA, 0x08CA, 0x08CA, 0x08CA, 0x08CA, 0x08CA, 0x08CA, 0x08CA, 0x08CA, 0x08CA, 0x08CA, 0x08CA, 0x08CA, 
	0x08CA, 0x08CA, 0x08CA, 0x08CA, 0x08CA, 0x08CA, 0x08CA, 0x08CA, 0x08CA, 0x08CA, 0x08CA, 0x08CA, 0x08CA, 0x08CA, 0x08CA, 0x08CA, 
	0x08CA, 0x08CA, 0x08CA, 0x08CA, 0x08CA, 0x08CA, 0x08CA, 0x08CA, 0x08CA, 0x08CA, 0x08CA, 0x08CA, 0x08CA, 0x08CA, 0x08CA, 0x08CA, 
	0x08CA, 0x08CA, 0x08CA, 0x08CA, 0x08CA, 0x08CA, 0x08CA, 0x08CA, 0x08CA, 0x08CA, 0x08CA, 0x08CA, 0x08CA, 0x08CA, 0x08CA, 0x08CA, 
	0x08CA, 0x08CA, 0x08CA, 0x08CA, 0x08CA, 0x08CA, 0x08CA, 0x08CA, 0x08CA, 0x08CA, 0x08CA, 0x08CA, 0x08CA, 0x08CA, 0x08CA, 0x08CA, 
	0x08CA, 0x08CA, 0x08CA, 0x08CA, 0x08CA, 0x08CA, 0x08CA, 0x08CA, 0x08CA, 0x08CA, 0x08CA, 0x08CA, 0x08CA, 0x08CA, 0x08CA, 0x08CA, 
	0x08CA, 0x08CA, 0x08CA, 0x08CA, 0x08CA, 0x08CA, 0x08CA, 0x08CA, 0x08CA, 0x08CA, 0x08CA, 0x08CA, 0x08CA, 0x08CA, 0x08CA, 0x08CA, 
	0x08CA, 0x08CA, 0x08CA, 0x08CA, 0x08CA, 0x08CA, 0x08CA, 0x08CA, 0x08CA, 0x08CA, 0x08CA, 0x08CA, 0x08CA, 0x08CA, 0x08CA, 0x08CA, 
	0x08CA, 0x08CA, 0x08CA, 0x08CA, 0x08CA, 0x08CA, 0x08CA, 0x08CA, 0x08CA, 0x08CA, 0x08CA, 0x08CA, 0x08CA, 0x08CA, 0x08CA, 0x08CA, 
	0x08CA, 0x08CA, 0x08CA, 0x08CA, 0x08CA, 0x08CA, 0x08CA, 0x08CA, 0x08CA, 0x08CA, 0x08CA, 0x08CA, 0x08CA, 0x08CA, 0x08CA, 0x08CA, 
	0x08CA, 0x08CA, 0x08CA, 0x08CA, 0x08CA, 0x08CA, 0x08CA, 0x08CA, 0x08CA, 0x08CA, 0x08CA, 0x08CA, 0x08CA, 0x08CA, 0x08CA, 0x08CA, 
	0x08CA, 0x08CA, 0x08CA, 0x08CA, 0x08CA, 0x08CA, 0x08CA, 0x08CA, 0x08CA, 0x08CA, 0x08CA, 0x08CA, 0x08CA, 0x08CA, 0x08CA, 0x08CA, 
	0x08CA, 0x08CA, 0x08CA, 0x08CA, 0x08CA, 0x08CA, 0x08CA, 0x08CA, 0x08CA, 0x08CA, 0x08CA, 0x08CA, 0x08CA, 0x08CA, 0x08CA, 0x08CA, 
	0x08CA, 0x08CA, 0x08CA, 0x08CA, 0x08CA, 0x08CA, 0x08CA, 0x08CA, 0x08CA, 0x08CA, 0x08CA, 0x08CA, 0x08CA, 0x08CA, 0x08CA, 0x08CA, 
	0x08CA, 0x08CA, 0x08CA, 0x08CA, 0x08CA, 0x08CA, 0x08CA, 0x08CA, 0x08CA, 0x08CA, 0x08CA, 0x08CA, 0x08CA, 0x08CA, 0x08CA, 0x08CA, 
	0x08CA, 0x08CA, 0x08CA, 0x08CA, 0x08CA, 0x08CA, 0x08CA, 0x08CA, 0x08CA, 0x08CA, 0x08CA, 0x08CA, 0x08CA, 0x08CA, 0x08CA, 0x08CA, 
	0x08CA, 0x08CA, 0x08CA, 0x08CA, 0x08CA, 0x08CA, 0x08CA, 0x08CA, 0x08CA, 0x08CA, 0x08CA, 0x08CA, 0x08CA, 0x08CA, 0x08CA, 0x08CA, 
	0x08CA, 0x08CA, 0x08CA, 0x08CA, 0x08CA, 0x08CA, 0x08CA, 0x08CA, 0x08CA, 0x08CA, 0x08CA, 0x08CA, 0x08CA, 0x08CA, 0x08CA, 0x08CA, 
	0x08CA, 0x08CA, 0x08CA, 0x08CA, 0x08CA, 0x08CA, 0x08CA, 0x08CA, 0x08CA, 0x08CA, 0x08CA, 0x08CA, 0x08CA, 0x08CA, 0x08CA, 0x08CA, 
	0x08CA, 0x08CA, 0x08CA, 0x08CA, 0x08CA, 0x08CA, 0x08CA, 0x08CA, 0x08CA, 0x08CA, 0x08CA, 0x08CA, 0x08CA, 0x08CA, 0x08CA, 0x08CA, 
	0x08CA, 0x08CA, 0x08CA, 0x08CA, 0x08CA, 0x08CA, 0x08CA, 0x08CA, 0x08CA, 0x08CA, 0x08CA, 0x08CA, 0x08CA, 0x08CA, 0x08CA, 0x08CA, 
	0x08CA, 0x08CA, 0x08CA, 0x08CA, 0x08CA, 0x08CA, 0x08CA, 0x08CA, 0x08CA, 0x08CA, 0x08CA, 0x08CA, 0x08CA, 0x08CA, 0x08CA, 0x08CA, 
	0x08CA, 0x08CA, 0x08CA, 0x08CA, 0x08CA, 0x08CA, 0x08CA, 0x08CA, 0x08CA, 0x08CA, 0x08CA, 0x08CA, 0x08CA, 0x08CA, 0x08CA, 0x08CA, 
	0x08CA, 0x08CA, 0x08CA, 0x08CA, 0x08CA, 0x08CA, 0x08CA, 0x08CA, 0x08CA, 0x08CA, 0x08CA, 0x08CA, 0x08CA, 0x08CA, 0x08CA, 0x08CA, 
	0x08CA, 0x08CA, 0x08CA, 0x08CA, 0x08CA, 0x08CA, 0x08CA, 0x08CA, 0x08CA, 0x08CA, 0x08CA, 0x08CA, 0x08CA, 0x08CA, 0x08CA, 0x08CA, 
	0x08CA, 0x08CA, 0x08CA, 0x08CA, 0x08CA, 0x08CA, 0x08CA, 0x08CA, 0x08CA, 0x08CA, 0x08CA, 0x08CA, 0x08CA, 0x08CA, 0x08CA, 0x08CA, 
	0x08CA, 0x08CA, 0x08CA, 0x08CA, 0x08CA, 0x08CA, 0x08CA, 0x08CA, 0x08CA, 0x08CA, 0x08CA, 0x08CA, 0x08CA, 0x08CA, 0x08CA, 0x08CA, 
	0x08CA, 0x08CA, 0x08CA, 0x08CA, 0x08CA, 0x08CA, 0x08CA, 0x08CA, 0x08CA, 0x08CA, 0x08CA, 0x08CA, 0x08CA, 0x08CA, 0x08CA, 0x08CA, 
	0x08CA, 0x08CA, 0x08CA, 0x08CA, 0x08CA, 0x08CA, 0x08CA, 0x08CA, 0x08CA, 0x08CA, 0x08CA, 0x08CA, 0x08CA, 0x08CA, 0x08CA, 0x08CA, 
	0x08CA, 0x08CA, 0x08CA, 0x08CA, 0x08CA, 0x08CA, 0x08CA, 0x08CA, 0x08CA, 0x08CA, 0x08CA, 0x08CA, 0x08CA, 0x08CA, 0x08CA, 0x08CA, 
	0x08CA, 0x08CA, 0x08CA, 0x08CA, 0x08CA, 0x08CA, 0x08CA, 0x08CA, 0x08CA, 0x08CA, 0x08CA, 0x08CA, 0x08CA, 0x08CA, 0x08CA, 0x08CA, 
	0x08CA, 0x08CA, 0x08CA, 0x08CA, 0x08CA, 0x08CA, 0x08CA, 0x08CA, 0x08CA, 0x08CA, 0x08CA, 0x08CA, 0x08CA, 0x08CA, 0x08CA, 0x08CA, 
	0x08CA, 0x08CA, 0x08CA, 0x08CA, 0x08CA, 0x08CA, 0x08CA, 0x08CA, 0x08CA, 0x08CA, 0x08CA, 0x08CA, 0x08CA, 0x08CA, 0x08CA, 0x08CA, 
	0x08CA, 0x08CA, 0x08CA, 0x08CA, 0x08CA, 0x08CA, 0x08CA, 0x08CA, 0x08CA, 0x08CA, 0x08CA, 0x08CA, 0x08CA, 0x08CA, 0x08CA, 0x08CA, 
	0x08CA, 0x08CA, 0x08CA, 0x08CA, 0x08CA, 0x08CA, 0x08CA, 0x08CA, 0x08CA, 0x08CA, 0x08CA, 0x08CA, 0x08CA, 0x08CA, 0x08CA, 0x08CA, 
	0x08CA, 0x08CA, 0x08CA, 0x08CA, 0x08CA, 0x08CA, 0x08CA, 0x08CA, 0x08CA, 0x08CA, 0x08CA, 0x08CA, 0x08CA, 0x08CA, 0x08CA, 0x08CA, 
	0x08CA, 0x08CA, 0x08CA, 0x08CA, 0x08CA, 0x08CA, 0x08CA, 0x08CA, 0x08CA, 0x08CA, 0x08CA, 0x08CA, 0x08CA, 0x08CA, 0x08CA, 0x08CA, 
	0x08CA, 0x08CA, 0x08CA, 0x08CA, 0x08CA, 0x08CA, 0x08CA, 0x08CA, 0x08CA, 0x08CA, 0x08CA, 0x08CA, 0x08CA, 0x08CA, 0x08CA, 0x08CA, 
	0x08CA, 0x08CA, 0x08CA, 0x08CA, 0x08CA, 0x08CA, 0x08CA, 0x08CA, 0x08CA, 0x08CA, 0x08CA, 0x08CA, 0x08CA, 0x08CA, 0x08CA, 0x08CA, 
	0x08CA, 0x08CA, 0x08CA, 0x08CA, 0x08CA, 0x08CA, 0x08CA, 0x08CA, 0x08CA, 0x08CA, 0x08CA, 0x08CA, 0x08CA, 0x08CA, 0x08CA, 0x08CA, 
	0x08CA, 0x08CA, 0x08CA, 0x08CA, 0x08CA, 0x08CA, 0x08CA, 0x08CA, 0x08CA, 0x08CA, 0x08CA, 0x08CA, 0x08CA, 0x08CA, 0x08CA, 0x08CA, 
	0x08CA, 0x08CA, 0x08CA, 0x08CA, 0x08CA, 0x08CA, 0x08CA, 0x08CA, 0x08CA, 0x08CA, 0x08CA, 0x08CA, 0x08CA, 0x08CA, 0x08CA, 0x08CA, 
	0x08CA, 0x08CA, 0x08CA, 0x08CA, 0x08CA, 0x08CA, 0x08CA, 0x08CA, 0x08CA, 0x08CA, 0x08CA, 0x08CA, 0x08CA, 0x08CA, 0x08CA, 0x08CA, 
	0x08CA, 0x08CA, 0x08CA, 0x08CA, 0x08CA, 0x08CA, 0x08CA, 0x08CA, 0x08CA, 0x08CA, 0x08CA, 0x08CA, 0x08CA, 0x08CA, 0x08CA, 0x08CA, 
	0x08CA, 0x08CA, 0x08CA, 0x08CA, 0x08CA, 0x08CA, 0x08CA, 0x08CA, 0x08CA, 0x08CA, 0x08CA, 0x08CA, 0x08CA, 0x08CA, 0x08CA, 0x08CA, 
	0x08CA, 0x08CA, 0x08CA, 0x08CA, 0x08CA, 0x08CA, 0x08CA, 0x08CA, 0x08CA, 0x08CA, 0x08CA, 0x08CA, 0x08CA, 0x08CA, 0x08CA, 0x08CA, 
	0x08CA, 0x08CA, 0x08CA, 0x08CA, 0x08CA, 0x08CA, 0x08CA, 0x08CA, 0x08CA, 0x08CA, 0x08CA, 0x08CA, 0x08CA, 0x08CA, 0x08CA, 0x08CA, 
	0x08CA, 0x08CA, 0x08CA, 0x08CA, 0x08CA, 0x08CA, 0x08CA, 0x08CA, 0x08CA, 0x08CA, 0x08CA, 0x08CA, 0x08CA, 0x08CA, 0x08CA, 0x08CA, 
	0x08CA, 0x08CA, 0x08CA, 0x08CA, 0x08CA, 0x08CA, 0x08CA, 0x08CA, 0x08CA, 0x08CA, 0x08CA, 0x08CA, 0x08CA, 0x08CA, 0x08CA, 0x08CA, 
	0x08CA, 0x08CA, 0x08CA, 0x08CA, 0x08CA, 0x08CA, 0x08CA, 0x08CA, 0x08CA, 0x08CA, 0x08CA, 0x08CA, 0x08CA, 0x08CA, 0x08CA, 0x08CA, 
	0x08CA, 0x08CA, 0x08CA, 0x08CA, 0x08CA, 0x08CA, 0x08CA, 0x08CA, 0x08CA, 0x08CA, 0x08CA, 0x08CA, 0x08CA, 0x08CA, 0x08CA, 0x08CA, 
	0x08CA, 0x08CA, 0x08CA, 0x08CA, 0x08CA, 0x08CA, 0x08CA, 0x08CA, 0x08CA, 0x08CA, 0x08CA, 0x08CA, 0x08CA, 0x08CA, 0x08CA, 0x08CA, 
	0x08CA, 0x08CA, 0x08CA, 0x08CA, 0x08CA, 0x08CA, 0x08CA, 0x08CA, 0x08CA, 0x08CA, 0x08CA, 0x08CA, 0x08CA, 0x08CA, 0x08CA, 0x08CA, 
	0x08CA, 0x08CA, 0x08CA, 0x08CA, 0x08CA, 0x08CA, 0x08CA, 0x08CA, 0x08CA, 0x08CA, 0x08CA, 0x08CA, 0x08CA, 0x08CA, 0x08CA, 0x08CA, 
	0x08CA, 0x08CA, 0x08CA, 0x08CA, 0x08CA, 0x08CA, 0x08CA, 0x08CA, 0x08CA, 0x08CA, 0x08CA, 0x08CA, 0x08CA, 0x08CA, 0x08CA, 0x08CA, 
	0x08CA, 0x08CA, 0x08CA, 0x08CA, 0x08CA, 0x08CA, 0x08CA, 0x08CA, 0x08CA, 0x08CA, 0x08CA, 0x08CA, 0x08CA, 0x08CA, 0x08CA, 0x08CA, 
	0x08CA, 0x08CA, 0x08CA, 0x08CA, 0x08CA, 0x08CA, 0x08CA, 0x08CA, 0x08CA, 0x08CA, 0x08CA, 0x08CA, 0x08CA, 0x08CA, 0x08CA, 0x08CA, 
	0x08CA, 0x08CA, 0x08CA, 0x08CA, 0x08CA, 0x08CA, 0x08CA, 0x08CA, 0x08CA, 0x08CA, 0x08CA, 0x08CA, 0x08CA, 0x08CA, 0x08CA, 0x08CA, 
	0x08CA, 0x08CA, 0x08CA, 0x08CA, 0x08CA, 0x08CA, 0x08CA, 0x08CA, 0x08CA, 0x08CA, 0x08CA, 0x08CA, 0x08CA, 0x08CA, 0x08CA, 0x08CA, 
	0x08CA, 0x08CA, 0x08CA, 0x08CA, 0x08CA, 0x08CA, 0x08CA, 0x08CA, 0x08CA, 0x08CA, 0x08CA, 0x08CA, 0x08CA, 0x08CA, 0x08CA, 0x08CA, 
	0x08CA, 0x08CA, 0x08CA, 0x08CA, 0x08CA, 0x08CA, 0x08CA, 0x08CA, 0x08CA, 0x08CA, 0x08CA, 0x08CA, 0x08CA, 0x08CA, 0x08CA, 0x08CA, 
	0x08CA, 0x08CA, 0x08CA, 0x08CA, 0x08CA, 0x08CA, 0x08CA, 0x08CA, 0x08CA, 0x08CA, 0x08CA, 0x08CA, 0x08CA, 0x08CA, 0x08CA, 0x08CA, 
	0x08CA, 0x08CA, 0x08CA, 0x08CA, 0x08CA, 0x08CA, 0x08CA, 0x08CA, 0x08CA, 0x08CA, 0x08CA, 0x08CA, 0x08CA, 0x08CA, 0x08CA, 0x08CA, 
	0x08CA, 0x08CA, 0x08CA, 0x08CA, 0x08CA, 0x08CA, 0x08CA, 0x08CA, 0x08CA, 0x08CA, 0x08CA, 0x08CA, 0x08CA, 0x08CA, 0x08CA, 0x08CA, 
	0x08CA, 0x08CA, 0x08CA, 0x08CA, 0x08CA, 0x08CA, 0x08CA, 0x08CA, 0x08CA, 0x08CA, 0x08CA, 0x08CA, 0x08CA, 0x08CA, 0x08CA, 0x08CA, 
	0x08CA, 0x08CA, 0x08CA, 0x08CA, 0x08CA, 0x08CA, 0x08CA, 0x08CA, 0x08CA, 0x08CA, 0x08CA, 0x08CA, 0x08CA, 0x08CA, 0x08CA, 0x08CA, 
	0x08CA, 0x08CA, 0x08CA, 0x08CA, 0x08CA, 0x08CA, 0x08CA, 0x08CA, 0x08CA, 0x08CA, 0x08CA, 0x08CA, 0x08CA, 0x08CA, 0x08CA, 0x08CA, 
	0x08CA, 0x08CA, 0x08CA, 0x08CA, 0x08CA, 0x08CA, 0x08CA, 0x08CA, 0x08CA, 0x08CA, 0x08CA, 0x08CA, 0x08CA, 0x08CA, 0x08CA, 0x08CA, 
	0x08CA, 0x08CA, 0x08CA, 0x08CA, 0x08CA, 0x08CA, 0x08CA, 0x08CA, 0x08CA, 0x08CA, 0x08CA, 0x08CA, 0x08CA, 0x08CA, 0x08CA, 0x08CA, 
	0x08CA, 0x08CA, 0x08CA, 0x08CA, 0x08CA, 0x08CA, 0x08CA, 0x08CA, 0x08CA, 0x08CA, 0x08CA, 0x08CA, 0x08CA, 0x08CA, 0x08CA, 0x08CA, 
	0x08CA, 0x08CA, 0x08CA, 0x08CA, 0x08CA, 0x08CA, 0x08CA, 0x08CA, 0x08CA, 0x08CA, 0x08CA, 0x08CA, 0x08CA, 0x08CA, 0x08CA, 0x08CA, 
	0x08CA, 0x08CA, 0x08CA, 0x08CA, 0x08CA, 0x08CA, 0x08CA, 0x08CA, 0x08CA, 0x08CA, 0x08CA, 0x08CA, 0x08CA, 0x08CA, 0x08CA, 0x08CA, 
	0x08CA, 0x08CA, 0x08CA, 0x08CA, 0x08CA, 0x08CA, 0x08CA, 0x08CA, 0x08CA, 0x08CA, 0x08CA, 0x08CA, 0x08CA, 0x08CA, 0x08CA, 0x08CA, 
	0x08CA, 0x08CA, 0x08CA, 0x08CA, 0x08CA, 0x08CA, 0x08CA, 0x08CA, 0x08CA, 0x08CA, 0x08CA, 0x08CA, 0x08CA, 0x08CA, 0x08CA, 0x08CA, 
	0x08CA, 0x08CA, 0x08CA, 0x08CA, 0x08CA, 0x08CA, 0x08CA, 0x08CA, 0x08CA, 0x08CA, 0x08CA, 0x08CA, 0x08CA, 0x08CA, 0x08CA, 0x08CA, 
	0x08CA, 0x08CA, 0x08CA, 0x08CA, 0x08CA, 0x08CA, 0x08CA, 0x08CA, 0x08CA, 0x08CA, 0x08CA, 0x08CA, 0x08CA, 0x08CA, 0x08CA, 0x08CA, 
	0x08CA, 0x08CA, 0x08CA, 0x08CA, 0x08CA, 0x08CA, 0x08CA, 0x08CA, 0x08CA, 0x08CA, 0x08CA, 0x08CA, 0x08CA, 0x08CA, 0x08CA, 0x08CA, 
	0x08CA, 0x08CA, 0x08CA, 0x08CA, 0x08CA, 0x08CA, 0x08CA, 0x08CA, 0x08CA, 0x08CA, 0x08CA, 0x08CA, 0x08CA, 0x08CA, 0x08CA, 0x08CA, 
	0x08CA, 0x08CA, 0x08CA, 0x08CA, 0x08CA, 0x08CA, 0x08CA, 0x08CA, 0x08CA, 0x08CA, 0x08CA, 0x08CA, 0x08CA, 0x08CA, 0x08CA, 0x08CA, 
	0x08CA, 0x08CA, 0x08CA, 0x08CA, 0x08CA, 0x08CA, 0x08CA, 0x08CA, 0x08CA, 0x08CA, 0x08CA, 0x08CA, 0x08CA, 0x08CA, 0x08CA, 0x08CA, 
	0x08CA, 0x08CA, 0x08CA, 0x08CA, 0x08CA, 0x08CA, 0x08CA, 0x08CA, 0x08CA, 0x08CA, 0x08CA, 0x08CA, 0x08CA, 0x08CA, 0x08CA, 0x08CA, 
	0x08CA, 0x08CA, 0x08CA, 0x08CA, 0x08CA, 0x08CA, 0x08CA, 0x08CA, 0x08CA, 0x08CA, 0x08CA, 0x08CA, 0x08CA, 0x08CA, 0x08CA, 0x08CA, 
	0x08CA, 0x08CA, 0x08CA, 0x08CA, 0x08CA, 0x08CA, 0x08CA, 0x08CA, 0x08CA, 0x08CA, 0x08CA, 0x08CA, 0x08CA, 0x08CA, 0x08CA, 0x08CA, 
	0x08CA, 0x08CA, 0x08CA, 0x08CA, 0x08CA, 0x08CA, 0x08CA, 0x08CA, 0x08CA, 0x08CA, 0x08CA, 0x08CA, 0x08CA, 0x08CA, 0x08CA, 0x08CA, 
	0x08CA, 0x08CA, 0x08CA, 0x08CA, 0x08CA, 0x08CA, 0x08CA, 0x08CA, 0x08CA, 0x08CA, 0x08CA, 0x08CA, 0x08CA, 0x08CA, 0x08CA, 0x08CA, 
	0x08CA, 0x08CA, 0x08CA, 0x08CA, 0x08CA, 0x08CA, 0x08CA, 0x08CA, 0x08CA, 0x08CA, 0x08CA, 0x08CA, 0x08CA, 0x08CA, 0x08CA, 0x08CA, 
	0x08CA, 0x08CA, 0x08CA, 0x08CA, 0x08CA, 0x08CA, 0x08CA, 0x08CA, 0x08CA, 0x08CA, 0x08CA, 0x08CA, 0x08CA, 0x08CA, 0x08CA, 0x08CA, 
	0x08CA, 0x08CA, 0x08CA, 0x08CA, 0x08CA, 0x08CA, 0x08CA, 0x08CA, 0x08CA, 0x08CA, 0x08CA, 0x08CA, 0x08CA, 0x08CA, 0x08CA, 0x08CA, 
	0x08CA, 0x08CA, 0x08CA, 0x08CA, 0x08CA, 0x08CA, 0x08CA, 0x08CA, 0x08CA, 0x08CA, 0x08CA, 0x08CA, 0x08CA, 0x08CA, 0x08CA, 0x08CA, 
	0x08CA, 0x08CA, 0x08CA, 0x08CA, 0x08CA, 0x08CA, 0x08CA, 0x08CA, 0x08CA, 0x08CA, 0x08CA, 0x08CA, 0x08CA, 0x08CA, 0x08CA, 0x08CA, 
	0x08CA, 0x08CA, 0x08CA, 0x08CA, 0x08CA, 0x08CA, 0x08CA, 0x08CA, 0x08CA, 0x08CA, 0x08CA, 0x08CA, 0x08CA, 0x08CA, 0x08CA, 0x08CA, 
	0x08CA, 0x08CA, 0x08CA, 0x08CA, 0x08CA, 0x08CA, 0x08CA, 0x08CA, 0x08CA, 0x08CA, 0x08CA, 0x08CA, 0x08CA, 0x08CA, 0x08CA, 0x08CA, 
	0x08CA, 0x08CA, 0x08CA, 0x08CA, 0x08CA, 0x08CA, 0x08CA, 0x08CA, 0x08CA, 0x08CA, 0x08CA, 0x08CA, 0x08CA, 0x08CA, 0x08CA, 0x08CA, 
	0x08CA, 0x08CA, 0x08CA, 0x08CA, 0x08CA, 0x08CA, 0x08CA, 0x08CA, 0x08CA, 0x08CA, 0x08CA, 0x08CA, 0x08CA, 0x08CA, 0x08CA, 0x08CA, 
	0x08CA, 0x08CA, 0x08CA, 0x08CA, 0x08CA, 0x08CA, 0x08CA, 0x08CA, 0x08CA, 0x08CA, 0x08CA, 0x08CA, 0x08CA, 0x08CA, 0x08CA, 0x08CA, 
	0x08CA, 0x08CA, 0x08CA, 0x08CA, 0x08CA, 0x08CA, 0x08CA, 0x08CA, 0x08CA, 0x08CA, 0x08CA, 0x08CA, 0x08CA, 0x08CA, 0x08CA, 0x08CA, 
	0x08CA, 0x08CA, 0x08CA, 0x08CA, 0x08CA, 0x08CA, 0x08CA, 0x08CA, 0x08CA, 0x08CA, 0x08CA, 0x08CA, 0x08CA, 0x08CA, 0x08CA, 0x08CA, 
	0x08CA, 0x08CA, 0x08CA, 0x08CA, 0x08CA, 0x08CA, 0x08CA, 0x08CA, 0x08CA, 0x08CA, 0x08CA, 0x08CA, 0x08CA, 0x08CA, 0x08CA, 0x08CA, 
	0x08CA, 0x08CA, 0x08CA, 0x08CA, 0x08CA, 0x08CA, 0x08CA, 0x08CA, 0x08CA, 0x08CA, 0x08CA, 0x08CA, 0x08CA, 0x08CA, 0x08CA, 0x08CA, 
	0x08CA, 0x08CA, 0x08CA, 0x08CA, 0x08CA, 0x08CA, 0x08CA, 0x08CA, 0x08CA, 0x08CA, 0x08CA, 0x08CA, 0x08CA, 0x08CA, 0x08CA, 0x08CA, 
	0x08CA, 0x08CA, 0x08CA, 0x08CA, 0x08CA, 0x08CA, 0x08CA, 0x08CA, 0x08CA, 0x08CA, 0x08CA, 0x08CA, 0x08CA, 0x08CA, 0x08CA, 0x08CA, 
	0x08CA, 0x08CA, 0x08CA, 0x08CA, 0x08CA, 0x08CA, 0x08CA, 0x08CA, 0x08CA, 0x08CA, 0x08CA, 0x08CA, 0x08CA, 0x08CA, 0x08CA, 0x08CA, 
	0x08CA, 0x08CA, 0x08CA, 0x08CA, 0x08CA, 0x08CA, 0x08CA, 0x08CA, 0x08CA, 0x08CA, 0x08CA, 0x08CA, 0x08CA, 0x08CA, 0x08CA, 0x08CA, 
	0x08CA, 0x08CA, 0x08CA, 0x08CA, 0x08CA, 0x08CA, 0x08CA, 0x08CA, 0x08CA, 0x08CA, 0x08CA, 0x08CA, 0x08CA, 0x08CA, 0x08CA, 0x08CA, 
	0x08CA, 0x08CA, 0x08CA, 0x08CA, 0x08CA, 0x08CA, 0x08CA, 0x08CA, 0x08CA, 0x08CA, 0x08CA, 0x08CA, 0x08CA, 0x08CA, 0x08CA, 0x08CA, 
	0x08CA, 0x08CA, 0x08CA, 0x08CA, 0x08CA, 0x08CA, 0x08CA, 0x08CA, 0x08CA, 0x08CA, 0x08CA, 0x08CA, 0x08CA, 0x08CA, 0x08CA, 0x08CA, 
	0x08CA, 0x08CA, 0x08CA, 0x08CA, 0x08CA, 0x08CA, 0x08CA, 0x08CA, 0x08CA, 0x08CA, 0x08CA, 0x08CA, 0x08CA, 0x08CA, 0x08CA, 0x08CA, 
	0x08CA, 0x08CA, 0x08CA, 0x08CA, 0x08CA, 0x08CA, 0x08CA, 0x08CA, 0x08CA, 0x08CA, 0x08CA, 0x08CA, 0x08CA, 0x08CA, 0x08CA, 0x08CA, 
	0x08CA, 0x08CA, 0x08CA, 0x08CA, 0x08CA, 0x08CA, 0x08CA, 0x08CA, 0x08CA, 0x08CA, 0x08CA, 0x08CA, 0x08CA, 0x08CA, 0x08CA, 0x08CA, 
	0x08CA, 0x08CA, 0x08CA, 0x08CA, 0x08CA, 0x08CA, 0x08CA, 0x08CA, 0x08CA, 0x08CA, 0x08CA, 0x08CA, 0x08CA, 0x08CA, 0x08CA, 0x08CA, 
	0x08CA, 0x08CA, 0x08CA, 0x08CA, 0x08CA, 0x08CA, 0x08CA, 0x08CA, 0x08CA, 0x08CA, 0x08CA, 0x08CA, 0x08CA, 0x08CA, 0x08CA, 0x08CA, 
	0x08CA, 0x08CA, 0x08CA, 0x08CA, 0x08CA, 0x08CA, 0x08CA, 0x08CA, 0x08CA, 0x08CA, 0x08CA, 0x08CA, 0x08CA, 0x08CA, 0x08CA, 0x08CA, 
	0x08CA, 0x08CA, 0x08CA, 0x08CA, 0x08CA, 0x08CA, 0x08CA, 0x08CA, 0x08CA, 0x08CA, 0x08CA, 0x08CA, 0x08CA, 0x08CA, 0x08CA, 0x08CA, 
	0x08CA, 0x08CA, 0x08CA, 0x08CA, 0x08CA, 0x08CA, 0x08CA, 0x08CA, 0x08CA, 0x08CA, 0x08CA, 0x08CA, 0x08CA, 0x08CA, 0x08CA, 0x08CA, 
	0x08CA, 0x08CA, 0x08CA, 0x08CA, 0x08CA, 0x08CA, 0x08CA, 0x08CA, 0x08CA, 0x08CA, 0x08CA, 0x08CA, 0x08CA, 0x08CA, 0x08CA, 0x08CA, 
	0x08CA, 0x08CA, 0x08CA, 0x08CA, 0x08CA, 0x08CA, 0x08CA, 0x08CA, 0x08CA, 0x08CA, 0x08CA, 0x08CA, 0x08CA, 0x08CA, 0x08CA, 0x08CA, 
	0x08CA, 0x08CA, 0x08CA, 0x08CA, 0x08CA, 0x08CA, 0x08CA, 0x08CA, 0x08CA, 0x08CA, 0x08CA, 0x08CA, 0x08CA, 0x08CA, 0x08CA, 0x08CA, 
	0x08CA, 0x08CA, 0x08CA, 0x08CA, 0x08CA, 0x08CA, 0x08CA, 0x08CA, 0x08CA, 0x08CA, 0x08CA, 0x08CA, 0x08CA, 0x08CA, 0x08CA, 0x08CA, 
	0x08CA, 0x08CA, 0x08CA, 0x08CA, 0x08CA, 0x08CA, 0x08CA, 0x08CA, 0x08CA, 0x08CA, 0x08CA, 0x08CA, 0x08CA, 0x08CA, 0x08CA, 0x08CA, 
	0x08CA, 0x08CA, 0x08CA, 0x08CA, 0x08CA, 0x08CA, 0x08CA, 0x08CA, 0x08CA, 0x08CA, 0x08CA, 0x08CA, 0x08CA, 0x08CA, 0x08CA, 0x08CA, 
	0x08CA, 0x08CA, 0x08CA, 0x08CA, 0x08CA, 0x08CA, 0x08CA, 0x08CA, 0x08CA, 0x08CA, 0x08CA, 0x08CA, 0x08CA, 0x08CA, 0x08CA, 0x08CA, 
	0x08CA, 0x08CA, 0x08CA, 0x08CA, 0x08CA, 0x08CA, 0x08CA, 0x08CA, 0x08CA, 0x08CA, 0x08CA, 0x08CA, 0x08CA, 0x08CA, 0x08CA, 0x08CA, 
	0x08CA, 0x08CA, 0x08CA, 0x08CA, 0x08CA, 0x08CA, 0x08CA, 0x08CA, 0x08CA, 0x08CA, 0x08CA, 0x08CA, 0x08CA, 0x08CA, 0x08CA, 0x08CA, 
	0x08CA, 0x08CA, 0x08CA, 0x08CA, 0x08CA, 0x08CA, 0x08CA, 0x08CA, 0x08CA, 0x08CA, 0x08CA, 0x08CA, 0x08CA, 0x08CA, 0x08CA, 0x08CA, 
	0x08CA, 0x08CA, 0x08CA, 0x08CA, 0x08CA, 0x08CA, 0x08CA, 0x08CA, 0x08CA, 0x08CA, 0x08CA, 0x08CA, 0x08CA, 0x08CA, 0x08CA, 0x08CA, 
	0x08CA, 0x08CA, 0x08CA, 0x08CA, 0x08CA, 0x08CA, 0x08CA, 0x08CA, 0x08CA, 0x08CA, 0x08CA, 0x08CA, 0x08CA, 0x08CA, 0x08CA, 0x08CA, 
	0x08CA, 0x08CA, 0x08CA, 0x08CA, 0x08CA, 0x08CA, 0x08CA, 0x08CA, 0x08CA, 0x08CA, 0x08CA, 0x08CA, 0x08CA, 0x08CA, 0x08CA, 0x08CA, 
	0x08CA, 0x08CA, 0x08CA, 0x08CA, 0x08CA, 0x08CA, 0x08CA, 0x08CA, 0x08CA, 0x08CA, 0x08CA, 0x08CA, 0x08CA, 0x08CA, 0x08CA, 0x08CA, 
	0x08CA, 0x08CA, 0x08CA, 0x08CA, 0x08CA, 0x08CA, 0x08CA, 0x08CA, 0x08CA, 0x08CA, 0x08CA, 0x08CA, 0x08CA, 0x08CA, 0x08CA, 0x08CA, 
	0x08CA, 0x08CA, 0x08CA, 0x08CA, 0x08CA, 0x08CA, 0x08CA, 0x08CA, 0x08CA, 0x08CA, 0x08CA, 0x08CA, 0x08CA, 0x08CA, 0x08CA, 0x08CA, 
	0x08CA, 0x08CA, 0x08CA, 0x08CA, 0x08CA, 0x08CA, 0x08CA, 0x08CA, 0x08CA, 0x08CA, 0x08CA, 0x08CA, 0x08CA, 0x08CA, 0x08CA, 0x08CA, 
	0x08CA, 0x08CA, 0x08CA, 0x08CA, 0x08CA, 0x08CA, 0x08CA, 0x08CA, 0x08CA, 0x08CA, 0x08CA, 0x08CA, 0x08CA, 0x08CA, 0x08CA, 0x08CA, 
	0x08CA, 0x08CA, 0x08CA, 0x08CA, 0x08CA, 0x08CA, 0x08CA, 0x08CA, 0x08CA, 0x08CA, 0x08CA, 0x08CA, 0x08CA, 0x08CA, 0x08CA, 0x08CA, 
	0x08CA, 0x08CA, 0x08CA, 0x08CA, 0x08CA, 0x08CA, 0x08CA, 0x08CA, 0x08CA, 0x08CA, 0x08CA, 0x08CA, 0x08CA, 0x08CA, 0x08CA, 0x08CA, 
	0x08CA, 0x08CA, 0x08CA, 0x08CA, 0x08CA, 0x08CA, 0x08CA, 0x08CA, 0x08CA, 0x08CA, 0x08CA, 0x08CA, 0x08CA, 0x08CA, 0x08CA, 0x08CA, 
	0x08CA, 0x08CA, 0x08CA, 0x08CA, 0x08CA, 0x08CA, 0x08CA, 0x08CA, 0x08CA, 0x08CA, 0x08CA, 0x08CA, 0x08CA, 0x08CA, 0x08CA, 0x08CA, 
	0x08CA, 0x08CA, 0x08CA, 0x08CA, 0x08CA, 0x08CA, 0x08CA, 0x08CA, 0x08CA, 0x08CA, 0x08CA, 0x08CA, 0x08CA, 0x08CA, 0x08CA, 0x08CA, 
	0x08CA, 0x08CA, 0x08CA, 0x08CA, 0x08CA, 0x08CA, 0x08CA, 0x08CA, 0x08CA, 0x08CA, 0x08CA, 0x08CA, 0x08CA, 0x08CA, 0x08CA, 0x08CA, 
	0x08CA, 0x08CA, 0x08CA, 0x08CA, 0x08CA, 0x08CA, 0x08CA, 0x08CA, 0x08CA, 0x08CA, 0x08CA, 0x08CA, 0x08CA, 0x08CA, 0x08CA, 0x08CA, 
	0x08CA, 0x08CA, 0x08CA, 0x08CA, 0x08CA, 0x08CA, 0x08CA, 0x08CA, 0x08CA, 0x08CA, 0x08CA, 0x08CA, 0x08CA, 0x08CA, 0x08CA, 0x08CA, 
	0x08CA, 0x08CA, 0x08CA, 0x08CA, 0x08CA, 0x08CA, 0x08CA, 0x08CA, 0x08CA, 0x08CA, 0x08CA, 0x08CA, 0x08CA, 0x08CA, 0x08CA, 0x08CA, 
	0x08CA, 0x08CA, 0x08CA, 0x08CA, 0x08CA, 0x08CA, 0x08CA, 0x08CA, 0x08CA, 0x08CA, 0x08CA, 0x08CA, 0x08CA, 0x08CA, 0x08CA, 0x08CA, 
	0x08CA, 0x08CA, 0x08CA, 0x08CA, 0x08CA, 0x08CA, 0x08CA, 0x08CA, 0x08CA, 0x08CA, 0x08CA, 0x08CA, 0x08CA, 0x08CA, 0x08CA, 0x08CA, 
	0x08CA, 0x08CA, 0x08CA, 0x08CA, 0x08CA, 0x08CA, 0x08CA, 0x08CA, 0x08CA, 0x08CA, 0x08CA, 0x08CA, 0x08CA, 0x08CA, 0x08CA, 0x08CA, 
	0x08CA, 0x08CA, 0x08CA, 0x08CA, 0x08CA, 0x08CA, 0x08CA, 0x08CA, 0x08CA, 0x08CA, 0x08CA, 0x08CA, 0x08CA, 0x08CA, 0x08CA, 0x08CA, 
	0x08CA, 0x08CA, 0x08CA, 0x08CA, 0x08CA, 0x08CA, 0x08CA, 0x08CA, 0x08CA, 0x08CA, 0x08CA, 0x08CA, 0x08CA, 0x08CA, 0x08CA, 0x08CA, 
	0x08CA, 0x08CA, 0x08CA, 0x08CA, 0x08CA, 0x08CA, 0x08CA, 0x08CA, 0x08CA, 0x08CA, 0x08CA, 0x08CA, 0x08CA, 0x08CA, 0x08CA, 0x08CA, 
	0x08CA, 0x08CA, 0x08CA, 0x08CA, 0x08CA, 0x08CA, 0x08CA, 0x08CA, 0x08CA, 0x08CA, 0x08CA, 0x08CA, 0x08CA, 0x08CA, 0x08CA, 0x08CA, 
	0x08CA, 0x08CA, 0x08CA, 0x08CA, 0x08CA, 0x08CA, 0x08CA, 0x08CA, 0x08CA, 0x08CA, 0x08CA, 0x08CA, 0x08CA, 0x08CA, 0x08CA, 0x08CA, 
	0x08CA, 0x08CA, 0x08CA, 0x08CA, 0x08CA, 0x08CA, 0x08CA, 0x08CA, 0x08CA, 0x08CA, 0x08CA, 0x08CA, 0x08CA, 0x08CA, 0x08CA, 0x08CA, 
	0x08CA, 0x08CA, 0x08CA, 0x08CA, 0x08CA, 0x08CA, 0x08CA, 0x08CA, 0x08CA, 0x08CA, 0x08CA, 0x08CA, 0x08CA, 0x08CA, 0x08CA, 0x08CA, 
	0x08CA, 0x08CA, 0x08CA, 0x08CA, 0x08CA, 0x08CA, 0x08CA, 0x08CA, 0x08CA, 0x08CA, 0x08CA, 0x08CA, 0x08CA, 0x08CA, 0x08CA, 0x08CA, 
	0x08CA, 0x08CA, 0x08CA, 0x08CA, 0x08CA, 0x08CA, 0x08CA, 0x08CA, 0x08CA, 0x08CA, 0x08CA, 0x08CA, 0x08CA, 0x08CA, 0x08CA, 0x08CA, 
	0x08CA, 0x08CA, 0x08CA, 0x08CA, 0x08CA, 0x08CA, 0x08CA, 0x08CA, 0x08CA, 0x08CA, 0x08CA, 0x08CA, 0x08CA, 0x08CA, 0x08CA, 0x08CA, 
	0x08CA, 0x08CA, 0x08CA, 0x08CA, 0x08CA, 0x08CA, 0x08CA, 0x08CA, 0x08CA, 0x08CA, 0x08CA, 0x08CA, 0x08CA, 0x08CA, 0x08CA, 0x08CA, 
	0x08CA, 0x08CA, 0x08CA, 0x08CA, 0x08CA, 0x08CA, 0x08CA, 0x08CA, 0x08CA, 0x08CA, 0x08CA, 0x08CA, 0x08CA, 0x08CA, 0x08CA, 0x08CA, 
	0x08CA, 0x08CA, 0x08CA, 0x08CA, 0x08CA, 0x08CA, 0x08CA, 0x08CA, 0x08CA, 0x08CA, 0x08CA, 0x08CA, 0x08CA, 0x08CA, 0x08CA, 0x08CA, 
	0x08CA, 0x08CA, 0x08CA, 0x08CA, 0x08CA, 0x08CA, 0x08CA, 0x08CA, 0x08CA, 0x08CA, 0x08CA, 0x08CA, 0x08CA, 0x08CA, 0x08CA, 0x08CA, 
	0x08CA, 0x08CA, 0x08CA, 0x08CA, 0x08CA, 0x08CA, 0x08CA, 0x08CA, 0x08CA, 0x08CA, 0x08CA, 0x08CA, 0x08CA, 0x08CA, 0x08CA, 0x08CA, 
	0x08CA, 0x08CA, 0x08CA, 0x08CA, 0x08CA, 0x08CA, 0x08CA, 0x08CA, 0x08CA, 0x08CA, 0x08CA, 0x08CA, 0x08CA, 0x08CA, 0x08CA, 0x08CA, 
	0x08CA, 0x08CA, 0x08CA, 0x08CA, 0x08CA, 0x08CA, 0x08CA, 0x08CA, 0x08CA, 0x08CA, 0x08CA, 0x08CA, 0x08CA, 0x08CA, 0x08CA, 0x08CA, 
	0x08CA, 0x08CA, 0x08CA, 0x08CA, 0x08CA, 0x08CA, 0x08CA, 0x08CA, 0x08CA, 0x08CA, 0x08CA, 0x08CA, 0x08CA, 0x08CA, 0x08CA, 0x08CA, 
	0x08CA, 0x08CA, 0x08CA, 0x08CA, 0x08CA, 0x08CA, 0x08CA, 0x08CA, 0x08CA, 0x08CA, 0x08CA, 0x08CA, 0x08CA, 0x08CA, 0x08CA, 0x08CA, 
	0x08CA, 0x08CA, 0x08CA, 0x08CA, 0x08CA, 0x08CA, 0x08CA, 0x08CA, 0x08CA, 0x08CA, 0x08CA, 0x08CA, 0x08CA, 0x08CA, 0x08CA, 0x08CA, 
	0x08CA, 0x08CA, 0x08CA, 0x08CA, 0x08CA, 0x08CA, 0x08CA, 0x08CA, 0x08CA, 0x08CA, 0x08CA, 0x08CA, 0x08CA, 0x08CA, 0x08CA, 0x08CA, 
	0x08CA, 0x08CA, 0x08CA, 0x08CA, 0x08CA, 0x08CA, 0x08CA, 0x08CA, 0x08CA, 0x08CA, 0x08CA, 0x08CA, 0x08CA, 0x08CA, 0x08CA, 0x08CA, 
	0x08CA, 0x08CA, 0x08CA, 0x08CA, 0x08CA, 0x08CA, 0x08CA, 0x08CA, 0x08CA, 0x08CA, 0x08CA, 0x08CA, 0x08CA, 0x08CA, 0x08CA, 0x08CA, 
	0x08CA, 0x08CA, 0x08CA, 0x08CA, 0x08CA, 0x08CA, 0x08CA, 0x08CA, 0x08CA, 0x08CA, 0x08CA, 0x08CA, 0x08CA, 0x08CA, 0x08CA, 0x08CA, 
	0x08CA, 0x08CA, 0x08CA, 0x08CA, 0x08CA, 0x08CA, 0x08CA, 0x08CA, 0x08CA, 0x08CA, 0x08CA, 0x08CA, 0x08CA, 0x08CA, 0x08CA, 0x08CA, 
	0x08CA, 0x08CA, 0x08CA, 0x08CA, 0x08CA, 0x08CA, 0x08CA, 0x08CA, 0x08CA, 0x08CA, 0x08CA, 0x08CA, 0x08CA, 0x08CA, 0x08CA, 0x08CA, 
	0x08CA, 0x08CA, 0x08CA, 0x08CA, 0x08CA, 0x08CA, 0x08CA, 0x08CA, 0x08CA, 0x08CA, 0x08CA, 0x08CA, 0x08CA, 0x08CA, 0x08CA, 0x08CA, 
	0x08CA, 0x08CA, 0x08CA, 0x08CA, 0x08CA, 0x08CA, 0x08CA, 0x08CA, 0x08CA, 0x08CA, 0x08CA, 0x08CA, 0x08CA, 0x08CA, 0x08CA, 0x08CA, 
	0x08CA, 0x08CA, 0x08CA, 0x08CA, 0x08CA, 0x08CA, 0x08CA, 0x08CA, 0x08CA, 0x08CA, 0x08CA, 0x08CA, 0x08CA, 0x08CA, 0x08CA, 0x08CA, 
	0x08CA, 0x08CA, 0x08CA, 0x08CA, 0x08CA, 0x08CA, 0x08CA, 0x08CA, 0x08CA, 0x08CA, 0x08CA, 0x08CA, 0x08CA, 0x08CA, 0x08CA, 0x08CA, 
	0x08CA, 0x08CA, 0x08CA, 0x08CA, 0x08CA, 0x08CA, 0x08CA, 0x08CA, 0x08CA, 0x08CA, 0x08CA, 0x08CA, 0x08CA, 0x08CA, 0x08CA, 0x08CA, 
	0x08CA, 0x08CA, 0x08CA, 0x08CA, 0x08CA, 0x08CA, 0x08CA, 0x08CA, 0x08CA, 0x08CA, 0x08CA, 0x08CA, 0x08CA, 0x08CA, 0x08CA, 0x08CA, 
	0x08CA, 0x08CA, 0x08CA, 0x08CA, 0x08CA, 0x08CA, 0x08CA, 0x08CA, 0x08CA, 0x08CA, 0x08CA, 0x08CA, 0x08CA, 0x08CA, 0x08CA, 0x08CA, 
	0x08CA, 0x08CA, 0x08CA, 0x08CA, 0x08CA, 0x08CA, 0x08CA, 0x08CA, 0x08CA, 0x08CA, 0x08CA, 0x08CA, 0x08CA, 0x08CA, 0x08CA, 0x08CA, 
	0x08CA, 0x08CA, 0x08CA, 0x08CA, 0x08CA, 0x08CA, 0x08CA, 0x08CA, 0x08CA, 0x08CA, 0x08CA, 0x08CA, 0x08CA, 0x08CA, 0x08CA, 0x08CA, 
	0x08CA, 0x08CA, 0x08CA, 0x08CA, 0x08CA, 0x08CA, 0x08CA, 0x08CA, 0x08CA, 0x08CA, 0x08CA, 0x08CA, 0x08CA, 0x08CA, 0x08CA, 0x08CA, 
	0x08CA, 0x08CA, 0x08CA, 0x08CA, 0x08CA, 0x08CA, 0x08CA, 0x08CA, 0x08CA, 0x08CA, 0x08CA, 0x08CA, 0x08CA, 0x08CA, 0x08CA, 0x08CA, 
	0x08CA, 0x08CA, 0x08CA, 0x08CA, 0x08CA, 0x08CA, 0x08CA, 0x08CA, 0x08CA, 0x08CA, 0x08CA, 0x08CA, 0x08CA, 0x08CA, 0x08CA, 0x08CA, 
	0x08CA, 0x08CA, 0x08CA, 0x08CA, 0x08CA, 0x08CA, 0x08CA, 0x08CA, 0x08CA, 0x08CA, 0x08CA, 0x08CA, 0x08CA, 0x08CA, 0x08CA, 0x08CA, 
	0x08CA, 0x08CA, 0x08CA, 0x08CA, 0x08CA, 0x08CA, 0x08CA, 0x08CA, 0x08CA, 0x08CA, 0x08CA, 0x08CA, 0x08CA, 0x08CA, 0x08CA, 0x08CA, 
	0x08CA, 0x08CA, 0x08CA, 0x08CA, 0x08CA, 0x08CA, 0x08CA, 0x08CA, 0x08CA, 0x08CA, 0x08CA, 0x08CA, 0x08CA, 0x08CA, 0x08CA, 0x08CA, 
	0x08CA, 0x08CA, 0x08CA, 0x08CA, 0x08CA, 0x08CA, 0x08CA, 0x08CA, 0x08CA, 0x08CA, 0x08CA, 0x08CA, 0x08CA, 0x08CA, 0x08CA, 0x08CA, 
	0x08CA, 0x08CA, 0x08CA, 0x08CA, 0x08CA, 0x08CA, 0x08CA, 0x08CA, 0x08CA, 0x08CA, 0x08CA, 0x08CA, 0x08CA, 0x08CA, 0x08CA, 0x08CA, 
	0x08CA, 0x08CA, 0x08CA, 0x08CA, 0x08CA, 0x08CA, 0x08CA, 0x08CA, 0x08CA, 0x08CA, 0x08CA, 0x08CA, 0x08CA, 0x08CA, 0x08CA, 0x08CA, 
	0x08CA, 0x08CA, 0x08CA, 0x08CA, 0x08CA, 0x08CA, 0x08CA, 0x08CA, 0x08CA, 0x08CA, 0x08CA, 0x08CA, 0x08CA, 0x08CA, 0x08CA, 0x08CA, 
	0x08CA, 0x08CA, 0x08CA, 0x08CA, 0x08CA, 0x08CA, 0x08CA, 0x08CA, 0x08CA, 0x08CA, 0x08CA, 0x08CA, 0x08CA, 0x08CA, 0x08CA, 0x08CA, 
	0x08CA, 0x08CA, 0x08CA, 0x08CA, 0x08CA, 0x08CA, 0x08CA, 0x08CA, 0x08CA, 0x08CA, 0x08CA, 0x08CA, 0x08CA, 0x08CA, 0x08CA, 0x08CA, 
	0x08CA, 0x08CA, 0x08CA, 0x08CA, 0x08CA, 0x08CA, 0x08CA, 0x08CA, 0x08CA, 0x08CA, 0x08CA, 0x08CA, 0x08CA, 0x08CA, 0x08CA, 0x08CA, 
	0x08CA, 0x08CA, 0x08CA, 0x08CA, 0x08CA, 0x08CA, 0x08CA, 0x08CA, 0x08CA, 0x08CA, 0x08CA, 0x08CA, 0x08CA, 0x08CA, 0x08CA, 0x08CA, 
	0x08CA, 0x08CA, 0x08CA, 0x08CA, 0x08CA, 0x08CA, 0x08CA, 0x08CA, 0x08CA, 0x08CA, 0x08CA, 0x08CA, 0x08CA, 0x08CA, 0x08CA, 0x08CA, 
	0x08CA, 0x08CA, 0x08CA, 0x08CA, 0x08CA, 0x08CA, 0x08CA, 0x08CA, 0x08CA, 0x08CA, 0x08CA, 0x08CA, 0x08CA, 0x08CA, 0x08CA, 0x08CA, 
	0x08CA, 0x08CA, 0x08CA, 0x08CA, 0x08CA, 0x08CA, 0x08CA, 0x08CA, 0x08CA, 0x08CA, 0x08CA, 0x08CA, 0x08CA, 0x08CA, 0x08CA, 0x08CA, 
	0x08CA, 0x08CA, 0x08CA, 0x08CA, 0x08CA, 0x08CA, 0x08CA, 0x08CA, 0x08CA, 0x08CA, 0x08CA, 0x08CA, 0x08CA, 0x08CA, 0x08CA, 0x08CA, 
	0x08CA, 0x08CA, 0x08CA, 0x08CA, 0x08CA, 0x08CA, 0x08CA, 0x08CA, 0x08CA, 0x08CA, 0x08CA, 0x08CA, 0x08CA, 0x08CA, 0x08CA, 0x08CA, 
	0x08CA, 0x08CA, 0x08CA, 0x08CA, 0x08CA, 0x08CA, 0x08CA, 0x08CA, 0x08CA, 0x08CA, 0x08CA, 0x08CA, 0x08CA, 0x08CA, 0x08CA, 0x08CA, 
	0x08CA, 0x08CA, 0x08CA, 0x08CA, 0x08CA, 0x08CA, 0x08CA, 0x08CA, 0x08CA, 0x08CA, 0x08CA, 0x08CA, 0x08CA, 0x08CA, 0x08CA, 0x08CA, 
	0x08CA, 0x08CA, 0x08CA, 0x08CA, 0x08CA, 0x08CA, 0x08CA, 0x08CA, 0x08CA, 0x08CA, 0x08CA, 0x08CA, 0x08CA, 0x08CA, 0x08CA, 0x08CA, 
	0x08CA, 0x08CA, 0x08CA, 0x08CA, 0x08CA, 0x08CA, 0x08CA, 0x08CA, 0x08CA, 0x08CA, 0x08CA, 0x08CA, 0x08CA, 0x08CA, 0x08CA, 0x08CA, 
	0x08CA, 0x08CA, 0x08CA, 0x08CA, 0x08CA, 0x08CA, 0x08CA, 0x08CA, 0x08CA, 0x08CA, 0x08CA, 0x08CA, 0x08CA, 0x08CA, 0x08CA, 0x08CA, 
	0x08CA, 0x08CA, 0x08CA, 0x08CA, 0x08CA, 0x08CA, 0x08CA, 0x08CA, 0x08CA, 0x08CA, 0x08CA, 0x08CA, 0x08CA, 0x08CA, 0x08CA, 0x08CA, 
	0x08CA, 0x08CA, 0x08CA, 0x08CA, 0x08CA, 0x08CA, 0x08CA, 0x08CA, 0x08CA, 0x08CA, 0x08CA, 0x08CA, 0x08CA, 0x08CA, 0x08CA, 0x08CA, 
	0x08CA, 0x08CA, 0x08CA, 0x08CA, 0x08CA, 0x08CA, 0x08CA, 0x08CA, 0x08CA, 0x08CA, 0x08CA, 0x08CA, 0x08CA, 0x08CA, 0x08CA, 0x08CA, 
	0x08CA, 0x08CA, 0x08CA, 0x08CA, 0x08CA, 0x08CA, 0x08CA, 0x08CA, 0x08CA, 0x08CA, 0x08CA, 0x08CA, 0x08CA, 0x08CA, 0x08CA, 0x08CA, 
	0x08CA, 0x08CA, 0x08CA, 0x08CA, 0x08CA, 0x08CA, 0x08CA, 0x08CA, 0x08CA, 0x08CA, 0x08CA, 0x08CA, 0x08CA, 0x08CA, 0x08CA, 0x08CA, 
	0x08CA, 0x08CA, 0x08CA, 0x08CA, 0x08CA, 0x08CA, 0x08CA, 0x08CA, 0x08CA, 0x08CA, 0x08CA, 0x08CA, 0x08CA, 0x08CA, 0x08CA, 0x08CA, 
	0x08CA, 0x08CA, 0x08CA, 0x08CA, 0x08CA, 0x08CA, 0x08CA, 0x08CA, 0x08CA, 0x08CA, 0x08CA, 0x08CA, 0x08CA, 0x08CA, 0x08CA, 0x08CA, 
	0x08CA, 0x08CA, 0x08CA, 0x08CA, 0x08CA, 0x08CA, 0x08CA, 0x08CA, 0x08CA, 0x08CA, 0x08CA, 0x08CA, 0x08CA, 0x08CA, 0x08CA, 0x08CA, 
	0x08CA, 0x08CA, 0x08CA, 0x08CA, 0x08CA, 0x08CA, 0x08CA, 0x08CA, 0x08CA, 0x08CA, 0x08CA, 0x08CA, 0x08CA, 0x08CA, 0x08CA, 0x08CA, 
	0x08CA, 0x08CA, 0x08CA, 0x08CA, 0x08CA, 0x08CA, 0x08CA, 0x08CA, 0x08CA, 0x08CA, 0x08CA, 0x08CA, 0x08CA, 0x08CA, 0x08CA, 0x08CA, 
	0x08CA, 0x08CA, 0x08CA, 0x08CA, 0x08CA, 0x08CA, 0x08CA, 0x08CA, 0x08CA, 0x08CA, 0x08CA, 0x08CA, 0x08CA, 0x08CA, 0x08CA, 0x08CA, 
	0x08CA, 0x08CA, 0x08CA, 0x08CA, 0x08CA, 0x08CA, 0x08CA, 0x08CA, 0x08CA, 0x08CA, 0x08CA, 0x08CA, 0x08CA, 0x08CA, 0x08CA, 0x08CA, 
	0x08CA, 0x08CA, 0x08CA, 0x08CA, 0x08CA, 0x08CA, 0x08CA, 0x08CA, 0x08CA, 0x08CA, 0x08CA, 0x08CA, 0x08CA, 0x08CA, 0x08CA, 0x08CA, 
	0x08CA, 0x08CA, 0x08CA, 0x08CA, 0x08CA, 0x08CA, 0x08CA, 0x08CA, 0x08CA, 0x08CA, 0x08CA, 0x08CA, 0x08CA, 0x08CA, 0x08CA, 0x08CA, 
	0x08CA, 0x08CA, 0x08CA, 0x08CA, 0x08CA, 0x08CA, 0x08CA, 0x08CA, 0x08CA, 0x08CA, 0x08CA, 0x08CA, 0x08CA, 0x08CA, 0x08CA, 0x08CA, 
	0x08CA, 0x08CA, 0x08CA, 0x08CA, 0x08CA, 0x08CA, 0x08CA, 0x08CA, 0x08CA, 0x08CA, 0x08CA, 0x08CA, 0x08CA, 0x08CA, 0x08CA, 0x08CA, 
	0x08CA, 0x08CA, 0x08CA, 0x08CA, 0x08CA, 0x08CA, 0x08CA, 0x08CA, 0x08CA, 0x08CA, 0x08CA, 0x08CA, 0x08CA, 0x08CA, 0x08CA, 0x08CA, 
	0x08CA, 0x08CA, 0x08CA, 0x08CA, 0x08CA, 0x08CA, 0x08CA, 0x08CA, 0x08CA, 0x08CA, 0x08CA, 0x08CA, 0x08CA, 0x08CA, 0x08CA, 0x08CA, 
	0x08CA, 0x08CA, 0x08CA, 0x08CA, 0x08CA, 0x08CA, 0x08CA, 0x08CA, 0x08CA, 0x08CA, 0x08CA, 0x08CA, 0x08CA, 0x08CA, 0x08CA, 0x08CA, 
	0x08CA, 0x08CA, 0x08CA, 0x08CA, 0x08CA, 0x08CA, 0x08CA, 0x08CA, 0x08CA, 0x08CA, 0x08CA, 0x08CA, 0x08CA, 0x08CA, 0x08CA, 0x08CA, 
	0x08CA, 0x08CA, 0x08CA, 0x08CA, 0x08CA, 0x08CA, 0x08CA, 0x08CA, 0x08CA, 0x08CA, 0x08CA, 0x08CA, 0x08CA, 0x08CA, 0x08CA, 0x08CA, 
	0x08CA, 0x08CA, 0x08CA, 0x08CA, 0x08CA, 0x08CA, 0x08CA, 0x08CA, 0x08CA, 0x08CA, 0x08CA, 0x08CA, 0x08CA, 0x08CA, 0x08CA, 0x08CA, 
	0x08CA, 0x08CA, 0x08CA, 0x08CA, 0x08CA, 0x08CA, 0x08CA, 0x08CA, 0x08CA, 0x08CA, 0x08CA, 0x08CA, 0x08CA, 0x08CA, 0x08CA, 0x08CA, 
	0x08CA, 0x08CA, 0x08CA, 0x08CA, 0x08CA, 0x08CA, 0x08CA, 0x08CA, 0x08CA, 0x08CA, 0x08CA, 0x08CA, 0x08CA, 0x08CA, 0x08CA, 0x08CA, 
	0x08CA, 0x08CA, 0x08CA, 0x08CA, 0x08CA, 0x08CA, 0x08CA, 0x08CA, 0x08CA, 0x08CA, 0x08CA, 0x08CA, 0x08CA, 0x08CA, 0x08CA, 0x08CA, 
	0x08CA, 0x08CA, 0x08CA, 0x08CA, 0x08CA, 0x08CA, 0x08CA, 0x08CA, 0x08CA, 0x08CA, 0x08CA, 0x08CA, 0x08CA, 0x08CA, 0x08CA, 0x08CA, 
	0x08CA, 0x08CA, 0x08CA, 0x08CA, 0x08CA, 0x08CA, 0x08CA, 0x08CA, 0x08CA, 0x08CA, 0x08CA, 0x08CA, 0x08CA, 0x08CA, 0x08CA, 0x08CA, 
	0x08CA, 0x08CA, 0x08CA, 0x08CA, 0x08CA, 0x08CA, 0x08CA, 0x08CA, 0x08CA, 0x08CA, 0x08CA, 0x08CA, 0x08CA, 0x08CA, 0x08CA, 0x08CA, 
	0x08CA, 0x08CA, 0x08CA, 0x08CA, 0x08CA, 0x08CA, 0x08CA, 0x08CA, 0x08CA, 0x08CA, 0x08CA, 0x08CA, 0x08CA, 0x08CA, 0x08CA, 0x08CA, 
	0x08CA, 0x08CA, 0x08CA, 0x08CA, 0x08CA, 0x08CA, 0x08CA, 0x08CA, 0x08CA, 0x08CA, 0x08CA, 0x08CA, 0x08CA, 0x08CA, 0x08CA, 0x08CA, 
	0x08CA, 0x08CA, 0x08CA, 0x08CA, 0x08CA, 0x08CA, 0x08CA, 0x08CA, 0x08CA, 0x08CA, 0x08CA, 0x08CA, 0x08CA, 0x08CA, 0x08CA, 0x08CA, 
	0x08CA, 0x08CA, 0x08CA, 0x08CA, 0x08CA, 0x08CA, 0x08CA, 0x08CA, 0x08CA, 0x08CA, 0x08CA, 0x08CA, 0x08CA, 0x08CA, 0x08CA, 0x08CA, 
	0x08CA, 0x08CA, 0x08CA, 0x08CA, 0x08CA, 0x08CA, 0x08CA, 0x08CA, 0x08CA, 0x08CA, 0x08CA, 0x08CA, 0x08CA, 0x08CA, 0x08CA, 0x08CA, 
	0x08CA, 0x08CA, 0x08CA, 0x08CA, 0x08CA, 0x08CA, 0x08CA, 0x08CA, 0x08CA, 0x08CA, 0x08CA, 0x08CA, 0x08CA, 0x08CA, 0x08CA, 0x08CA, 
	0x08CA, 0x08CA, 0x08CA, 0x08CA, 0x08CA, 0x08CA, 0x08CA, 0x08CA, 0x08CA, 0x08CA, 0x08CA, 0x08CA, 0x08CA, 0x08CA, 0x08CA, 0x08CA, 
	0x08CA, 0x08CA, 0x08CA, 0x08CA, 0x08CA, 0x08CA, 0x08CA, 0x08CA, 0x08CA, 0x08CA, 0x08CA, 0x08CA, 0x08CA, 0x08CA, 0x08CA, 0x08CA, 
	0x08CA, 0x08CA, 0x08CA, 0x08CA, 0x08CA, 0x08CA, 0x08CA, 0x08CA, 0x08CA, 0x08CA, 0x08CA, 0x08CA, 0x08CA, 0x08CA, 0x08CA, 0x08CA, 
	0x08CA, 0x08CA, 0x08CA, 0x08CA, 0x08CA, 0x08CA, 0x08CA, 0x08CA, 0x08CA, 0x08CA, 0x08CA, 0x08CA, 0x08CA, 0x08CA, 0x08CA, 0x08CA, 
	0x08CA, 0x08CA, 0x08CA, 0x08CA, 0x08CA, 0x08CA, 0x08CA, 0x08CA, 0x08CA, 0x08CA, 0x08CA, 0x08CA, 0x08CA, 0x08CA, 0x08CA, 0x08CA, 
	0x08CA, 0x08CA, 0x08CA, 0x08CA, 0x08CA, 0x08CA, 0x08CA, 0x08CA, 0x08CA, 0x08CA, 0x08CA, 0x08CA, 0x08CA, 0x08CA, 0x08CA, 0x08CA, 
	0x08CA, 0x08CA, 0x08CA, 0x08CA, 0x08CA, 0x08CA, 0x08CA, 0x08CA, 0x08CA, 0x08CA, 0x08CA, 0x08CA, 0x08CA, 0x08CA, 0x08CA, 0x08CA, 
	0x08CA, 0x08CA, 0x08CA, 0x08CA, 0x08CA, 0x08CA, 0x08CA, 0x08CA, 0x08CA, 0x08CA, 0x08CA, 0x08CA, 0x08CA, 0x08CA, 0x08CA, 0x08CA, 
	0x08CA, 0x08CA, 0x08CA, 0x08CA, 0x08CA, 0x08CA, 0x08CA, 0x08CA, 0x08CA, 0x08CA, 0x08CA, 0x08CA, 0x08CA, 0x08CA, 0x08CA, 0x08CA, 
	0x08CA, 0x08CA, 0x08CA, 0x08CA, 0x08CA, 0x08CA, 0x08CA, 0x08CA, 0x08CA, 0x08CA, 0x08CA, 0x08CA, 0x08CA, 0x08CA, 0x08CA, 0x08CA, 
	0x08CA, 0x08CA, 0x08CA, 0x08CA, 0x08CA, 0x08CA, 0x08CA, 0x08CA, 0x08CA, 0x08CA, 0x08CA, 0x08CA, 0x08CA, 0x08CA, 0x08CA, 0x08CA, 
	0x08CA, 0x08CA, 0x08CA, 0x08CA, 0x08CA, 0x08CA, 0x08CA, 0x08CA, 0x08CA, 0x08CA, 0x08CA, 0x08CA, 0x08CA, 0x08CA, 0x08CA, 0x08CA, 
	0x08CA, 0x08CA, 0x08CA, 0x08CA, 0x08CA, 0x08CA, 0x08CA, 0x08CA, 0x08CA, 0x08CA, 0x08CA, 0x08CA, 0x08CA, 0x08CA, 0x08CA, 0x08CA, 
	0x08CA, 0x08CA, 0x08CA, 0x08CA, 0x08CA, 0x08CA, 0x08CA, 0x08CA, 0x08CA, 0x08CA, 0x08CA, 0x08CA, 0x08CA, 0x08CA, 0x08CA, 0x08CA, 
	0x08CA, 0x08CA, 0x08CA, 0x08CA, 0x08CA, 0x08CA, 0x08CA, 0x08CA, 0x08CA, 0x08CA, 0x08CA, 0x08CA, 0x08CA, 0x08CA, 0x08CA, 0x08CA, 
	0x08CA, 0x08CA, 0x08CA, 0x08CA, 0x08CA, 0x08CA, 0x08CA, 0x08CA, 0x08CA, 0x08CA, 0x08CA, 0x08CA, 0x08CA, 0x08CA, 0x08CA, 0x08CA, 
	0x08CA, 0x08CA, 0x08CA, 0x08CA, 0x08CA, 0x08CA, 0x08CA, 0x08CA, 0x08CA, 0x08CA, 0x08CA, 0x08CA, 0x08CA, 0x08CA, 0x08CA, 0x08CA, 
	0x08CA, 0x08CA, 0x08CA, 0x08CA, 0x08CA, 0x08CA, 0x08CA, 0x08CA, 0x08CA, 0x08CA, 0x08CA, 0x08CA, 0x08CA, 0x08CA, 0x08CA, 0x08CA, 
	0x08CA, 0x08CA, 0x08CA, 0x08CA, 0x08CA, 0x08CA, 0x08CA, 0x08CA, 0x08CA, 0x08CA, 0x08CA, 0x08CA, 0x08CA, 0x08CA, 0x08CA, 0x08CA, 
	0x08CA, 0x08CA, 0x08CA, 0x08CA, 0x08CA, 0x08CA, 0x08CA, 0x08CA, 0x08CA, 0x08CA, 0x08CA, 0x08CA, 0x08CA, 0x08CA, 0x08CA, 0x08CA, 
	0x08CA, 0x08CA, 0x08CA, 0x08CA, 0x08CA, 0x08CA, 0x08CA, 0x08CA, 0x08CA, 0x08CA, 0x08CA, 0x08CA, 0x08CA, 0x08CA, 0x08CA, 0x08CA, 
	0x08CA, 0x08CA, 0x08CA, 0x08CA, 0x08CA, 0x08CA, 0x08CA, 0x08CA, 0x08CA, 0x08CA, 0x08CA, 0x08CA, 0x08CA, 0x08CA, 0x08CA, 0x08CA, 
	0x08CA, 0x08CA, 0x08CA, 0x08CA, 0x08CA, 0x08CA, 0x08CA, 0x08CA, 0x08CA, 0x08CA, 0x08CA, 0x08CA, 0x08CA, 0x08CA, 0x08CA, 0x08CA, 
	0x08CA, 0x08CA, 0x08CA, 0x08CA, 0x08CA, 0x08CA, 0x08CA, 0x08CA, 0x08CA, 0x08CA, 0x08CA, 0x08CA, 0x08CA, 0x08CA, 0x08CA, 0x08CA, 
	0x08CA, 0x08CA, 0x08CA, 0x08CA, 0x08CA, 0x08CA, 0x08CA, 0x08CA, 0x08CA, 0x08CA, 0x08CA, 0x08CA, 0x08CA, 0x08CA, 0x08CA, 0x08CA, 
	0x08CA, 0x08CA, 0x08CA, 0x08CA, 0x08CA, 0x08CA, 0x08CA, 0x08CA, 0x08CA, 0x08CA, 0x08CA, 0x08CA, 0x08CA, 0x08CA, 0x08CA, 0x08CA, 
	0x08CA, 0x08CA, 0x08CA, 0x08CA, 0x08CA, 0x08CA, 0x08CA, 0x08CA, 0x08CA, 0x08CA, 0x08CA, 0x08CA, 0x08CA, 0x08CA, 0x08CA, 0x08CA, 
	0x08CA, 0x08CA, 0x08CA, 0x08CA, 0x08CA, 0x08CA, 0x08CA, 0x08CA, 0x08CA, 0x08CA, 0x08CA, 0x08CA, 0x08CA, 0x08CA, 0x08CA, 0x08CA, 
	0x08CA, 0x08CA, 0x08CA, 0x08CA, 0x08CA, 0x08CA, 0x08CA, 0x08CA, 0x08CA, 0x08CA, 0x08CA, 0x08CA, 0x08CA, 0x08CA, 0x08CA, 0x08CA, 
	0x08CA, 0x08CA, 0x08CA, 0x08CA, 0x08CA, 0x08CA, 0x08CA, 0x08CA, 0x08CA, 0x08CA, 0x08CA, 0x08CA, 0x08CA, 0x08CA, 0x08CA, 0x08CA, 
	0x08CA, 0x08CA, 0x08CA, 0x08CA, 0x08CA, 0x08CA, 0x08CA, 0x08CA, 0x08CA, 0x08CA, 0x08CA, 0x08CA, 0x08CA, 0x08CA, 0x08CA, 0x08CA, 
	0x08CA, 0x08CA, 0x08CA, 0x08CA, 0x08CA, 0x08CA, 0x08CA, 0x08CA, 0x08CA, 0x08CA, 0x08CA, 0x08CA, 0x08CA, 0x08CA, 0x08CA, 0x08CA, 
	0x08CA, 0x08CA, 0x08CA, 0x08CA, 0x08CA, 0x08CA, 0x08CA, 0x08CA, 0x08CA, 0x08CA, 0x08CA, 0x08CA, 0x08CA, 0x08CA, 0x08CA, 0x08CA, 
	0x08CA, 0x08CA, 0x08CA, 0x08CA, 0x08CA, 0x08CA, 0x08CA, 0x08CA, 0x08CA, 0x08CA, 0x08CA, 0x08CA, 0x08CA, 0x08CA, 0x08CA, 0x08CA, 
	0x08CA, 0x08CA, 0x08CA, 0x08CA, 0x08CA, 0x08CA, 0x08CA, 0x08CA, 0x08CA, 0x08CA, 0x08CA, 0x08CA, 0x08CA, 0x08CA, 0x08CA, 0x08CA, 
	0x08CA, 0x08CA, 0x08CA, 0x08CA, 0x08CA, 0x08CA, 0x08CA, 0x08CA, 0x08CA, 0x08CA, 0x08CA, 0x08CA, 0x08CA, 0x08CA, 0x08CA, 0x08CA, 
	0x08CA, 0x08CA, 0x08CA, 0x08CA, 0x08CA, 0x08CA, 0x08CA, 0x08CA, 0x08CA, 0x08CA, 0x08CA, 0x08CA, 0x08CA, 0x08CA, 0x08CA, 0x08CA, 
	0x08CA, 0x08CA, 0x08CA, 0x08CA, 0x08CA, 0x08CA, 0x08CA, 0x08CA, 0x08CA, 0x08CA, 0x08CA, 0x08CA, 0x08CA, 0x08CA, 0x08CA, 0x08CA, 
	0x08CA, 0x08CA, 0x08CA, 0x08CA, 0x08CA, 0x08CA, 0x08CA, 0x08CA, 0x08CA, 0x08CA, 0x08CA, 0x08CA, 0x08CA, 0x08CA, 0x08CA, 0x08CA, 
	0x08CA, 0x08CA, 0x08CA, 0x08CA, 0x08CA, 0x08CA, 0x08CA, 0x08CA, 0x08CA, 0x08CA, 0x08CA, 0x08CA, 0x08CA, 0x08CA, 0x08CA, 0x08CA, 
	0x08CA, 0x08CA, 0x08CA, 0x08CA, 0x08CA, 0x08CA, 0x08CA, 0x08CA, 0x08CA, 0x08CA, 0x08CA, 0x08CA, 0x08CA, 0x08CA, 0x08CA, 0x08CA, 
	0x08CA, 0x08CA, 0x08CA, 0x08CA, 0x08CA, 0x08CA, 0x08CA, 0x08CA, 0x08CA, 0x08CA, 0x08CA, 0x08CA, 0x08CA, 0x08CA, 0x08CA, 0x08CA, 
	0x08CA, 0x08CA, 0x08CA, 0x08CA, 0x08CA, 0x08CA, 0x08CA, 0x08CA, 0x08CA, 0x08CA, 0x08CA, 0x08CA, 0x08CA, 0x08CA, 0x08CA, 0x08CA, 
	0x08CA, 0x08CA, 0x08CA, 0x08CA, 0x08CA, 0x08CA, 0x08CA, 0x08CA, 0x08CA, 0x08CA, 0x08CA, 0x08CA, 0x08CA, 0x08CA, 0x08CA, 0x08CA, 
	0x08CA, 0x08CA, 0x08CA, 0x08CA, 0x08CA, 0x08CA, 0x08CA, 0x08CA, 0x08CA, 0x08CA, 0x08CA, 0x08CA, 0x08CA, 0x08CA, 0x08CA, 0x08CA, 
	0x08CA, 0x08CA, 0x08CA, 0x08CA, 0x08CA, 0x08CA, 0x08CA, 0x08CA, 0x08CA, 0x08CA, 0x08CA, 0x08CA, 0x08CA, 0x08CA, 0x08CA, 0x08CA, 
	0x08CA, 0x08CA, 0x08CA, 0x08CA, 0x08CA, 0x08CA, 0x08CA, 0x08CA, 0x08CA, 0x08CA, 0x08CA, 0x08CA, 0x08CA, 0x08CA, 0x08CA, 0x08CA, 
	0x08CA, 0x08CA, 0x08CA, 0x08CA, 0x08CA, 0x08CA, 0x08CA, 0x08CA, 0x08CA, 0x08CA, 0x08CA, 0x08CA, 0x08CA, 0x08CA, 0x08CA, 0x08CA, 
	0x08CA, 0x08CA, 0x08CA, 0x08CA, 0x08CA, 0x08CA, 0x08CA, 0x08CA, 0x08CA, 0x08CA, 0x08CA, 0x08CA, 0x08CA, 0x08CA, 0x08CA, 0x08CA, 
	0x08CA, 0x08CA, 0x08CA, 0x08CA, 0x08CA, 0x08CA, 0x08CA, 0x08CA, 0x08CA, 0x08CA, 0x08CA, 0x08CA, 0x08CA, 0x08CA, 0x08CA, 0x08CA, 
	0x08CA, 0x08CA, 0x08CA, 0x08CA, 0x08CA, 0x08CA, 0x08CA, 0x08CA, 0x08CA, 0x08CA, 0x08CA, 0x08CA, 0x08CA, 0x08CA, 0x08CA, 0x08CA, 
	0x08CA, 0x08CA, 0x08CA, 0x08CA, 0x08CA, 0x08CA, 0x08CA, 0x08CA, 0x08CA, 0x08CA, 0x08CA, 0x08CA, 0x08CA, 0x08CA, 0x08CA, 0x08CA, 
	0x08CA, 0x08CA, 0x08CA, 0x08CA, 0x08CA, 0x08CA, 0x08CA, 0x08CA, 0x08CA, 0x08CA, 0x08CA, 0x08CA, 0x08CA, 0x08CA, 0x08CA, 0x08CA, 
	0x08CA, 0x08CA, 0x08CA, 0x08CA, 0x08CA, 0x08CA, 0x08CA, 0x08CA, 0x08CA, 0x08CA, 0x08CA, 0x08CA, 0x08CA, 0x08CA, 0x08CA, 0x08CA, 
	0x08CA, 0x08CA, 0x08CA, 0x08CA, 0x08CA, 0x08CA, 0x08CA, 0x08CA, 0x08CA, 0x08CA, 0x08CA, 0x08CA, 0x08CA, 0x08CA, 0x08CA, 0x08CA, 
	0x08CA, 0x08CA, 0x08CA, 0x08CA, 0x08CA, 0x08CA, 0x08CA, 0x08CA, 0x08CA, 0x08CA, 0x08CA, 0x08CA, 0x08CA, 0x08CA, 0x08CA, 0x08CA, 
	0x08CA, 0x08CA, 0x08CA, 0x08CA, 0x08CA, 0x08CA, 0x08CA, 0x08CA, 0x08CA, 0x08CA, 0x08CA, 0x08CA, 0x08CA, 0x08CA, 0x08CA, 0x08CA, 
	0x08CA, 0x08CA, 0x08CA, 0x08CA, 0x08CA, 0x08CA, 0x08CA, 0x08CA, 0x08CA, 0x08CA, 0x08CA, 0x08CA, 0x08CA, 0x08CA, 0x08CA, 0x08CA, 
	0x08CA, 0x08CA, 0x08CA, 0x08CA, 0x08CA, 0x08CA, 0x08CA, 0x08CA, 0x08CA, 0x08CA, 0x08CA, 0x08CA, 0x08CA, 0x08CA, 0x08CA, 0x08CA, 
	0x08CA, 0x08CA, 0x08CA, 0x08CA, 0x08CA, 0x08CA, 0x08CA, 0x08CA, 0x08CA, 0x08CA, 0x08CA, 0x08CA, 0x08CA, 0x08CA, 0x08CA, 0x08CA, 
	0x08CA, 0x08CA, 0x08CA, 0x08CA, 0x08CA, 0x08CA, 0x08CA, 0x08CA, 0x08CA, 0x08CA, 0x08CA, 0x08CA, 0x08CA, 0x08CA, 0x08CA, 0x08CA, 
	0x08CA, 0x08CA, 0x08CA, 0x08CA, 0x08CA, 0x08CA, 0x08CA, 0x08CA, 0x08CA, 0x08CA, 0x08CA, 0x08CA, 0x08CA, 0x08CA, 0x08CA, 0x08CA, 
	0x08CA, 0x08CA, 0x08CA, 0x08CA, 0x08CA, 0x08CA, 0x08CA, 0x08CA, 0x08CA, 0x08CA, 0x08CA, 0x08CA, 0x08CA, 0x08CA, 0x08CA, 0x08CA, 
	0x08CA, 0x08CA, 0x08CA, 0x08CA, 0x08CA, 0x08CA, 0x08CA, 0x08CA, 0x08CA, 0x08CA, 0x08CA, 0x08CA, 0x08CA, 0x08CA, 0x08CA, 0x08CA, 
	0x08CA, 0x08CA, 0x08CA, 0x08CA, 0x08CA, 0x08CA, 0x08CA, 0x08CA, 0x08CA, 0x08CA, 0x08CA, 0x08CA, 0x08CA, 0x08CA, 0x08CA, 0x08CA, 
	0x08CA, 0x08CA, 0x08CA, 0x08CA, 0x08CA, 0x08CA, 0x08CA, 0x08CA, 0x08CA, 0x08CA, 0x08CA, 0x08CA, 0x08CA, 0x08CA, 0x08CA, 0x08CA, 
	0x08CA, 0x08CA, 0x08CA, 0x08CA, 0x08CA, 0x08CA, 0x08CA, 0x08CA, 0x08CA, 0x08CA, 0x08CA, 0x08CA, 0x08CA, 0x08CA, 0x08CA, 0x08CA, 
	0x08CA, 0x08CA, 0x08CA, 0x08CA, 0x08CA, 0x08CA, 0x08CA, 0x08CA, 0x08CA, 0x08CA, 0x08CA, 0x08CA, 0x08CA, 0x08CA, 0x08CA, 0x08CA, 
	0x08CA, 0x08CA, 0x08CA, 0x08CA, 0x08CA, 0x08CA, 0x08CA, 0x08CA, 0x08CA, 0x08CA, 0x08CA, 0x08CA, 0x08CA, 0x08CA, 0x08CA, 0x08CA, 
	0x08CA, 0x08CA, 0x08CA, 0x08CA, 0x08CA, 0x08CA, 0x08CA, 0x08CA, 0x08CA, 0x08CA, 0x08CA, 0x08CA, 0x08CA, 0x08CA, 0x08CA, 0x08CA, 
	0x08CA, 0x08CA, 0x08CA, 0x08CA, 0x08CA, 0x08CA, 0x08CA, 0x08CA, 0x08CA, 0x08CA, 0x08CA, 0x08CA, 0x08CA, 0x08CA, 0x08CA, 0x08CA, 
	0x08CA, 0x08CA, 0x08CA, 0x08CA, 0x08CA, 0x08CA, 0x08CA, 0x08CA, 0x08CA, 0x08CA, 0x08CA, 0x08CA, 0x08CA, 0x08CA, 0x08CA, 0x08CA, 
	0x08CA, 0x08CA, 0x08CA, 0x08CA, 0x08CA, 0x08CA, 0x08CA, 0x08CA, 0x08CA, 0x08CA, 0x08CA, 0x08CA, 0x08CA, 0x08CA, 0x08CA, 0x08CA, 
	0x08CA, 0x08CA, 0x08CA, 0x08CA, 0x08CA, 0x08CA, 0x08CA, 0x08CA, 0x08CA, 0x08CA, 0x08CA, 0x08CA, 0x08CA, 0x08CA, 0x08CA, 0x08CA, 
	0x08CA, 0x08CA, 0x08CA, 0x08CA, 0x08CA, 0x08CA, 0x08CA, 0x08CA, 0x08CA, 0x08CA, 0x08CA, 0x08CA, 0x08CA, 0x08CA, 0x08CA, 0x08CA, 
	0x08CA, 0x08CA, 0x08CA, 0x08CA, 0x08CA, 0x08CA, 0x08CA, 0x08CA, 0x08CA, 0x08CA, 0x08CA, 0x08CA, 0x08CA, 0x08CA, 0x08CA, 0x08CA, 
	0x08CA, 0x08CA, 0x08CA, 0x08CA, 0x08CA, 0x08CA, 0x08CA, 0x08CA, 0x08CA, 0x08CA, 0x08CA, 0x08CA, 0x08CA, 0x08CA, 0x08CA, 0x08CA, 
	0x08CA, 0x08CA, 0x08CA, 0x08CA, 0x08CA, 0x08CA, 0x08CA, 0x08CA, 0x08CA, 0x08CA, 0x08CA, 0x08CA, 0x08CA, 0x08CA, 0x08CA, 0x08CA, 
	0x08CA, 0x08CA, 0x08CA, 0x08CA, 0x08CA, 0x08CA, 0x08CA, 0x08CA, 0x08CA, 0x08CA, 0x08CA, 0x08CA, 0x08CA, 0x08CA, 0x08CA, 0x08CA, 
	0x08CA, 0x08CA, 0x08CA, 0x08CA, 0x08CA, 0x08CA, 0x08CA, 0x08CA, 0x08CA, 0x08CA, 0x08CA, 0x08CA, 0x08CA, 0x08CA, 0x08CA, 0x08CA, 
	0x08CA, 0x08CA, 0x08CA, 0x08CA, 0x08CA, 0x08CA, 0x08CA, 0x08CA, 0x08CA, 0x08CA, 0x08CA, 0x08CA, 0x08CA, 0x08CA, 0x08CA, 0x08CA, 
	0x08CA, 0x08CA, 0x08CA, 0x08CA, 0x08CA, 0x08CA, 0x08CA, 0x08CA, 0x08CA, 0x08CA, 0x08CA, 0x08CA, 0x08CA, 0x08CA, 0x08CA, 0x08CA, 
	0x08CA, 0x08CA, 0x08CA, 0x08CA, 0x08CA, 0x08CA, 0x08CA, 0x08CA, 0x08CA, 0x08CA, 0x08CA, 0x08CA, 0x08CA, 0x08CA, 0x08CA, 0x08CA, 
	0x08CA, 0x08CA, 0x08CA, 0x08CA, 0x08CA, 0x08CA, 0x08CA, 0x08CA, 0x08CA, 0x08CA, 0x08CA, 0x08CA, 0x08CA, 0x08CA, 0x08CA, 0x08CA, 
	0x08CA, 0x08CA, 0x08CA, 0x08CA, 0x08CA, 0x08CA, 0x08CA, 0x08CA, 0x08CA, 0x08CA, 0x08CA, 0x08CA, 0x08CA, 0x08CA, 0x08CA, 0x08CA, 
	0x08CA, 0x08CA, 0x08CA, 0x08CA, 0x08CA, 0x08CA, 0x08CA, 0x08CA, 0x08CA, 0x08CA, 0x08CA, 0x08CA, 0x08CA, 0x08CA, 0x08CA, 0x08CA, 
	0x08CA, 0x08CA, 0x08CA, 0x08CA, 0x08CA, 0x08CA, 0x08CA, 0x08CA, 0x08CA, 0x08CA, 0x08CA, 0x08CA, 0x08CA, 0x08CA, 0x08CA, 0x08CA, 
	0x08CA, 0x08CA, 0x08CA, 0x08CA, 0x08CA, 0x08CA, 0x08CA, 0x08CA, 0x08CA, 0x08CA, 0x08CA, 0x08CA, 0x08CA, 0x08CA, 0x08CA, 0x08CA, 
	0x08CA, 0x08CA, 0x08CA, 0x08CA, 0x08CA, 0x08CA, 0x08CA, 0x08CA, 0x08CA, 0x08CA, 0x08CA, 0x08CA, 0x08CA, 0x08CA, 0x08CA, 0x08CA, 
	0x08CA, 0x08CA, 0x08CA, 0x08CA, 0x08CA, 0x08CA, 0x08CA, 0x08CA, 0x08CA, 0x08CA, 0x08CA, 0x08CA, 0x08CA, 0x08CA, 0x08CA, 0x08CA, 
	0x08CA, 0x08CA, 0x08CA, 0x08CA, 0x08CA, 0x08CA, 0x08CA, 0x08CA, 0x08CA, 0x08CA, 0x08CA, 0x08CA, 0x08CA, 0x08CA, 0x08CA, 0x08CA, 
	0x08CA, 0x08CA, 0x08CA, 0x08CA, 0x08CA, 0x08CA, 0x08CA, 0x08CA, 0x08CA, 0x08CA, 0x08CA, 0x08CA, 0x08CA, 0x08CA, 0x08CA, 0x08CA, 
	0x08CA, 0x08CA, 0x08CA, 0x08CA, 0x08CA, 0x08CA, 0x08CA, 0x08CA, 0x08CA, 0x08CA, 0x08CA, 0x08CA, 0x08CA, 0x08CA, 0x08CA, 0x08CA, 
	0x08CA, 0x08CA, 0x08CA, 0x08CA, 0x08CA, 0x08CA, 0x08CA, 0x08CA, 0x08CA, 0x08CA, 0x08CA, 0x08CA, 0x08CA, 0x08CA, 0x08CA, 0x08CA, 
	0x08CA, 0x08CA, 0x08CA, 0x08CA, 0x08CA, 0x08CA, 0x08CA, 0x08CA, 0x08CA, 0x08CA, 0x08CA, 0x08CA, 0x08CA, 0x08CA, 0x08CA, 0x08CA, 
	0x08CA, 0x08CA, 0x08CA, 0x08CA, 0x08CA, 0x08CA, 0x08CA, 0x08CA, 0x08CA, 0x08CA, 0x08CA, 0x08CA, 0x08CA, 0x08CA, 0x08CA, 0x08CA, 
	0x08CA, 0x08CA, 0x08CA, 0x08CA, 0x08CA, 0x08CA, 0x08CA, 0x08CA, 0x08CA, 0x08CA, 0x08CA, 0x08CA, 0x08CA, 0x08CA, 0x08CA, 0x08CA, 
	0x08CA, 0x08CA, 0x08CA, 0x08CA, 0x08CA, 0x08CA, 0x08CA, 0x08CA, 0x08CA, 0x08CA, 0x08CA, 0x08CA, 0x08CA, 0x08CA, 0x08CA, 0x08CA, 
	0x08CA, 0x08CA, 0x08CA, 0x08CA, 0x08CA, 0x08CA, 0x08CA, 0x08CA, 0x08CA, 0x08CA, 0x08CA, 0x08CA, 0x08CA, 0x08CA, 0x08CA, 0x08CA, 
	0x08CA, 0x08CA, 0x08CA, 0x08CA, 0x08CA, 0x08CA, 0x08CA, 0x08CA, 0x08CA, 0x08CA, 0x08CA, 0x08CA, 0x08CA, 0x08CA, 0x08CA, 0x08CA, 
	0x08CA, 0x08CA, 0x08CA, 0x08CA, 0x08CA, 0x08CA, 0x08CA, 0x08CA, 0x08CA, 0x08CA, 0x08CA, 0x08CA, 0x08CA, 0x08CA, 0x08CA, 0x08CA, 
	0x08CA, 0x08CA, 0x08CA, 0x08CA, 0x08CA, 0x08CA, 0x08CA, 0x08CA, 0x08CA, 0x08CA, 0x08CA, 0x08CA, 0x08CA, 0x08CA, 0x08CA, 0x08CA, 
	0x08CA, 0x08CA, 0x08CA, 0x08CA, 0x08CA, 0x08CA, 0x08CA, 0x08CA, 0x08CA, 0x08CA, 0x08CA, 0x08CA, 0x08CA, 0x08CA, 0x08CA, 0x08CA, 
	0x08CA, 0x08CA, 0x08CA, 0x08CA, 0x08CA, 0x08CA, 0x08CA, 0x08CA, 0x08CA, 0x08CA, 0x08CA, 0x08CA, 0x08CA, 0x08CA, 0x08CA, 0x08CA, 
	0x08CA, 0x08CA, 0x08CA, 0x08CA, 0x08CA, 0x08CA, 0x08CA, 0x08CA, 0x08CA, 0x08CA, 0x08CA, 0x08CA, 0x08CA, 0x08CA, 0x08CA, 0x08CA, 
	0x08CA, 0x08CA, 0x08CA, 0x08CA, 0x08CA, 0x08CA, 0x08CA, 0x08CA, 0x08CA, 0x08CA, 0x08CA, 0x08CA, 0x08CA, 0x08CA, 0x08CA, 0x08CA, 
	0x08CA, 0x08CA, 0x08CA, 0x08CA, 0x08CA, 0x08CA, 0x08CA, 0x08CA, 0x08CA, 0x08CA, 0x08CA, 0x08CA, 0x08CA, 0x08CA, 0x08CA, 0x08CA, 
	0x08CA, 0x08CA, 0x08CA, 0x08CA, 0x08CA, 0x08CA, 0x08CA, 0x08CA, 0x08CA, 0x08CA, 0x08CA, 0x08CA, 0x08CA, 0x08CA, 0x08CA, 0x08CA, 
	0x08CA, 0x08CA, 0x08CA, 0x08CA, 0x08CA, 0x08CA, 0x08CA, 0x08CA, 0x08CA, 0x08CA, 0x08CA, 0x08CA, 0x08CA, 0x08CA, 0x08CA, 0x08CA, 
	0x08CA, 0x08CA, 0x08CA, 0x08CA, 0x08CA, 0x08CA, 0x08CA, 0x08CA, 0x08CA, 0x08CA, 0x08CA, 0x08CA, 0x08CA, 0x08CA, 0x08CA, 0x08CA, 
	0x08CA, 0x08CA, 0x08CA, 0x08CA, 0x08CA, 0x08CA, 0x08CA, 0x08CA, 0x08CA, 0x08CA, 0x08CA, 0x08CA, 0x08CA, 0x08CA, 0x08CA, 0x08CA, 
	0x08CA, 0x08CA, 0x08CA, 0x08CA, 0x08CA, 0x08CA, 0x08CA, 0x08CA, 0x08CA, 0x08CA, 0x08CA, 0x08CA, 0x08CA, 0x08CA, 0x08CA, 0x08CA, 
	0x08CA, 0x08CA, 0x08CA, 0x08CA, 0x08CA, 0x08CA, 0x08CA, 0x08CA, 0x08CA, 0x08CA, 0x08CA, 0x08CA, 0x08CA, 0x08CA, 0x08CA, 0x08CA, 
	0x08CA, 0x08CA, 0x08CA, 0x08CA, 0x08CA, 0x08CA, 0x08CA, 0x08CA, 0x08CA, 0x08CA, 0x08CA, 0x08CA, 0x08CA, 0x08CA, 0x08CA, 0x08CA, 
	0x08CA, 0x08CA, 0x08CA, 0x08CA, 0x08CA, 0x08CA, 0x08CA, 0x08CA, 0x08CA, 0x08CA, 0x08CA, 0x08CA, 0x08CA, 0x08CA, 0x08CA, 0x08CA, 
	0x08CA, 0x08CA, 0x08CA, 0x08CA, 0x08CA, 0x08CA, 0x08CA, 0x08CA, 0x08CA, 0x08CA, 0x08CA, 0x08CA, 0x08CA, 0x08CA, 0x08CA, 0x08CA, 
	0x08CA, 0x08CA, 0x08CA, 0x08CA, 0x08CA, 0x08CA, 0x08CA, 0x08CA, 0x08CA, 0x08CA, 0x08CA, 0x08CA, 0x08CA, 0x08CA, 0x08CA, 0x08CA, 
	0x08CA, 0x08CA, 0x08CA, 0x08CA, 0x08CA, 0x08CA, 0x08CA, 0x08CA, 0x08CA, 0x08CA, 0x08CA, 0x08CA, 0x08CA, 0x08CA, 0x08CA, 0x08CA, 
	0x08CA, 0x08CA, 0x08CA, 0x08CA, 0x08CA, 0x08CA, 0x08CA, 0x08CA, 0x08CA, 0x08CA, 0x08CA, 0x08CA, 0x08CA, 0x08CA, 0x08CA, 0x08CA, 
	0x08CA, 0x08CA, 0x08CA, 0x08CA, 0x08CA, 0x08CA, 0x08CA, 0x08CA, 0x08CA, 0x08CA, 0x08CA, 0x08CA, 0x08CA, 0x08CA, 0x08CA, 0x08CA, 
	0x08CA, 0x08CA, 0x08CA, 0x08CA, 0x08CA, 0x08CA, 0x08CA, 0x08CA, 0x08CA, 0x08CA, 0x08CA, 0x08CA, 0x08CA, 0x08CA, 0x08CA, 0x08CA, 
	0x08CA, 0x08CA, 0x08CA, 0x08CA, 0x08CA, 0x08CA, 0x08CA, 0x08CA, 0x08CA, 0x08CA, 0x08CA, 0x08CA, 0x08CA, 0x08CA, 0x08CA, 0x08CA, 
	0x08CA, 0x08CA, 0x08CA, 0x08CA, 0x08CA, 0x08CA, 0x08CA, 0x08CA, 0x08CA, 0x08CA, 0x08CA, 0x08CA, 0x08CA, 0x08CA, 0x08CA, 0x08CA, 
	0x08CA, 0x08CA, 0x08CA, 0x08CA, 0x08CA, 0x08CA, 0x08CA, 0x08CA, 0x08CA, 0x08CA, 0x08CA, 0x08CA, 0x08CA, 0x08CA, 0x08CA, 0x08CA, 
	0x08CA, 0x08CA, 0x08CA, 0x08CA, 0x08CA, 0x08CA, 0x08CA, 0x08CA, 0x08CA, 0x08CA, 0x08CA, 0x08CA, 0x08CA, 0x08CA, 0x08CA, 0x08CA, 
	0x08CA, 0x08CA, 0x08CA, 0x08CA, 0x08CA, 0x08CA, 0x08CA, 0x08CA, 0x08CA, 0x08CA, 0x08CA, 0x08CA, 0x08CA, 0x08CA, 0x08CA, 0x08CA, 
	0x08CA, 0x08CA, 0x08CA, 0x08CA, 0x08CA, 0x08CA, 0x08CA, 0x08CA, 0x08CA, 0x08CA, 0x08CA, 0x08CA, 0x08CA, 0x08CA, 0x08CA, 0x08CA, 
	0x08CA, 0x08CA, 0x08CA, 0x08CA, 0x08CA, 0x08CA, 0x08CA, 0x08CA, 0x08CA, 0x08CA, 0x08CA, 0x08CA, 0x08CA, 0x08CA, 0x08CA, 0x08CA, 
	0x08CA, 0x08CA, 0x08CA, 0x08CA, 0x08CA, 0x08CA, 0x08CA, 0x08CA, 0x08CA, 0x08CA, 0x08CA, 0x08CA, 0x08CA, 0x08CA, 0x08CA, 0x08CA, 
	0x08CA, 0x08CA, 0x08CA, 0x08CA, 0x08CA, 0x08CA, 0x08CA, 0x08CA, 0x08CA, 0x08CA, 0x08CA, 0x08CA, 0x08CA, 0x08CA, 0x08CA, 0x08CA, 
	0x08CA, 0x08CA, 0x08CA, 0x08CA, 0x08CA, 0x08CA, 0x08CA, 0x08CA, 0x08CA, 0x08CA, 0x08CA, 0x08CA, 0x08CA, 0x08CA, 0x08CA, 0x08CA, 
	0x08CA, 0x08CA, 0x08CA, 0x08CA, 0x08CA, 0x08CA, 0x08CA, 0x08CA, 0x08CA, 0x08CA, 0x08CA, 0x08CA, 0x08CA, 0x08CA, 0x08CA, 0x08CA, 
	0x08CA, 0x08CA, 0x08CA, 0x08CA, 0x08CA, 0x08CA, 0x08CA, 0x08CA, 0x08CA, 0x08CA, 0x08CA, 0x08CA, 0x08CA, 0x08CA, 0x08CA, 0x08CA, 
	0x08CA, 0x08CA, 0x08CA, 0x08CA, 0x08CA, 0x08CA, 0x08CA, 0x08CA, 0x08CA, 0x08CA, 0x08CA, 0x08CA, 0x08CA, 0x08CA, 0x08CA, 0x08CA, 
	0x08CA, 0x08CA, 0x08CA, 0x08CA, 0x08CA, 0x08CA, 0x08CA, 0x08CA, 0x08CA, 0x08CA, 0x08CA, 0x08CA, 0x08CA, 0x08CA, 0x08CA, 0x08CA, 
	0x08CA, 0x08CA, 0x08CA, 0x08CA, 0x08CA, 0x08CA, 0x08CA, 0x08CA, 0x08CA, 0x08CA, 0x08CA, 0x08CA, 0x08CA, 0x08CA, 0x08CA, 0x08CA, 
	0x08CA, 0x08CA, 0x08CA, 0x08CA, 0x08CA, 0x08CA, 0x08CA, 0x08CA, 0x08CA, 0x08CA, 0x08CA, 0x08CA, 0x08CA, 0x08CA, 0x08CA, 0x08CA, 
	0x08CA, 0x08CA, 0x08CA, 0x08CA, 0x08CA, 0x08CA, 0x08CA, 0x08CA, 0x08CA, 0x08CA, 0x08CA, 0x08CA, 0x08CA, 0x08CA, 0x08CA, 0x08CA, 
	0x08CA, 0x08CA, 0x08CA, 0x08CA, 0x08CA, 0x08CA, 0x08CA, 0x08CA, 0x08CA, 0x08CA, 0x08CA, 0x08CA, 0x08CA, 0x08CA, 0x08CA, 0x08CA, 
	0x08CA, 0x08CA, 0x08CA, 0x08CA, 0x08CA, 0x08CA, 0x08CA, 0x08CA, 0x08CA, 0x08CA, 0x08CA, 0x08CA, 0x08CA, 0x08CA, 0x08CA, 0x08CA, 
	0x08CA, 0x08CA, 0x08CA, 0x08CA, 0x08CA, 0x08CA, 0x08CA, 0x08CA, 0x08CA, 0x08CA, 0x08CA, 0x08CA, 0x08CA, 0x08CA, 0x08CA, 0x08CA, 
	0x08CA, 0x08CA, 0x08CA, 0x08CA, 0x08CA, 0x08CA, 0x08CA, 0x08CA, 0x08CA, 0x08CA, 0x08CA, 0x08CA, 0x08CA, 0x08CA, 0x08CA, 0x08CA, 
	0x08CA, 0x08CA, 0x08CA, 0x08CA, 0x08CA, 0x08CA, 0x08CA, 0x08CA, 0x08CA, 0x08CA, 0x08CA, 0x08CA, 0x08CA, 0x08CA, 0x08CA, 0x08CA, 
	0x08CA, 0x08CA, 0x08CA, 0x08CA, 0x08CA, 0x08CA, 0x08CA, 0x08CA, 0x08CA, 0x08CA, 0x08CA, 0x08CA, 0x08CA, 0x08CA, 0x08CA, 0x08CA, 
	0x08CA, 0x08CA, 0x08CA, 0x08CA, 0x08CA, 0x08CA, 0x08CA, 0x08CA, 0x08CA, 0x08CA, 0x08CA, 0x08CA, 0x08CA, 0x08CA, 0x08CA, 0x08CA, 
	0x08CA, 0x08CA, 0x08CA, 0x08CA, 0x08CA, 0x08CA, 0x08CA, 0x08CA, 0x08CA, 0x08CA, 0x08CA, 0x08CA, 0x08CA, 0x08CA, 0x08CA, 0x08CA, 
	0x08CA, 0x08CA, 0x08CA, 0x08CA, 0x08CA, 0x08CA, 0x08CA, 0x08CA, 0x08CA, 0x08CA, 0x08CA, 0x08CA, 0x08CA, 0x08CA, 0x08CA, 0x08CA, 
	0x08CA, 0x08CA, 0x08CA, 0x08CA, 0x08CA, 0x08CA, 0x08CA, 0x08CA, 0x08CA, 0x08CA, 0x08CA, 0x08CA, 0x08CA, 0x08CA, 0x08CA, 0x08CA, 
	0x08CA, 0x08CA, 0x08CA, 0x08CA, 0x08CA, 0x08CA, 0x08CA, 0x08CA, 0x08CA, 0x08CA, 0x08CA, 0x08CA, 0x08CA, 0x08CA, 0x08CA, 0x08CA, 
	0x08CA, 0x08CA, 0x08CA, 0x08CA, 0x08CA, 0x08CA, 0x08CA, 0x08CA, 0x08CA, 0x08CA, 0x08CA, 0x08CA, 0x08CA, 0x08CA, 0x08CA, 0x08CA, 
	0x08CA, 0x08CA, 0x08CA, 0x08CA, 0x08CA, 0x08CA, 0x08CA, 0x08CA, 0x08CA, 0x08CA, 0x08CA, 0x08CA, 0x08CA, 0x08CA, 0x08CA, 0x08CA, 
	0x08CA, 0x08CA, 0x08CA, 0x08CA, 0x08CA, 0x08CA, 0x08CA, 0x08CA, 0x08CA, 0x08CA, 0x08CA, 0x08CA, 0x08CA, 0x08CA, 0x08CA, 0x08CA, 
	0x08CA, 0x08CA, 0x08CA, 0x08CA, 0x08CA, 0x08CA, 0x08CA, 0x08CA, 0x08CA, 0x08CA, 0x08CA, 0x08CA, 0x08CA, 0x08CA, 0x08CA, 0x08CA, 
	0x08CA, 0x08CA, 0x08CA, 0x08CA, 0x08CA, 0x08CA, 0x08CA, 0x08CA, 0x08CA, 0x08CA, 0x08CA, 0x08CA, 0x08CA, 0x08CA, 0x08CA, 0x08CA, 
	0x08CA, 0x08CA, 0x08CA, 0x08CA, 0x08CA, 0x08CA, 0x08CA, 0x08CA, 0x08CA, 0x08CA, 0x08CA, 0x08CA, 0x08CA, 0x08CA, 0x08CA, 0x08CA, 
	0x08CA, 0x08CA, 0x08CA, 0x08CA, 0x08CA, 0x08CA, 0x08CA, 0x08CA, 0x08CA, 0x08CA, 0x08CA, 0x08CA, 0x08CA, 0x08CA, 0x08CA, 0x08CA, 
	0x08CA, 0x08CA, 0x08CA, 0x08CA, 0x08CA, 0x08CA, 0x08CA, 0x08CA, 0x08CA, 0x08CA, 0x08CA, 0x08CA, 0x08CA, 0x08CA, 0x08CA, 0x08CA, 
	0x08CA, 0x08CA, 0x08CA, 0x08CA, 0x08CA, 0x08CA, 0x08CA, 0x08CA, 0x08CA, 0x08CA, 0x08CA, 0x08CA, 0x08CA, 0x08CA, 0x08CA, 0x08CA, 
	0x08CA, 0x08CA, 0x08CA, 0x08CA, 0x08CA, 0x08CA, 0x08CA, 0x08CA, 0x08CA, 0x08CA, 0x08CA, 0x08CA, 0x08CA, 0x08CA, 0x08CA, 0x08CA, 
	0x08CA, 0x08CA, 0x08CA, 0x08CA, 0x08CA, 0x08CA, 0x08CA, 0x08CA, 0x08CA, 0x08CA, 0x08CA, 0x08CA, 0x08CA, 0x08CA, 0x08CA, 0x08CA, 
	0x08CA, 0x08CA, 0x08CA, 0x08CA, 0x08CA, 0x08CA, 0x08CA, 0x08CA, 0x08CA, 0x08CA, 0x08CA, 0x08CA, 0x08CA, 0x08CA, 0x08CA, 0x08CA, 
	0x08CA, 0x08CA, 0x08CA, 0x08CA, 0x08CA, 0x08CA, 0x08CA, 0x08CA, 0x08CA, 0x08CA, 0x08CA, 0x08CA, 0x08CA, 0x08CA, 0x08CA, 0x08CA, 
	0x08CA, 0x08CA, 0x08CA, 0x08CA, 0x08CA, 0x08CA, 0x08CA, 0x08CA, 0x08CA, 0x08CA, 0x08CA, 0x08CA, 0x08CA, 0x08CA, 0x08CA, 0x08CA, 
	0x08CA, 0x08CA, 0x08CA, 0x08CA, 0x08CA, 0x08CA, 0x08CA, 0x08CA, 0x08CA, 0x08CA, 0x08CA, 0x08CA, 0x08CA, 0x08CA, 0x08CA, 0x08CA, 
	0x08CA, 0x08CA, 0x08CA, 0x08CA, 0x08CA, 0x08CA, 0x08CA, 0x08CA, 0x08CA, 0x08CA, 0x08CA, 0x08CA, 0x08CA, 0x08CA, 0x08CA, 0x08CA, 
	0x08CA, 0x08CA, 0x08CA, 0x08CA, 0x08CA, 0x08CA, 0x08CA, 0x08CA, 0x08CA, 0x08CA, 0x08CA, 0x08CA, 0x08CA, 0x08CA, 0x08CA, 0x08CA, 
	0x08CA, 0x08CA, 0x08CA, 0x08CA, 0x08CA, 0x08CA, 0x08CA, 0x08CA, 0x08CA, 0x08CA, 0x08CA, 0x08CA, 0x08CA, 0x08CA, 0x08CA, 0x08CA, 
	0x08CA, 0x08CA, 0x08CA, 0x08CA, 0x08CA, 0x08CA, 0x08CA, 0x08CA, 0x08CA, 0x08CA, 0x08CA, 0x08CA, 0x08CA, 0x08CA, 0x08CA, 0x08CA, 
	0x08CA, 0x08CA, 0x08CA, 0x08CA, 0x08CA, 0x08CA, 0x08CA, 0x08CA, 0x08CA, 0x08CA, 0x08CA, 0x08CA, 0x08CA, 0x08CA, 0x08CA, 0x08CA, 
	0x08CA, 0x08CA, 0x08CA, 0x08CA, 0x08CA, 0x08CA, 0x08CA, 0x08CA, 0x08CA, 0x08CA, 0x08CA, 0x08CA, 0x08CA, 0x08CA, 0x08CA, 0x08CA, 
	0x08CA, 0x08CA, 0x08CA, 0x08CA, 0x08CA, 0x08CA, 0x08CA, 0x08CA, 0x08CA, 0x08CA, 0x08CA, 0x08CA, 0x08CA, 0x08CA, 0x08CA, 0x08CA, 
	0x08CA, 0x08CA, 0x08CA, 0x08CA, 0x08CA, 0x08CA, 0x08CA, 0x08CA, 0x08CA, 0x08CA, 0x08CA, 0x08CA, 0x08CA, 0x08CA, 0x08CA, 0x08CA, 
	0x08CA, 0x08CA, 0x08CA, 0x08CA, 0x08CA, 0x08CA, 0x08CA, 0x08CA, 0x08CA, 0x08CA, 0x08CA, 0x08CA, 0x08CA, 0x08CA, 0x08CA, 0x08CA, 
	0x08CA, 0x08CA, 0x08CA, 0x08CA, 0x08CA, 0x08CA, 0x08CA, 0x08CA, 0x08CA, 0x08CA, 0x08CA, 0x08CA, 0x08CA, 0x08CA, 0x08CA, 0x08CA, 
	0x08CA, 0x08CA, 0x08CA, 0x08CA, 0x08CA, 0x08CA, 0x08CA, 0x08CA, 0x08CA, 0x08CA, 0x08CA, 0x08CA, 0x08CA, 0x08CA, 0x08CA, 0x08CA, 
	0x08CA, 0x08CA, 0x08CA, 0x08CA, 0x08CA, 0x08CA, 0x08CA, 0x08CA, 0x08CA, 0x08CA, 0x08CA, 0x08CA, 0x08CA, 0x08CA, 0x08CA, 0x08CA, 
	0x08CA, 0x08CA, 0x08CA, 0x08CA, 0x08CA, 0x08CA, 0x08CA, 0x08CA, 0x08CA, 0x08CA, 0x08CA, 0x08CA, 0x08CA, 0x08CA, 0x08CA, 0x08CA, 
	0x08CA, 0x08CA, 0x08CA, 0x08CA, 0x08CA, 0x08CA, 0x08CA, 0x08CA, 0x08CA, 0x08CA, 0x08CA, 0x08CA, 0x08CA, 0x08CA, 0x08CA, 0x08CA, 
	0x08CA, 0x08CA, 0x08CA, 0x08CA, 0x08CA, 0x08CA, 0x08CA, 0x08CA, 0x08CA, 0x08CA, 0x08CA, 0x08CA, 0x08CA, 0x08CA, 0x08CA, 0x08CA, 
	0x08CA, 0x08CA, 0x08CA, 0x08CA, 0x08CA, 0x08CA, 0x08CA, 0x08CA, 0x08CA, 0x08CA, 0x08CA, 0x08CA, 0x08CA, 0x08CA, 0x08CA, 0x08CA, 
	0x08CA, 0x08CA, 0x08CA, 0x08CA, 0x08CA, 0x08CA, 0x08CA, 0x08CA, 0x08CA, 0x08CA, 0x08CA, 0x08CA, 0x08CA, 0x08CA, 0x08CA, 0x08CA, 
	0x08CA, 0x08CA, 0x08CA, 0x08CA, 0x08CA, 0x08CA, 0x08CA, 0x08CA, 0x08CA, 0x08CA, 0x08CA, 0x08CA, 0x08CA, 0x08CA, 0x08CA, 0x08CA, 
	0x08CA, 0x08CA, 0x08CA, 0x08CA, 0x08CA, 0x08CA, 0x08CA, 0x08CA, 0x08CA, 0x08CA, 0x08CA, 0x08CA, 0x08CA, 0x08CA, 0x08CA, 0x08CA, 
	0x08CA, 0x08CA, 0x08CA, 0x08CA, 0x08CA, 0x08CA, 0x08CA, 0x08CA, 0x08CA, 0x08CA, 0x08CA, 0x08CA, 0x08CA, 0x08CA, 0x08CA, 0x08CA, 
	0x08CA, 0x08CA, 0x08CA, 0x08CA, 0x08CA, 0x08CA, 0x08CA, 0x08CA, 0x08CA, 0x08CA, 0x08CA, 0x08CA, 0x08CA, 0x08CA, 0x08CA, 0x08CA, 
	0x08CA, 0x08CA, 0x08CA, 0x08CA, 0x08CA, 0x08CA, 0x08CA, 0x08CA, 0x08CA, 0x08CA, 0x08CA, 0x08CA, 0x08CA, 0x08CA, 0x08CA, 0x08CA, 
	0x08CA, 0x08CA, 0x08CA, 0x08CA, 0x08CA, 0x08CA, 0x08CA, 0x08CA, 0x08CA, 0x08CA, 0x08CA, 0x08CA, 0x08CA, 0x08CA, 0x08CA, 0x08CA, 
	0x08CA, 0x08CA, 0x08CA, 0x08CA, 0x08CA, 0x08CA, 0x08CA, 0x08CA, 0x08CA, 0x08CA, 0x08CA, 0x08CA, 0x08CA, 0x08CA, 0x08CA, 0x08CA, 
	0x08CA, 0x08CA, 0x08CA, 0x08CA, 0x08CA, 0x08CA, 0x08CA, 0x08CA, 0x08CA, 0x08CA, 0x08CA, 0x08CA, 0x08CA, 0x08CA, 0x08CA, 0x08CA, 
	0x08CA, 0x08CA, 0x08CA, 0x08CA, 0x08CA, 0x08CA, 0x08CA, 0x08CA, 0x08CA, 0x08CA, 0x08CA, 0x08CA, 0x08CA, 0x08CA, 0x08CA, 0x08CA, 
	0x08CA, 0x08CA, 0x08CA, 0x08CA, 0x08CA, 0x08CA, 0x08CA, 0x08CA, 0x08CA, 0x08CA, 0x08CA, 0x08CA, 0x08CA, 0x08CA, 0x08CA, 0x08CA, 
	0x08CA, 0x08CA, 0x08CA, 0x08CA, 0x08CA, 0x08CA, 0x08CA, 0x08CA, 0x08CA, 0x08CA, 0x08CA, 0x08CA, 0x08CA, 0x08CA, 0x08CA, 0x08CA, 
	0x08CA, 0x08CA, 0x08CA, 0x08CA, 0x08CA, 0x08CA, 0x08CA, 0x08CA, 0x08CA, 0x08CA, 0x08CA, 0x08CA, 0x08CA, 0x08CA, 0x08CA, 0x08CA, 
	0x08CA, 0x08CA, 0x08CA, 0x08CA, 0x08CA, 0x08CA, 0x08CA, 0x08CA, 0x08CA, 0x08CA, 0x08CA, 0x08CA, 0x08CA, 0x08CA, 0x08CA, 0x08CA, 
	0x08CA, 0x08CA, 0x08CA, 0x08CA, 0x08CA, 0x08CA, 0x08CA, 0x08CA, 0x08CA, 0x08CA, 0x08CA, 0x08CA, 0x08CA, 0x08CA, 0x08CA, 0x08CA, 
	0x08CA, 0x08CA, 0x08CA, 0x08CA, 0x08CA, 0x08CA, 0x08CA, 0x08CA, 0x08CA, 0x08CA, 0x08CA, 0x08CA, 0x08CA, 0x08CA, 0x08CA, 0x08CA, 
	0x08CA, 0x08CA, 0x08CA, 0x08CA, 0x08CA, 0x08CA, 0x08CA, 0x08CA, 0x08CA, 0x08CA, 0x08CA, 0x08CA, 0x08CA, 0x08CA, 0x08CA, 0x08CA, 
	0x08CA, 0x08CA, 0x08CA, 0x08CA, 0x08CA, 0x08CA, 0x08CA, 0x08CA, 0x08CA, 0x08CA, 0x08CA, 0x08CA, 0x08CA, 0x08CA, 0x08CA, 0x08CA, 
	0x08CA, 0x08CA, 0x08CA, 0x08CA, 0x08CA, 0x08CA, 0x08CA, 0x08CA, 0x08CA, 0x08CA, 0x08CA, 0x08CA, 0x08CA, 0x08CA, 0x08CA, 0x08CA, 
	0x08CA, 0x08CA, 0x08CA, 0x08CA, 0x08CA, 0x08CA, 0x08CA, 0x08CA, 0x08CA, 0x08CA, 0x08CA, 0x08CA, 0x08CA, 0x08CA, 0x08CA, 0x08CA, 
	0x08CA, 0x08CA, 0x08CA, 0x08CA, 0x08CA, 0x08CA, 0x08CA, 0x08CA, 0x08CA, 0x08CA, 0x08CA, 0x08CA, 0x08CA, 0x08CA, 0x08CA, 0x08CA, 
	0x08CA, 0x08CA, 0x08CA, 0x08CA, 0x08CA, 0x08CA, 0x08CA, 0x08CA, 0x08CA, 0x08CA, 0x08CA, 0x08CA, 0x08CA, 0x08CA, 0x08CA, 0x08CA, 
	0x08CA, 0x08CA, 0x08CA, 0x08CA, 0x08CA, 0x08CA, 0x08CA, 0x08CA, 0x08CA, 0x08CA, 0x08CA, 0x08CA, 0x08CA, 0x08CA, 0x08CA, 0x08CA, 
	0x08CA, 0x08CA, 0x08CA, 0x08CA, 0x08CA, 0x08CA, 0x08CA, 0x08CA, 0x08CA, 0x08CA, 0x08CA, 0x08CA, 0x08CA, 0x08CA, 0x08CA, 0x08CA, 
	0x08CA, 0x08CA, 0x08CA, 0x08CA, 0x08CA, 0x08CA, 0x08CA, 0x08CA, 0x08CA, 0x08CA, 0x08CA, 0x08CA, 0x08CA, 0x08CA, 0x08CA, 0x08CA, 
	0x08CA, 0x08CA, 0x08CA, 0x08CA, 0x08CA, 0x08CA, 0x08CA, 0x08CA, 0x08CA, 0x08CA, 0x08CA, 0x08CA, 0x08CA, 0x08CA, 0x08CA, 0x08CA, 
	0x08CA, 0x08CA, 0x08CA, 0x08CA, 0x08CA, 0x08CA, 0x08CA, 0x08CA, 0x08CA, 0x08CA, 0x08CA, 0x08CA, 0x08CA, 0x08CA, 0x08CA, 0x08CA, 
	0x08CA, 0x08CA, 0x08CA, 0x08CA, 0x08CA, 0x08CA, 0x08CA, 0x08CA, 0x08CA, 0x08CA, 0x08CA, 0x08CA, 0x08CA, 0x08CA, 0x08CA, 0x08CA, 
	0x08CA, 0x08CA, 0x08CA, 0x08CA, 0x08CA, 0x08CA, 0x08CA, 0x08CA, 0x08CA, 0x08CA, 0x08CA, 0x08CA, 0x08CA, 0x08CA, 0x08CA, 0x08CA, 
	0x08CA, 0x08CA, 0x08CA, 0x08CA, 0x08CA, 0x08CA, 0x08CA, 0x08CA, 0x08CA, 0x08CA, 0x08CA, 0x08CA, 0x08CA, 0x08CA, 0x08CA, 0x08CA, 
	0x08CA, 0x08CA, 0x08CA, 0x08CA, 0x08CA, 0x08CA, 0x08CA, 0x08CA, 0x08CA, 0x08CA, 0x08CA, 0x08CA, 0x08CA, 0x08CA, 0x08CA, 0x08CA, 
	0x08CA, 0x08CA, 0x08CA, 0x08CA, 0x08CA, 0x08CA, 0x08CA, 0x08CA, 0x08CA, 0x08CA, 0x08CA, 0x08CA, 0x08CA, 0x08CA, 0x08CA, 0x08CA, 
	0x08CA, 0x08CA, 0x08CA, 0x08CA, 0x08CA, 0x08CA, 0x08CA, 0x08CA, 0x08CA, 0x08CA, 0x08CA, 0x08CA, 0x08CA, 0x08CA, 0x08CA, 0x08CA, 
	0x08CA, 0x08CA, 0x08CA, 0x08CA, 0x08CA, 0x08CA, 0x08CA, 0x08CA, 0x08CA, 0x08CA, 0x08CA, 0x08CA, 0x08CA, 0x08CA, 0x08CA, 0x08CA, 
	0x08CA, 0x08CA, 0x08CA, 0x08CA, 0x08CA, 0x08CA, 0x08CA, 0x08CA, 0x08CA, 0x08CA, 0x08CA, 0x08CA, 0x08CA, 0x08CA, 0x08CA, 0x08CA, 
	0x08CA, 0x08CA, 0x08CA, 0x08CA, 0x08CA, 0x08CA, 0x08CA, 0x08CA, 0x08CA, 0x08CA, 0x08CA, 0x08CA, 0x08CA, 0x08CA, 0x08CA, 0x08CA, 
	0x08CA, 0x08CA, 0x08CA, 0x08CA, 0x08CA, 0x08CA, 0x08CA, 0x08CA, 0x08CA, 0x08CA, 0x08CA, 0x08CA, 0x08CA, 0x08CA, 0x08CA, 0x08CA, 
	0x08CA, 0x08CA, 0x08CA, 0x08CA, 0x08CA, 0x08CA, 0x08CA, 0x08CA, 0x08CA, 0x08CA, 0x08CA, 0x08CA, 0x08CA, 0x08CA, 0x08CA, 0x08CA, 
	0x08CA, 0x08CA, 0x08CA, 0x08CA, 0x08CA, 0x08CA, 0x08CA, 0x08CA, 0x08CA, 0x08CA, 0x08CA, 0x08CA, 0x08CA, 0x08CA, 0x08CA, 0x08CA, 
	0x08CA, 0x08CA, 0x08CA, 0x08CA, 0x08CA, 0x08CA, 0x08CA, 0x08CA, 0x08CA, 0x08CA, 0x08CA, 0x08CA, 0x08CA, 0x08CA, 0x08CA, 0x08CA, 
	0x08CA, 0x08CA, 0x08CA, 0x08CA, 0x08CA, 0x08CA, 0x08CA, 0x08CA, 0x08CA, 0x08CA, 0x08CA, 0x08CA, 0x08CA, 0x08CA, 0x08CA, 0x08CA, 
	0x08CA, 0x08CA, 0x08CA, 0x08CA, 0x08CA, 0x08CA, 0x08CA, 0x08CA, 0x08CA, 0x08CA, 0x08CA, 0x08CA, 0x08CA, 0x08CA, 0x08CA, 0x08CA, 
	0x08CA, 0x08CA, 0x08CA, 0x08CA, 0x08CA, 0x08CA, 0x08CA, 0x08CA, 0x08CA, 0x08CA, 0x08CA, 0x08CA, 0x08CA, 0x08CA, 0x08CA, 0x08CA, 
	0x08CA, 0x08CA, 0x08CA, 0x08CA, 0x08CA, 0x08CA, 0x08CA, 0x08CA, 0x08CA, 0x08CA, 0x08CA, 0x08CA, 0x08CA, 0x08CA, 0x08CA, 0x08CA, 
	0x08CA, 0x08CA, 0x08CA, 0x08CA, 0x08CA, 0x08CA, 0x08CA, 0x08CA, 0x08CA, 0x08CA, 0x08CA, 0x08CA, 0x08CA, 0x08CA, 0x08CA, 0x08CA, 
	0x08CA, 0x08CA, 0x08CA, 0x08CA, 0x08CA, 0x08CA, 0x08CA, 0x08CA, 0x08CA, 0x08CA, 0x08CA, 0x08CA, 0x08CA, 0x08CA, 0x08CA, 0x08CA, 
	0x08CA, 0x08CA, 0x08CA, 0x08CA, 0x08CA, 0x08CA, 0x08CA, 0x08CA, 0x08CA, 0x08CA, 0x08CA, 0x08CA, 0x08CA, 0x08CA, 0x08CA, 0x08CA, 
	0x08CA, 0x08CA, 0x08CA, 0x08CA, 0x08CA, 0x08CA, 0x08CA, 0x08CA, 0x08CA, 0x08CA, 0x08CA, 0x08CA, 0x08CA, 0x08CA, 0x08CA, 0x08CA, 
	0x08CA, 0x08CA, 0x08CA, 0x08CA, 0x08CA, 0x08CA, 0x08CA, 0x08CA, 0x08CA, 0x08CA, 0x08CA, 0x08CA, 0x08CA, 0x08CA, 0x08CA, 0x08CA, 
	0x08CA, 0x08CA, 0x08CA, 0x08CA, 0x08CA, 0x08CA, 0x08CA, 0x08CA, 0x08CA, 0x08CA, 0x08CA, 0x08CA, 0x08CA, 0x08CA, 0x08CA, 0x08CA, 
	0x08CA, 0x08CA, 0x08CA, 0x08CA, 0x08CA, 0x08CA, 0x08CA, 0x08CA, 0x08CA, 0x08CA, 0x08CA, 0x08CA, 0x08CA, 0x08CA, 0x08CA, 0x08CA, 
	0x08CA, 0x08CA, 0x08CA, 0x08CA, 0x08CA, 0x08CA, 0x08CA, 0x08CA, 0x08CA, 0x08CA, 0x08CA, 0x08CA, 0x08CA, 0x08CA, 0x08CA, 0x08CA, 
	0x08CA, 0x08CA, 0x08CA, 0x08CA, 0x08CA, 0x08CA, 0x08CA, 0x08CA, 0x08CA, 0x08CA, 0x08CA, 0x08CA, 0x08CA, 0x08CA, 0x08CA, 0x08CA, 
	0x08CA, 0x08CA, 0x08CA, 0x08CA, 0x08CA, 0x08CA, 0x08CA, 0x08CA, 0x08CA, 0x08CA, 0x08CA, 0x08CA, 0x08CA, 0x08CA, 0x08CA, 0x08CA, 
	0x08CA, 0x08CA, 0x08CA, 0x08CA, 0x08CA, 0x08CA, 0x08CA, 0x08CA, 0x08CA, 0x08CA, 0x08CA, 0x08CA, 0x08CA, 0x08CA, 0x08CA, 0x08CA, 
	0x08CA, 0x08CA, 0x08CA, 0x08CA, 0x08CA, 0x08CA, 0x08CA, 0x08CA, 0x08CA, 0x08CA, 0x08CA, 0x08CA, 0x08CA, 0x08CA, 0x08CA, 0x08CA, 
	0x08CA, 0x08CA, 0x08CA, 0x08CA, 0x08CA, 0x08CA, 0x08CA, 0x08CA, 0x08CA, 0x08CA, 0x08CA, 0x08CA, 0x08CA, 0x08CA, 0x08CA, 0x08CA, 
	0x08CA, 0x08CA, 0x08CA, 0x08CA, 0x08CA, 0x08CA, 0x08CA, 0x08CA, 0x08CA, 0x08CA, 0x08CA, 0x08CA, 0x08CA, 0x08CA, 0x08CA, 0x08CA, 
	0x08CA, 0x08CA, 0x08CA, 0x08CA, 0x08CA, 0x08CA, 0x08CA, 0x08CA, 0x08CA, 0x08CA, 0x08CA, 0x08CA, 0x08CA, 0x08CA, 0x08CA, 0x08CA, 
	0x08CA, 0x08CA, 0x08CA, 0x08CA, 0x08CA, 0x08CA, 0x08CA, 0x08CA, 0x08CA, 0x08CA, 0x08CA, 0x08CA, 0x08CA, 0x08CA, 0x08CA, 0x08CA, 
	0x08CA, 0x08CA, 0x08CA, 0x08CA, 0x08CA, 0x08CA, 0x08CA, 0x08CA, 0x08CA, 0x08CA, 0x08CA, 0x08CA, 0x08CA, 0x08CA, 0x08CA, 0x08CA, 
	0x08CA, 0x08CA, 0x08CA, 0x08CA, 0x08CA, 0x08CA, 0x08CA, 0x08CA, 0x08CA, 0x08CA, 0x08CA, 0x08CA, 0x08CA, 0x08CA, 0x08CA, 0x08CA, 
	0x08CA, 0x08CA, 0x08CA, 0x08CA, 0x08CA, 0x08CA, 0x08CA, 0x08CA, 0x08CA, 0x08CA, 0x08CA, 0x08CA, 0x08CA, 0x08CA, 0x08CA, 0x08CA, 
	0x08CA, 0x08CA, 0x08CA, 0x08CA, 0x08CA, 0x08CA, 0x08CA, 0x08CA, 0x08CA, 0x08CA, 0x08CA, 0x08CA, 0x08CA, 0x08CA, 0x08CA, 0x08CA, 
	0x08CA, 0x08CA, 0x08CA, 0x08CA, 0x08CA, 0x08CA, 0x08CA, 0x08CA, 0x08CA, 0x08CA, 0x08CA, 0x08CA, 0x08CA, 0x08CA, 0x08CA, 0x08CA, 
	0x08CA, 0x08CA, 0x08CA, 0x08CA, 0x08CA, 0x08CA, 0x08CA, 0x08CA, 0x08CA, 0x08CA, 0x08CA, 0x08CA, 0x08CA, 0x08CA, 0x08CA, 0x08CA, 
	0x08CA, 0x08CA, 0x08CA, 0x08CA, 0x08CA, 0x08CA, 0x08CA, 0x08CA, 0x08CA, 0x08CA, 0x08CA, 0x08CA, 0x08CA, 0x08CA, 0x08CA, 0x08CA, 
	0x08CA, 0x08CA, 0x08CA, 0x08CA, 0x08CA, 0x08CA, 0x08CA, 0x08CA, 0x08CA, 0x08CA, 0x08CA, 0x08CA, 0x08CA, 0x08CA, 0x08CA, 0x08CA, 
	0x08CA, 0x08CA, 0x08CA, 0x08CA, 0x08CA, 0x08CA, 0x08CA, 0x08CA, 0x08CA, 0x08CA, 0x08CA, 0x08CA, 0x08CA, 0x08CA, 0x08CA, 0x08CA, 
	0x08CA, 0x08CA, 0x08CA, 0x08CA, 0x08CA, 0x08CA, 0x08CA, 0x08CA, 0x08CA, 0x08CA, 0x08CA, 0x08CA, 0x08CA, 0x08CA, 0x08CA, 0x08CA, 
	0x08CA, 0x08CA, 0x08CA, 0x08CA, 0x08CA, 0x08CA, 0x08CA, 0x08CA, 0x08CA, 0x08CA, 0x08CA, 0x08CA, 0x08CA, 0x08CA, 0x08CA, 0x08CA, 
	0x08CA, 0x08CA, 0x08CA, 0x08CA, 0x08CA, 0x08CA, 0x08CA, 0x08CA, 0x08CA, 0x08CA, 0x08CA, 0x08CA, 0x08CA, 0x08CA, 0x08CA, 0x08CA, 
	0x08CA, 0x08CA, 0x08CA, 0x08CA, 0x08CA, 0x08CA, 0x08CA, 0x08CA, 0x08CA, 0x08CA, 0x08CA, 0x08CA, 0x08CA, 0x08CA, 0x08CA, 0x08CA, 
	0x08CA, 0x08CA, 0x08CA, 0x08CA, 0x08CA, 0x08CA, 0x08CA, 0x08CA, 0x08CA, 0x08CA, 0x08CA, 0x08CA, 0x08CA, 0x08CA, 0x08CA, 0x08CA, 
	0x08CA, 0x08CA, 0x08CA, 0x08CA, 0x08CA, 0x08CA, 0x08CA, 0x08CA, 0x08CA, 0x08CA, 0x08CA, 0x08CA, 0x08CA, 0x08CA, 0x08CA, 0x08CA, 
	0x08CA, 0x08CA, 0x08CA, 0x08CA, 0x08CA, 0x08CA, 0x08CA, 0x08CA, 0x08CA, 0x08CA, 0x08CA, 0x08CA, 0x08CA, 0x08CA, 0x08CA, 0x08CA, 
	0x08CA, 0x08CA, 0x08CA, 0x08CA, 0x08CA, 0x08CA, 0x08CA, 0x08CA, 0x08CA, 0x08CA, 0x08CA, 0x08CA, 0x08CA, 0x08CA, 0x08CA, 0x08CA, 
	0x08CA, 0x08CA, 0x08CA, 0x08CA, 0x08CA, 0x08CA, 0x08CA, 0x08CA, 0x08CA, 0x08CA, 0x08CA, 0x08CA, 0x08CA, 0x08CA, 0x08CA, 0x08CA, 
	0x08CA, 0x08CA, 0x08CA, 0x08CA, 0x08CA, 0x08CA, 0x08CA, 0x08CA, 0x08CA, 0x08CA, 0x08CA, 0x08CA, 0x08CA, 0x08CA, 0x08CA, 0x08CA, 
	0x08CA, 0x08CA, 0x08CA, 0x08CA, 0x08CA, 0x08CA, 0x08CA, 0x08CA, 0x08CA, 0x08CA, 0x08CA, 0x08CA, 0x08CA, 0x08CA, 0x08CA, 0x08CA, 
	0x08CA, 0x08CA, 0x08CA, 0x08CA, 0x08CA, 0x08CA, 0x08CA, 0x08CA, 0x08CA, 0x08CA, 0x08CA, 0x08CA, 0x08CA, 0x08CA, 0x08CA, 0x08CA, 
	0x08CA, 0x08CA, 0x08CA, 0x08CA, 0x08CA, 0x08CA, 0x08CA, 0x08CA, 0x08CA, 0x08CA, 0x08CA, 0x08CA, 0x08CA, 0x08CA, 0x08CA, 0x08CA, 
	0x08CA, 0x08CA, 0x08CA, 0x08CA, 0x08CA, 0x08CA, 0x08CA, 0x08CA, 0x08CA, 0x08CA, 0x08CA, 0x08CA, 0x08CA, 0x08CA, 0x08CA, 0x08CA, 
	0x08CA, 0x08CA, 0x08CA, 0x08CA, 0x08CA, 0x08CA, 0x08CA, 0x08CA, 0x08CA, 0x08CA, 0x08CA, 0x08CA, 0x08CA, 0x08CA, 0x08CA, 0x08CA, 
	0x08CA, 0x08CA, 0x08CA, 0x08CA, 0x08CA, 0x08CA, 0x08CA, 0x08CA, 0x08CA, 0x08CA, 0x08CA, 0x08CA, 0x08CA, 0x08CA, 0x08CA, 0x08CA, 
	0x08CA, 0x08CA, 0x08CA, 0x08CA, 0x08CA, 0x08CA, 0x08CA, 0x08CA, 0x08CA, 0x08CA, 0x08CA, 0x08CA, 0x08CA, 0x08CA, 0x08CA, 0x08CA, 
	0x08CA, 0x08CA, 0x08CA, 0x08CA, 0x08CA, 0x08CA, 0x08CA, 0x08CA, 0x08CA, 0x08CA, 0x08CA, 0x08CA, 0x08CA, 0x08CA, 0x08CA, 0x08CA, 
	0x08CA, 0x08CA, 0x08CA, 0x08CA, 0x08CA, 0x08CA, 0x08CA, 0x08CA, 0x08CA, 0x08CA, 0x08CA, 0x08CA, 0x08CA, 0x08CA, 0x08CA, 0x08CA, 
	0x08CA, 0x08CA, 0x08CA, 0x08CA, 0x08CA, 0x08CA, 0x08CA, 0x08CA, 0x08CA, 0x08CA, 0x08CA, 0x08CA, 0x08CA, 0x08CA, 0x08CA, 0x08CA, 
	0x08CA, 0x08CA, 0x08CA, 0x08CA, 0x08CA, 0x08CA, 0x08CA, 0x08CA, 0x08CA, 0x08CA, 0x08CA, 0x08CA, 0x08CA, 0x08CA, 0x08CA, 0x08CA, 
	0x08CA, 0x08CA, 0x08CA, 0x08CA, 0x08CA, 0x08CA, 0x08CA, 0x08CA, 0x08CA, 0x08CA, 0x08CA, 0x08CA, 0x08CA, 0x08CA, 0x08CA, 0x08CA, 
	0x08CA, 0x08CA, 0x08CA, 0x08CA, 0x08CA, 0x08CA, 0x08CA, 0x08CA, 0x08CA, 0x08CA, 0x08CA, 0x08CA, 0x08CA, 0x08CA, 0x08CA, 0x08CA, 
	0x08CA, 0x08CA, 0x08CA, 0x08CA, 0x08CA, 0x08CA, 0x08CA, 0x08CA, 0x08CA, 0x08CA, 0x08CA, 0x08CA, 0x08CA, 0x08CA, 0x08CA, 0x08CA, 
	0x08CA, 0x08CA, 0x08CA, 0x08CA, 0x08CA, 0x08CA, 0x08CA, 0x08CA, 0x08CA, 0x08CA, 0x08CA, 0x08CA, 0x08CA, 0x08CA, 0x08CA, 0x08CA, 
	0x08CA, 0x08CA, 0x08CA, 0x08CA, 0x08CA, 0x08CA, 0x08CA, 0x08CA, 0x08CA, 0x08CA, 0x08CA, 0x08CA, 0x08CA, 0x08CA, 0x08CA, 0x08CA, 
	0x08CA, 0x08CA, 0x08CA, 0x08CA, 0x08CA, 0x08CA, 0x08CA, 0x08CA, 0x08CA, 0x08CA, 0x08CA, 0x08CA, 0x08CA, 0x08CA, 0x08CA, 0x08CA, 
	0x08CA, 0x08CA, 0x08CA, 0x08CA, 0x08CA, 0x08CA, 0x08CA, 0x08CA, 0x08CA, 0x08CA, 0x08CA, 0x08CA, 0x08CA, 0x08CA, 0x08CA, 0x08CA, 
	0x08CA, 0x08CA, 0x08CA, 0x08CA, 0x08CA, 0x08CA, 0x08CA, 0x08CA, 0x08CA, 0x08CA, 0x08CA, 0x08CA, 0x08CA, 0x08CA, 0x08CA, 0x08CA, 
	0x08CA, 0x08CA, 0x08CA, 0x08CA, 0x08CA, 0x08CA, 0x08CA, 0x08CA, 0x08CA, 0x08CA, 0x08CA, 0x08CA, 0x08CA, 0x08CA, 0x08CA, 0x08CA, 
	0x08CA, 0x08CA, 0x08CA, 0x08CA, 0x08CA, 0x08CA, 0x08CA, 0x08CA, 0x08CA, 0x08CA, 0x08CA, 0x08CA, 0x08CA, 0x08CA, 0x08CA, 0x08CA, 
	0x08CA, 0x08CA, 0x08CA, 0x08CA, 0x08CA, 0x08CA, 0x08CA, 0x08CA, 0x08CA, 0x08CA, 0x08CA, 0x08CA, 0x08CA, 0x08CA, 0x08CA, 0x08CA, 
	0x08CA, 0x08CA, 0x08CA, 0x08CA, 0x08CA, 0x08CA, 0x08CA, 0x08CA, 0x08CA, 0x08CA, 0x08CA, 0x08CA, 0x08CA, 0x08CA, 0x08CA, 0x08CA, 
	0x08CA, 0x08CA, 0x08CA, 0x08CA, 0x08CA, 0x08CA, 0x08CA, 0x08CA, 0x08CA, 0x08CA, 0x08CA, 0x08CA, 0x08CA, 0x08CA, 0x08CA, 0x08CA, 
	0x08CA, 0x08CA, 0x08CA, 0x08CA, 0x08CA, 0x08CA, 0x08CA, 0x08CA, 0x08CA, 0x08CA, 0x08CA, 0x08CA, 0x08CA, 0x08CA, 0x08CA, 0x08CA, 
	0x08CA, 0x08CA, 0x08CA, 0x08CA, 0x08CA, 0x08CA, 0x08CA, 0x08CA, 0x08CA, 0x08CA, 0x08CA, 0x08CA, 0x08CA, 0x08CA, 0x08CA, 0x08CA, 
	0x08CA, 0x08CA, 0x08CA, 0x08CA, 0x08CA, 0x08CA, 0x08CA, 0x08CA, 0x08CA, 0x08CA, 0x08CA, 0x08CA, 0x08CA, 0x08CA, 0x08CA, 0x08CA, 
	0x08CA, 0x08CA, 0x08CA, 0x08CA, 0x08CA, 0x08CA, 0x08CA, 0x08CA, 0x08CA, 0x08CA, 0x08CA, 0x08CA, 0x08CA, 0x08CA, 0x08CA, 0x08CA, 
	0x08CA, 0x08CA, 0x08CA, 0x08CA, 0x08CA, 0x08CA, 0x08CA, 0x08CA, 0x08CA, 0x08CA, 0x08CA, 0x08CA, 0x08CA, 0x08CA, 0x08CA, 0x08CA, 
	0x08CA, 0x08CA, 0x08CA, 0x08CA, 0x08CA, 0x08CA, 0x08CA, 0x08CA, 0x08CA, 0x08CA, 0x08CA, 0x08CA, 0x08CA, 0x08CA, 0x08CA, 0x08CA, 
	0x08CA, 0x08CA, 0x08CA, 0x08CA, 0x08CA, 0x08CA, 0x08CA, 0x08CA, 0x08CA, 0x08CA, 0x08CA, 0x08CA, 0x08CA, 0x08CA, 0x08CA, 0x08CA, 
	0x08CA, 0x08CA, 0x08CA, 0x08CA, 0x08CA, 0x08CA, 0x08CA, 0x08CA, 0x08CA, 0x08CA, 0x08CA, 0x08CA, 0x08CA, 0x08CA, 0x08CA, 0x08CA, 
	0x08CA, 0x08CA, 0x08CA, 0x08CA, 0x08CA, 0x08CA, 0x08CA, 0x08CA, 0x08CA, 0x08CA, 0x08CA, 0x08CA, 0x08CA, 0x08CA, 0x08CA, 0x08CA, 
	0x08CA, 0x08CA, 0x08CA, 0x08CA, 0x08CA, 0x08CA, 0x08CA, 0x08CA, 0x08CA, 0x08CA, 0x08CA, 0x08CA, 0x08CA, 0x08CA, 0x08CA, 0x08CA, 
	0x08CA, 0x08CA, 0x08CA, 0x08CA, 0x08CA, 0x08CA, 0x08CA, 0x08CA, 0x08CA, 0x08CA, 0x08CA, 0x08CA, 0x08CA, 0x08CA, 0x08CA, 0x08CA, 
	0x08CA, 0x08CA, 0x08CA, 0x08CA, 0x08CA, 0x08CA, 0x08CA, 0x08CA, 0x08CA, 0x08CA, 0x08CA, 0x08CA, 0x08CA, 0x08CA, 0x08CA, 0x08CA, 
	0x08CA, 0x08CA, 0x08CA, 0x08CA, 0x08CA, 0x08CA, 0x08CA, 0x08CA, 0x08CA, 0x08CA, 0x08CA, 0x08CA, 0x08CA, 0x08CA, 0x08CA, 0x08CA, 
	0x08CA, 0x08CA, 0x08CA, 0x08CA, 0x08CA, 0x08CA, 0x08CA, 0x08CA, 0x08CA, 0x08CA, 0x08CA, 0x08CA, 0x08CA, 0x08CA, 0x08CA, 0x08CA, 
	0x08CA, 0x08CA, 0x08CA, 0x08CA, 0x08CA, 0x08CA, 0x08CA, 0x08CA, 0x08CA, 0x08CA, 0x08CA, 0x08CA, 0x08CA, 0x08CA, 0x08CA, 0x08CA, 
	0x08CA, 0x08CA, 0x08CA, 0x08CA, 0x08CA, 0x08CA, 0x08CA, 0x08CA, 0x08CA, 0x08CA, 0x08CA, 0x08CA, 0x08CA, 0x08CA, 0x08CA, 0x08CA, 
	0x08CA, 0x08CA, 0x08CA, 0x08CA, 0x08CA, 0x08CA, 0x08CA, 0x08CA, 0x08CA, 0x08CA, 0x08CA, 0x08CA, 0x08CA, 0x08CA, 0x08CA, 0x08CA, 
	0x08CA, 0x08CA, 0x08CA, 0x08CA, 0x08CA, 0x08CA, 0x08CA, 0x08CA, 0x08CA, 0x08CA, 0x08CA, 0x08CA, 0x08CA, 0x08CA, 0x08CA, 0x08CA, 
	0x08CA, 0x08CA, 0x08CA, 0x08CA, 0x08CA, 0x08CA, 0x08CA, 0x08CA, 0x08CA, 0x08CA, 0x08CA, 0x08CA, 0x08CA, 0x08CA, 0x08CA, 0x08CA, 
	0x08CA, 0x08CA, 0x08CA, 0x08CA, 0x08CA, 0x08CA, 0x08CA, 0x08CA, 0x08CA, 0x08CA, 0x08CA, 0x08CA, 0x08CA, 0x08CA, 0x08CA, 0x08CA, 
	0x08CA, 0x08CA, 0x08CA, 0x08CA, 0x08CA, 0x08CA, 0x08CA, 0x08CA, 0x08CA, 0x08CA, 0x08CA, 0x08CA, 0x08CA, 0x08CA, 0x08CA, 0x08CA, 
	0x08CA, 0x08CA, 0x08CA, 0x08CA, 0x08CA, 0x08CA, 0x08CA, 0x08CA, 0x08CA, 0x08CA, 0x08CA, 0x08CA, 0x08CA, 0x08CA, 0x08CA, 0x08CA, 
	0x08CA, 0x08CA, 0x08CA, 0x08CA, 0x08CA, 0x08CA, 0x08CA, 0x08CA, 0x08CA, 0x08CA, 0x08CA, 0x08CA, 0x08CA, 0x08CA, 0x08CA, 0x08CA, 
	0x08CA, 0x08CA, 0x08CA, 0x08CA, 0x08CA, 0x08CA, 0x08CA, 0x08CA, 0x08CA, 0x08CA, 0x08CA, 0x08CA, 0x08CA, 0x08CA, 0x08CA, 0x08CA, 
	0x08CA, 0x08CA, 0x08CA, 0x08CA, 0x08CA, 0x08CA, 0x08CA, 0x08CA, 0x08CA, 0x08CA, 0x08CA, 0x08CA, 0x08CA, 0x08CA, 0x08CA, 0x08CA, 
	0x08CA, 0x08CA, 0x08CA, 0x08CA, 0x08CA, 0x08CA, 0x08CA, 0x08CA, 0x08CA, 0x08CA, 0x08CA, 0x08CA, 0x08CA, 0x08CA, 0x08CA, 0x08CA, 
	0x08CA, 0x08CA, 0x08CA, 0x08CA, 0x08CA, 0x08CA, 0x08CA, 0x08CA, 0x08CA, 0x08CA, 0x08CA, 0x08CA, 0x08CA, 0x08CA, 0x08CA, 0x08CA, 
	0x08CA, 0x08CA, 0x08CA, 0x08CA, 0x08CA, 0x08CA, 0x08CA, 0x08CA, 0x08CA, 0x08CA, 0x08CA, 0x08CA, 0x08CA, 0x08CA, 0x08CA, 0x08CA, 
	0x08CA, 0x08CA, 0x08CA, 0x08CA, 0x08CA, 0x08CA, 0x08CA, 0x08CA, 0x08CA, 0x08CA, 0x08CA, 0x08CA, 0x08CA, 0x08CA, 0x08CA, 0x08CA, 
	0x08CA, 0x08CA, 0x08CA, 0x08CA, 0x08CA, 0x08CA, 0x08CA, 0x08CA, 0x08CA, 0x08CA, 0x08CA, 0x08CA, 0x08CA, 0x08CA, 0x08CA, 0x08CA, 
	0x08CA, 0x08CA, 0x08CA, 0x08CA, 0x08CA, 0x08CA, 0x08CA, 0x08CA, 0x08CA, 0x08CA, 0x08CA, 0x08CA, 0x08CA, 0x08CA, 0x08CA, 0x08CA, 
	0x08CA, 0x08CA, 0x08CA, 0x08CA, 0x08CA, 0x08CA, 0x08CA, 0x08CA, 0x08CA, 0x08CA, 0x08CA, 0x08CA, 0x08CA, 0x08CA, 0x08CA, 0x08CA, 
	0x08CA, 0x08CA, 0x08CA, 0x08CA, 0x08CA, 0x08CA, 0x08CA, 0x08CA, 0x08CA, 0x08CA, 0x08CA, 0x08CA, 0x08CA, 0x08CA, 0x08CA, 0x08CA, 
	0x08CA, 0x08CA, 0x08CA, 0x08CA, 0x08CA, 0x08CA, 0x08CA, 0x08CA, 0x08CA, 0x08CA, 0x08CA, 0x08CA, 0x08CA, 0x08CA, 0x08CA, 0x08CA, 
	0x08CA, 0x08CA, 0x08CA, 0x08CA, 0x08CA, 0x08CA, 0x08CA, 0x08CA, 0x08CA, 0x08CA, 0x08CA, 0x08CA, 0x08CA, 0x08CA, 0x08CA, 0x08CA, 
	0x08CA, 0x08CA, 0x08CA, 0x08CA, 0x08CA, 0x08CA, 0x08CA, 0x08CA, 0x08CA, 0x08CA, 0x08CA, 0x08CA, 0x08CA, 0x08CA, 0x08CA, 0x08CA, 
	0x08CA, 0x08CA, 0x08CA, 0x08CA, 0x08CA, 0x08CA, 0x08CA, 0x08CA, 0x08CA, 0x08CA, 0x08CA, 0x08CA, 0x08CA, 0x08CA, 0x08CA, 0x08CA, 
	0x08CA, 0x08CA, 0x08CA, 0x08CA, 0x08CA, 0x08CA, 0x08CA, 0x08CA, 0x08CA, 0x08CA, 0x08CA, 0x08CA, 0x08CA, 0x08CA, 0x08CA, 0x08CA, 
	0x08CA, 0x08CA, 0x08CA, 0x08CA, 0x08CA, 0x08CA, 0x08CA, 0x08CA, 0x08CA, 0x08CA, 0x08CA, 0x08CA, 0x08CA, 0x08CA, 0x08CA, 0x08CA, 
	0x08CA, 0x08CA, 0x08CA, 0x08CA, 0x08CA, 0x08CA, 0x08CA, 0x08CA, 0x08CA, 0x08CA, 0x08CA, 0x08CA, 0x08CA, 0x08CA, 0x08CA, 0x08CA, 
	0x08CA, 0x08CA, 0x08CA, 0x08CA, 0x08CA, 0x08CA, 0x08CA, 0x08CA, 0x08CA, 0x08CA, 0x08CA, 0x08CA, 0x08CA, 0x08CA, 0x08CA, 0x08CA, 
	0x08CA, 0x08CA, 0x08CA, 0x08CA, 0x08CA, 0x08CA, 0x08CA, 0x08CA, 0x08CA, 0x08CA, 0x08CA, 0x08CA, 0x08CA, 0x08CA, 0x08CA, 0x08CA, 
	0x08CA, 0x08CA, 0x08CA, 0x08CA, 0x08CA, 0x08CA, 0x08CA, 0x08CA, 0x08CA, 0x08CA, 0x08CA, 0x08CA, 0x08CA, 0x08CA, 0x08CA, 0x08CA, 
	0x08CA, 0x08CA, 0x08CA, 0x08CA, 0x08CA, 0x08CA, 0x08CA, 0x08CA, 0x08CA, 0x08CA, 0x08CA, 0x08CA, 0x08CA, 0x08CA, 0x08CA, 0x08CA, 
	0x08CA, 0x08CA, 0x08CA, 0x08CA, 0x08CA, 0x08CA, 0x08CA, 0x08CA, 0x08CA, 0x08CA, 0x08CA, 0x08CA, 0x08CA, 0x08CA, 0x08CA, 0x08CA, 
	0x08CA, 0x08CA, 0x08CA, 0x08CA, 0x08CA, 0x08CA, 0x08CA, 0x08CA, 0x08CA, 0x08CA, 0x08CA, 0x08CA, 0x08CA, 0x08CA, 0x08CA, 0x08CA, 
	0x08CA, 0x08CA, 0x08CA, 0x08CA, 0x08CA, 0x08CA, 0x08CA, 0x08CA, 0x08CA, 0x08CA, 0x08CA, 0x08CA, 0x08CA, 0x08CA, 0x08CA, 0x08CA, 
	0x08CA, 0x08CA, 0x08CA, 0x08CA, 0x08CA, 0x08CA, 0x08CA, 0x08CA, 0x08CA, 0x08CA, 0x08CA, 0x08CA, 0x08CA, 0x08CA, 0x08CA, 0x08CA, 
	0x08CA, 0x08CA, 0x08CA, 0x08CA, 0x08CA, 0x08CA, 0x08CA, 0x08CA, 0x08CA, 0x08CA, 0x08CA, 0x08CA, 0x08CA, 0x08CA, 0x08CA, 0x08CA, 
	0x08CA, 0x08CA, 0x08CA, 0x08CA, 0x08CA, 0x08CA, 0x08CA, 0x08CA, 0x08CA, 0x08CA, 0x08CA, 0x08CA, 0x08CA, 0x08CA, 0x08CA, 0x08CA, 
	0x08CA, 0x08CA, 0x08CA, 0x08CA, 0x08CA, 0x08CA, 0x08CA, 0x08CA, 0x08CA, 0x08CA, 0x08CA, 0x08CA, 0x08CA, 0x08CA, 0x08CA, 0x08CA, 
	0x08CA, 0x08CA, 0x08CA, 0x08CA, 0x08CA, 0x08CA, 0x08CA, 0x08CA, 0x08CA, 0x08CA, 0x08CA, 0x08CA, 0x08CA, 0x08CA, 0x08CA, 0x08CA, 
	0x08CA, 0x08CA, 0x08CA, 0x08CA, 0x08CA, 0x08CA, 0x08CA, 0x08CA, 0x08CA, 0x08CA, 0x08CA, 0x08CA, 0x08CA, 0x08CA, 0x08CA, 0x08CA, 
	0x08CA, 0x08CA, 0x08CA, 0x08CA, 0x08CA, 0x08CA, 0x08CA, 0x08CA, 0x08CA, 0x08CA, 0x08CA, 0x08CA, 0x08CA, 0x08CA, 0x08CA, 0x08CA, 
	0x08CA, 0x08CA, 0x08CA, 0x08CA, 0x08CA, 0x08CA, 0x08CA, 0x08CA, 0x08CA, 0x08CA, 0x08CA, 0x08CA, 0x08CA, 0x08CA, 0x08CA, 0x08CA, 
	0x08CA, 0x08CA, 0x08CA, 0x08CA, 0x08CA, 0x08CA, 0x08CA, 0x08CA, 0x08CA, 0x08CA, 0x08CA, 0x08CA, 0x08CA, 0x08CA, 0x08CA, 0x08CA, 
	0x08CA, 0x08CA, 0x08CA, 0x08CA, 0x08CA, 0x08CA, 0x08CA, 0x08CA, 0x08CA, 0x08CA, 0x08CA, 0x08CA, 0x08CA, 0x08CA, 0x08CA, 0x08CA, 
	0x08CA, 0x08CA, 0x08CA, 0x08CA, 0x08CA, 0x08CA, 0x08CA, 0x08CA, 0x08CA, 0x08CA, 0x08CA, 0x08CA, 0x08CA, 0x08CA, 0x08CA, 0x08CA, 
	0x08CA, 0x08CA, 0x08CA, 0x08CA, 0x08CA, 0x08CA, 0x08CA, 0x08CA, 0x08CA, 0x08CA, 0x08CA, 0x08CA, 0x08CA, 0x08CA, 0x08CA, 0x08CA, 
	0x08CA, 0x08CA, 0x08CA, 0x08CA, 0x08CA, 0x08CA, 0x08CA, 0x08CA, 0x08CA, 0x08CA, 0x08CA, 0x08CA, 0x08CA, 0x08CA, 0x08CA, 0x08CA, 
	0x08CA, 0x08CA, 0x08CA, 0x08CA, 0x08CA, 0x08CA, 0x08CA, 0x08CA, 0x08CA, 0x08CA, 0x08CA, 0x08CA, 0x08CA, 0x08CA, 0x08CA, 0x08CA, 
	0x08CA, 0x08CA, 0x08CA, 0x08CA, 0x08CA, 0x08CA, 0x08CA, 0x08CA, 0x08CA, 0x08CA, 0x08CA, 0x08CA, 0x08CA, 0x08CA, 0x08CA, 0x08CA, 
	0x08CA, 0x08CA, 0x08CA, 0x08CA, 0x08CA, 0x08CA, 0x08CA, 0x08CA, 0x08CA, 0x08CA, 0x08CA, 0x08CA, 0x08CA, 0x08CA, 0x08CA, 0x08CA, 
	0x08CA, 0x08CA, 0x08CA, 0x08CA, 0x08CA, 0x08CA, 0x08CA, 0x08CA, 0x08CA, 0x08CA, 0x08CA, 0x08CA, 0x08CA, 0x08CA, 0x08CA, 0x08CA, 
	0x08CA, 0x08CA, 0x08CA, 0x08CA, 0x08CA, 0x08CA, 0x08CA, 0x08CA, 0x08CA, 0x08CA, 0x08CA, 0x08CA, 0x08CA, 0x08CA, 0x08CA, 0x08CA, 
	0x08CA, 0x08CA, 0x08CA, 0x08CA, 0x08CA, 0x08CA, 0x08CA, 0x08CA, 0x08CA, 0x08CA, 0x08CA, 0x08CA, 0x08CA, 0x08CA, 0x08CA, 0x08CA, 
	0x08CA, 0x08CA, 0x08CA, 0x08CA, 0x08CA, 0x08CA, 0x08CA, 0x08CA, 0x08CA, 0x08CA, 0x08CA, 0x08CA, 0x08CA, 0x08CA, 0x08CA, 0x08CA, 
	0x08CA, 0x08CA, 0x08CA, 0x08CA, 0x08CA, 0x08CA, 0x08CA, 0x08CA, 0x08CA, 0x08CA, 0x08CA, 0x08CA, 0x08CA, 0x08CA, 0x08CA, 0x08CA, 
	0x08CA, 0x08CA, 0x08CA, 0x08CA, 0x08CA, 0x08CA, 0x08CA, 0x08CA, 0x08CA, 0x08CA, 0x08CA, 0x08CA, 0x08CA, 0x08CA, 0x08CA, 0x08CA, 
	0x08CA, 0x08CA, 0x08CA, 0x08CA, 0x08CA, 0x08CA, 0x08CA, 0x08CA, 0x08CA, 0x08CA, 0x08CA, 0x08CA, 0x08CA, 0x08CA, 0x08CA, 0x08CA, 
	0x08CA, 0x08CA, 0x08CA, 0x08CA, 0x08CA, 0x08CA, 0x08CA, 0x08CA, 0x08CA, 0x08CA, 0x08CA, 0x08CA, 0x08CA, 0x08CA, 0x08CA, 0x08CA, 
	0x08CA, 0x08CA, 0x08CA, 0x08CA, 0x08CA, 0x08CA, 0x08CA, 0x08CA, 0x08CA, 0x08CA, 0x08CA, 0x08CA, 0x08CA, 0x08CA, 0x08CA, 0x08CA, 
	0x08CA, 0x08CA, 0x08CA, 0x08CA, 0x08CA, 0x08CA, 0x08CA, 0x08CA, 0x08CA, 0x08CA, 0x08CA, 0x08CA, 0x08CA, 0x08CA, 0x08CA, 0x08CA, 
	0x08CA, 0x08CA, 0x08CA, 0x08CA, 0x08CA, 0x08CA, 0x08CA, 0x08CA, 0x08CA, 0x08CA, 0x08CA, 0x08CA, 0x08CA, 0x08CA, 0x08CA, 0x08CA, 
	0x08CA, 0x08CA, 0x08CA, 0x08CA, 0x08CA, 0x08CA, 0x08CA, 0x08CA, 0x08CA, 0x08CA, 0x08CA, 0x08CA, 0x08CA, 0x08CA, 0x08CA, 0x08CA, 
	0x08CA, 0x08CA, 0x08CA, 0x08CA, 0x08CA, 0x08CA, 0x08CA, 0x08CA, 0x08CA, 0x08CA, 0x08CA, 0x08CA, 0x08CA, 0x08CA, 0x08CA, 0x08CA, 
	0x08CA, 0x08CA, 0x08CA, 0x08CA, 0x08CA, 0x08CA, 0x08CA, 0x08CA, 0x08CA, 0x08CA, 0x08CA, 0x08CA, 0x08CA, 0x08CA, 0x08CA, 0x08CA, 
	0x08CA, 0x08CA, 0x08CA, 0x08CA, 0x08CA, 0x08CA, 0x08CA, 0x08CA, 0x08CA, 0x08CA, 0x08CA, 0x08CA, 0x08CA, 0x08CA, 0x08CA, 0x08CA, 
	0x08CA, 0x08CA, 0x08CA, 0x08CA, 0x08CA, 0x08CA, 0x08CA, 0x08CA, 0x08CA, 0x08CA, 0x08CA, 0x08CA, 0x08CA, 0x08CA, 0x08CA, 0x08CA, 
	0x08CA, 0x08CA, 0x08CA, 0x08CA, 0x08CA, 0x08CA, 0x08CA, 0x08CA, 0x08CA, 0x08CA, 0x08CA, 0x08CA, 0x08CA, 0x08CA, 0x08CA, 0x08CA, 
	0x08CA, 0x08CA, 0x08CA, 0x08CA, 0x08CA, 0x08CA, 0x08CA, 0x08CA, 0x08CA, 0x08CA, 0x08CA, 0x08CA, 0x08CA, 0x08CA, 0x08CA, 0x08CA, 
	0x08CA, 0x08CA, 0x08CA, 0x08CA, 0x08CA, 0x08CA, 0x08CA, 0x08CA, 0x08CA, 0x08CA, 0x08CA, 0x08CA, 0x08CA, 0x08CA, 0x08CA, 0x08CA, 
	0x08CA, 0x08CA, 0x08CA, 0x08CA, 0x08CA, 0x08CA, 0x08CA, 0x08CA, 0x08CA, 0x08CA, 0x08CA, 0x08CA, 0x08CA, 0x08CA, 0x08CA, 0x08CA, 
	0x08CA, 0x08CA, 0x08CA, 0x08CA, 0x08CA, 0x08CA, 0x08CA, 0x08CA, 0x08CA, 0x08CA, 0x08CA, 0x08CA, 0x08CA, 0x08CA, 0x08CA, 0x08CA, 
	0x08CA, 0x08CA, 0x08CA, 0x08CA, 0x08CA, 0x08CA, 0x08CA, 0x08CA, 0x08CA, 0x08CA, 0x08CA, 0x08CA, 0x08CA, 0x08CA, 0x08CA, 0x08CA, 
	0x08CA, 0x08CA, 0x08CA, 0x08CA, 0x08CA, 0x08CA, 0x08CA, 0x08CA, 0x08CA, 0x08CA, 0x08CA, 0x08CA, 0x08CA, 0x08CA, 0x08CA, 0x08CA, 
	0x08CA, 0x08CA, 0x08CA, 0x08CA, 0x08CA, 0x08CA, 0x08CA, 0x08CA, 0x08CA, 0x08CA, 0x08CA, 0x08CA, 0x08CA, 0x08CA, 0x08CA, 0x08CA, 
	0x08CA, 0x08CA, 0x08CA, 0x08CA, 0x08CA, 0x08CA, 0x08CA, 0x08CA, 0x08CA, 0x08CA, 0x08CA, 0x08CA, 0x08CA, 0x08CA, 0x08CA, 0x08CA, 
	0x08CA, 0x08CA, 0x08CA, 0x08CA, 0x08CA, 0x08CA, 0x08CA, 0x08CA, 0x08CA, 0x08CA, 0x08CA, 0x08CA, 0x08CA, 0x08CA, 0x08CA, 0x08CA, 
	0x08CA, 0x08CA, 0x08CA, 0x08CA, 0x08CA, 0x08CA, 0x08CA, 0x08CA, 0x08CA, 0x08CA, 0x08CA, 0x08CA, 0x08CA, 0x08CA, 0x08CA, 0x08CA, 
	0x08CA, 0x08CA, 0x08CA, 0x08CA, 0x08CA, 0x08CA, 0x08CA, 0x08CA, 0x08CA, 0x08CA, 0x08CA, 0x08CA, 0x08CA, 0x08CA, 0x08CA, 0x08CA, 
	0x08CA, 0x08CA, 0x08CA, 0x08CA, 0x08CA, 0x08CA, 0x08CA, 0x08CA, 0x08CA, 0x08CA, 0x08CA, 0x08CA, 0x08CA, 0x08CA, 0x08CA, 0x08CA, 
	0x08CA, 0x08CA, 0x08CA, 0x08CA, 0x08CA, 0x08CA, 0x08CA, 0x08CA, 0x08CA, 0x08CA, 0x08CA, 0x08CA, 0x08CA, 0x08CA, 0x08CA, 0x08CA, 
	0x08CA, 0x08CA, 0x08CA, 0x08CA, 0x08CA, 0x08CA, 0x08CA, 0x08CA, 0x08CA, 0x08CA, 0x08CA, 0x08CA, 0x08CA, 0x08CA, 0x08CA, 0x08CA, 
	0x08CA, 0x08CA, 0x08CA, 0x08CA, 0x08CA, 0x08CA, 0x08CA, 0x08CA, 0x08CA, 0x08CA, 0x08CA, 0x08CA, 0x08CA, 0x08CA, 0x08CA, 0x08CA, 
	0x08CA, 0x08CA, 0x08CA, 0x08CA, 0x08CA, 0x08CA, 0x08CA, 0x08CA, 0x08CA, 0x08CA, 0x08CA, 0x08CA, 0x08CA, 0x08CA, 0x08CA, 0x08CA, 
	0x08CA, 0x08CA, 0x08CA, 0x08CA, 0x08CA, 0x08CA, 0x08CA, 0x08CA, 0x08CA, 0x08CA, 0x08CA, 0x08CA, 0x08CA, 0x08CA, 0x08CA, 0x08CA, 
	0x08CA, 0x08CA, 0x08CA, 0x08CA, 0x08CA, 0x08CA, 0x08CA, 0x08CA, 0x08CA, 0x08CA, 0x08CA, 0x08CA, 0x08CA, 0x08CA, 0x08CA, 0x08CA, 
	0x08CA, 0x08CA, 0x08CA, 0x08CA, 0x08CA, 0x08CA, 0x08CA, 0x08CA, 0x08CA, 0x08CA, 0x08CA, 0x08CA, 0x08CA, 0x08CA, 0x08CA, 0x08CA, 
	0x08CA, 0x08CA, 0x08CA, 0x08CA, 0x08CA, 0x08CA, 0x08CA, 0x08CA, 0x08CA, 0x08CA, 0x08CA, 0x08CA, 0x08CA, 0x08CA, 0x08CA, 0x08CA, 
	0x08CA, 0x08CA, 0x08CA, 0x08CA, 0x08CA, 0x08CA, 0x08CA, 0x08CA, 0x08CA, 0x08CA, 0x08CA, 0x08CA, 0x08CA, 0x08CA, 0x08CA, 0x08CA, 
	0x08CA, 0x08CA, 0x08CA, 0x08CA, 0x08CA, 0x08CA, 0x08CA, 0x08CA, 0x08CA, 0x08CA, 0x08CA, 0x08CA, 0x08CA, 0x08CA, 0x08CA, 0x08CA, 
	0x08CA, 0x08CA, 0x08CA, 0x08CA, 0x08CA, 0x08CA, 0x08CA, 0x08CA, 0x08CA, 0x08CA, 0x08CA, 0x08CA, 0x08CA, 0x08CA, 0x08CA, 0x08CA, 
	0x08CA, 0x08CA, 0x08CA, 0x08CA, 0x08CA, 0x08CA, 0x08CA, 0x08CA, 0x08CA, 0x08CA, 0x08CA, 0x08CA, 0x08CA, 0x08CA, 0x08CA, 0x08CA, 
	0x08CA, 0x08CA, 0x08CA, 0x08CA, 0x08CA, 0x08CA, 0x08CA, 0x08CA, 0x08CA, 0x08CA, 0x08CA, 0x08CA, 0x08CA, 0x08CA, 0x08CA, 0x08CA, 
	0x08CA, 0x08CA, 0x08CA, 0x08CA, 0x08CA, 0x08CA, 0x08CA, 0x08CA, 0x08CA, 0x08CA, 0x08CA, 0x08CA, 0x08CA, 0x08CA, 0x08CA, 0x08CA, 
	0x08CA, 0x08CA, 0x08CA, 0x08CA, 0x08CA, 0x08CA, 0x08CA, 0x08CA, 0x08CA, 0x08CA, 0x08CA, 0x08CA, 0x08CA, 0x08CA, 0x08CA, 0x08CA, 
	0x08CA, 0x08CA, 0x08CA, 0x08CA, 0x08CA, 0x08CA, 0x08CA, 0x08CA, 0x08CA, 0x08CA, 0x08CA, 0x08CA, 0x08CA, 0x08CA, 0x08CA, 0x08CA, 
	0x08CA, 0x08CA, 0x08CA, 0x08CA, 0x08CA, 0x08CA, 0x08CA, 0x08CA, 0x08CA, 0x08CA, 0x08CA, 0x08CA, 0x08CA, 0x08CA, 0x08CA, 0x08CA, 
	0x08CA, 0x08CA, 0x08CA, 0x08CA, 0x08CA, 0x08CA, 0x08CA, 0x08CA, 0x08CA, 0x08CA, 0x08CA, 0x08CA, 0x08CA, 0x08CA, 0x08CA, 0x08CA, 
	0x08CA, 0x08CA, 0x08CA, 0x08CA, 0x08CA, 0x08CA, 0x08CA, 0x08CA, 0x08CA, 0x08CA, 0x08CA, 0x08CA, 0x08CA, 0x08CA, 0x08CA, 0x08CA, 
	0x08CA, 0x08CA, 0x08CA, 0x08CA, 0x08CA, 0x08CA, 0x08CA, 0x08CA, 0x08CA, 0x08CA, 0x08CA, 0x08CA, 0x08CA, 0x08CA, 0x08CA, 0x08CA, 
	0x08CA, 0x08CA, 0x08CA, 0x08CA, 0x08CA, 0x08CA, 0x08CA, 0x08CA, 0x08CA, 0x08CA, 0x08CA, 0x08CA, 0x08CA, 0x08CA, 0x08CA, 0x08CA, 
	0x08CA, 0x08CA, 0x08CA, 0x08CA, 0x08CA, 0x08CA, 0x08CA, 0x08CA, 0x08CA, 0x08CA, 0x08CA, 0x08CA, 0x08CA, 0x08CA, 0x08CA, 0x08CA, 
	0x08CA, 0x08CA, 0x08CA, 0x08CA, 0x08CA, 0x08CA, 0x08CA, 0x08CA, 0x08CA, 0x08CA, 0x08CA, 0x08CA, 0x08CA, 0x08CA, 0x08CA, 0x08CA, 
	0x08CA, 0x08CA, 0x08CA, 0x08CA, 0x08CA, 0x08CA, 0x08CA, 0x08CA, 0x08CA, 0x08CA, 0x08CA, 0x08CA, 0x08CA, 0x08CA, 0x08CA, 0x08CA, 
	0x08CA, 0x08CA, 0x08CA, 0x08CA, 0x08CA, 0x08CA, 0x08CA, 0x08CA, 0x08CA, 0x08CA, 0x08CA, 0x08CA, 0x08CA, 0x08CA, 0x08CA, 0x08CA, 
	0x08CA, 0x08CA, 0x08CA, 0x08CA, 0x08CA, 0x08CA, 0x08CA, 0x08CA, 0x08CA, 0x08CA, 0x08CA, 0x08CA, 0x08CA, 0x08CA, 0x08CA, 0x08CA, 
	0x08CA, 0x08CA, 0x08CA, 0x08CA, 0x08CA, 0x08CA, 0x08CA, 0x08CA, 0x08CA, 0x08CA, 0x08CA, 0x08CA, 0x08CA, 0x08CA, 0x08CA, 0x08CA, 
	0x08CA, 0x08CA, 0x08CA, 0x08CA, 0x08CA, 0x08CA, 0x08CA, 0x08CA, 0x08CA, 0x08CA, 0x08CA, 0x08CA, 0x08CA, 0x08CA, 0x08CA, 0x08CA, 
	0x08CA, 0x08CA, 0x08CA, 0x08CA, 0x08CA, 0x08CA, 0x08CA, 0x08CA, 0x08CA, 0x08CA, 0x08CA, 0x08CA, 0x08CA, 0x08CA, 0x08CA, 0x08CA, 
	0x08CA, 0x08CA, 0x08CA, 0x08CA, 0x08CA, 0x08CA, 0x08CA, 0x08CA, 0x08CA, 0x08CA, 0x08CA, 0x08CA, 0x08CA, 0x08CA, 0x08CA, 0x08CA, 
	0x08CA, 0x08CA, 0x08CA, 0x08CA, 0x08CA, 0x08CA, 0x08CA, 0x08CA, 0x08CA, 0x08CA, 0x08CA, 0x08CA, 0x08CA, 0x08CA, 0x08CA, 0x08CA, 
	0x08CA, 0x08CA, 0x08CA, 0x08CA, 0x08CA, 0x08CA, 0x08CA, 0x08CA, 0x08CA, 0x08CA, 0x08CA, 0x08CA, 0x08CA, 0x08CA, 0x08CA, 0x08CA, 
	0x08CA, 0x08CA, 0x08CA, 0x08CA, 0x08CA, 0x08CA, 0x08CA, 0x08CA, 0x08CA, 0x08CA, 0x08CA, 0x08CA, 0x08CA, 0x08CA, 0x08CA, 0x08CA, 
	0x08CA, 0x08CA, 0x08CA, 0x08CA, 0x08CA, 0x08CA, 0x08CA, 0x08CA, 0x08CA, 0x08CA, 0x08CA, 0x08CA, 0x08CA, 0x08CA, 0x08CA, 0x08CA, 
	0x08CA, 0x08CA, 0x08CA, 0x08CA, 0x08CA, 0x08CA, 0x08CA, 0x08CA, 0x08CA, 0x08CA, 0x08CA, 0x08CA, 0x08CA, 0x08CA, 0x08CA, 0x08CA, 
	0x08CA, 0x08CA, 0x08CA, 0x08CA, 0x08CA, 0x08CA, 0x08CA, 0x08CA, 0x08CA, 0x08CA, 0x08CA, 0x08CA, 0x08CA, 0x08CA, 0x08CA, 0x08CA, 
	0x08CA, 0x08CA, 0x08CA, 0x08CA, 0x08CA, 0x08CA, 0x08CA, 0x08CA, 0x08CA, 0x08CA, 0x08CA, 0x08CA, 0x08CA, 0x08CA, 0x08CA, 0x08CA, 
	0x08CA, 0x08CA, 0x08CA, 0x08CA, 0x08CA, 0x08CA, 0x08CA, 0x08CA, 0x08CA, 0x08CA, 0x08CA, 0x08CA, 0x08CA, 0x08CA, 0x08CA, 0x08CA, 
	0x08CA, 0x08CA, 0x08CA, 0x08CA, 0x08CA, 0x08CA, 0x08CA, 0x08CA, 0x08CA, 0x08CA, 0x08CA, 0x08CA, 0x08CA, 0x08CA, 0x08CA, 0x08CA, 
	0x08CA, 0x08CA, 0x08CA, 0x08CA, 0x08CA, 0x08CA, 0x08CA, 0x08CA, 0x08CA, 0x08CA, 0x08CA, 0x08CA, 0x08CA, 0x08CA, 0x08CA, 0x08CA, 
	0x08CA, 0x08CA, 0x08CA, 0x08CA, 0x08CA, 0x08CA, 0x08CA, 0x08CA, 0x08CA, 0x08CA, 0x08CA, 0x08CA, 0x08CA, 0x08CA, 0x08CA, 0x08CA, 
	0x08CA, 0x08CA, 0x08CA, 0x08CA, 0x08CA, 0x08CA, 0x08CA, 0x08CA, 0x08CA, 0x08CA, 0x08CA, 0x08CA, 0x08CA, 0x08CA, 0x08CA, 0x08CA, 
	0x08CA, 0x08CA, 0x08CA, 0x08CA, 0x08CA, 0x08CA, 0x08CA, 0x08CA, 0x08CA, 0x08CA, 0x08CA, 0x08CA, 0x08CA, 0x08CA, 0x08CA, 0x08CA, 
	0x08CA, 0x08CA, 0x08CA, 0x08CA, 0x08CA, 0x08CA, 0x08CA, 0x08CA, 0x08CA, 0x08CA, 0x08CA, 0x08CA, 0x08CA, 0x08CA, 0x08CA, 0x08CA, 
	0x08CA, 0x08CA, 0x08CA, 0x08CA, 0x08CA, 0x08CA, 0x08CA, 0x08CA, 0x08CA, 0x08CA, 0x08CA, 0x08CA, 0x08CA, 0x08CA, 0x08CA, 0x08CA, 
	0x08CA, 0x08CA, 0x08CA, 0x08CA, 0x08CA, 0x08CA, 0x08CA, 0x08CA, 0x08CA, 0x08CA, 0x08CA, 0x08CA, 0x08CA, 0x08CA, 0x08CA, 0x08CA, 
	0x08CA, 0x08CA, 0x08CA, 0x08CA, 0x08CA, 0x08CA, 0x08CA, 0x08CA, 0x08CA, 0x08CA, 0x08CA, 0x08CA, 0x08CA, 0x08CA, 0x08CA, 0x08CA, 
	0x08CA, 0x08CA, 0x08CA, 0x08CA, 0x08CA, 0x08CA, 0x08CA, 0x08CA, 0x08CA, 0x08CA, 0x08CA, 0x08CA, 0x08CA, 0x08CA, 0x08CA, 0x08CA, 
	0x08CA, 0x08CA, 0x08CA, 0x08CA, 0x08CA, 0x08CA, 0x08CA, 0x08CA, 0x08CA, 0x08CA, 0x08CA, 0x08CA, 0x08CA, 0x08CA, 0x08CA, 0x08CA, 
	0x08CA, 0x08CA, 0x08CA, 0x08CA, 0x08CA, 0x08CA, 0x08CA, 0x08CA, 0x08CA, 0x08CA, 0x08CA, 0x08CA, 0x08CA, 0x08CA, 0x08CA, 0x08CA, 
	0x08CA, 0x08CA, 0x08CA, 0x08CA, 0x08CA, 0x08CA, 0x08CA, 0x08CA, 0x08CA, 0x08CA, 0x08CA, 0x08CA, 0x08CA, 0x08CA, 0x08CA, 0x08CA, 
	0x08CA, 0x08CA, 0x08CA, 0x08CA, 0x08CA, 0x08CA, 0x08CA, 0x08CA, 0x08CA, 0x08CA, 0x08CA, 0x08CA, 0x08CA, 0x08CA, 0x08CA, 0x08CA, 
	0x08CA, 0x08CA, 0x08CA, 0x08CA, 0x08CA, 0x08CA, 0x08CA, 0x08CA, 0x08CA, 0x08CA, 0x08CA, 0x08CA, 0x08CA, 0x08CA, 0x08CA, 0x08CA, 
	0x08CA, 0x08CA, 0x08CA, 0x08CA, 0x08CA, 0x08CA, 0x08CA, 0x08CA, 0x08CA, 0x08CA, 0x08CA, 0x08CA, 0x08CA, 0x08CA, 0x08CA, 0x08CA, 
	0x08CA, 0x08CA, 0x08CA, 0x08CA, 0x08CA, 0x08CA, 0x08CA, 0x08CA, 0x08CA, 0x08CA, 0x08CA, 0x08CA, 0x08CA, 0x08CA, 0x08CA, 0x08CA, 
	0x08CA, 0x08CA, 0x08CA, 0x08CA, 0x08CA, 0x08CA, 0x08CA, 0x08CA, 0x08CA, 0x08CA, 0x08CA, 0x08CA, 0x08CA, 0x08CA, 0x08CA, 0x08CA, 
	0x08CA, 0x08CA, 0x08CA, 0x08CA, 0x08CA, 0x08CA, 0x08CA, 0x08CA, 0x08CA, 0x08CA, 0x08CA, 0x08CA, 0x08CA, 0x08CA, 0x08CA, 0x08CA, 
	0x08CA, 0x08CA, 0x08CA, 0x08CA, 0x08CA, 0x08CA, 0x08CA, 0x08CA, 0x08CA, 0x08CA, 0x08CA, 0x08CA, 0x08CA, 0x08CA, 0x08CA, 0x08CA, 
	0x08CA, 0x08CA, 0x08CA, 0x08CA, 0x08CA, 0x08CA, 0x08CA, 0x08CA, 0x08CA, 0x08CA, 0x08CA, 0x08CA, 0x08CA, 0x08CA, 0x08CA, 0x08CA, 
	0x08CA, 0x08CA, 0x08CA, 0x08CA, 0x08CA, 0x08CA, 0x08CA, 0x08CA, 0x08CA, 0x08CA, 0x08CA, 0x08CA, 0x08CA, 0x08CA, 0x08CA, 0x08CA, 
	0x08CA, 0x08CA, 0x08CA, 0x08CA, 0x08CA, 0x08CA, 0x08CA, 0x08CA, 0x08CA, 0x08CA, 0x08CA, 0x08CA, 0x08CA, 0x08CA, 0x08CA, 0x08CA, 
	0x08CA, 0x08CA, 0x08CA, 0x08CA, 0x08CA, 0x08CA, 0x08CA, 0x08CA, 0x08CA, 0x08CA, 0x08CA, 0x08CA, 0x08CA, 0x08CA, 0x08CA, 0x08CA, 
	0x08CA, 0x08CA, 0x08CA, 0x08CA, 0x08CA, 0x08CA, 0x08CA, 0x08CA, 0x08CA, 0x08CA, 0x08CA, 0x08CA, 0x08CA, 0x08CA, 0x08CA, 0x08CA, 
	0x08CA, 0x08CA, 0x08CA, 0x08CA, 0x08CA, 0x08CA, 0x08CA, 0x08CA, 0x08CA, 0x08CA, 0x08CA, 0x08CA, 0x08CA, 0x08CA, 0x08CA, 0x08CA, 
	0x08CA, 0x08CA, 0x08CA, 0x08CA, 0x08CA, 0x08CA, 0x08CA, 0x08CA, 0x08CA, 0x08CA, 0x08CA, 0x08CA, 0x08CA, 0x08CA, 0x08CA, 0x08CA, 
	0x08CA, 0x08CA, 0x08CA, 0x08CA, 0x08CA, 0x08CA, 0x08CA, 0x08CA, 0x08CA, 0x08CA, 0x08CA, 0x08CA, 0x08CA, 0x08CA, 0x08CA, 0x08CA, 
	0x08CA, 0x08CA, 0x08CA, 0x08CA, 0x08CA, 0x08CA, 0x08CA, 0x08CA, 0x08CA, 0x08CA, 0x08CA, 0x08CA, 0x08CA, 0x08CA, 0x08CA, 0x08CA, 
	0x08CA, 0x08CA, 0x08CA, 0x08CA, 0x08CA, 0x08CA, 0x08CA, 0x08CA, 0x08CA, 0x08CA, 0x08CA, 0x08CA, 0x08CA, 0x08CA, 0x08CA, 0x08CA, 
	0x08CA, 0x08CA, 0x08CA, 0x08CA, 0x08CA, 0x08CA, 0x08CA, 0x08CA, 0x08CA, 0x08CA, 0x08CA, 0x08CA, 0x08CA, 0x08CA, 0x08CA, 0x08CA, 
	0x08CA, 0x08CA, 0x08CA, 0x08CA, 0x08CA, 0x08CA, 0x08CA, 0x08CA, 0x08CA, 0x08CA, 0x08CA, 0x08CA, 0x08CA, 0x08CA, 0x08CA, 0x08CA, 
	0x08CA, 0x08CA, 0x08CA, 0x08CA, 0x08CA, 0x08CA, 0x08CA, 0x08CA, 0x08CA, 0x08CA, 0x08CA, 0x08CA, 0x08CA, 0x08CA, 0x08CA, 0x08CA, 
	0x08CA, 0x08CA, 0x08CA, 0x08CA, 0x08CA, 0x08CA, 0x08CA, 0x08CA, 0x08CA, 0x08CA, 0x08CA, 0x08CA, 0x08CA, 0x08CA, 0x08CA, 0x08CA, 
	0x08CA, 0x08CA, 0x08CA, 0x08CA, 0x08CA, 0x08CA, 0x08CA, 0x08CA, 0x08CA, 0x08CA, 0x08CA, 0x08CA, 0x08CA, 0x08CA, 0x08CA, 0x08CA, 
	0x08CA, 0x08CA, 0x08CA, 0x08CA, 0x08CA, 0x08CA, 0x08CA, 0x08CA, 0x08CA, 0x08CA, 0x08CA, 0x08CA, 0x08CA, 0x08CA, 0x08CA, 0x08CA, 
	0x08CA, 0x08CA, 0x08CA, 0x08CA, 0x08CA, 0x08CA, 0x08CA, 0x08CA, 0x08CA, 0x08CA, 0x08CA, 0x08CA, 0x08CA, 0x08CA, 0x08CA, 0x08CA, 
	0x08CA, 0x08CA, 0x08CA, 0x08CA, 0x08CA, 0x08CA, 0x08CA, 0x08CA, 0x08CA, 0x08CA, 0x08CA, 0x08CA, 0x08CA, 0x08CA, 0x08CA, 0x08CA, 
	0x08CA, 0x08CA, 0x08CA, 0x08CA, 0x08CA, 0x08CA, 0x08CA, 0x08CA, 0x08CA, 0x08CA, 0x08CA, 0x08CA, 0x08CA, 0x08CA, 0x08CA, 0x08CA, 
	0x08CA, 0x08CA, 0x08CA, 0x08CA, 0x08CA, 0x08CA, 0x08CA, 0x08CA, 0x08CA, 0x08CA, 0x08CA, 0x08CA, 0x08CA, 0x08CA, 0x08CA, 0x08CA, 
	0x08CA, 0x08CA, 0x08CA, 0x08CA, 0x08CA, 0x08CA, 0x08CA, 0x08CA, 0x08CA, 0x08CA, 0x08CA, 0x08CA, 0x08CA, 0x08CA, 0x08CA, 0x08CA, 
	0x08CA, 0x08CA, 0x08CA, 0x08CA, 0x08CA, 0x08CA, 0x08CA, 0x08CA, 0x08CA, 0x08CA, 0x08CA, 0x08CA, 0x08CA, 0x08CA, 0x08CA, 0x08CA, 
	0x08CA, 0x08CA, 0x08CA, 0x08CA, 0x08CA, 0x08CA, 0x08CA, 0x08CA, 0x08CA, 0x08CA, 0x08CA, 0x08CA, 0x08CA, 0x08CA, 0x08CA, 0x08CA, 
	0x08CA, 0x08CA, 0x08CA, 0x08CA, 0x08CA, 0x08CA, 0x08CA, 0x08CA, 0x08CA, 0x08CA, 0x08CA, 0x08CA, 0x08CA, 0x08CA, 0x08CA, 0x08CA, 
	0x08CA, 0x08CA, 0x08CA, 0x08CA, 0x08CA, 0x08CA, 0x08CA, 0x08CA, 0x08CA, 0x08CA, 0x08CA, 0x08CA, 0x08CA, 0x08CA, 0x08CA, 0x08CA, 
	0x08CA, 0x08CA, 0x08CA, 0x08CA, 0x08CA, 0x08CA, 0x08CA, 0x08CA, 0x08CA, 0x08CA, 0x08CA, 0x08CA, 0x08CA, 0x08CA, 0x08CA, 0x08CA, 
	0x08CA, 0x08CA, 0x08CA, 0x08CA, 0x08CA, 0x08CA, 0x08CA, 0x08CA, 0x08CA, 0x08CA, 0x08CA, 0x08CA, 0x08CA, 0x08CA, 0x08CA, 0x08CA, 
	0x08CA, 0x08CA, 0x08CA, 0x08CA, 0x08CA, 0x08CA, 0x08CA, 0x08CA, 0x08CA, 0x08CA, 0x08CA, 0x08CA, 0x08CA, 0x08CA, 0x08CA, 0x08CA, 
	0x08CA, 0x08CA, 0x08CA, 0x08CA, 0x08CA, 0x08CA, 0x08CA, 0x08CA, 0x08CA, 0x08CA, 0x08CA, 0x08CA, 0x08CA, 0x08CA, 0x08CA, 0x08CA, 
	0x08CA, 0x08CA, 0x08CA, 0x08CA, 0x08CA, 0x08CA, 0x08CA, 0x08CA, 0x08CA, 0x08CA, 0x08CA, 0x08CA, 0x08CA, 0x08CA, 0x08CA, 0x08CA, 
	0x08CA, 0x08CA, 0x08CA, 0x08CA, 0x08CA, 0x08CA, 0x08CA, 0x08CA, 0x08CA, 0x08CA, 0x08CA, 0x08CA, 0x08CA, 0x08CA, 0x08CA, 0x08CA, 
	0x08CA, 0x08CA, 0x08CA, 0x08CA, 0x08CA, 0x08CA, 0x08CA, 0x08CA, 0x08CA, 0x08CA, 0x08CA, 0x08CA, 0x08CA, 0x08CA, 0x08CA, 0x08CA, 
	0x08CA, 0x08CA, 0x08CA, 0x08CA, 0x08CA, 0x08CA, 0x08CA, 0x08CA, 0x08CA, 0x08CA, 0x08CA, 0x08CA, 0x08CA, 0x08CA, 0x08CA, 0x08CA, 
	0x08CA, 0x08CA, 0x08CA, 0x08CA, 0x08CA, 0x08CA, 0x08CA, 0x08CA, 0x08CA, 0x08CA, 0x08CA, 0x08CA, 0x08CA, 0x08CA, 0x08CA, 0x08CA, 
	0x08CA, 0x08CA, 0x08CA, 0x08CA, 0x08CA, 0x08CA, 0x08CA, 0x08CA, 0x08CA, 0x08CA, 0x08CA, 0x08CA, 0x08CA, 0x08CA, 0x08CA, 0x08CA, 
	0x08CA, 0x08CA, 0x08CA, 0x08CA, 0x08CA, 0x08CA, 0x08CA, 0x08CA, 0x08CA, 0x08CA, 0x08CA, 0x08CA, 0x08CA, 0x08CA, 0x08CA, 0x08CA, 
	0x08CA, 0x08CA, 0x08CA, 0x08CA, 0x08CA, 0x08CA, 0x08CA, 0x08CA, 0x08CA, 0x08CA, 0x08CA, 0x08CA, 0x08CA, 0x08CA, 0x08CA, 0x08CA, 
	0x08CA, 0x08CA, 0x08CA, 0x08CA, 0x08CA, 0x08CA, 0x08CA, 0x08CA, 0x08CA, 0x08CA, 0x08CA, 0x08CA, 0x08CA, 0x08CA, 0x08CA, 0x08CA, 
	0x08CA, 0x08CA, 0x08CA, 0x08CA, 0x08CA, 0x08CA, 0x08CA, 0x08CA, 0x08CA, 0x08CA, 0x08CA, 0x08CA, 0x08CA, 0x08CA, 0x08CA, 0x08CA, 
	0x08CA, 0x08CA, 0x08CA, 0x08CA, 0x08CA, 0x08CA, 0x08CA, 0x08CA, 0x08CA, 0x08CA, 0x08CA, 0x08CA, 0x08CA, 0x08CA, 0x08CA, 0x08CA, 
	0x08CA, 0x08CA, 0x08CA, 0x08CA, 0x08CA, 0x08CA, 0x08CA, 0x08CA, 0x08CA, 0x08CA, 0x08CA, 0x08CA, 0x08CA, 0x08CA, 0x08CA, 0x08CA, 
	0x08CA, 0x08CA, 0x08CA, 0x08CA, 0x08CA, 0x08CA, 0x08CA, 0x08CA, 0x08CA, 0x08CA, 0x08CA, 0x08CA, 0x08CA, 0x08CA, 0x08CA, 0x08CA, 
	0x08CA, 0x08CA, 0x08CA, 0x08CA, 0x08CA, 0x08CA, 0x08CA, 0x08CA, 0x08CA, 0x08CA, 0x08CA, 0x08CA, 0x08CA, 0x08CA, 0x08CA, 0x08CA, 
	0x08CA, 0x08CA, 0x08CA, 0x08CA, 0x08CA, 0x08CA, 0x08CA, 0x08CA, 0x08CA, 0x08CA, 0x08CA, 0x08CA, 0x08CA, 0x08CA, 0x08CA, 0x08CA, 
	0x08CA, 0x08CA, 0x08CA, 0x08CA, 0x08CA, 0x08CA, 0x08CA, 0x08CA, 0x08CA, 0x08CA, 0x08CA, 0x08CA, 0x08CA, 0x08CA, 0x08CA, 0x08CA, 
	0x08CA, 0x08CA, 0x08CA, 0x08CA, 0x08CA, 0x08CA, 0x08CA, 0x08CA, 0x08CA, 0x08CA, 0x08CA, 0x08CA, 0x08CA, 0x08CA, 0x08CA, 0x08CA, 
	0x08CA, 0x08CA, 0x08CA, 0x08CA, 0x08CA, 0x08CA, 0x08CA, 0x08CA, 0x08CA, 0x08CA, 0x08CA, 0x08CA, 0x08CA, 0x08CA, 0x08CA, 0x08CA, 
	0x08CA, 0x08CA, 0x08CA, 0x08CA, 0x08CA, 0x08CA, 0x08CA, 0x08CA, 0x08CA, 0x08CA, 0x08CA, 0x08CA, 0x08CA, 0x08CA, 0x08CA, 0x08CA, 
	0x08CA, 0x08CA, 0x08CA, 0x08CA, 0x08CA, 0x08CA, 0x08CA, 0x08CA, 0x08CA, 0x08CA, 0x08CA, 0x08CA, 0x08CA, 0x08CA, 0x08CA, 0x08CA, 
	0x08CA, 0x08CA, 0x08CA, 0x08CA, 0x08CA, 0x08CA, 0x08CA, 0x08CA, 0x08CA, 0x08CA, 0x08CA, 0x08CA, 0x08CA, 0x08CA, 0x08CA, 0x08CA, 
	0x08CA, 0x08CA, 0x08CA, 0x08CA, 0x08CA, 0x08CA, 0x08CA, 0x08CA, 0x08CA, 0x08CA, 0x08CA, 0x08CA, 0x08CA, 0x08CA, 0x08CA, 0x08CA, 
	0x08CA, 0x08CA, 0x08CA, 0x08CA, 0x08CA, 0x08CA, 0x08CA, 0x08CA, 0x08CA, 0x08CA, 0x08CA, 0x08CA, 0x08CA, 0x08CA, 0x08CA, 0x08CA, 
	0x08CA, 0x08CA, 0x08CA, 0x08CA, 0x08CA, 0x08CA, 0x08CA, 0x08CA, 0x08CA, 0x08CA, 0x08CA, 0x08CA, 0x08CA, 0x08CA, 0x08CA, 0x08CA, 
	0x08CA, 0x08CA, 0x08CA, 0x08CA, 0x08CA, 0x08CA, 0x08CA, 0x08CA, 0x08CA, 0x08CA, 0x08CA, 0x08CA, 0x08CA, 0x08CA, 0x08CA, 0x08CA, 
	0x08CA, 0x08CA, 0x08CA, 0x08CA, 0x08CA, 0x08CA, 0x08CA, 0x08CA, 0x08CA, 0x08CA, 0x08CA, 0x08CA, 0x08CA, 0x08CA, 0x08CA, 0x08CA, 
	0x08CA, 0x08CA, 0x08CA, 0x08CA, 0x08CA, 0x08CA, 0x08CA, 0x08CA, 0x08CA, 0x08CA, 0x08CA, 0x08CA, 0x08CA, 0x08CA, 0x08CA, 0x08CA, 
	0x08CA, 0x08CA, 0x08CA, 0x08CA, 0x08CA, 0x08CA, 0x08CA, 0x08CA, 0x08CA, 0x08CA, 0x08CA, 0x08CA, 0x08CA, 0x08CA, 0x08CA, 0x08CA, 
	0x08CA, 0x08CA, 0x08CA, 0x08CA, 0x08CA, 0x08CA, 0x08CA, 0x08CA, 0x08CA, 0x08CA, 0x08CA, 0x08CA, 0x08CA, 0x08CA, 0x08CA, 0x08CA, 
	0x08CA, 0x08CA, 0x08CA, 0x08CA, 0x08CA, 0x08CA, 0x08CA, 0x08CA, 0x08CA, 0x08CA, 0x08CA, 0x08CA, 0x08CA, 0x08CA, 0x08CA, 0x08CA, 
	0x08CA, 0x08CA, 0x08CA, 0x08CA, 0x08CA, 0x08CA, 0x08CA, 0x08CA, 0x08CA, 0x08CA, 0x08CA, 0x08CA, 0x08CA, 0x08CA, 0x08CA, 0x08CA, 
	0x08CA, 0x08CA, 0x08CA, 0x08CA, 0x08CA, 0x08CA, 0x08CA, 0x08CA, 0x08CA, 0x08CA, 0x08CA, 0x08CA, 0x08CA, 0x08CA, 0x08CA, 0x08CA, 
	0x08CA, 0x08CA, 0x08CA, 0x08CA, 0x08CA, 0x08CA, 0x08CA, 0x08CA, 0x08CA, 0x08CA, 0x08CA, 0x08CA, 0x08CA, 0x08CA, 0x08CA, 0x08CA, 
	0x08CA, 0x08CA, 0x08CA, 0x08CA, 0x08CA, 0x08CA, 0x08CA, 0x08CA, 0x08CA, 0x08CA, 0x08CA, 0x08CA, 0x08CA, 0x08CA, 0x08CA, 0x08CA, 
	0x08CA, 0x08CA, 0x08CA, 0x08CA, 0x08CA, 0x08CA, 0x08CA, 0x08CA, 0x08CA, 0x08CA, 0x08CA, 0x08CA, 0x08CA, 0x08CA, 0x08CA, 0x08CA, 
	0x08CA, 0x08CA, 0x08CA, 0x08CA, 0x08CA, 0x08CA, 0x08CA, 0x08CA, 0x08CA, 0x08CA, 0x08CA, 0x08CA, 0x08CA, 0x08CA, 0x08CA, 0x08CA, 
	0x08CA, 0x08CA, 0x08CA, 0x08CA, 0x08CA, 0x08CA, 0x08CA, 0x08CA, 0x08CA, 0x08CA, 0x08CA, 0x08CA, 0x08CA, 0x08CA, 0x08CA, 0x08CA, 
	0x08CA, 0x08CA, 0x08CA, 0x08CA, 0x08CA, 0x08CA, 0x08CA, 0x08CA, 0x08CA, 0x08CA, 0x08CA, 0x08CA, 0x08CA, 0x08CA, 0x08CA, 0x08CA, 
	0x08CA, 0x08CA, 0x08CA, 0x08CA, 0x08CA, 0x08CA, 0x08CA, 0x08CA, 0x08CA, 0x08CA, 0x08CA, 0x08CA, 0x08CA, 0x08CA, 0x08CA, 0x08CA, 
	0x08CA, 0x08CA, 0x08CA, 0x08CA, 0x08CA, 0x08CA, 0x08CA, 0x08CA, 0x08CA, 0x08CA, 0x08CA, 0x08CA, 0x08CA, 0x08CA, 0x08CA, 0x08CA, 
	0x08CA, 0x08CA, 0x08CA, 0x08CA, 0x08CA, 0x08CA, 0x08CA, 0x08CA, 0x08CA, 0x08CA, 0x08CA, 0x08CA, 0x08CA, 0x08CA, 0x08CA, 0x08CA, 
	0x08CA, 0x08CA, 0x08CA, 0x08CA, 0x08CA, 0x08CA, 0x08CA, 0x08CA, 0x08CA, 0x08CA, 0x08CA, 0x08CA, 0x08CA, 0x08CA, 0x08CA, 0x08CA, 
	0x08CA, 0x08CA, 0x08CA, 0x08CA, 0x08CA, 0x08CA, 0x08CA, 0x08CA, 0x08CA, 0x08CA, 0x08CA, 0x08CA, 0x08CA, 0x08CA, 0x08CA, 0x08CA, 
	0x08CA, 0x08CA, 0x08CA, 0x08CA, 0x08CA, 0x08CA, 0x08CA, 0x08CA, 0x08CA, 0x08CA, 0x08CA, 0x08CA, 0x08CA, 0x08CA, 0x08CA, 0x08CA, 
	0x08CA, 0x08CA, 0x08CA, 0x08CA, 0x08CA, 0x08CA, 0x08CA, 0x08CA, 0x08CA, 0x08CA, 0x08CA, 0x08CA, 0x08CA, 0x08CA, 0x08CA, 0x08CA, 
	0x08CA, 0x08CA, 0x08CA, 0x08CA, 0x08CA, 0x08CA, 0x08CA, 0x08CA, 0x08CA, 0x08CA, 0x08CA, 0x08CA, 0x08CA, 0x08CA, 0x08CA, 0x08CA, 
	0x08CA, 0x08CA, 0x08CA, 0x08CA, 0x08CA, 0x08CA, 0x08CA, 0x08CA, 0x08CA, 0x08CA, 0x08CA, 0x08CA, 0x08CA, 0x08CA, 0x08CA, 0x08CA, 
	0x08CA, 0x08CA, 0x08CA, 0x08CA, 0x08CA, 0x08CA, 0x08CA, 0x08CA, 0x08CA, 0x08CA, 0x08CA, 0x08CA, 0x08CA, 0x08CA, 0x08CA, 0x08CA, 
	0x08CA, 0x08CA, 0x08CA, 0x08CA, 0x08CA, 0x08CA, 0x08CA, 0x08CA, 0x08CA, 0x08CA, 0x08CA, 0x08CA, 0x08CA, 0x08CA, 0x08CA, 0x08CA, 
	0x08CA, 0x08CA, 0x08CA, 0x08CA, 0x08CA, 0x08CA, 0x08CA, 0x08CA, 0x08CA, 0x08CA, 0x08CA, 0x08CA, 0x08CA, 0x08CA, 0x08CA, 0x08CA, 
	0x08CA, 0x08CA, 0x08CA, 0x08CA, 0x08CA, 0x08CA, 0x08CA, 0x08CA, 0x08CA, 0x08CA, 0x08CA, 0x08CA, 0x08CA, 0x08CA, 0x08CA, 0x08CA, 
	0x08CA, 0x08CA, 0x08CA, 0x08CA, 0x08CA, 0x08CA, 0x08CA, 0x08CA, 0x08CA, 0x08CA, 0x08CA, 0x08CA, 0x08CA, 0x08CA, 0x08CA, 0x08CA, 
	0x08CA, 0x08CA, 0x08CA, 0x08CA, 0x08CA, 0x08CA, 0x08CA, 0x08CA, 0x08CA, 0x08CA, 0x08CA, 0x08CA, 0x08CA, 0x08CA, 0x08CA, 0x08CA, 
	0x08CA, 0x08CA, 0x08CA, 0x08CA, 0x08CA, 0x08CA, 0x08CA, 0x08CA, 0x08CA, 0x08CA, 0x08CA, 0x08CA, 0x08CA, 0x08CA, 0x08CA, 0x08CA, 
	0x08CA, 0x08CA, 0x08CA, 0x08CA, 0x08CA, 0x08CA, 0x08CA, 0x08CA, 0x08CA, 0x08CA, 0x08CA, 0x08CA, 0x08CA, 0x08CA, 0x08CA, 0x08CA, 
	0x08CA, 0x08CA, 0x08CA, 0x08CA, 0x08CA, 0x08CA, 0x08CA, 0x08CA, 0x08CA, 0x08CA, 0x08CA, 0x08CA, 0x08CA, 0x08CA, 0x08CA, 0x08CA, 
	0x08CA, 0x08CA, 0x08CA, 0x08CA, 0x08CA, 0x08CA, 0x08CA, 0x08CA, 0x08CA, 0x08CA, 0x08CA, 0x08CA, 0x08CA, 0x08CA, 0x08CA, 0x08CA, 
	0x08CA, 0x08CA, 0x08CA, 0x08CA, 0x08CA, 0x08CA, 0x08CA, 0x08CA, 0x08CA, 0x08CA, 0x08CA, 0x08CA, 0x08CA, 0x08CA, 0x08CA, 0x08CA, 
	0x08CA, 0x08CA, 0x08CA, 0x08CA, 0x08CA, 0x08CA, 0x08CA, 0x08CA, 0x08CA, 0x08CA, 0x08CA, 0x08CA, 0x08CA, 0x08CA, 0x08CA, 0x08CA, 
	0x08CA, 0x08CA, 0x08CA, 0x08CA, 0x08CA, 0x08CA, 0x08CA, 0x08CA, 0x08CA, 0x08CA, 0x08CA, 0x08CA, 0x08CA, 0x08CA, 0x08CA, 0x08CA, 
	0x08CA, 0x08CA, 0x08CA, 0x08CA, 0x08CA, 0x08CA, 0x08CA, 0x08CA, 0x08CA, 0x08CA, 0x08CA, 0x08CA, 0x08CA, 0x08CA, 0x08CA, 0x08CA, 
	0x08CA, 0x08CA, 0x08CA, 0x08CA, 0x08CA, 0x08CA, 0x08CA, 0x08CA, 0x08CA, 0x08CA, 0x08CA, 0x08CA, 0x08CA, 0x08CA, 0x08CA, 0x08CA, 
	0x08CA, 0x08CA, 0x08CA, 0x08CA, 0x08CA, 0x08CA, 0x08CA, 0x08CA, 0x08CA, 0x08CA, 0x08CA, 0x08CA, 0x08CA, 0x08CA, 0x08CA, 0x08CA, 
	0x08CA, 0x08CA, 0x08CA, 0x08CA, 0x08CA, 0x08CA, 0x08CA, 0x08CA, 0x08CA, 0x08CA, 0x08CA, 0x08CA, 0x08CA, 0x08CA, 0x08CA, 0x08CA, 
	0x08CA, 0x08CA, 0x08CA, 0x08CA, 0x08CA, 0x08CA, 0x08CA, 0x08CA, 0x08CA, 0x08CA, 0x08CA, 0x08CA, 0x08CA, 0x08CA, 0x08CA, 0x08CA, 
	0x08CA, 0x08CA, 0x08CA, 0x08CA, 0x08CA, 0x08CA, 0x08CA, 0x08CA, 0x08CA, 0x08CA, 0x08CA, 0x08CA, 0x08CA, 0x08CA, 0x08CA, 0x08CA, 
	0x08CA, 0x08CA, 0x08CA, 0x08CA, 0x08CA, 0x08CA, 0x08CA, 0x08CA, 0x08CA, 0x08CA, 0x08CA, 0x08CA, 0x08CA, 0x08CA, 0x08CA, 0x08CA, 
	0x08CA, 0x08CA, 0x08CA, 0x08CA, 0x08CA, 0x08CA, 0x08CA, 0x08CA, 0x08CA, 0x08CA, 0x08CA, 0x08CA, 0x08CA, 0x08CA, 0x08CA, 0x08CA, 
	0x08CA, 0x08CA, 0x08CA, 0x08CA, 0x08CA, 0x08CA, 0x08CA, 0x08CA, 0x08CA, 0x08CA, 0x08CA, 0x08CA, 0x08CA, 0x08CA, 0x08CA, 0x08CA, 
	0x08CA, 0x08CA, 0x08CA, 0x08CA, 0x08CA, 0x08CA, 0x08CA, 0x08CA, 0x08CA, 0x08CA, 0x08CA, 0x08CA, 0x08CA, 0x08CA, 0x08CA, 0x08CA, 
	0x08CA, 0x08CA, 0x08CA, 0x08CA, 0x08CA, 0x08CA, 0x08CA, 0x08CA, 0x08CA, 0x08CA, 0x08CA, 0x08CA, 0x08CA, 0x08CA, 0x08CA, 0x08CA, 
	0x08CA, 0x08CA, 0x08CA, 0x08CA, 0x08CA, 0x08CA, 0x08CA, 0x08CA, 0x08CA, 0x08CA, 0x08CA, 0x08CA, 0x08CA, 0x08CA, 0x08CA, 0x08CA, 
	0x08CA, 0x08CA, 0x08CA, 0x08CA, 0x08CA, 0x08CA, 0x08CA, 0x08CA, 0x08CA, 0x08CA, 0x08CA, 0x08CA, 0x08CA, 0x08CA, 0x08CA, 0x08CA, 
	0x08CA, 0x08CA, 0x08CA, 0x08CA, 0x08CA, 0x08CA, 0x08CA, 0x08CA, 0x08CA, 0x08CA, 0x08CA, 0x08CA, 0x08CA, 0x08CA, 0x08CA, 0x08CA, 
	0x08CA, 0x08CA, 0x08CA, 0x08CA, 0x08CA, 0x08CA, 0x08CA, 0x08CA, 0x08CA, 0x08CA, 0x08CA, 0x08CA, 0x08CA, 0x08CA, 0x08CA, 0x08CA, 
	0x08CA, 0x08CA, 0x08CA, 0x08CA, 0x08CA, 0x08CA, 0x08CA, 0x08CA, 0x08CA, 0x08CA, 0x08CA, 0x08CA, 0x08CA, 0x08CA, 0x08CA, 0x08CA, 
	0x08CA, 0x08CA, 0x08CA, 0x08CA, 0x08CA, 0x08CA, 0x08CA, 0x08CA, 0x08CA, 0x08CA, 0x08CA, 0x08CA, 0x08CA, 0x08CA, 0x08CA, 0x08CA, 
	0x08CA, 0x08CA, 0x08CA, 0x08CA, 0x08CA, 0x08CA, 0x08CA, 0x08CA, 0x08CA, 0x08CA, 0x08CA, 0x08CA, 0x08CA, 0x08CA, 0x08CA, 0x08CA, 
	0x08CA, 0x08CA, 0x08CA, 0x08CA, 0x08CA, 0x08CA, 0x08CA, 0x08CA, 0x08CA, 0x08CA, 0x08CA, 0x08CA, 0x08CA, 0x08CA, 0x08CA, 0x08CA, 
	0x08CA, 0x08CA, 0x08CA, 0x08CA, 0x08CA, 0x08CA, 0x08CA, 0x08CA, 0x08CA, 0x08CA, 0x08CA, 0x08CA, 0x08CA, 0x08CA, 0x08CA, 0x08CA, 
	0x08CA, 0x08CA, 0x08CA, 0x08CA, 0x08CA, 0x08CA, 0x08CA, 0x08CA, 0x08CA, 0x08CA, 0x08CA, 0x08CA, 0x08CA, 0x08CA, 0x08CA, 0x08CA, 
	0x08CA, 0x08CA, 0x08CA, 0x08CA, 0x08CA, 0x08CA, 0x08CA, 0x08CA, 0x08CA, 0x08CA, 0x08CA, 0x08CA, 0x08CA, 0x08CA, 0x08CA, 0x08CA, 
	0x08CA, 0x08CA, 0x08CA, 0x08CA, 0x08CA, 0x08CA, 0x08CA, 0x08CA, 0x08CA, 0x08CA, 0x08CA, 0x08CA, 0x08CA, 0x08CA, 0x08CA, 0x08CA, 
	0x08CA, 0x08CA, 0x08CA, 0x08CA, 0x08CA, 0x08CA, 0x08CA, 0x08CA, 0x08CA, 0x08CA, 0x08CA, 0x08CA, 0x08CA, 0x08CA, 0x08CA, 0x08CA, 
	0x08CA, 0x08CA, 0x08CA, 0x08CA, 0x08CA, 0x08CA, 0x08CA, 0x08CA, 0x08CA, 0x08CA, 0x08CA, 0x08CA, 0x08CA, 0x08CA, 0x08CA, 0x08CA, 
	0x08CA, 0x08CA, 0x08CA, 0x08CA, 0x08CA, 0x08CA, 0x08CA, 0x08CA, 0x08CA, 0x08CA, 0x08CA, 0x08CA, 0x08CA, 0x08CA, 0x08CA, 0x08CA, 
	0x08CA, 0x08CA, 0x08CA, 0x08CA, 0x08CA, 0x08CA, 0x08CA, 0x08CA, 0x08CA, 0x08CA, 0x08CA, 0x08CA, 0x08CA, 0x08CA, 0x08CA, 0x08CA, 
	0x08CA, 0x08CA, 0x08CA, 0x08CA, 0x08CA, 0x08CA, 0x08CA, 0x08CA, 0x08CA, 0x08CA, 0x08CA, 0x08CA, 0x08CA, 0x08CA, 0x08CA, 0x08CA, 
	0x08CA, 0x08CA, 0x08CA, 0x08CA, 0x08CA, 0x08CA, 0x08CA, 0x08CA, 0x08CA, 0x08CA, 0x08CA, 0x08CA, 0x08CA, 0x08CA, 0x08CA, 0x08CA, 
	0x08CA, 0x08CA, 0x08CA, 0x08CA, 0x08CA, 0x08CA, 0x08CA, 0x08CA, 0x08CA, 0x08CA, 0x08CA, 0x08CA, 0x08CA, 0x08CA, 0x08CA, 0x08CA, 
	0x08CA, 0x08CA, 0x08CA, 0x08CA, 0x08CA, 0x08CA, 0x08CA, 0x08CA, 0x08CA, 0x08CA, 0x08CA, 0x08CA, 0x08CA, 0x08CA, 0x08CA, 0x08CA, 
	0x08CA, 0x08CA, 0x08CA, 0x08CA, 0x08CA, 0x08CA, 0x08CA, 0x08CA, 0x08CA, 0x08CA, 0x08CA, 0x08CA, 0x08CA, 0x08CA, 0x08CA, 0x08CA, 
	0x08CA, 0x08CA, 0x08CA, 0x08CA, 0x08CA, 0x08CA, 0x08CA, 0x08CA, 0x08CA, 0x08CA, 0x08CA, 0x08CA, 0x08CA, 0x08CA, 0x08CA, 0x08CA, 
	0x08CA, 0x08CA, 0x08CA, 0x08CA, 0x08CA, 0x08CA, 0x08CA, 0x08CA, 0x08CA, 0x08CA, 0x08CA, 0x08CA, 0x08CA, 0x08CA, 0x08CA, 0x08CA, 
	0x08CA, 0x08CA, 0x08CA, 0x08CA, 0x08CA, 0x08CA, 0x08CA, 0x08CA, 0x08CA, 0x08CA, 0x08CA, 0x08CA, 0x08CA, 0x08CA, 0x08CA, 0x08CA, 
	0x08CA, 0x08CA, 0x08CA, 0x08CA, 0x08CA, 0x08CA, 0x08CA, 0x08CA, 0x08CA, 0x08CA, 0x08CA, 0x08CA, 0x08CA, 0x08CA, 0x08CA, 0x08CA, 
	0x08CA, 0x08CA, 0x08CA, 0x08CA, 0x08CA, 0x08CA, 0x08CA, 0x08CA, 0x08CA, 0x08CA, 0x08CA, 0x08CA, 0x08CA, 0x08CA, 0x08CA, 0x08CA, 
	0x08CA, 0x08CA, 0x08CA, 0x08CA, 0x08CA, 0x08CA, 0x08CA, 0x08CA, 0x08CA, 0x08CA, 0x08CA, 0x08CA, 0x08CA, 0x08CA, 0x08CA, 0x08CA, 
	0x08CA, 0x08CA, 0x08CA, 0x08CA, 0x08CA, 0x08CA, 0x08CA, 0x08CA, 0x08CA, 0x08CA, 0x08CA, 0x08CA, 0x08CA, 0x08CA, 0x08CA, 0x08CA, 
	0x08CA, 0x08CA, 0x08CA, 0x08CA, 0x08CA, 0x08CA, 0x08CA, 0x08CA, 0x08CA, 0x08CA, 0x08CA, 0x08CA, 0x08CA, 0x08CA, 0x08CA, 0x08CA, 
	0x08CA, 0x08CA, 0x08CA, 0x08CA, 0x08CA, 0x08CA, 0x08CA, 0x08CA, 0x08CA, 0x08CA, 0x08CA, 0x08CA, 0x08CA, 0x08CA, 0x08CA, 0x08CA, 
	0x08CA, 0x08CA, 0x08CA, 0x08CA, 0x08CA, 0x08CA, 0x08CA, 0x08CA, 0x08CA, 0x08CA, 0x08CA, 0x08CA, 0x08CA, 0x08CA, 0x08CA, 0x08CA, 
	0x08CA, 0x08CA, 0x08CA, 0x08CA, 0x08CA, 0x08CA, 0x08CA, 0x08CA, 0x08CA, 0x08CA, 0x08CA, 0x08CA, 0x08CA, 0x08CA, 0x08CA, 0x08CA, 
	0x08CA, 0x08CA, 0x08CA, 0x08CA, 0x08CA, 0x08CA, 0x08CA, 0x08CA, 0x08CA, 0x08CA, 0x08CA, 0x08CA, 0x08CA, 0x08CA, 0x08CA, 0x08CA, 
	0x08CA, 0x08CA, 0x08CA, 0x08CA, 0x08CA, 0x08CA, 0x08CA, 0x08CA, 0x08CA, 0x08CA, 0x08CA, 0x08CA, 0x08CA, 0x08CA, 0x08CA, 0x08CA, 
	0x08CA, 0x08CA, 0x08CA, 0x08CA, 0x08CA, 0x08CA, 0x08CA, 0x08CA, 0x08CA, 0x08CA, 0x08CA, 0x08CA, 0x08CA, 0x08CA, 0x08CA, 0x08CA, 
	0x08CA, 0x08CA, 0x08CA, 0x08CA, 0x08CA, 0x08CA, 0x08CA, 0x08CA, 0x08CA, 0x08CA, 0x08CA, 0x08CA, 0x08CA, 0x08CA, 0x08CA, 0x08CA, 
	0x08CA, 0x08CA, 0x08CA, 0x08CA, 0x08CA, 0x08CA, 0x08CA, 0x08CA, 0x08CA, 0x08CA, 0x08CA, 0x08CA, 0x08CA, 0x08CA, 0x08CA, 0x08CA, 
	0x08CA, 0x08CA, 0x08CA, 0x08CA, 0x08CA, 0x08CA, 0x08CA, 0x08CA, 0x08CA, 0x08CA, 0x08CA, 0x08CA, 0x08CA, 0x08CA, 0x08CA, 0x08CA, 
	0x08CA, 0x08CA, 0x08CA, 0x08CA, 0x08CA, 0x08CA, 0x08CA, 0x08CA, 0x08CA, 0x08CA, 0x08CA, 0x08CA, 0x08CA, 0x08CA, 0x08CA, 0x08CA, 
	0x08CA, 0x08CA, 0x08CA, 0x08CA, 0x08CA, 0x08CA, 0x08CA, 0x08CA, 0x08CA, 0x08CA, 0x08CA, 0x08CA, 0x08CA, 0x08CA, 0x08CA, 0x08CA, 
	0x08CA, 0x08CA, 0x08CA, 0x08CA, 0x08CA, 0x08CA, 0x08CA, 0x08CA, 0x08CA, 0x08CA, 0x08CA, 0x08CA, 0x08CA, 0x08CA, 0x08CA, 0x08CA, 
	0x08CA, 0x08CA, 0x08CA, 0x08CA, 0x08CA, 0x08CA, 0x08CA, 0x08CA, 0x08CA, 0x08CA, 0x08CA, 0x08CA, 0x08CA, 0x08CA, 0x08CA, 0x08CA, 
	0x08CA, 0x08CA, 0x08CA, 0x08CA, 0x08CA, 0x08CA, 0x08CA, 0x08CA, 0x08CA, 0x08CA, 0x08CA, 0x08CA, 0x08CA, 0x08CA, 0x08CA, 0x08CA, 
	0x08CA, 0x08CA, 0x08CA, 0x08CA, 0x08CA, 0x08CA, 0x08CA, 0x08CA, 0x08CA, 0x08CA, 0x08CA, 0x08CA, 0x08CA, 0x08CA, 0x08CA, 0x08CA, 
	0x08CA, 0x08CA, 0x08CA, 0x08CA, 0x08CA, 0x08CA, 0x08CA, 0x08CA, 0x08CA, 0x08CA, 0x08CA, 0x08CA, 0x08CA, 0x08CA, 0x08CA, 0x08CA, 
	0x08CA, 0x08CA, 0x08CA, 0x08CA, 0x08CA, 0x08CA, 0x08CA, 0x08CA, 0x08CA, 0x08CA, 0x08CA, 0x08CA, 0x08CA, 0x08CA, 0x08CA, 0x08CA, 
	0x08CA, 0x08CA, 0x08CA, 0x08CA, 0x08CA, 0x08CA, 0x08CA, 0x08CA, 0x08CA, 0x08CA, 0x08CA, 0x08CA, 0x08CA, 0x08CA, 0x08CA, 0x08CA, 
	0x08CA, 0x08CA, 0x08CA, 0x08CA, 0x08CA, 0x08CA, 0x08CA, 0x08CA, 0x08CA, 0x08CA, 0x08CA, 0x08CA, 0x08CA, 0x08CA, 0x08CA, 0x08CA, 
	0x08CA, 0x08CA, 0x08CA, 0x08CA, 0x08CA, 0x08CA, 0x08CA, 0x08CA, 0x08CA, 0x08CA, 0x08CA, 0x08CA, 0x08CA, 0x08CA, 0x08CA, 0x08CA, 
	0x08CA, 0x08CA, 0x08CA, 0x08CA, 0x08CA, 0x08CA, 0x08CA, 0x08CA, 0x08CA, 0x08CA, 0x08CA, 0x08CA, 0x08CA, 0x08CA, 0x08CA, 0x08CA, 
	0x08CA, 0x08CA, 0x08CA, 0x08CA, 0x08CA, 0x08CA, 0x08CA, 0x08CA, 0x08CA, 0x08CA, 0x08CA, 0x08CA, 0x08CA, 0x08CA, 0x08CA, 0x08CA, 
	0x08CA, 0x08CA, 0x08CA, 0x08CA, 0x08CA, 0x08CA, 0x08CA, 0x08CA, 0x08CA, 0x08CA, 0x08CA, 0x08CA, 0x08CA, 0x08CA, 0x08CA, 0x08CA, 
	0x08CA, 0x08CA, 0x08CA, 0x08CA, 0x08CA, 0x08CA, 0x08CA, 0x08CA, 0x08CA, 0x08CA, 0x08CA, 0x08CA, 0x08CA, 0x08CA, 0x08CA, 0x08CA, 
	0x08CA, 0x08CA, 0x08CA, 0x08CA, 0x08CA, 0x08CA, 0x08CA, 0x08CA, 0x08CA, 0x08CA, 0x08CA, 0x08CA, 0x08CA, 0x08CA, 0x08CA, 0x08CA, 
	0x08CA, 0x08CA, 0x08CA, 0x08CA, 0x08CA, 0x08CA, 0x08CA, 0x08CA, 0x08CA, 0x08CA, 0x08CA, 0x08CA, 0x08CA, 0x08CA, 0x08CA, 0x08CA, 
	0x08CA, 0x08CA, 0x08CA, 0x08CA, 0x08CA, 0x08CA, 0x08CA, 0x08CA, 0x08CA, 0x08CA, 0x08CA, 0x08CA, 0x08CA, 0x08CA, 0x08CA, 0x08CA, 
	0x08CA, 0x08CA, 0x08CA, 0x08CA, 0x08CA, 0x08CA, 0x08CA, 0x08CA, 0x08CA, 0x08CA, 0x08CA, 0x08CA, 0x08CA, 0x08CA, 0x08CA, 0x08CA, 
	0x08CA, 0x08CA, 0x08CA, 0x08CA, 0x08CA, 0x08CA, 0x08CA, 0x08CA, 0x08CA, 0x08CA, 0x08CA, 0x08CA, 0x08CA, 0x08CA, 0x08CA, 0x08CA, 
	0x08CA, 0x08CA, 0x08CA, 0x08CA, 0x08CA, 0x08CA, 0x08CA, 0x08CA, 0x08CA, 0x08CA, 0x08CA, 0x08CA, 0x08CA, 0x08CA, 0x08CA, 0x08CA, 
	0x08CA, 0x08CA, 0x08CA, 0x08CA, 0x08CA, 0x08CA, 0x08CA, 0x08CA, 0x08CA, 0x08CA, 0x08CA, 0x08CA, 0x08CA, 0x08CA, 0x08CA, 0x08CA, 
	0x08CA, 0x08CA, 0x08CA, 0x08CA, 0x08CA, 0x08CA, 0x08CA, 0x08CA, 0x08CA, 0x08CA, 0x08CA, 0x08CA, 0x08CA, 0x08CA, 0x08CA, 0x08CA, 
	0x08CA, 0x08CA, 0x08CA, 0x08CA, 0x08CA, 0x08CA, 0x08CA, 0x08CA, 0x08CA, 0x08CA, 0x08CA, 0x08CA, 0x08CA, 0x08CA, 0x08CA, 0x08CA, 
	0x08CA, 0x08CA, 0x08CA, 0x08CA, 0x08CA, 0x08CA, 0x08CA, 0x08CA, 0x08CA, 0x08CA, 0x08CA, 0x08CA, 0x08CA, 0x08CA, 0x08CA, 0x08CA, 
	0x08CA, 0x08CA, 0x08CA, 0x08CA, 0x08CA, 0x08CA, 0x08CA, 0x08CA, 0x08CA, 0x08CA, 0x08CA, 0x08CA, 0x08CA, 0x08CA, 0x08CA, 0x08CA, 
	0x08CA, 0x08CA, 0x08CA, 0x08CA, 0x08CA, 0x08CA, 0x08CA, 0x08CA, 0x08CA, 0x08CA, 0x08CA, 0x08CA, 0x08CA, 0x08CA, 0x08CA, 0x08CA, 
	0x08CA, 0x08CA, 0x08CA, 0x08CA, 0x08CA, 0x08CA, 0x08CA, 0x08CA, 0x08CA, 0x08CA, 0x08CA, 0x08CA, 0x08CA, 0x08CA, 0x08CA, 0x08CA, 
	0x08CA, 0x08CA, 0x08CA, 0x08CA, 0x08CA, 0x08CA, 0x08CA, 0x08CA, 0x08CA, 0x08CA, 0x08CA, 0x08CA, 0x08CA, 0x08CA, 0x08CA, 0x08CA, 
	0x08CA, 0x08CA, 0x08CA, 0x08CA, 0x08CA, 0x08CA, 0x08CA, 0x08CA, 0x08CA, 0x08CA, 0x08CA, 0x08CA, 0x08CA, 0x08CA, 0x08CA, 0x08CA, 
	0x08CA, 0x08CA, 0x08CA, 0x08CA, 0x08CA, 0x08CA, 0x08CA, 0x08CA, 0x08CA, 0x08CA, 0x08CA, 0x08CA, 0x08CA, 0x08CA, 0x08CA, 0x08CA, 
	0x08CA, 0x08CA, 0x08CA, 0x08CA, 0x08CA, 0x08CA, 0x08CA, 0x08CA, 0x08CA, 0x08CA, 0x08CA, 0x08CA, 0x08CA, 0x08CA, 0x08CA, 0x08CA, 
	0x08CA, 0x08CA, 0x08CA, 0x08CA, 0x08CA, 0x08CA, 0x08CA, 0x08CA, 0x08CA, 0x08CA, 0x08CA, 0x08CA, 0x08CA, 0x08CA, 0x08CA, 0x08CA, 
	0x08CA, 0x08CA, 0x08CA, 0x08CA, 0x08CA, 0x08CA, 0x08CA, 0x08CA, 0x08CA, 0x08CA, 0x08CA, 0x08CA, 0x08CA, 0x08CA, 0x08CA, 0x08CA, 
	0x08CA, 0x08CA, 0x08CA, 0x08CA, 0x08CA, 0x08CA, 0x08CA, 0x08CA, 0x08CA, 0x08CA, 0x08CA, 0x08CA, 0x08CA, 0x08CA, 0x08CA, 0x08CA, 
	0x08CA, 0x08CA, 0x08CA, 0x08CA, 0x08CA, 0x08CA, 0x08CA, 0x08CA, 0x08CA, 0x08CA, 0x08CA, 0x08CA, 0x08CA, 0x08CA, 0x08CA, 0x08CA, 
	0x08CA, 0x08CA, 0x08CA, 0x08CA, 0x08CA, 0x08CA, 0x08CA, 0x08CA, 0x08CA, 0x08CA, 0x08CA, 0x08CA, 0x08CA, 0x08CA, 0x08CA, 0x08CA, 
	0x08CA, 0x08CA, 0x08CA, 0x08CA, 0x08CA, 0x08CA, 0x08CA, 0x08CA, 0x08CA, 0x08CA, 0x08CA, 0x08CA, 0x08CA, 0x08CA, 0x08CA, 0x08CA, 
	0x08CA, 0x08CA, 0x08CA, 0x08CA, 0x08CA, 0x08CA, 0x08CA, 0x08CA, 0x08CA, 0x08CA, 0x08CA, 0x08CA, 0x08CA, 0x08CA, 0x08CA, 0x08CA, 
	0x08CA, 0x08CA, 0x08CA, 0x08CA, 0x08CA, 0x08CA, 0x08CA, 0x08CA, 0x08CA, 0x08CA, 0x08CA, 0x08CA, 0x08CA, 0x08CA, 0x08CA, 0x08CA, 
	0x08CA, 0x08CA, 0x08CA, 0x08CA, 0x08CA, 0x08CA, 0x08CA, 0x08CA, 0x08CA, 0x08CA, 0x08CA, 0x08CA, 0x08CA, 0x08CA, 0x08CA, 0x08CA, 
	0x08CA, 0x08CA, 0x08CA, 0x08CA, 0x08CA, 0x08CA, 0x08CA, 0x08CA, 0x08CA, 0x08CA, 0x08CA, 0x08CA, 0x08CA, 0x08CA, 0x08CA, 0x08CA, 
	0x08CA, 0x08CA, 0x08CA, 0x08CA, 0x08CA, 0x08CA, 0x08CA, 0x08CA, 0x08CA, 0x08CA, 0x08CA, 0x08CA, 0x08CA, 0x08CA, 0x08CA, 0x08CA, 
	0x08CA, 0x08CA, 0x08CA, 0x08CA, 0x08CA, 0x08CA, 0x08CA, 0x08CA, 0x08CA, 0x08CA, 0x08CA, 0x08CA, 0x08CA, 0x08CA, 0x08CA, 0x08CA, 
	0x08CA, 0x08CA, 0x08CA, 0x08CA, 0x08CA, 0x08CA, 0x08CA, 0x08CA, 0x08CA, 0x08CA, 0x08CA, 0x08CA, 0x08CA, 0x08CA, 0x08CA, 0x08CA, 
	0x08CA, 0x08CA, 0x08CA, 0x08CA, 0x08CA, 0x08CA, 0x08CA, 0x08CA, 0x08CA, 0x08CA, 0x08CA, 0x08CA, 0x08CA, 0x08CA, 0x08CA, 0x08CA, 
	0x08CA, 0x08CA, 0x08CA, 0x08CA, 0x08CA, 0x08CA, 0x08CA, 0x08CA, 0x08CA, 0x08CA, 0x08CA, 0x08CA, 0x08CA, 0x08CA, 0x08CA, 0x08CA, 
	0x08CA, 0x08CA, 0x08CA, 0x08CA, 0x08CA, 0x08CA, 0x08CA, 0x08CA, 0x08CA, 0x08CA, 0x08CA, 0x08CA, 0x08CA, 0x08CA, 0x08CA, 0x08CA, 
	0x08CA, 0x08CA, 0x08CA, 0x08CA, 0x08CA, 0x08CA, 0x08CA, 0x08CA, 0x08CA, 0x08CA, 0x08CA, 0x08CA, 0x08CA, 0x08CA, 0x08CA, 0x08CA, 
	0x08CA, 0x08CA, 0x08CA, 0x08CA, 0x08CA, 0x08CA, 0x08CA, 0x08CA, 0x08CA, 0x08CA, 0x08CA, 0x08CA, 0x08CA, 0x08CA, 0x08CA, 0x08CA, 
	0x08CA, 0x08CA, 0x08CA, 0x08CA, 0x08CA, 0x08CA, 0x08CA, 0x08CA, 0x08CA, 0x08CA, 0x08CA, 0x08CA, 0x08CA, 0x08CA, 0x08CA, 0x08CA, 
	0x08CA, 0x08CA, 0x08CA, 0x08CA, 0x08CA, 0x08CA, 0x08CA, 0x08CA, 0x08CA, 0x08CA, 0x08CA, 0x08CA, 0x08CA, 0x08CA, 0x08CA, 0x08CA, 
	0x08CA, 0x08CA, 0x08CA, 0x08CA, 0x08CA, 0x08CA, 0x08CA, 0x08CA, 0x08CA, 0x08CA, 0x08CA, 0x08CA, 0x08CA, 0x08CA, 0x08CA, 0x08CA, 
	0x08CA, 0x08CA, 0x08CA, 0x08CA, 0x08CA, 0x08CA, 0x08CA, 0x08CA, 0x08CA, 0x08CA, 0x08CA, 0x08CA, 0x08CA, 0x08CA, 0x08CA, 0x08CA, 
	0x08CA, 0x08CA, 0x08CA, 0x08CA, 0x08CA, 0x08CA, 0x08CA, 0x08CA, 0x08CA, 0x08CA, 0x08CA, 0x08CA, 0x08CA, 0x08CA, 0x08CA, 0x08CA, 
	0x08CA, 0x08CA, 0x08CA, 0x08CA, 0x08CA, 0x08CA, 0x08CA, 0x08CA, 0x08CA, 0x08CA, 0x08CA, 0x08CA, 0x08CA, 0x08CA, 0x08CA, 0x08CA, 
	0x08CA, 0x08CA, 0x08CA, 0x08CA, 0x08CA, 0x08CA, 0x08CA, 0x08CA, 0x08CA, 0x08CA, 0x08CA, 0x08CA, 0x08CA, 0x08CA, 0x08CA, 0x08CA, 
	0x08CA, 0x08CA, 0x08CA, 0x08CA, 0x08CA, 0x08CA, 0x08CA, 0x08CA, 0x08CA, 0x08CA, 0x08CA, 0x08CA, 0x08CA, 0x08CA, 0x08CA, 0x08CA, 
	0x08CA, 0x08CA, 0x08CA, 0x08CA, 0x08CA, 0x08CA, 0x08CA, 0x08CA, 0x08CA, 0x08CA, 0x08CA, 0x08CA, 0x08CA, 0x08CA, 0x08CA, 0x08CA, 
	0x08CA, 0x08CA, 0x08CA, 0x08CA, 0x08CA, 0x08CA, 0x08CA, 0x08CA, 0x08CA, 0x08CA, 0x08CA, 0x08CA, 0x08CA, 0x08CA, 0x08CA, 0x08CA, 
	0x08CA, 0x08CA, 0x08CA, 0x08CA, 0x08CA, 0x08CA, 0x08CA, 0x08CA, 0x08CA, 0x08CA, 0x08CA, 0x08CA, 0x08CA, 0x08CA, 0x08CA, 0x08CA, 
	0x08CA, 0x08CA, 0x08CA, 0x08CA, 0x08CA, 0x08CA, 0x08CA, 0x08CA, 0x08CA, 0x08CA, 0x08CA, 0x08CA, 0x08CA, 0x08CA, 0x08CA, 0x08CA, 
	0x08CA, 0x08CA, 0x08CA, 0x08CA, 0x08CA, 0x08CA, 0x08CA, 0x08CA, 0x08CA, 0x08CA, 0x08CA, 0x08CA, 0x08CA, 0x08CA, 0x08CA, 0x08CA, 
	0x08CA, 0x08CA, 0x08CA, 0x08CA, 0x08CA, 0x08CA, 0x08CA, 0x08CA, 0x08CA, 0x08CA, 0x08CA, 0x08CA, 0x08CA, 0x08CA, 0x08CA, 0x08CA, 
	0x08CA, 0x08CA, 0x08CA, 0x08CA, 0x08CA, 0x08CA, 0x08CA, 0x08CA, 0x08CA, 0x08CA, 0x08CA, 0x08CA, 0x08CA, 0x08CA, 0x08CA, 0x08CA, 
	0x08CA, 0x08CA, 0x08CA, 0x08CA, 0x08CA, 0x08CA, 0x08CA, 0x08CA, 0x08CA, 0x08CA, 0x08CA, 0x08CA, 0x08CA, 0x08CA, 0x08CA, 0x08CA, 
	0x08CA, 0x08CA, 0x08CA, 0x08CA, 0x08CA, 0x08CA, 0x08CA, 0x08CA, 0x08CA, 0x08CA, 0x08CA, 0x08CA, 0x08CA, 0x08CA, 0x08CA, 0x08CA, 
	0x08CA, 0x08CA, 0x08CA, 0x08CA, 0x08CA, 0x08CA, 0x08CA, 0x08CA, 0x08CA, 0x08CA, 0x08CA, 0x08CA, 0x08CA, 0x08CA, 0x08CA, 0x08CA, 
	0x08CA, 0x08CA, 0x08CA, 0x08CA, 0x08CA, 0x08CA, 0x08CA, 0x08CA, 0x08CA, 0x08CA, 0x08CA, 0x08CA, 0x08CA, 0x08CA, 0x08CA, 0x08CA, 
	0x08CA, 0x08CA, 0x08CA, 0x08CA, 0x08CA, 0x08CA, 0x08CA, 0x08CA, 0x08CA, 0x08CA, 0x08CA, 0x08CA, 0x08CA, 0x08CA, 0x08CA, 0x08CA, 
	0x08CA, 0x08CA, 0x08CA, 0x08CA, 0x08CA, 0x08CA, 0x08CA, 0x08CA, 0x08CA, 0x08CA, 0x08CA, 0x08CA, 0x08CA, 0x08CA, 0x08CA, 0x08CA, 
	0x08CA, 0x08CA, 0x08CA, 0x08CA, 0x08CA, 0x08CA, 0x08CA, 0x08CA, 0x08CA, 0x08CA, 0x08CA, 0x08CA, 0x08CA, 0x08CA, 0x08CA, 0x08CA, 
	0x08CA, 0x08CA, 0x08CA, 0x08CA, 0x08CA, 0x08CA, 0x08CA, 0x08CA, 0x08CA, 0x08CA, 0x08CA, 0x08CA, 0x08CA, 0x08CA, 0x08CA, 0x08CA, 
	0x08CA, 0x08CA, 0x08CA, 0x08CA, 0x08CA, 0x08CA, 0x08CA, 0x08CA, 0x08CA, 0x08CA, 0x08CA, 0x08CA, 0x08CA, 0x08CA, 0x08CA, 0x08CA, 
	0x08CA, 0x08CA, 0x08CA, 0x08CA, 0x08CA, 0x08CA, 0x08CA, 0x08CA, 0x08CA, 0x08CA, 0x08CA, 0x08CA, 0x08CA, 0x08CA, 0x08CA, 0x08CA, 
	0x08CA, 0x08CA, 0x08CA, 0x08CA, 0x08CA, 0x08CA, 0x08CA, 0x08CA, 0x08CA, 0x08CA, 0x08CA, 0x08CA, 0x08CA, 0x08CA, 0x08CA, 0x08CA, 
	0x08CA, 0x08CA, 0x08CA, 0x08CA, 0x08CA, 0x08CA, 0x08CA, 0x08CA, 0x08CA, 0x08CA, 0x08CA, 0x08CA, 0x08CA, 0x08CA, 0x08CA, 0x08CA, 
	0x08CA, 0x08CA, 0x08CA, 0x08CA, 0x08CA, 0x08CA, 0x08CA, 0x08CA, 0x08CA, 0x08CA, 0x08CA, 0x08CA, 0x08CA, 0x08CA, 0x08CA, 0x08CA, 
	0x08CA, 0x08CA, 0x08CA, 0x08CA, 0x08CA, 0x08CA, 0x08CA, 0x08CA, 0x08CA, 0x08CA, 0x08CA, 0x08CA, 0x08CA, 0x08CA, 0x08CA, 0x08CA, 
	0x08CA, 0x08CA, 0x08CA, 0x08CA, 0x08CA, 0x08CA, 0x08CA, 0x08CA, 0x08CA, 0x08CA, 0x08CA, 0x08CA, 0x08CA, 0x08CA, 0x08CA, 0x08CA, 
	0x08CA, 0x08CA, 0x08CA, 0x08CA, 0x08CA, 0x08CA, 0x08CA, 0x08CA, 0x08CA, 0x08CA, 0x08CA, 0x08CA, 0x08CA, 0x08CA, 0x08CA, 0x08CA, 
	0x08CA, 0x08CA, 0x08CA, 0x08CA, 0x08CA, 0x08CA, 0x08CA, 0x08CA, 0x08CA, 0x08CA, 0x08CA, 0x08CA, 0x08CA, 0x08CA, 0x08CA, 0x08CA, 
	0x08CA, 0x08CA, 0x08CA, 0x08CA, 0x08CA, 0x08CA, 0x08CA, 0x08CA, 0x08CA, 0x08CA, 0x08CA, 0x08CA, 0x08CA, 0x08CA, 0x08CA, 0x08CA, 
	0x08CA, 0x08CA, 0x08CA, 0x08CA, 0x08CA, 0x08CA, 0x08CA, 0x08CA, 0x08CA, 0x08CA, 0x08CA, 0x08CA, 0x08CA, 0x08CA, 0x08CA, 0x08CA, 
	0x08CA, 0x08CA, 0x08CA, 0x08CA, 0x08CA, 0x08CA, 0x08CA, 0x08CA, 0x08CA, 0x08CA, 0x08CA, 0x08CA, 0x08CA, 0x08CA, 0x08CA, 0x08CA, 
	0x08CA, 0x08CA, 0x08CA, 0x08CA, 0x08CA, 0x08CA, 0x08CA, 0x08CA, 0x08CA, 0x08CA, 0x08CA, 0x08CA, 0x08CA, 0x08CA, 0x08CA, 0x08CA, 
	0x08CA, 0x08CA, 0x08CA, 0x08CA, 0x08CA, 0x08CA, 0x08CA, 0x08CA, 0x08CA, 0x08CA, 0x08CA, 0x08CA, 0x08CA, 0x08CA, 0x08CA, 0x08CA, 
	0x08CA, 0x08CA, 0x08CA, 0x08CA, 0x08CA, 0x08CA, 0x08CA, 0x08CA, 0x08CA, 0x08CA, 0x08CA, 0x08CA, 0x08CA, 0x08CA, 0x08CA, 0x08CA, 
	0x08CA, 0x08CA, 0x08CA, 0x08CA, 0x08CA, 0x08CA, 0x08CA, 0x08CA, 0x08CA, 0x08CA, 0x08CA, 0x08CA, 0x08CA, 0x08CA, 0x08CA, 0x08CA, 
	0x08CA, 0x08CA, 0x08CA, 0x08CA, 0x08CA, 0x08CA, 0x08CA, 0x08CA, 0x08CA, 0x08CA, 0x08CA, 0x08CA, 0x08CA, 0x08CA, 0x08CA, 0x08CA, 
	0x08CA, 0x08CA, 0x08CA, 0x08CA, 0x08CA, 0x08CA, 0x08CA, 0x08CA, 0x08CA, 0x08CA, 0x08CA, 0x08CA, 0x08CA, 0x08CA, 0x08CA, 0x08CA, 
	0x08CA, 0x08CA, 0x08CA, 0x08CA, 0x08CA, 0x08CA, 0x08CA, 0x08CA, 0x08CA, 0x08CA, 0x08CA, 0x08CA, 0x08CA, 0x08CA, 0x08CA, 0x08CA, 
	0x08CA, 0x08CA, 0x08CA, 0x08CA, 0x08CA, 0x08CA, 0x08CA, 0x08CA, 0x08CA, 0x08CA, 0x08CA, 0x08CA, 0x08CA, 0x08CA, 0x08CA, 0x08CA, 
	0x08CA, 0x08CA, 0x08CA, 0x08CA, 0x08CA, 0x08CA, 0x08CA, 0x08CA, 0x08CA, 0x08CA, 0x08CA, 0x08CA, 0x08CA, 0x08CA, 0x08CA, 0x08CA, 
	0x08CA, 0x08CA, 0x08CA, 0x08CA, 0x08CA, 0x08CA, 0x08CA, 0x08CA, 0x08CA, 0x08CA, 0x08CA, 0x08CA, 0x08CA, 0x08CA, 0x08CA, 0x08CA, 
	0x08CA, 0x08CA, 0x08CA, 0x08CA, 0x08CA, 0x08CA, 0x08CA, 0x08CA, 0x08CA, 0x08CA, 0x08CA, 0x08CA, 0x08CA, 0x08CA, 0x08CA, 0x08CA, 
	0x08CA, 0x08CA, 0x08CA, 0x08CA, 0x08CA, 0x08CA, 0x08CA, 0x08CA, 0x08CA, 0x08CA, 0x08CA, 0x08CA, 0x08CA, 0x08CA, 0x08CA, 0x08CA, 
	0x08CA, 0x08CA, 0x08CA, 0x08CA, 0x08CA, 0x08CA, 0x08CA, 0x08CA, 0x08CA, 0x08CA, 0x08CA, 0x08CA, 0x08CA, 0x08CA, 0x08CA, 0x08CA, 
	0x08CA, 0x08CA, 0x08CA, 0x08CA, 0x08CA, 0x08CA, 0x08CA, 0x08CA, 0x08CA, 0x08CA, 0x08CA, 0x08CA, 0x08CA, 0x08CA, 0x08CA, 0x08CA, 
	0x08CA, 0x08CA, 0x08CA, 0x08CA, 0x08CA, 0x08CA, 0x08CA, 0x08CA, 0x08CA, 0x08CA, 0x08CA, 0x08CA, 0x08CA, 0x08CA, 0x08CA, 0x08CA, 
	0x08CA, 0x08CA, 0x08CA, 0x08CA, 0x08CA, 0x08CA, 0x08CA, 0x08CA, 0x08CA, 0x08CA, 0x08CA, 0x08CA, 0x08CA, 0x08CA, 0x08CA, 0x08CA, 
	0x08CA, 0x08CA, 0x08CA, 0x08CA, 0x08CA, 0x08CA, 0x08CA, 0x08CA, 0x08CA, 0x08CA, 0x08CA, 0x08CA, 0x08CA, 0x08CA, 0x08CA, 0x08CA, 
	0x08CA, 0x08CA, 0x08CA, 0x08CA, 0x08CA, 0x08CA, 0x08CA, 0x08CA, 0x08CA, 0x08CA, 0x08CA, 0x08CA, 0x08CA, 0x08CA, 0x08CA, 0x08CA, 
	0x08CA, 0x08CA, 0x08CA, 0x08CA, 0x08CA, 0x08CA, 0x08CA, 0x08CA, 0x08CA, 0x08CA, 0x08CA, 0x08CA, 0x08CA, 0x08CA, 0x08CA, 0x08CA, 
	0x08CA, 0x08CA, 0x08CA, 0x08CA, 0x08CA, 0x08CA, 0x08CA, 0x08CA, 0x08CA, 0x08CA, 0x08CA, 0x08CA, 0x08CA, 0x08CA, 0x08CA, 0x08CA, 
	0x08CA, 0x08CA, 0x08CA, 0x08CA, 0x08CA, 0x08CA, 0x08CA, 0x08CA, 0x08CA, 0x08CA, 0x08CA, 0x08CA, 0x08CA, 0x08CA, 0x08CA, 0x08CA, 
	0x08CA, 0x08CA, 0x08CA, 0x08CA, 0x08CA, 0x08CA, 0x08CA, 0x08CA, 0x08CA, 0x08CA, 0x08CA, 0x08CA, 0x08CA, 0x08CA, 0x08CA, 0x08CA, 
	0x08CA, 0x08CA, 0x08CA, 0x08CA, 0x08CA, 0x08CA, 0x08CA, 0x08CA, 0x08CA, 0x08CA, 0x08CA, 0x08CA, 0x08CA, 0x08CA, 0x08CA, 0x08CA, 
	0x08CA, 0x08CA, 0x08CA, 0x08CA, 0x08CA, 0x08CA, 0x08CA, 0x08CA, 0x08CA, 0x08CA, 0x08CA, 0x08CA, 0x08CA, 0x08CA, 0x08CA, 0x08CA, 
	0x08CA, 0x08CA, 0x08CA, 0x08CA, 0x08CA, 0x08CA, 0x08CA, 0x08CA, 0x08CA, 0x08CA, 0x08CA, 0x08CA, 0x08CA, 0x08CA, 0x08CA, 0x08CA, 
	0x08CA, 0x08CA, 0x08CA, 0x08CA, 0x08CA, 0x08CA, 0x08CA, 0x08CA, 0x08CA, 0x08CA, 0x08CA, 0x08CA, 0x08CA, 0x08CA, 0x08CA, 0x08CA, 
	0x08CA, 0x08CA, 0x08CA, 0x08CA, 0x08CA, 0x08CA, 0x08CA, 0x08CA, 0x08CA, 0x08CA, 0x08CA, 0x08CA, 0x08CA, 0x08CA, 0x08CA, 0x08CA, 
	0x08CA, 0x08CA, 0x08CA, 0x08CA, 0x08CA, 0x08CA, 0x08CA, 0x08CA, 0x08CA, 0x08CA, 0x08CA, 0x08CA, 0x08CA, 0x08CA, 0x08CA, 0x08CA, 
	0x08CA, 0x08CA, 0x08CA, 0x08CA, 0x08CA, 0x08CA, 0x08CA, 0x08CA, 0x08CA, 0x08CA, 0x08CA, 0x08CA, 0x08CA, 0x08CA, 0x08CA, 0x08CA, 
	0x08CA, 0x08CA, 0x08CA, 0x08CA, 0x08CA, 0x08CA, 0x08CA, 0x08CA, 0x08CA, 0x08CA, 0x08CA, 0x08CA, 0x08CA, 0x08CA, 0x08CA, 0x08CA, 
	0x08CA, 0x08CA, 0x08CA, 0x08CA, 0x08CA, 0x08CA, 0x08CA, 0x08CA, 0x08CA, 0x08CA, 0x08CA, 0x08CA, 0x08CA, 0x08CA, 0x08CA, 0x08CA, 
	0x08CA, 0x08CA, 0x08CA, 0x08CA, 0x08CA, 0x08CA, 0x08CA, 0x08CA, 0x08CA, 0x08CA, 0x08CA, 0x08CA, 0x08CA, 0x08CA, 0x08CA, 0x08CA, 
	0x08CA, 0x08CA, 0x08CA, 0x08CA, 0x08CA, 0x08CA, 0x08CA, 0x08CA, 0x08CA, 0x08CA, 0x08CA, 0x08CA, 0x08CA, 0x08CA, 0x08CA, 0x08CA, 
	0x08CA, 0x08CA, 0x08CA, 0x08CA, 0x08CA, 0x08CA, 0x08CA, 0x08CA, 0x08CA, 0x08CA, 0x08CA, 0x08CA, 0x08CA, 0x08CA, 0x08CA, 0x08CA, 
	0x08CA, 0x08CA, 0x08CA, 0x08CA, 0x08CA, 0x08CA, 0x08CA, 0x08CA, 0x08CA, 0x08CA, 0x08CA, 0x08CA, 0x08CA, 0x08CA, 0x08CA, 0x08CA, 
	0x08CA, 0x08CA, 0x08CA, 0x08CA, 0x08CA, 0x08CA, 0x08CA, 0x08CA, 0x08CA, 0x08CA, 0x08CA, 0x08CA, 0x08CA, 0x08CA, 0x08CA, 0x08CA, 
	0x08CA, 0x08CA, 0x08CA, 0x08CA, 0x08CA, 0x08CA, 0x08CA, 0x08CA, 0x08CA, 0x08CA, 0x08CA, 0x08CA, 0x08CA, 0x08CA, 0x08CA, 0x08CA, 
	0x08CA, 0x08CA, 0x08CA, 0x08CA, 0x08CA, 0x08CA, 0x08CA, 0x08CA, 0x08CA, 0x08CA, 0x08CA, 0x08CA, 0x08CA, 0x08CA, 0x08CA, 0x08CA, 
	0x08CA, 0x08CA, 0x08CA, 0x08CA, 0x08CA, 0x08CA, 0x08CA, 0x08CA, 0x08CA, 0x08CA, 0x08CA, 0x08CA, 0x08CA, 0x08CA, 0x08CA, 0x08CA, 
	0x08CA, 0x08CA, 0x08CA, 0x08CA, 0x08CA, 0x08CA, 0x08CA, 0x08CA, 0x08CA, 0x08CA, 0x08CA, 0x08CA, 0x08CA, 0x08CA, 0x08CA, 0x08CA, 
	0x08CA, 0x08CA, 0x08CA, 0x08CA, 0x08CA, 0x08CA, 0x08CA, 0x08CA, 0x08CA, 0x08CA, 0x08CA, 0x08CA, 0x08CA, 0x08CA, 0x08CA, 0x08CA, 
	0x08CA, 0x08CA, 0x08CA, 0x08CA, 0x08CA, 0x08CA, 0x08CA, 0x08CA, 0x08CA, 0x08CA, 0x08CA, 0x08CA, 0x08CA, 0x08CA, 0x08CA, 0x08CA, 
	0x08CA, 0x08CA, 0x08CA, 0x08CA, 0x08CA, 0x08CA, 0x08CA, 0x08CA, 0x08CA, 0x08CA, 0x08CA, 0x08CA, 0x08CA, 0x08CA, 0x08CA, 0x08CA, 
	0x08CA, 0x08CA, 0x08CA, 0x08CA, 0x08CA, 0x08CA, 0x08CA, 0x08CA, 0x08CA, 0x08CA, 0x08CA, 0x08CA, 0x08CA, 0x08CA, 0x08CA, 0x08CA, 
	0x08CA, 0x08CA, 0x08CA, 0x08CA, 0x08CA, 0x08CA, 0x08CA, 0x08CA, 0x08CA, 0x08CA, 0x08CA, 0x08CA, 0x08CA, 0x08CA, 0x08CA, 0x08CA, 
	0x08CA, 0x08CA, 0x08CA, 0x08CA, 0x08CA, 0x08CA, 0x08CA, 0x08CA, 0x08CA, 0x08CA, 0x08CA, 0x08CA, 0x08CA, 0x08CA, 0x08CA, 0x08CA, 
	0x08CA, 0x08CA, 0x08CA, 0x08CA, 0x08CA, 0x08CA, 0x08CA, 0x08CA, 0x08CA, 0x08CA, 0x08CA, 0x08CA, 0x08CA, 0x08CA, 0x08CA, 0x08CA, 
	0x08CA, 0x08CA, 0x08CA, 0x08CA, 0x08CA, 0x08CA, 0x08CA, 0x08CA, 0x08CA, 0x08CA, 0x08CA, 0x08CA, 0x08CA, 0x08CA, 0x08CA, 0x08CA, 
	0x08CA, 0x08CA, 0x08CA, 0x08CA, 0x08CA, 0x08CA, 0x08CA, 0x08CA, 0x08CA, 0x08CA, 0x08CA, 0x08CA, 0x08CA, 0x08CA, 0x08CA, 0x08CA, 
	0x08CA, 0x08CA, 0x08CA, 0x08CA, 0x08CA, 0x08CA, 0x08CA, 0x08CA, 0x08CA, 0x08CA, 0x08CA, 0x08CA, 0x08CA, 0x08CA, 0x08CA, 0x08CA, 
	0x08CA, 0x08CA, 0x08CA, 0x08CA, 0x08CA, 0x08CA, 0x08CA, 0x08CA, 0x08CA, 0x08CA, 0x08CA, 0x08CA, 0x08CA, 0x08CA, 0x08CA, 0x08CA, 
	};
uint16_t planck_offset =0x0853;
